{
  "TotalLines": 218,
  "TotalBlankLines": 7,
  "TotalComments": 21,
  "TotalCodeLines": 190,
  "Results": [
    {
      "File": "Geodata-V3-release.yml",
      "Lines": 54,
      "BlankLines": 7,
      "Comments": 11,
      "CodeLines": 36
    },
    {
      "File": "PROD/common-vars.yml",
      "Lines": 21,
      "BlankLines": 0,
      "Comments": 0,
      "CodeLines": 21
    },
    {
      "File": "QUA/common-vars.yml",
      "Lines": 21,
      "BlankLines": 0,
      "Comments": 0,
      "CodeLines": 21
    },
    {
      "File": "TEST/common-vars.yml",
      "Lines": 21,
      "BlankLines": 0,
      "Comments": 0,
      "CodeLines": 21
    },
    {
      "File": "UAT/common-vars.yml",
      "Lines": 21,
      "BlankLines": 0,
      "Comments": 0,
      "CodeLines": 21
    },
    {
      "File": "QUA/BatchGeodataReader-vars.yml",
      "Lines": 16,
      "BlankLines": 0,
      "Comments": 2,
      "CodeLines": 14
    },
    {
      "File": "TEST/BatchGeodataReader-vars.yml",
      "Lines": 16,
      "BlankLines": 0,
      "Comments": 2,
      "CodeLines": 14
    },
    {
      "File": "PROD/BatchGeodataReader-vars.yml",
      "Lines": 15,
      "BlankLines": 0,
      "Comments": 2,
      "CodeLines": 13
    },
    {
      "File": "UAT/BatchGeodataReader-vars.yml",
      "Lines": 15,
      "BlankLines": 0,
      "Comments": 2,
      "CodeLines": 13
    },
    {
      "File": "TEST/BatchGeodataWriter-vars.yml",
      "Lines": 13,
      "BlankLines": 0,
      "Comments": 2,
      "CodeLines": 11
    },
    {
      "File": "global-vars.yml",
      "Lines": 5,
      "BlankLines": 0,
      "Comments": 0,
      "CodeLines": 5
    }
  ]
}