{
  "TotalLines": 759,
  "TotalBlankLines": 108,
  "TotalComments": 40,
  "TotalCodeLines": 611,
  "Results": [
    {
      "File": "db/main.go",
      "Lines": 369,
      "BlankLines": 52,
      "Comments": 15,
      "CodeLines": 302
    },
    {
      "File": "key/genkey.go",
      "Lines": 275,
      "BlankLines": 52,
      "Comments": 25,
      "CodeLines": 198
    },
    {
      "File": "db/dist/pgsql.yaml",
      "Lines": 56,
      "BlankLines": 0,
      "Comments": 0,
      "CodeLines": 56
    },
    {
      "File": "sonarqube/dist/values.yml",
      "Lines": 25,
      "BlankLines": 4,
      "Comments": 0,
      "CodeLines": 21
    },
    {
      "File": "db/dist/pgservice.yaml",
      "Lines": 16,
      "BlankLines": 0,
      "Comments": 0,
      "CodeLines": 16
    },
    {
      "File": "db/dist/pgsecret.yaml",
      "Lines": 10,
      "BlankLines": 0,
      "Comments": 0,
      "CodeLines": 10
    },
    {
      "File": "db/dist/pgsal-configmap.yaml",
      "Lines": 8,
      "BlankLines": 0,
      "Comments": 0,
      "CodeLines": 8
    }
  ]
}