{
  "TotalLines": 335,
  "TotalBlankLines": 37,
  "TotalComments": 81,
  "TotalCodeLines": 217,
  "Results": [
    {
      "File": "src/app/app.component.spec.ts",
      "Lines": 41,
      "BlankLines": 5,
      "Comments": 2,
      "CodeLines": 34
    },
    {
      "File": "src/karma.conf.js",
      "Lines": 32,
      "BlankLines": 1,
      "Comments": 2,
      "CodeLines": 29
    },
    {
      "File": "e2e/protractor.conf.js",
      "Lines": 27,
      "BlankLines": 2,
      "Comments": 2,
      "CodeLines": 23
    },
    {
      "File": "e2e/src/app.e2e-spec.ts",
      "Lines": 23,
      "BlankLines": 4,
      "Comments": 1,
      "CodeLines": 18
    },
    {
      "File": "src/app/app.module.ts",
      "Lines": 18,
      "BlankLines": 2,
      "Comments": 0,
      "CodeLines": 16
    },
    {
      "File": "src/app/app.component.ts",
      "Lines": 20,
      "BlankLines": 3,
      "Comments": 2,
      "CodeLines": 15
    },
    {
      "File": "src/app/app.component.html",
      "Lines": 15,
      "BlankLines": 0,
      "Comments": 1,
      "CodeLines": 14
    },
    {
      "File": "src/index.html",
      "Lines": 14,
      "BlankLines": 1,
      "Comments": 0,
      "CodeLines": 13
    },
    {
      "File": "src/test.ts",
      "Lines": 20,
      "BlankLines": 3,
      "Comments": 4,
      "CodeLines": 13
    },
    {
      "File": "src/app/app.component.scss",
      "Lines": 9,
      "BlankLines": 0,
      "Comments": 0,
      "CodeLines": 9
    },
    {
      "File": "e2e/src/app.po.ts",
      "Lines": 11,
      "BlankLines": 2,
      "Comments": 0,
      "CodeLines": 9
    },
    {
      "File": "src/main.ts",
      "Lines": 12,
      "BlankLines": 3,
      "Comments": 0,
      "CodeLines": 9
    },
    {
      "File": "src/app/app-routing.module.ts",
      "Lines": 10,
      "BlankLines": 2,
      "Comments": 0,
      "CodeLines": 8
    },
    {
      "File": "src/environments/environment.prod.ts",
      "Lines": 3,
      "BlankLines": 0,
      "Comments": 0,
      "CodeLines": 3
    },
    {
      "File": "src/environments/environment.ts",
      "Lines": 16,
      "BlankLines": 2,
      "Comments": 11,
      "CodeLines": 3
    },
    {
      "File": "src/polyfills.ts",
      "Lines": 63,
      "BlankLines": 7,
      "Comments": 55,
      "CodeLines": 1
    },
    {
      "File": "src/styles.scss",
      "Lines": 1,
      "BlankLines": 0,
      "Comments": 1,
      "CodeLines": 0
    }
  ]
}