{
  "TotalLines": 323,
  "TotalBlankLines": 34,
  "TotalComments": 11,
  "TotalCodeLines": 278,
  "Results": [
    {
      "File": "buildspec.yml",
      "Lines": 118,
      "BlankLines": 9,
      "Comments": 9,
      "CodeLines": 100
    },
    {
      "File": "pom.xml",
      "Lines": 69,
      "BlankLines": 4,
      "Comments": 0,
      "CodeLines": 65
    },
    {
      "File": "app-k8s/sonar-aws-javaApp.yaml",
      "Lines": 43,
      "BlankLines": 0,
      "Comments": 0,
      "CodeLines": 43
    },
    {
      "File": "src/test/java/com/sonarsource/springdemo/AppControllerTest.java",
      "Lines": 31,
      "BlankLines": 8,
      "Comments": 0,
      "CodeLines": 23
    },
    {
      "File": "src/test/java/com/sonarsource/springdemo/JavaSpringWebAppApplicationTests.java",
      "Lines": 19,
      "BlankLines": 5,
      "Comments": 0,
      "CodeLines": 14
    },
    {
      "File": "src/main/java/com/sonarsource/springdemo/AppController.java",
      "Lines": 16,
      "BlankLines": 4,
      "Comments": 0,
      "CodeLines": 12
    },
    {
      "File": "src/main/java/com/sonarsource/springdemo/JavaSpringWebAppApplication.java",
      "Lines": 13,
      "BlankLines": 4,
      "Comments": 0,
      "CodeLines": 9
    },
    {
      "File": "src/main/resources/data-h2.sql",
      "Lines": 7,
      "BlankLines": 0,
      "Comments": 1,
      "CodeLines": 6
    },
    {
      "File": "src/test/resources/data-h2.sql",
      "Lines": 7,
      "BlankLines": 0,
      "Comments": 1,
      "CodeLines": 6
    }
  ]
}