{
  "TotalLines": 25240,
  "TotalBlankLines": 2652,
  "TotalComments": 408,
  "TotalCodeLines": 22180,
  "Results": [
    {
      "File": "Pssa.Suggestion.Database/Migration/migrationSqlServer.sql",
      "Lines": 6648,
      "BlankLines": 485,
      "Comments": 1,
      "CodeLines": 6162
    },
    {
      "File": "Pssa.Suggestion.Database/Migration/migrationSqlServer_old.sql",
      "Lines": 6641,
      "BlankLines": 486,
      "Comments": 0,
      "CodeLines": 6155
    },
    {
      "File": "src/Logic/ExternalServices/Json/AccountJsonSourceLoader.cs",
      "Lines": 581,
      "BlankLines": 53,
      "Comments": 4,
      "CodeLines": 524
    },
    {
      "File": "tests/integration/IntegrationTest.cs",
      "Lines": 586,
      "BlankLines": 132,
      "Comments": 39,
      "CodeLines": 415
    },
    {
      "File": "Pssa.Suggestion.Database/Suggestion/SP/SiteAllMergeUpSert.sql",
      "Lines": 435,
      "BlankLines": 38,
      "Comments": 15,
      "CodeLines": 382
    },
    {
      "File": "tests/integration/Sources/generate_data.py",
      "Lines": 386,
      "BlankLines": 13,
      "Comments": 12,
      "CodeLines": 361
    },
    {
      "File": "src/Logic/Application/ApplicationFacade.cs",
      "Lines": 404,
      "BlankLines": 79,
      "Comments": 1,
      "CodeLines": 324
    },
    {
      "File": "src/Logic/Domain/Entity/Site.cs",
      "Lines": 353,
      "BlankLines": 77,
      "Comments": 0,
      "CodeLines": 276
    },
    {
      "File": "Pssa.Suggestion.Database/Suggestion/SP/SiteMerge.sql",
      "Lines": 272,
      "BlankLines": 4,
      "Comments": 1,
      "CodeLines": 267
    },
    {
      "File": "Pssa.Suggestion.Database/Suggestion/SP/AccountMerge.sql",
      "Lines": 298,
      "BlankLines": 33,
      "Comments": 10,
      "CodeLines": 255
    },
    {
      "File": "tests/unittests/ApplicationFacadeTest.cs",
      "Lines": 335,
      "BlankLines": 69,
      "Comments": 16,
      "CodeLines": 250
    },
    {
      "File": "Pssa.Suggestion.Database/Suggestion/SP/AllMerge.sql",
      "Lines": 408,
      "BlankLines": 157,
      "Comments": 42,
      "CodeLines": 209
    },
    {
      "File": "src/Logic/ExternalServices/Json/AccountJsonMapping.cs",
      "Lines": 203,
      "BlankLines": 21,
      "Comments": 0,
      "CodeLines": 182
    },
    {
      "File": "tests/unittests/Mocks/UnitOfWorkMock.cs",
      "Lines": 197,
      "BlankLines": 19,
      "Comments": 0,
      "CodeLines": 178
    },
    {
      "File": "Pssa.Suggestion.Database/MyPudo/Functions/GetParametersConfig.sql",
      "Lines": 170,
      "BlankLines": 5,
      "Comments": 4,
      "CodeLines": 161
    },
    {
      "File": "Pssa.Suggestion.Database/MyPudo/SP/CreateNewShipperAccount.sql",
      "Lines": 201,
      "BlankLines": 23,
      "Comments": 20,
      "CodeLines": 158
    },
    {
      "File": "src/Program.cs",
      "Lines": 172,
      "BlankLines": 24,
      "Comments": 1,
      "CodeLines": 147
    },
    {
      "File": "src/Logic/DataAcces/UnitOfWork.cs",
      "Lines": 171,
      "BlankLines": 27,
      "Comments": 0,
      "CodeLines": 144
    },
    {
      "File": "Pssa.Suggestion.Database/MyPudo/SP/UpdateShipperAccount.sql",
      "Lines": 176,
      "BlankLines": 25,
      "Comments": 23,
      "CodeLines": 128
    },
    {
      "File": "Pssa.Suggestion.Database/MyPudo/Functions/GetFiltersConfig.sql",
      "Lines": 128,
      "BlankLines": 2,
      "Comments": 4,
      "CodeLines": 122
    },
    {
      "File": "Pssa.Suggestion.Database/Suggestion/Tables/Site.sql",
      "Lines": 129,
      "BlankLines": 11,
      "Comments": 0,
      "CodeLines": 118
    },
    {
      "File": "Pssa.Suggestion.Database/Migration/MyPudo_One_Shot.sql",
      "Lines": 136,
      "BlankLines": 14,
      "Comments": 7,
      "CodeLines": 115
    },
    {
      "File": "src/Tools/BulkInsert.cs",
      "Lines": 146,
      "BlankLines": 20,
      "Comments": 26,
      "CodeLines": 100
    },
    {
      "File": "tests/unittests/ProgramTest.cs",
      "Lines": 120,
      "BlankLines": 23,
      "Comments": 2,
      "CodeLines": 95
    },
    {
      "File": "Pssa.Suggestion.Database/Monitoring/SP/Process/RowCountWatcherPost.sql",
      "Lines": 131,
      "BlankLines": 29,
      "Comments": 9,
      "CodeLines": 93
    },
    {
      "File": "Pssa.Suggestion.Database/Monitoring/SP/Process/RowCountWatchePrevious.sql",
      "Lines": 126,
      "BlankLines": 25,
      "Comments": 9,
      "CodeLines": 92
    },
    {
      "File": "tests/integration/Util/SqlUtil.cs",
      "Lines": 105,
      "BlankLines": 13,
      "Comments": 0,
      "CodeLines": 92
    },
    {
      "File": "Pssa.Suggestion.Database/Suggestion/SP/SiteAddressMerge.sql",
      "Lines": 89,
      "BlankLines": 5,
      "Comments": 0,
      "CodeLines": 84
    },
    {
      "File": "Pssa.Suggestion.Database/Rerouting/Views/LoadSites.sql",
      "Lines": 84,
      "BlankLines": 4,
      "Comments": 0,
      "CodeLines": 80
    },
    {
      "File": "Pssa.Suggestion.Database/Import/Tables/Site.sql",
      "Lines": 79,
      "BlankLines": 0,
      "Comments": 0,
      "CodeLines": 79
    },
    {
      "File": "Pssa.Suggestion.Database/Suggestion/Functions/Tools/CleanStringClp.sql",
      "Lines": 89,
      "BlankLines": 9,
      "Comments": 6,
      "CodeLines": 74
    },
    {
      "File": "Pssa.Suggestion.Database/MyPudo/Vues/LoadPudos.sql",
      "Lines": 71,
      "BlankLines": 2,
      "Comments": 0,
      "CodeLines": 69
    },
    {
      "File": "Pssa.Suggestion.Database/Suggestion/SP/CarrierMerge.sql",
      "Lines": 92,
      "BlankLines": 18,
      "Comments": 8,
      "CodeLines": 66
    },
    {
      "File": "validation-azure.pipeline.yml",
      "Lines": 70,
      "BlankLines": 6,
      "Comments": 0,
      "CodeLines": 64
    },
    {
      "File": "Pssa.Suggestion.Database/Migration/Operator_DATA.sql",
      "Lines": 61,
      "BlankLines": 0,
      "Comments": 0,
      "CodeLines": 61
    },
    {
      "File": "Pssa.Suggestion.Database/Migration/COUNTRY_DATA.sql",
      "Lines": 59,
      "BlankLines": 0,
      "Comments": 0,
      "CodeLines": 59
    },
    {
      "File": "Pssa.Suggestion.Database/MyPudo/Tables/Account.sql",
      "Lines": 65,
      "BlankLines": 9,
      "Comments": 0,
      "CodeLines": 56
    },
    {
      "File": "Pssa.Suggestion.Database/MyPudo/Vues/LoadOpeningHours.sql",
      "Lines": 59,
      "BlankLines": 4,
      "Comments": 0,
      "CodeLines": 55
    },
    {
      "File": "Pssa.Suggestion.Database/Suggestion/Tables/ConfigurationParameterServiceProperty.sql",
      "Lines": 65,
      "BlankLines": 9,
      "Comments": 3,
      "CodeLines": 53
    },
    {
      "File": "Pssa.Suggestion.Database/Suggestion/SP/NetworkMerge.sql",
      "Lines": 76,
      "BlankLines": 16,
      "Comments": 8,
      "CodeLines": 52
    },
    {
      "File": "Pssa.Suggestion.Database/Suggestion/Tables/SiteStorageArea.sql",
      "Lines": 57,
      "BlankLines": 9,
      "Comments": 0,
      "CodeLines": 48
    },
    {
      "File": "Pssa.Suggestion.Database/Suggestion/Tables/ConfigurationInputElement.sql",
      "Lines": 56,
      "BlankLines": 8,
      "Comments": 0,
      "CodeLines": 48
    },
    {
      "File": "src/Logic/DomainServices/InputJsonFile.cs",
      "Lines": 58,
      "BlankLines": 10,
      "Comments": 0,
      "CodeLines": 48
    },
    {
      "File": "Pssa.Suggestion.Database/ExternalConfig/Tables/ZipCodeInfoCarrier.sql",
      "Lines": 58,
      "BlankLines": 10,
      "Comments": 0,
      "CodeLines": 48
    },
    {
      "File": "Pssa.Suggestion.Database/Suggestion/Tables/SiteAddress.sql",
      "Lines": 56,
      "BlankLines": 9,
      "Comments": 0,
      "CodeLines": 47
    },
    {
      "File": "Pssa.Suggestion.Database/MyPudo/SP/UpdateShipperAccountConfig.sql",
      "Lines": 75,
      "BlankLines": 16,
      "Comments": 12,
      "CodeLines": 47
    },
    {
      "File": "Pssa.Suggestion.Database/Suggestion/Tables/ConfigurationParameterSiteState.sql",
      "Lines": 55,
      "BlankLines": 9,
      "Comments": 0,
      "CodeLines": 46
    },
    {
      "File": "Pssa.Suggestion.Database/Suggestion/Tables/ConfigurationParameterCountry.sql",
      "Lines": 54,
      "BlankLines": 8,
      "Comments": 0,
      "CodeLines": 46
    },
    {
      "File": "src/Infrastructure/Castle/ServiceInstaller.cs",
      "Lines": 49,
      "BlankLines": 3,
      "Comments": 0,
      "CodeLines": 46
    },
    {
      "File": "tests/integration/Infrastructure/Castle/ServiceInstaller.cs",
      "Lines": 47,
      "BlankLines": 1,
      "Comments": 0,
      "CodeLines": 46
    },
    {
      "File": "Pssa.Suggestion.Database/Suggestion/Tables/ConfigurationParameterPudoType.sql",
      "Lines": 55,
      "BlankLines": 9,
      "Comments": 0,
      "CodeLines": 46
    },
    {
      "File": "Pssa.Suggestion.Database/Suggestion/Tables/ConfigurationParameterCarrier.sql",
      "Lines": 53,
      "BlankLines": 8,
      "Comments": 0,
      "CodeLines": 45
    },
    {
      "File": "Pssa.Suggestion.Database/Suggestion/Tables/ConfigurationParameterNetwork.sql",
      "Lines": 52,
      "BlankLines": 7,
      "Comments": 0,
      "CodeLines": 45
    },
    {
      "File": "Pssa.Suggestion.Database/Suggestion/Tables/ConfigurationParameterPeriodType.sql",
      "Lines": 53,
      "BlankLines": 8,
      "Comments": 0,
      "CodeLines": 45
    },
    {
      "File": "Pssa.Suggestion.Database/Suggestion/Tables/ConfigurationParameterAddressType.sql",
      "Lines": 54,
      "BlankLines": 9,
      "Comments": 0,
      "CodeLines": 45
    },
    {
      "File": "src/Logic/ExternalServices/AbstractSourceLoader.cs",
      "Lines": 59,
      "BlankLines": 14,
      "Comments": 0,
      "CodeLines": 45
    },
    {
      "File": "src/Logic/ExternalServices/Json/CarrierJsonSourceLoader.cs",
      "Lines": 55,
      "BlankLines": 10,
      "Comments": 0,
      "CodeLines": 45
    },
    {
      "File": "Pssa.Suggestion.Database/Suggestion/SP/SitePeriodMerge.sql",
      "Lines": 50,
      "BlankLines": 6,
      "Comments": 0,
      "CodeLines": 44
    },
    {
      "File": "src/Tools/SqlHelper.cs",
      "Lines": 48,
      "BlankLines": 4,
      "Comments": 0,
      "CodeLines": 44
    },
    {
      "File": "Pssa.Suggestion.Database/Suggestion/Tables/ConfigurationFilterElement.sql",
      "Lines": 52,
      "BlankLines": 8,
      "Comments": 0,
      "CodeLines": 44
    },
    {
      "File": "Pssa.Suggestion.Database/Suggestion/Tables/ConfigurationParameterOperator.sql",
      "Lines": 52,
      "BlankLines": 8,
      "Comments": 0,
      "CodeLines": 44
    },
    {
      "File": "src/Logic/Domain/Entity/SiteAddress.cs",
      "Lines": 58,
      "BlankLines": 14,
      "Comments": 0,
      "CodeLines": 44
    },
    {
      "File": "Pssa.Suggestion.Database/MyPudo/SP/GetShipperAccountById.sql",
      "Lines": 54,
      "BlankLines": 2,
      "Comments": 8,
      "CodeLines": 44
    },
    {
      "File": "src/Logic/ExternalServices/Json/NetworkJsonSourceLoader.cs",
      "Lines": 49,
      "BlankLines": 6,
      "Comments": 0,
      "CodeLines": 43
    },
    {
      "File": "Pssa.Suggestion.Database/ExternalConfig/Tables/ZipCodeUrbanCode.sql",
      "Lines": 58,
      "BlankLines": 11,
      "Comments": 4,
      "CodeLines": 43
    },
    {
      "File": "build-azure.pipeline.yml",
      "Lines": 52,
      "BlankLines": 5,
      "Comments": 4,
      "CodeLines": 43
    },
    {
      "File": "Pssa.Suggestion.Database/Suggestion/Tables/ConfigurationOutputElement.sql",
      "Lines": 51,
      "BlankLines": 8,
      "Comments": 0,
      "CodeLines": 43
    },
    {
      "File": "src/Logic/DataAcces/ImportContext.cs",
      "Lines": 48,
      "BlankLines": 6,
      "Comments": 0,
      "CodeLines": 42
    },
    {
      "File": "Pssa.Suggestion.Database/MyPudo/SP/GetShipperAccounts.sql",
      "Lines": 53,
      "BlankLines": 3,
      "Comments": 8,
      "CodeLines": 42
    },
    {
      "File": "Pssa.Suggestion.Database/Suggestion/Tables/SiteCarrier.sql",
      "Lines": 54,
      "BlankLines": 12,
      "Comments": 0,
      "CodeLines": 42
    },
    {
      "File": "Pssa.Suggestion.Database/Suggestion/Tables/SitePeriod.sql",
      "Lines": 51,
      "BlankLines": 10,
      "Comments": 0,
      "CodeLines": 41
    },
    {
      "File": "Pssa.Suggestion.Database/MyPudo/Functions/GetRenderingsConfig.sql",
      "Lines": 47,
      "BlankLines": 2,
      "Comments": 4,
      "CodeLines": 41
    },
    {
      "File": "Pssa.Suggestion.Database/ExternalConfig/Tables/ServiceProperty.sql",
      "Lines": 52,
      "BlankLines": 11,
      "Comments": 0,
      "CodeLines": 41
    },
    {
      "File": "Pssa.Suggestion.Database/Suggestion/Tables/SiteServicePropertyValue.sql",
      "Lines": 50,
      "BlankLines": 10,
      "Comments": 0,
      "CodeLines": 40
    },
    {
      "File": "tests/unittests/Tools/BulkInsertTests.cs",
      "Lines": 50,
      "BlankLines": 10,
      "Comments": 0,
      "CodeLines": 40
    },
    {
      "File": "Pssa.Suggestion.Database/Suggestion/Tables/SiteContact.sql",
      "Lines": 51,
      "BlankLines": 11,
      "Comments": 0,
      "CodeLines": 40
    },
    {
      "File": "Pssa.Suggestion.Database/Suggestion/Tables/SiteNetwork.sql",
      "Lines": 50,
      "BlankLines": 11,
      "Comments": 0,
      "CodeLines": 39
    },
    {
      "File": "Pssa.Suggestion.Database/Suggestion/Tables/ConfigurationParameterElement.sql",
      "Lines": 46,
      "BlankLines": 8,
      "Comments": 0,
      "CodeLines": 38
    },
    {
      "File": "build-db-azure.pipeline.yml",
      "Lines": 42,
      "BlankLines": 4,
      "Comments": 0,
      "CodeLines": 38
    },
    {
      "File": "Pssa.Suggestion.Database/MyPudo/Indices/ViewIndices.sql",
      "Lines": 47,
      "BlankLines": 6,
      "Comments": 4,
      "CodeLines": 37
    },
    {
      "File": "Pssa.Suggestion.Database/Suggestion/Tables/SiteTypePropertyValue.sql",
      "Lines": 47,
      "BlankLines": 10,
      "Comments": 0,
      "CodeLines": 37
    },
    {
      "File": "src/Tools/ValidationHelper.cs",
      "Lines": 42,
      "BlankLines": 6,
      "Comments": 0,
      "CodeLines": 36
    },
    {
      "File": "src/Logic/Domain/Entity/SitePeriod.cs",
      "Lines": 42,
      "BlankLines": 7,
      "Comments": 0,
      "CodeLines": 35
    },
    {
      "File": "Pssa.Suggestion.Database/Suggestion/Tables/SiteService.sql",
      "Lines": 43,
      "BlankLines": 8,
      "Comments": 0,
      "CodeLines": 35
    },
    {
      "File": "src/Logic/ExternalServices/Settings.cs",
      "Lines": 42,
      "BlankLines": 7,
      "Comments": 0,
      "CodeLines": 35
    },
    {
      "File": "Pssa.Suggestion.Database/Suggestion/SP/SiteTypePropertyValueMerge.sql",
      "Lines": 40,
      "BlankLines": 5,
      "Comments": 0,
      "CodeLines": 35
    },
    {
      "File": "Pssa.Suggestion.Database/Suggestion/Tables/Configuration.sql",
      "Lines": 39,
      "BlankLines": 4,
      "Comments": 0,
      "CodeLines": 35
    },
    {
      "File": "Pssa.Suggestion.Database/MyPudo/SP/GetAccounts.sql",
      "Lines": 46,
      "BlankLines": 4,
      "Comments": 8,
      "CodeLines": 34
    },
    {
      "File": "Pssa.Suggestion.Database/ExternalConfig/Tables/Carrier.sql",
      "Lines": 45,
      "BlankLines": 11,
      "Comments": 0,
      "CodeLines": 34
    },
    {
      "File": "src/Logic/Domain/Entity/SiteContact.cs",
      "Lines": 40,
      "BlankLines": 7,
      "Comments": 0,
      "CodeLines": 33
    },
    {
      "File": "Pssa.Suggestion.Database/Monitoring/Views/PrtgScalarIndicator.sql",
      "Lines": 63,
      "BlankLines": 16,
      "Comments": 16,
      "CodeLines": 31
    },
    {
      "File": "Pssa.Suggestion.Database/ExternalConfig/Tables/Service.sql",
      "Lines": 39,
      "BlankLines": 8,
      "Comments": 0,
      "CodeLines": 31
    },
    {
      "File": "Pssa.Suggestion.Database/Suggestion/Tables/ConfigurationCategoryFilter.sql",
      "Lines": 38,
      "BlankLines": 7,
      "Comments": 0,
      "CodeLines": 31
    },
    {
      "File": "Pssa.Suggestion.Database/Suggestion/Tables/ConfigurationJoinMode.sql",
      "Lines": 38,
      "BlankLines": 7,
      "Comments": 0,
      "CodeLines": 31
    },
    {
      "File": "tests/unittests/UnitTest1.cs",
      "Lines": 47,
      "BlankLines": 5,
      "Comments": 12,
      "CodeLines": 30
    },
    {
      "File": "src/Logic/Domain/Entity/Country.cs",
      "Lines": 38,
      "BlankLines": 8,
      "Comments": 0,
      "CodeLines": 30
    },
    {
      "File": "tests/unittests/Mocks/ApplicationFacadeMock.cs",
      "Lines": 36,
      "BlankLines": 6,
      "Comments": 0,
      "CodeLines": 30
    },
    {
      "File": "Pssa.Suggestion.Database/ExternalConfig/Tables/SiteType.sql",
      "Lines": 39,
      "BlankLines": 9,
      "Comments": 0,
      "CodeLines": 30
    },
    {
      "File": "Pssa.Suggestion.Database/InternalConfig/Tables/Operator.sql",
      "Lines": 29,
      "BlankLines": 0,
      "Comments": 0,
      "CodeLines": 29
    },
    {
      "File": "Pssa.Suggestion.Database/ExternalConfig/Tables/PeriodType.sql",
      "Lines": 37,
      "BlankLines": 8,
      "Comments": 0,
      "CodeLines": 29
    },
    {
      "File": "tests/unittests/Tools/TruncateHelperTests.cs",
      "Lines": 35,
      "BlankLines": 7,
      "Comments": 0,
      "CodeLines": 28
    },
    {
      "File": "Pssa.Suggestion.Database/ExternalConfig/Tables/ZipCode.sql",
      "Lines": 31,
      "BlankLines": 3,
      "Comments": 0,
      "CodeLines": 28
    },
    {
      "File": "Pssa.Suggestion.Database/Suggestion/SP/SiteServicePropertyValueMerge.sql",
      "Lines": 33,
      "BlankLines": 5,
      "Comments": 0,
      "CodeLines": 28
    },
    {
      "File": "src/Logic/Domain/Entity/SiteCarrier.cs",
      "Lines": 32,
      "BlankLines": 5,
      "Comments": 0,
      "CodeLines": 27
    },
    {
      "File": "tests/unittests/Tools/EntityValidationResultTests.cs",
      "Lines": 31,
      "BlankLines": 4,
      "Comments": 0,
      "CodeLines": 27
    },
    {
      "File": "Pssa.Suggestion.Database/Suggestion/Vues/PudoClpType2.sql",
      "Lines": 30,
      "BlankLines": 3,
      "Comments": 0,
      "CodeLines": 27
    },
    {
      "File": "Pssa.Suggestion.Database/Suggestion/Vues/PudoClpType21.sql",
      "Lines": 30,
      "BlankLines": 3,
      "Comments": 0,
      "CodeLines": 27
    },
    {
      "File": "tests/unittests/Tools/JsonReaderExtensionsTests.cs",
      "Lines": 28,
      "BlankLines": 1,
      "Comments": 0,
      "CodeLines": 27
    },
    {
      "File": "src/Logic/Domain/Entity/SiteServicePropertyValue.cs",
      "Lines": 30,
      "BlankLines": 4,
      "Comments": 0,
      "CodeLines": 26
    },
    {
      "File": "Pssa.Suggestion.Database/MyPudo/Tables/AccountClientKey.sql",
      "Lines": 32,
      "BlankLines": 6,
      "Comments": 0,
      "CodeLines": 26
    },
    {
      "File": "Pssa.Suggestion.Database/InternalConfig/Tables/UrbanCode.sql",
      "Lines": 32,
      "BlankLines": 6,
      "Comments": 0,
      "CodeLines": 26
    },
    {
      "File": "src/Logic/DataAcces/Constant/Tables.cs",
      "Lines": 28,
      "BlankLines": 2,
      "Comments": 0,
      "CodeLines": 26
    },
    {
      "File": "Pssa.Suggestion.Database/ExternalConfig/Tables/AddressType.sql",
      "Lines": 33,
      "BlankLines": 8,
      "Comments": 0,
      "CodeLines": 25
    },
    {
      "File": "Pssa.Suggestion.Database/Suggestion/SP/SiteCarrierMerge.sql",
      "Lines": 31,
      "BlankLines": 6,
      "Comments": 0,
      "CodeLines": 25
    },
    {
      "File": "Pssa.Suggestion.Database/ExternalConfig/Tables/SiteState.sql",
      "Lines": 33,
      "BlankLines": 8,
      "Comments": 0,
      "CodeLines": 25
    },
    {
      "File": "Pssa.Suggestion.Database/ExternalConfig/Tables/Network.sql",
      "Lines": 33,
      "BlankLines": 8,
      "Comments": 0,
      "CodeLines": 25
    },
    {
      "File": "src/Logic/Domain/Entity/SiteTypePropertyValue.cs",
      "Lines": 28,
      "BlankLines": 4,
      "Comments": 0,
      "CodeLines": 24
    },
    {
      "File": "Pssa.Suggestion.Database/Monitoring/Functions/Indicators/LastImportIndicator.sql",
      "Lines": 33,
      "BlankLines": 4,
      "Comments": 5,
      "CodeLines": 24
    },
    {
      "File": "src/Tools/TruncateHelper.cs",
      "Lines": 25,
      "BlankLines": 2,
      "Comments": 0,
      "CodeLines": 23
    },
    {
      "File": "Pssa.Suggestion.Database/MyPudo/Tables/AccountContact.sql",
      "Lines": 28,
      "BlankLines": 6,
      "Comments": 0,
      "CodeLines": 22
    },
    {
      "File": "Pssa.Suggestion.Database/Suggestion/SP/SiteNetworkMerge.sql",
      "Lines": 28,
      "BlankLines": 6,
      "Comments": 0,
      "CodeLines": 22
    },
    {
      "File": "Pssa.Suggestion.Database/Suggestion/SP/SiteServiceMerge.sql",
      "Lines": 27,
      "BlankLines": 5,
      "Comments": 0,
      "CodeLines": 22
    },
    {
      "File": "src/Tools/JsonReaderExtensions.cs",
      "Lines": 23,
      "BlankLines": 1,
      "Comments": 0,
      "CodeLines": 22
    },
    {
      "File": "scripts/docker-compose.ci.integrationtests.yml",
      "Lines": 25,
      "BlankLines": 3,
      "Comments": 1,
      "CodeLines": 21
    },
    {
      "File": "src/Logic/Domain/ConsumerException.cs",
      "Lines": 24,
      "BlankLines": 4,
      "Comments": 0,
      "CodeLines": 20
    },
    {
      "File": "Pssa.Suggestion.Database/MyPudo/SP/UpdateClientKey.sql",
      "Lines": 30,
      "BlankLines": 4,
      "Comments": 6,
      "CodeLines": 20
    },
    {
      "File": "src/Logic/Domain/Entity/SiteService.cs",
      "Lines": 23,
      "BlankLines": 3,
      "Comments": 0,
      "CodeLines": 20
    },
    {
      "File": "src/Logic/Domain/Model/Input/Referential.cs",
      "Lines": 21,
      "BlankLines": 2,
      "Comments": 0,
      "CodeLines": 19
    },
    {
      "File": "src/Logic/Domain/Entity/ExternalConfigCarrier.cs",
      "Lines": 21,
      "BlankLines": 3,
      "Comments": 0,
      "CodeLines": 18
    },
    {
      "File": "src/Logic/Domain/Entity/InternalConfigOperator.cs",
      "Lines": 21,
      "BlankLines": 3,
      "Comments": 0,
      "CodeLines": 18
    },
    {
      "File": "src/Logic/Domain/Entity/SiteNetwork.cs",
      "Lines": 20,
      "BlankLines": 2,
      "Comments": 0,
      "CodeLines": 18
    },
    {
      "File": "Pssa.Suggestion.Database/Rerouting/Views/LoadSitesTORAGEaREA.sql",
      "Lines": 22,
      "BlankLines": 4,
      "Comments": 0,
      "CodeLines": 18
    },
    {
      "File": "src/Logic/Domain/IUnitOfWork.cs",
      "Lines": 19,
      "BlankLines": 1,
      "Comments": 0,
      "CodeLines": 18
    },
    {
      "File": "src/Logic/Domain/Account.cs",
      "Lines": 18,
      "BlankLines": 1,
      "Comments": 0,
      "CodeLines": 17
    },
    {
      "File": "src/Logic/Domain/Entity/Carrier.cs",
      "Lines": 19,
      "BlankLines": 2,
      "Comments": 0,
      "CodeLines": 17
    },
    {
      "File": "Pssa.Suggestion.Database/Suggestion/Tables/WorkingSuggPudo.sql",
      "Lines": 17,
      "BlankLines": 1,
      "Comments": 0,
      "CodeLines": 16
    },
    {
      "File": "Pssa.Suggestion.Database/InternalConfig/Tables/Country.sql",
      "Lines": 15,
      "BlankLines": 0,
      "Comments": 0,
      "CodeLines": 15
    },
    {
      "File": "src/Logic/DomainServices/ISourceLoader.cs",
      "Lines": 17,
      "BlankLines": 2,
      "Comments": 0,
      "CodeLines": 15
    },
    {
      "File": "Pssa.Suggestion.Database/Monitoring/Views/CountRows.sql",
      "Lines": 17,
      "BlankLines": 1,
      "Comments": 1,
      "CodeLines": 15
    },
    {
      "File": "Pssa.Suggestion.Database/Import/Tables/SiteAddress.sql",
      "Lines": 15,
      "BlankLines": 0,
      "Comments": 0,
      "CodeLines": 15
    },
    {
      "File": "Pssa.Suggestion.Database/Import/SP/Process/PurgeSiteAndRelatives.sql",
      "Lines": 17,
      "BlankLines": 0,
      "Comments": 3,
      "CodeLines": 14
    },
    {
      "File": "src/Logic/Application/Enum/ReturnCodes.cs",
      "Lines": 20,
      "BlankLines": 2,
      "Comments": 4,
      "CodeLines": 14
    },
    {
      "File": "src/Logic/DataAcces/Constant/Procedures.cs",
      "Lines": 20,
      "BlankLines": 4,
      "Comments": 2,
      "CodeLines": 14
    },
    {
      "File": "Pssa.Suggestion.Database/Monitoring/Tables/Log.sql",
      "Lines": 14,
      "BlankLines": 0,
      "Comments": 0,
      "CodeLines": 14
    },
    {
      "File": "Pssa.Suggestion.Database/Monitoring/Tables/RowCountWatcher.sql",
      "Lines": 13,
      "BlankLines": 0,
      "Comments": 0,
      "CodeLines": 13
    },
    {
      "File": "Pssa.Suggestion.Database/MyPudo/Vues/LoadCarriers.sql",
      "Lines": 16,
      "BlankLines": 3,
      "Comments": 0,
      "CodeLines": 13
    },
    {
      "File": "Pssa.Suggestion.Database/Monitoring/Functions/Indicators/ActivatedPudoByCountryIndicators.sql",
      "Lines": 17,
      "BlankLines": 4,
      "Comments": 0,
      "CodeLines": 13
    },
    {
      "File": "Pssa.Suggestion.Database/Rerouting/Views/LoadSiteCarriers.sql",
      "Lines": 16,
      "BlankLines": 3,
      "Comments": 0,
      "CodeLines": 13
    },
    {
      "File": "src/Logic/Domain/Entity/ExternalConfigNetwork.cs",
      "Lines": 17,
      "BlankLines": 4,
      "Comments": 0,
      "CodeLines": 13
    },
    {
      "File": "src/Logic/Application/IInputJsonFile.cs",
      "Lines": 14,
      "BlankLines": 2,
      "Comments": 0,
      "CodeLines": 12
    },
    {
      "File": "src/Logic/Domain/Entity/Network.cs",
      "Lines": 13,
      "BlankLines": 1,
      "Comments": 0,
      "CodeLines": 12
    },
    {
      "File": "Pssa.Suggestion.Database/Suggestion/Functions/Flag/getFlagMergeWhenMatched.sql",
      "Lines": 16,
      "BlankLines": 0,
      "Comments": 4,
      "CodeLines": 12
    },
    {
      "File": "Pssa.Suggestion.Database/Suggestion/Functions/Flag/getFlagMergeWhenMatchedAndExist.sql",
      "Lines": 23,
      "BlankLines": 2,
      "Comments": 9,
      "CodeLines": 12
    },
    {
      "File": "Pssa.Suggestion.Database/Monitoring/Functions/Indicators/DeletedPudoByCountryIndicators.sql",
      "Lines": 16,
      "BlankLines": 4,
      "Comments": 0,
      "CodeLines": 12
    },
    {
      "File": "Pssa.Suggestion.Database/MyPudo/Vues/Copie de LoadCarriers.sql",
      "Lines": 15,
      "BlankLines": 4,
      "Comments": 0,
      "CodeLines": 11
    },
    {
      "File": "Pssa.Suggestion.Database/Monitoring/Functions/Indicators/RowCountWatcherIndicator.sql",
      "Lines": 13,
      "BlankLines": 2,
      "Comments": 0,
      "CodeLines": 11
    },
    {
      "File": "Pssa.Suggestion.Database/MyPudo/Vues/LoadSiteServicePropertyValue.sql",
      "Lines": 14,
      "BlankLines": 3,
      "Comments": 0,
      "CodeLines": 11
    },
    {
      "File": "Pssa.Suggestion.Database/Suggestion/Tables/WorkingDistance.sql",
      "Lines": 11,
      "BlankLines": 0,
      "Comments": 0,
      "CodeLines": 11
    },
    {
      "File": "Pssa.Suggestion.Database/Rerouting/Views/LoadZipCodeInfoCarrier.sql",
      "Lines": 12,
      "BlankLines": 2,
      "Comments": 0,
      "CodeLines": 10
    },
    {
      "File": "Pssa.Suggestion.Database/MyPudo/Vues/LoadPeriods.sql",
      "Lines": 11,
      "BlankLines": 1,
      "Comments": 0,
      "CodeLines": 10
    },
    {
      "File": "src/Logic/DomainServices/AppSettings.cs",
      "Lines": 10,
      "BlankLines": 0,
      "Comments": 0,
      "CodeLines": 10
    },
    {
      "File": "Pssa.Suggestion.Database/Rerouting/Views/LoadPeriods.sql",
      "Lines": 11,
      "BlankLines": 1,
      "Comments": 0,
      "CodeLines": 10
    },
    {
      "File": "Pssa.Suggestion.Database/MyPudo/Vues/LoadSiteServices.sql",
      "Lines": 10,
      "BlankLines": 0,
      "Comments": 0,
      "CodeLines": 10
    },
    {
      "File": "src/Logic/Application/IApplicationFacade.cs",
      "Lines": 10,
      "BlankLines": 0,
      "Comments": 0,
      "CodeLines": 10
    },
    {
      "File": "Pssa.Suggestion.Database/Rerouting/Views/LoadSiteServices.sql",
      "Lines": 10,
      "BlankLines": 0,
      "Comments": 0,
      "CodeLines": 10
    },
    {
      "File": "Pssa.Suggestion.Database/MyPudo/Vues/LoadSiteTypePropertyValue.sql",
      "Lines": 14,
      "BlankLines": 4,
      "Comments": 0,
      "CodeLines": 10
    },
    {
      "File": "Pssa.Suggestion.Database/MyPudo/Tables/Contact.sql",
      "Lines": 9,
      "BlankLines": 0,
      "Comments": 0,
      "CodeLines": 9
    },
    {
      "File": "Pssa.Suggestion.Database/Rerouting/Views/LoadSiteNetworks.sql",
      "Lines": 10,
      "BlankLines": 1,
      "Comments": 0,
      "CodeLines": 9
    },
    {
      "File": "Pssa.Suggestion.Database/MyPudo/Vues/LoadNetworks.sql",
      "Lines": 10,
      "BlankLines": 1,
      "Comments": 0,
      "CodeLines": 9
    },
    {
      "File": "Pssa.Suggestion.Database/Import/Tables/SiteContact.sql",
      "Lines": 8,
      "BlankLines": 0,
      "Comments": 0,
      "CodeLines": 8
    },
    {
      "File": "Pssa.Suggestion.Database/Pssa.Suggestion.Database.Deploy.xml",
      "Lines": 9,
      "BlankLines": 0,
      "Comments": 1,
      "CodeLines": 8
    },
    {
      "File": "Pssa.Suggestion.Database/MyPudo/Tables/PtvZipCode.sql",
      "Lines": 8,
      "BlankLines": 0,
      "Comments": 0,
      "CodeLines": 8
    },
    {
      "File": "Pssa.Suggestion.Database/Suggestion/Tables/WorkingItem.sql",
      "Lines": 8,
      "BlankLines": 0,
      "Comments": 0,
      "CodeLines": 8
    },
    {
      "File": "Pssa.Suggestion.Database/Import/Tables/SitePeriod.sql",
      "Lines": 8,
      "BlankLines": 0,
      "Comments": 0,
      "CodeLines": 8
    },
    {
      "File": "Pssa.Suggestion.Database/Monitoring/Functions/Version/CurrentDbVersion.sql",
      "Lines": 13,
      "BlankLines": 0,
      "Comments": 5,
      "CodeLines": 8
    },
    {
      "File": "Pssa.Suggestion.Database/MyPudo/Vues/ActiveCountries.sql",
      "Lines": 8,
      "BlankLines": 1,
      "Comments": 0,
      "CodeLines": 7
    },
    {
      "File": "Pssa.Suggestion.Database/Monitoring/Functions/SuccessConstant.sql",
      "Lines": 7,
      "BlankLines": 0,
      "Comments": 0,
      "CodeLines": 7
    },
    {
      "File": "Pssa.Suggestion.Database/Import/Tables/SiteCarrier.sql",
      "Lines": 7,
      "BlankLines": 0,
      "Comments": 0,
      "CodeLines": 7
    },
    {
      "File": "Pssa.Suggestion.Database/Monitoring/Functions/LogLevel/getDebugConstant.sql",
      "Lines": 7,
      "BlankLines": 0,
      "Comments": 0,
      "CodeLines": 7
    },
    {
      "File": "Pssa.Suggestion.Database/Monitoring/Functions/LogLevel/getErrorConstant.sql",
      "Lines": 7,
      "BlankLines": 0,
      "Comments": 0,
      "CodeLines": 7
    },
    {
      "File": "Pssa.Suggestion.Database/Monitoring/Functions/LogLevel/getFatalConstant.sql",
      "Lines": 7,
      "BlankLines": 0,
      "Comments": 0,
      "CodeLines": 7
    },
    {
      "File": "Pssa.Suggestion.Database/Monitoring/Functions/LogLevel/getInfoConstant.sql",
      "Lines": 7,
      "BlankLines": 0,
      "Comments": 0,
      "CodeLines": 7
    },
    {
      "File": "Pssa.Suggestion.Database/Monitoring/Functions/LogLevel/getWarningConstant.sql",
      "Lines": 7,
      "BlankLines": 0,
      "Comments": 0,
      "CodeLines": 7
    },
    {
      "File": "Pssa.Suggestion.Database/Suggestion/Functions/Flag/getFlagInsert.sql",
      "Lines": 7,
      "BlankLines": 0,
      "Comments": 0,
      "CodeLines": 7
    },
    {
      "File": "Pssa.Suggestion.Database/Suggestion/Functions/Flag/getFlagDelete.sql",
      "Lines": 7,
      "BlankLines": 0,
      "Comments": 0,
      "CodeLines": 7
    },
    {
      "File": "Pssa.Suggestion.Database/Suggestion/Functions/Flag/getFlagUpdate.sql",
      "Lines": 7,
      "BlankLines": 0,
      "Comments": 0,
      "CodeLines": 7
    },
    {
      "File": "Pssa.Suggestion.Database/Monitoring/Functions/FailureConstant.sql",
      "Lines": 7,
      "BlankLines": 0,
      "Comments": 0,
      "CodeLines": 7
    },
    {
      "File": "Pssa.Suggestion.Database/Monitoring/Functions/InProgress.sql",
      "Lines": 7,
      "BlankLines": 0,
      "Comments": 0,
      "CodeLines": 7
    },
    {
      "File": "Pssa.Suggestion.Database/Rerouting/Views/LoadUrbanCode.sql",
      "Lines": 8,
      "BlankLines": 1,
      "Comments": 0,
      "CodeLines": 7
    },
    {
      "File": "Pssa.Suggestion.Database/Suggestion/Tables/WorkingItemDetail.sql",
      "Lines": 6,
      "BlankLines": 0,
      "Comments": 0,
      "CodeLines": 6
    },
    {
      "File": "Pssa.Suggestion.Database/MyPudo/Vues/GetCarriers.sql",
      "Lines": 7,
      "BlankLines": 1,
      "Comments": 0,
      "CodeLines": 6
    },
    {
      "File": "Pssa.Suggestion.Database/Rerouting/Views/LoadNetworks.sql",
      "Lines": 7,
      "BlankLines": 1,
      "Comments": 0,
      "CodeLines": 6
    },
    {
      "File": "Pssa.Suggestion.Database/Import/Tables/SiteServicePropertyValue.sql",
      "Lines": 6,
      "BlankLines": 0,
      "Comments": 0,
      "CodeLines": 6
    },
    {
      "File": "Pssa.Suggestion.Database/MyPudo/Functions/NthElement.sql",
      "Lines": 6,
      "BlankLines": 0,
      "Comments": 0,
      "CodeLines": 6
    },
    {
      "File": "Pssa.Suggestion.Database/Import/SP/Process/PurgeCarrier.sql",
      "Lines": 5,
      "BlankLines": 0,
      "Comments": 0,
      "CodeLines": 5
    },
    {
      "File": "Pssa.Suggestion.Database/Import/SP/Process/PurgeNetwork.sql",
      "Lines": 6,
      "BlankLines": 1,
      "Comments": 0,
      "CodeLines": 5
    },
    {
      "File": "Pssa.Suggestion.Database/Import/Tables/SiteNetwork.sql",
      "Lines": 4,
      "BlankLines": 0,
      "Comments": 0,
      "CodeLines": 4
    },
    {
      "File": "Pssa.Suggestion.Database/Import/Tables/SiteService.sql",
      "Lines": 4,
      "BlankLines": 0,
      "Comments": 0,
      "CodeLines": 4
    },
    {
      "File": "Pssa.Suggestion.Database/MyPudo/Vues/GetNetworks.sql",
      "Lines": 4,
      "BlankLines": 0,
      "Comments": 0,
      "CodeLines": 4
    },
    {
      "File": "Pssa.Suggestion.Database/Import/Tables/SiteTypePropertyValue.sql",
      "Lines": 4,
      "BlankLines": 0,
      "Comments": 0,
      "CodeLines": 4
    },
    {
      "File": "Pssa.Suggestion.Database/Import/Tables/Network.sql",
      "Lines": 3,
      "BlankLines": 0,
      "Comments": 0,
      "CodeLines": 3
    },
    {
      "File": "Pssa.Suggestion.Database/Import/Tables/Carrier.sql",
      "Lines": 3,
      "BlankLines": 0,
      "Comments": 0,
      "CodeLines": 3
    },
    {
      "File": "Pssa.Suggestion.Database/Monitoring/Tables/Process.sql",
      "Lines": 17,
      "BlankLines": 0,
      "Comments": 16,
      "CodeLines": 1
    },
    {
      "File": "Pssa.Suggestion.Database/Schemas/MyPudo.sql",
      "Lines": 1,
      "BlankLines": 0,
      "Comments": 0,
      "CodeLines": 1
    },
    {
      "File": "Pssa.Suggestion.Database/Schemas/InternalConfig.sql",
      "Lines": 1,
      "BlankLines": 0,
      "Comments": 0,
      "CodeLines": 1
    },
    {
      "File": "Pssa.Suggestion.Database/Schemas/Rerouting.sql",
      "Lines": 1,
      "BlankLines": 0,
      "Comments": 0,
      "CodeLines": 1
    },
    {
      "File": "Pssa.Suggestion.Database/Schemas/Import.sql",
      "Lines": 1,
      "BlankLines": 0,
      "Comments": 0,
      "CodeLines": 1
    },
    {
      "File": "Pssa.Suggestion.Database/Schemas/Suggestion.sql",
      "Lines": 1,
      "BlankLines": 0,
      "Comments": 0,
      "CodeLines": 1
    },
    {
      "File": "Pssa.Suggestion.Database/Schemas/ExternalConfig.sql",
      "Lines": 1,
      "BlankLines": 0,
      "Comments": 0,
      "CodeLines": 1
    },
    {
      "File": "Pssa.Suggestion.Database/Schemas/Monitoring.sql",
      "Lines": 0,
      "BlankLines": 0,
      "Comments": 0,
      "CodeLines": 0
    },
    {
      "File": "Pssa.Suggestion.Database/Schemas/Common.sql",
      "Lines": 0,
      "BlankLines": 0,
      "Comments": 0,
      "CodeLines": 0
    },
    {
      "File": "Pssa.Suggestion.Database/Schemas/Histo.sql",
      "Lines": 0,
      "BlankLines": 0,
      "Comments": 0,
      "CodeLines": 0
    }
  ]
}