{
  "TotalLines": 204,
  "TotalBlankLines": 28,
  "TotalComments": 0,
  "TotalCodeLines": 176,
  "Results": [
    {
      "File": "pom.xml",
      "Lines": 69,
      "BlankLines": 4,
      "Comments": 0,
      "CodeLines": 65
    },
    {
      "File": ".github/workflows/main.yml",
      "Lines": 38,
      "BlankLines": 0,
      "Comments": 0,
      "CodeLines": 38
    },
    {
      "File": "src/test/java/com/sonarsource/springdemo/AppControllerTest.java",
      "Lines": 23,
      "BlankLines": 6,
      "Comments": 0,
      "CodeLines": 17
    },
    {
      "File": "src/main/java/com/sonarsource/springdemo/AppController.java",
      "Lines": 21,
      "BlankLines": 5,
      "Comments": 0,
      "CodeLines": 16
    },
    {
      "File": "src/test/java/com/sonarsource/springdemo/JavaSpringWebAppApplicationTests.java",
      "Lines": 19,
      "BlankLines": 5,
      "Comments": 0,
      "CodeLines": 14
    },
    {
      "File": "src/main/java/com/sonarsource/springdemo/DataUtils.java",
      "Lines": 16,
      "BlankLines": 4,
      "Comments": 0,
      "CodeLines": 12
    },
    {
      "File": "src/main/java/com/sonarsource/springdemo/JavaSpringWebAppApplication.java",
      "Lines": 13,
      "BlankLines": 4,
      "Comments": 0,
      "CodeLines": 9
    },
    {
      "File": "src/main/resources/data.sql",
      "Lines": 5,
      "BlankLines": 0,
      "Comments": 0,
      "CodeLines": 5
    }
  ]
}