{
  "TotalLines": 287,
  "TotalBlankLines": 31,
  "TotalComments": 42,
  "TotalCodeLines": 214,
  "Results": [
    {
      "File": "client/src/App.js",
      "Lines": 93,
      "BlankLines": 15,
      "Comments": 0,
      "CodeLines": 78
    },
    {
      "File": "client/src/App.css",
      "Lines": 38,
      "BlankLines": 5,
      "Comments": 0,
      "CodeLines": 33
    },
    {
      "File": ".github/workflows/main.yml",
      "Lines": 33,
      "BlankLines": 1,
      "Comments": 8,
      "CodeLines": 24
    },
    {
      "File": "client/public/index.html",
      "Lines": 43,
      "BlankLines": 0,
      "Comments": 23,
      "CodeLines": 20
    },
    {
      "File": "myserver.js",
      "Lines": 24,
      "BlankLines": 5,
      "Comments": 4,
      "CodeLines": 15
    },
    {
      "File": "client/src/index.css",
      "Lines": 13,
      "BlankLines": 1,
      "Comments": 0,
      "CodeLines": 12
    },
    {
      "File": "client/src/index.js",
      "Lines": 17,
      "BlankLines": 2,
      "Comments": 3,
      "CodeLines": 12
    },
    {
      "File": "client/src/reportWebVitals.js",
      "Lines": 13,
      "BlankLines": 1,
      "Comments": 0,
      "CodeLines": 12
    },
    {
      "File": "client/src/App.test.js",
      "Lines": 8,
      "BlankLines": 1,
      "Comments": 0,
      "CodeLines": 7
    },
    {
      "File": "client/src/setupTests.js",
      "Lines": 5,
      "BlankLines": 0,
      "Comments": 4,
      "CodeLines": 1
    }
  ]
}