{
  "TotalLines": 301,
  "TotalBlankLines": 58,
  "TotalComments": 8,
  "TotalCodeLines": 235,
  "Results": [
    {
      "File": "pokedex/templates/index.html",
      "Lines": 41,
      "BlankLines": 1,
      "Comments": 0,
      "CodeLines": 40
    },
    {
      "File": "tests/conftest.py",
      "Lines": 50,
      "BlankLines": 10,
      "Comments": 2,
      "CodeLines": 38
    },
    {
      "File": ".github/workflows/python-app.yml",
      "Lines": 41,
      "BlankLines": 6,
      "Comments": 4,
      "CodeLines": 31
    },
    {
      "File": "pokedex/app.py",
      "Lines": 40,
      "BlankLines": 11,
      "Comments": 1,
      "CodeLines": 28
    },
    {
      "File": "pokedex/helper.py",
      "Lines": 38,
      "BlankLines": 10,
      "Comments": 1,
      "CodeLines": 27
    },
    {
      "File": "init_db.py",
      "Lines": 34,
      "BlankLines": 9,
      "Comments": 0,
      "CodeLines": 25
    },
    {
      "File": "pokedex/templates/base.html",
      "Lines": 21,
      "BlankLines": 3,
      "Comments": 0,
      "CodeLines": 18
    },
    {
      "File": "pokedex/schema.sql",
      "Lines": 15,
      "BlankLines": 3,
      "Comments": 0,
      "CodeLines": 12
    },
    {
      "File": "tests/test_app.py",
      "Lines": 9,
      "BlankLines": 2,
      "Comments": 0,
      "CodeLines": 7
    },
    {
      "File": "tests/test_helper.py",
      "Lines": 9,
      "BlankLines": 3,
      "Comments": 0,
      "CodeLines": 6
    },
    {
      "File": "pokedex/static/style.css",
      "Lines": 3,
      "BlankLines": 0,
      "Comments": 0,
      "CodeLines": 3
    },
    {
      "File": "tests/__init__.py",
      "Lines": 0,
      "BlankLines": 0,
      "Comments": 0,
      "CodeLines": 0
    },
    {
      "File": "pokedex/__init__.py",
      "Lines": 0,
      "BlankLines": 0,
      "Comments": 0,
      "CodeLines": 0
    }
  ]
}