{
  "TotalLines": 816,
  "TotalBlankLines": 50,
  "TotalComments": 69,
  "TotalCodeLines": 697,
  "Results": [
    {
      "File": "MobileTeleConfig-release.yml",
      "Lines": 197,
      "BlankLines": 20,
      "Comments": 28,
      "CodeLines": 149
    },
    {
      "File": "SCRIPTS/PROC_AssignAmsParamToPudos.sql",
      "Lines": 74,
      "BlankLines": 10,
      "Comments": 11,
      "CodeLines": 53
    },
    {
      "File": "Dev/TeleConfigAPI-vars.yml",
      "Lines": 36,
      "BlankLines": 1,
      "Comments": 1,
      "CodeLines": 34
    },
    {
      "File": "PROD/TeleConfigAPI-vars.yml",
      "Lines": 36,
      "BlankLines": 1,
      "Comments": 1,
      "CodeLines": 34
    },
    {
      "File": "UAT/TeleConfigAPI-vars.yml",
      "Lines": 37,
      "BlankLines": 1,
      "Comments": 2,
      "CodeLines": 34
    },
    {
      "File": "QUA/TeleConfigAPI-vars.yml",
      "Lines": 36,
      "BlankLines": 1,
      "Comments": 1,
      "CodeLines": 34
    },
    {
      "File": "TEST/TeleConfigAPI-vars.yml",
      "Lines": 36,
      "BlankLines": 1,
      "Comments": 1,
      "CodeLines": 34
    },
    {
      "File": "Dev/common-vars.yml",
      "Lines": 33,
      "BlankLines": 0,
      "Comments": 0,
      "CodeLines": 33
    },
    {
      "File": "UAT/common-vars.yml",
      "Lines": 33,
      "BlankLines": 0,
      "Comments": 0,
      "CodeLines": 33
    },
    {
      "File": "TEST/common-vars.yml",
      "Lines": 33,
      "BlankLines": 0,
      "Comments": 0,
      "CodeLines": 33
    },
    {
      "File": "SCRIPTS/PROC_RemoveAmsParamToPudos.sql",
      "Lines": 43,
      "BlankLines": 4,
      "Comments": 9,
      "CodeLines": 30
    },
    {
      "File": "PROD/common-vars.yml",
      "Lines": 29,
      "BlankLines": 0,
      "Comments": 0,
      "CodeLines": 29
    },
    {
      "File": "QUA/common-vars.yml",
      "Lines": 29,
      "BlankLines": 0,
      "Comments": 0,
      "CodeLines": 29
    },
    {
      "File": "UAT/CrmV2ConfigConsumer-vars.yml",
      "Lines": 19,
      "BlankLines": 2,
      "Comments": 3,
      "CodeLines": 14
    },
    {
      "File": "TEST/CrmV2ConfigConsumer-vars.yml",
      "Lines": 19,
      "BlankLines": 2,
      "Comments": 3,
      "CodeLines": 14
    },
    {
      "File": "QUA/CrmV2ConfigConsumer-vars.yml",
      "Lines": 19,
      "BlankLines": 2,
      "Comments": 3,
      "CodeLines": 14
    },
    {
      "File": "Dev/CrmV2ConfigConsumer-vars.yml",
      "Lines": 19,
      "BlankLines": 2,
      "Comments": 3,
      "CodeLines": 14
    },
    {
      "File": "PROD/CrmV2ConfigConsumer-vars.yml",
      "Lines": 19,
      "BlankLines": 2,
      "Comments": 3,
      "CodeLines": 14
    },
    {
      "File": "TESTS/tests-dev.yml",
      "Lines": 12,
      "BlankLines": 1,
      "Comments": 0,
      "CodeLines": 11
    },
    {
      "File": "TESTS/tests-qua.yml",
      "Lines": 11,
      "BlankLines": 0,
      "Comments": 0,
      "CodeLines": 11
    },
    {
      "File": "TESTS/tests-test.yml",
      "Lines": 11,
      "BlankLines": 0,
      "Comments": 0,
      "CodeLines": 11
    },
    {
      "File": "TESTS/tests-uat.yml",
      "Lines": 11,
      "BlankLines": 0,
      "Comments": 0,
      "CodeLines": 11
    },
    {
      "File": "TESTS/tests.prod.yml",
      "Lines": 11,
      "BlankLines": 0,
      "Comments": 0,
      "CodeLines": 11
    },
    {
      "File": "SCRIPTS/CREATE_TYPE_StringList.sql",
      "Lines": 8,
      "BlankLines": 0,
      "Comments": 0,
      "CodeLines": 8
    },
    {
      "File": "global-vars.yml",
      "Lines": 5,
      "BlankLines": 0,
      "Comments": 0,
      "CodeLines": 5
    }
  ]
}