{
  "TotalLines": 11260,
  "TotalBlankLines": 1681,
  "TotalComments": 1455,
  "TotalCodeLines": 8124,
  "Results": [
    {
      "File": "Tests/Api.Parcel.Tests/Mapping/ParcelMappingTests.cs",
      "Lines": 512,
      "BlankLines": 75,
      "Comments": 63,
      "CodeLines": 374
    },
    {
      "File": "Tests/Api.Parcel.Tests/Mapping/MapperParcelDropOffCommandTests.cs",
      "Lines": 368,
      "BlankLines": 34,
      "Comments": 31,
      "CodeLines": 303
    },
    {
      "File": "Tests/Api.Parcel.Tests/Mapping/MapperParcelPickupCommandTests.cs",
      "Lines": 343,
      "BlankLines": 33,
      "Comments": 20,
      "CodeLines": 290
    },
    {
      "File": "Api.Core.Common/Security/JwtAuthorizeAttribute.cs",
      "Lines": 301,
      "BlankLines": 50,
      "Comments": 8,
      "CodeLines": 243
    },
    {
      "File": "Api.Services/LogService/Logger.cs",
      "Lines": 331,
      "BlankLines": 56,
      "Comments": 61,
      "CodeLines": 214
    },
    {
      "File": "Api.Core.Common/Extensions/ServiceCollectionExtensions.cs",
      "Lines": 267,
      "BlankLines": 38,
      "Comments": 35,
      "CodeLines": 194
    },
    {
      "File": "Api.Parcel/Mapping/MapperCommonProfile.cs",
      "Lines": 211,
      "BlankLines": 24,
      "Comments": 6,
      "CodeLines": 181
    },
    {
      "File": "Api.Parcel/Mapping/Events/MapperParcelBaseCommand.cs",
      "Lines": 184,
      "BlankLines": 14,
      "Comments": 4,
      "CodeLines": 166
    },
    {
      "File": "Api.Core.Common/Infrastructure/AppDomainTypeFinder.cs",
      "Lines": 278,
      "BlankLines": 42,
      "Comments": 81,
      "CodeLines": 155
    },
    {
      "File": "Api.Core.Common/Infrastructure/Engine.cs",
      "Lines": 202,
      "BlankLines": 39,
      "Comments": 41,
      "CodeLines": 122
    },
    {
      "File": "Tests/Api.Parcel.Tests/ParcelControllerUnitTest.cs",
      "Lines": 150,
      "BlankLines": 27,
      "Comments": 3,
      "CodeLines": 120
    },
    {
      "File": "Tests/Api.Security.Tests/SecurityControllerUnitTest.cs",
      "Lines": 150,
      "BlankLines": 31,
      "Comments": 0,
      "CodeLines": 119
    },
    {
      "File": "Api.Services/LogService/Models/LogData.cs",
      "Lines": 250,
      "BlankLines": 29,
      "Comments": 104,
      "CodeLines": 117
    },
    {
      "File": "Api.Services/LogService/Extensions/LoggerExtensions.cs",
      "Lines": 423,
      "BlankLines": 69,
      "Comments": 244,
      "CodeLines": 110
    },
    {
      "File": "Tests/Api.Parcel.Tests/Mapping/MapperParcelDeliveryCommandTests.cs",
      "Lines": 149,
      "BlankLines": 24,
      "Comments": 19,
      "CodeLines": 106
    },
    {
      "File": "UnitTestProject/Api.Security/SecurityControllerUnitTest.cs",
      "Lines": 124,
      "BlankLines": 27,
      "Comments": 0,
      "CodeLines": 97
    },
    {
      "File": "Api.Parcel/Services/ExternalTelecollectServices.cs",
      "Lines": 108,
      "BlankLines": 11,
      "Comments": 0,
      "CodeLines": 97
    },
    {
      "File": "Tests/Api.Parcel.Tests/Mapping/MapperParcelCollectionCommandTests.cs",
      "Lines": 121,
      "BlankLines": 15,
      "Comments": 10,
      "CodeLines": 96
    },
    {
      "File": "Tests/Api.Parcel.Tests/Security/CheckRequestingPudoAttributeTests.cs",
      "Lines": 117,
      "BlankLines": 20,
      "Comments": 6,
      "CodeLines": 91
    },
    {
      "File": "Api.Parcel/wwwroot/swagger-ui/auth-swagger.js",
      "Lines": 99,
      "BlankLines": 9,
      "Comments": 0,
      "CodeLines": 90
    },
    {
      "File": "Api.Core.Common/Security/CheckRequestingPudoAttribute.cs",
      "Lines": 122,
      "BlankLines": 14,
      "Comments": 19,
      "CodeLines": 89
    },
    {
      "File": "Api.Core.Logging/Api.Logging.Elastic/ElasticWriter.cs",
      "Lines": 104,
      "BlankLines": 15,
      "Comments": 0,
      "CodeLines": 89
    },
    {
      "File": "Api.Services/LogService/ObjectPool.cs",
      "Lines": 184,
      "BlankLines": 20,
      "Comments": 80,
      "CodeLines": 84
    },
    {
      "File": "Api.Core.Logging/Api.Logging.Log4Net/Log4netWriter.cs",
      "Lines": 116,
      "BlankLines": 25,
      "Comments": 7,
      "CodeLines": 84
    },
    {
      "File": "Api.Parcel/Helper/CommonHelper.cs",
      "Lines": 94,
      "BlankLines": 9,
      "Comments": 1,
      "CodeLines": 84
    },
    {
      "File": "Api.Parcel/wwwroot/Swagger.index.html",
      "Lines": 109,
      "BlankLines": 24,
      "Comments": 2,
      "CodeLines": 83
    },
    {
      "File": "Tests/Api.Parcel.Tests/Mapping/MapperParcelInventoryCommandTests.cs",
      "Lines": 101,
      "BlankLines": 10,
      "Comments": 9,
      "CodeLines": 82
    },
    {
      "File": "Api.Parcel/Formatters/ParcelCommandFormatter.cs",
      "Lines": 99,
      "BlankLines": 13,
      "Comments": 5,
      "CodeLines": 81
    },
    {
      "File": "UnitTestProject/Api.Device/DeviceApiServiceUnitTest.cs",
      "Lines": 107,
      "BlankLines": 26,
      "Comments": 0,
      "CodeLines": 81
    },
    {
      "File": "Tests/Api.Device.Tests/DeviceApiServiceUnitTest.cs",
      "Lines": 105,
      "BlankLines": 25,
      "Comments": 1,
      "CodeLines": 79
    },
    {
      "File": "Api.Core.Logging/Api.Logging.Standard/StandardWriter.cs",
      "Lines": 92,
      "BlankLines": 13,
      "Comments": 0,
      "CodeLines": 79
    },
    {
      "File": "Tests/Api.Parcel.Tests/HealthControllerUnitTest.cs",
      "Lines": 96,
      "BlankLines": 19,
      "Comments": 0,
      "CodeLines": 77
    },
    {
      "File": "Tests/Api.Parcel.Tests/Mapping/MapperParcelStorageCommandTests.cs",
      "Lines": 97,
      "BlankLines": 12,
      "Comments": 9,
      "CodeLines": 76
    },
    {
      "File": "Tests/Api.Parcel.Tests/Mapping/MapperParcelLockerCodeCommandTests.cs",
      "Lines": 89,
      "BlankLines": 11,
      "Comments": 6,
      "CodeLines": 72
    },
    {
      "File": "Api.Parcel/Controllers/ParcelController.cs",
      "Lines": 81,
      "BlankLines": 9,
      "Comments": 1,
      "CodeLines": 71
    },
    {
      "File": "Api.Core.Logging/Api.Logging.Serilog/SerilogWriter.cs",
      "Lines": 107,
      "BlankLines": 20,
      "Comments": 17,
      "CodeLines": 70
    },
    {
      "File": "Tests/Api.Parcel.Tests/Mapping/MapperParcelPreparationCommandTests.cs",
      "Lines": 88,
      "BlankLines": 11,
      "Comments": 9,
      "CodeLines": 68
    },
    {
      "File": "Tests/Api.Parcel.Tests/Mapping/MapperParcelInReturnAreaCommandTests.cs",
      "Lines": 88,
      "BlankLines": 12,
      "Comments": 9,
      "CodeLines": 67
    },
    {
      "File": "Tests/Api.Parcel.Tests/Mapping/MapperParcelCloseBagCommandTests.cs",
      "Lines": 84,
      "BlankLines": 11,
      "Comments": 6,
      "CodeLines": 67
    },
    {
      "File": "Api.Core.Common/Startup/Common.Startup.cs",
      "Lines": 91,
      "BlankLines": 16,
      "Comments": 9,
      "CodeLines": 66
    },
    {
      "File": "Api.Core.Common/Extensions/Routing.cs",
      "Lines": 73,
      "BlankLines": 9,
      "Comments": 0,
      "CodeLines": 64
    },
    {
      "File": "Api.Parcel/Services/ExternalHealthServices.cs",
      "Lines": 68,
      "BlankLines": 8,
      "Comments": 0,
      "CodeLines": 60
    },
    {
      "File": "Api.Parcel/Mapping/Events/MapperParcelDropOffCommand.cs",
      "Lines": 81,
      "BlankLines": 13,
      "Comments": 10,
      "CodeLines": 58
    },
    {
      "File": "Api.Core.Common/Formatters/MessageMetadataModelBinder.cs",
      "Lines": 65,
      "BlankLines": 7,
      "Comments": 0,
      "CodeLines": 58
    },
    {
      "File": "Api.Core.Common/Startup/Swagger.Startup.cs",
      "Lines": 68,
      "BlankLines": 6,
      "Comments": 4,
      "CodeLines": 58
    },
    {
      "File": "Tests/Api.Parcel.Tests/Mapping/MapperParcelPickupPaymentTests.cs",
      "Lines": 73,
      "BlankLines": 10,
      "Comments": 6,
      "CodeLines": 57
    },
    {
      "File": "Api.Services/LogService/PropertyContext.cs",
      "Lines": 127,
      "BlankLines": 13,
      "Comments": 58,
      "CodeLines": 56
    },
    {
      "File": "Api.Parcel/Services/ExternalParcelServices.cs",
      "Lines": 65,
      "BlankLines": 9,
      "Comments": 1,
      "CodeLines": 55
    },
    {
      "File": "Tests/Api.Parcel.Tests/Helpers/JsonHelpers.cs",
      "Lines": 59,
      "BlankLines": 4,
      "Comments": 0,
      "CodeLines": 55
    },
    {
      "File": "Api.Core.Common/Settings/AppSettings.cs",
      "Lines": 60,
      "BlankLines": 7,
      "Comments": 0,
      "CodeLines": 53
    },
    {
      "File": "Api.Parcel/Controllers/HealthController.cs",
      "Lines": 68,
      "BlankLines": 10,
      "Comments": 6,
      "CodeLines": 52
    },
    {
      "File": "Api.Parcel/DTO/EventDto.cs",
      "Lines": 91,
      "BlankLines": 33,
      "Comments": 7,
      "CodeLines": 51
    },
    {
      "File": "Tests/Api.Core.Logging.Tests/LoggerExtensionsTests.cs",
      "Lines": 65,
      "BlankLines": 11,
      "Comments": 3,
      "CodeLines": 51
    },
    {
      "File": "Api.Services/LogService/Defaults/TraceLogWriter.cs",
      "Lines": 70,
      "BlankLines": 11,
      "Comments": 10,
      "CodeLines": 49
    },
    {
      "File": "UnitTestProject/Api.Device/DeviceControllerUnitTest.cs",
      "Lines": 64,
      "BlankLines": 15,
      "Comments": 0,
      "CodeLines": 49
    },
    {
      "File": "Api.Parcel/Mapping/Events/MapperParcelPickupCommand.cs",
      "Lines": 58,
      "BlankLines": 5,
      "Comments": 5,
      "CodeLines": 48
    },
    {
      "File": "Api.Parcel/Models/ProfilerModel.cs",
      "Lines": 53,
      "BlankLines": 6,
      "Comments": 0,
      "CodeLines": 47
    },
    {
      "File": "Api.Services/LogService/Models/ProfilerModel.cs",
      "Lines": 53,
      "BlankLines": 6,
      "Comments": 0,
      "CodeLines": 47
    },
    {
      "File": "Tests/Api.Device.Tests/DeviceControllerUnitTest.cs",
      "Lines": 63,
      "BlankLines": 14,
      "Comments": 2,
      "CodeLines": 47
    },
    {
      "File": "Api.Core.Common/Services/Telecollecte/TelecollecteServiceClientDecorator.cs",
      "Lines": 56,
      "BlankLines": 7,
      "Comments": 2,
      "CodeLines": 47
    },
    {
      "File": "Tests/Api.Device.Tests/UploadRequestDataServiceUnitTest.cs",
      "Lines": 58,
      "BlankLines": 12,
      "Comments": 0,
      "CodeLines": 46
    },
    {
      "File": "Api.Core.Common/Security/CertificateStore.cs",
      "Lines": 52,
      "BlankLines": 5,
      "Comments": 2,
      "CodeLines": 45
    },
    {
      "File": "docker-compose.env-c21.yml",
      "Lines": 48,
      "BlankLines": 3,
      "Comments": 0,
      "CodeLines": 45
    },
    {
      "File": "Api.Services/CacheService/RedisCacheService.cs",
      "Lines": 54,
      "BlankLines": 9,
      "Comments": 0,
      "CodeLines": 45
    },
    {
      "File": "Api.Services/LogService/LoggerProvider.cs",
      "Lines": 56,
      "BlankLines": 11,
      "Comments": 1,
      "CodeLines": 44
    },
    {
      "File": "Api.Core.Common/Startup.cs",
      "Lines": 64,
      "BlankLines": 9,
      "Comments": 12,
      "CodeLines": 43
    },
    {
      "File": "docker-compose.env.yml",
      "Lines": 44,
      "BlankLines": 2,
      "Comments": 0,
      "CodeLines": 42
    },
    {
      "File": "Tests/Api.Parcel.Tests/Startup.cs",
      "Lines": 56,
      "BlankLines": 10,
      "Comments": 4,
      "CodeLines": 42
    },
    {
      "File": "docker-compose.override.yml",
      "Lines": 45,
      "BlankLines": 4,
      "Comments": 0,
      "CodeLines": 41
    },
    {
      "File": "Tests/Api.Parcel.Tests/Formatter/ParcelCommandFormatterUnitTest.cs",
      "Lines": 50,
      "BlankLines": 12,
      "Comments": 0,
      "CodeLines": 38
    },
    {
      "File": "Api.Parcel/DTO/ParcelDto.cs",
      "Lines": 67,
      "BlankLines": 30,
      "Comments": 0,
      "CodeLines": 37
    },
    {
      "File": "Api.Services/CacheService/RedisCacheServiceDeco.cs",
      "Lines": 51,
      "BlankLines": 12,
      "Comments": 3,
      "CodeLines": 36
    },
    {
      "File": "Api.Parcel/Startup.cs",
      "Lines": 38,
      "BlankLines": 3,
      "Comments": 0,
      "CodeLines": 35
    },
    {
      "File": "Api.Core.Common/Infrastructure/WebAppTypeFinder.cs",
      "Lines": 64,
      "BlankLines": 15,
      "Comments": 15,
      "CodeLines": 34
    },
    {
      "File": "Api.Core.Common/Infrastructure/EngineContext.cs",
      "Lines": 52,
      "BlankLines": 7,
      "Comments": 12,
      "CodeLines": 33
    },
    {
      "File": "Tests/Api.Device.Tests/DeviceRequestValidatorUnitTest.cs",
      "Lines": 42,
      "BlankLines": 9,
      "Comments": 0,
      "CodeLines": 33
    },
    {
      "File": "Api.Services/CacheService/CacheKeyService.cs",
      "Lines": 38,
      "BlankLines": 7,
      "Comments": 0,
      "CodeLines": 31
    },
    {
      "File": "Api.Parcel/Mapping/Events/MapperParcelCollectionCommand.cs",
      "Lines": 37,
      "BlankLines": 5,
      "Comments": 3,
      "CodeLines": 29
    },
    {
      "File": "Api.Core.Common/Startup/RabbitMq.Startup.cs",
      "Lines": 49,
      "BlankLines": 7,
      "Comments": 13,
      "CodeLines": 29
    },
    {
      "File": "Api.Core.Common/Program.cs",
      "Lines": 31,
      "BlankLines": 2,
      "Comments": 0,
      "CodeLines": 29
    },
    {
      "File": "Api.Parcel/Infrastructure/DependencyRegistrar.cs",
      "Lines": 41,
      "BlankLines": 4,
      "Comments": 9,
      "CodeLines": 28
    },
    {
      "File": "Api.Parcel/Mapping/Events/MapperParcelDeliveryCommand.cs",
      "Lines": 33,
      "BlankLines": 4,
      "Comments": 1,
      "CodeLines": 28
    },
    {
      "File": "Api.Core.Common/Startup/Serilog.Startup.cs",
      "Lines": 45,
      "BlankLines": 4,
      "Comments": 13,
      "CodeLines": 28
    },
    {
      "File": "Api.Core.Common/Startup/Log4Net.Startup.cs",
      "Lines": 36,
      "BlankLines": 8,
      "Comments": 0,
      "CodeLines": 28
    },
    {
      "File": "Api.Services/RabbitMQ/AmqpMomPublisher.cs",
      "Lines": 35,
      "BlankLines": 8,
      "Comments": 0,
      "CodeLines": 27
    },
    {
      "File": "Api.Core.Common/Extensions/ApplicationBuilderExtensions.cs",
      "Lines": 44,
      "BlankLines": 6,
      "Comments": 11,
      "CodeLines": 27
    },
    {
      "File": "Api.Parcel/Mapping/Events/MapperParcelInventoryCommand.cs",
      "Lines": 29,
      "BlankLines": 3,
      "Comments": 0,
      "CodeLines": 26
    },
    {
      "File": "Api.Core.Common/Startup/Authorize.Startup.cs",
      "Lines": 35,
      "BlankLines": 7,
      "Comments": 3,
      "CodeLines": 25
    },
    {
      "File": "Tests/Api.Parcel.Tests/Transformation/TransformationToJsonTests.cs",
      "Lines": 32,
      "BlankLines": 4,
      "Comments": 3,
      "CodeLines": 25
    },
    {
      "File": "Api.Parcel/Mapping/Events/MapperParcelCloseBagCommand.cs",
      "Lines": 30,
      "BlankLines": 4,
      "Comments": 1,
      "CodeLines": 25
    },
    {
      "File": "Api.Core.Common/Settings/MobilityConfig.cs",
      "Lines": 66,
      "BlankLines": 11,
      "Comments": 30,
      "CodeLines": 25
    },
    {
      "File": "Api.Parcel/Mapping/Events/MapperParcelLockerCodeCommand.cs",
      "Lines": 31,
      "BlankLines": 6,
      "Comments": 1,
      "CodeLines": 24
    },
    {
      "File": "Api.Parcel/Mapping/Events/MapperParcelStorageCommand.cs",
      "Lines": 28,
      "BlankLines": 4,
      "Comments": 0,
      "CodeLines": 24
    },
    {
      "File": "Api.Parcel/DTO/ProofDto.cs",
      "Lines": 33,
      "BlankLines": 10,
      "Comments": 0,
      "CodeLines": 23
    },
    {
      "File": "Api.Parcel/Mapping/Events/MapperParcelPickupPayment.cs",
      "Lines": 28,
      "BlankLines": 5,
      "Comments": 0,
      "CodeLines": 23
    },
    {
      "File": "Api.Parcel/Helper/ApiHelper.cs",
      "Lines": 23,
      "BlankLines": 1,
      "Comments": 0,
      "CodeLines": 22
    },
    {
      "File": "Api.Parcel/wwwroot/swagger-ui/main.css",
      "Lines": 27,
      "BlankLines": 5,
      "Comments": 0,
      "CodeLines": 22
    },
    {
      "File": "Api.Parcel/VersionReader.cs",
      "Lines": 25,
      "BlankLines": 3,
      "Comments": 0,
      "CodeLines": 22
    },
    {
      "File": "Api.Core.Common/Infrastructure/ApiFileProvider.cs",
      "Lines": 31,
      "BlankLines": 6,
      "Comments": 4,
      "CodeLines": 21
    },
    {
      "File": "Api.Parcel/Mapping/Events/MapperParcelInReturnAreaCommand.cs",
      "Lines": 24,
      "BlankLines": 3,
      "Comments": 0,
      "CodeLines": 21
    },
    {
      "File": "Api.Parcel/DTO/Enums/EventType.cs",
      "Lines": 80,
      "BlankLines": 14,
      "Comments": 45,
      "CodeLines": 21
    },
    {
      "File": "Api.Parcel/DTO/PaymentDto.cs",
      "Lines": 31,
      "BlankLines": 10,
      "Comments": 0,
      "CodeLines": 21
    },
    {
      "File": "Api.Parcel/Mapping/Events/MapperParcelPreparationCommand.cs",
      "Lines": 25,
      "BlankLines": 4,
      "Comments": 0,
      "CodeLines": 21
    },
    {
      "File": "Api.Core.Common/Helpers/JSONHelpers.cs",
      "Lines": 34,
      "BlankLines": 6,
      "Comments": 8,
      "CodeLines": 20
    },
    {
      "File": "Api.Services/LogService/DelegateLogWriter.cs",
      "Lines": 45,
      "BlankLines": 11,
      "Comments": 14,
      "CodeLines": 20
    },
    {
      "File": "Api.Parcel/Mapping/Extensions/ParcelBaseCommandExtensions.cs",
      "Lines": 27,
      "BlankLines": 7,
      "Comments": 0,
      "CodeLines": 20
    },
    {
      "File": "Api.Core.Common/Infrastructure/Mapper/MappingProfileBase.cs",
      "Lines": 24,
      "BlankLines": 4,
      "Comments": 0,
      "CodeLines": 20
    },
    {
      "File": "Api.Parcel/DTO/MaterialInventoryDto.cs",
      "Lines": 23,
      "BlankLines": 4,
      "Comments": 0,
      "CodeLines": 19
    },
    {
      "File": "Api.Core.Common/Infrastructure/IEngine.cs",
      "Lines": 63,
      "BlankLines": 8,
      "Comments": 37,
      "CodeLines": 18
    },
    {
      "File": "Api.Core.Common/Infrastructure/Mapper/AutoMapperConfiguration.cs",
      "Lines": 33,
      "BlankLines": 3,
      "Comments": 13,
      "CodeLines": 17
    },
    {
      "File": "Api.Services/LogService/FluentLoggerExtensions.cs",
      "Lines": 21,
      "BlankLines": 4,
      "Comments": 0,
      "CodeLines": 17
    },
    {
      "File": "Api.Core.Logging/Api.Logging.Mom/MomWriter.cs",
      "Lines": 22,
      "BlankLines": 2,
      "Comments": 3,
      "CodeLines": 17
    },
    {
      "File": "Api.Core.Common/Infrastructure/Singleton.cs",
      "Lines": 28,
      "BlankLines": 2,
      "Comments": 10,
      "CodeLines": 16
    },
    {
      "File": "Api.Parcel/DTO/Enums/IdentificationNature.cs",
      "Lines": 25,
      "BlankLines": 9,
      "Comments": 0,
      "CodeLines": 16
    },
    {
      "File": "Api.Parcel/DTO/CollectResponsabilityTransferDto.cs",
      "Lines": 18,
      "BlankLines": 2,
      "Comments": 0,
      "CodeLines": 16
    },
    {
      "File": "Api.Parcel/DTO/InventoryDetailsDto.cs",
      "Lines": 20,
      "BlankLines": 4,
      "Comments": 0,
      "CodeLines": 16
    },
    {
      "File": "Api.Core.Common/Formatters/PascalCaseJsonProfileFormatter.cs",
      "Lines": 17,
      "BlankLines": 1,
      "Comments": 0,
      "CodeLines": 16
    },
    {
      "File": "Api.Parcel/DTO/DeliveryResponsabilityTransferDto.cs",
      "Lines": 18,
      "BlankLines": 2,
      "Comments": 0,
      "CodeLines": 16
    },
    {
      "File": "Api.Core.Common/Infrastructure/ITypeFinder.cs",
      "Lines": 51,
      "BlankLines": 5,
      "Comments": 31,
      "CodeLines": 15
    },
    {
      "File": "Api.Parcel/DTO/Enums/CollectRTStatusType.cs",
      "Lines": 20,
      "BlankLines": 5,
      "Comments": 0,
      "CodeLines": 15
    },
    {
      "File": "Api.Services/LogService/IPropertyContext.cs",
      "Lines": 57,
      "BlankLines": 7,
      "Comments": 35,
      "CodeLines": 15
    },
    {
      "File": "Api.Parcel/DTO/RecipientDto.cs",
      "Lines": 15,
      "BlankLines": 1,
      "Comments": 0,
      "CodeLines": 14
    },
    {
      "File": "Api.Core.Common/Infrastructure/BaseSingleton.cs",
      "Lines": 22,
      "BlankLines": 2,
      "Comments": 6,
      "CodeLines": 14
    },
    {
      "File": "Api.Services/RabbitMQ/IEventBusPublisher.cs",
      "Lines": 15,
      "BlankLines": 1,
      "Comments": 0,
      "CodeLines": 14
    },
    {
      "File": "Api.Parcel/DTO/EventResponse.cs",
      "Lines": 15,
      "BlankLines": 1,
      "Comments": 0,
      "CodeLines": 14
    },
    {
      "File": "Api.Core.Common/Infrastructure/DependencyRegistrar.cs",
      "Lines": 19,
      "BlankLines": 4,
      "Comments": 1,
      "CodeLines": 14
    },
    {
      "File": "Api.Core.Common/Extensions/ConfigurationServiceOptions.cs",
      "Lines": 21,
      "BlankLines": 4,
      "Comments": 3,
      "CodeLines": 14
    },
    {
      "File": "Api.Parcel/DTO/SenderDto.cs",
      "Lines": 15,
      "BlankLines": 1,
      "Comments": 0,
      "CodeLines": 14
    },
    {
      "File": "Api.Core.Logging/Api.Logging.Log4Net/Log4netExtensions.cs",
      "Lines": 14,
      "BlankLines": 1,
      "Comments": 0,
      "CodeLines": 13
    },
    {
      "File": "Api.Parcel/DTO/Enums/DeclarationFormType.cs",
      "Lines": 14,
      "BlankLines": 1,
      "Comments": 0,
      "CodeLines": 13
    },
    {
      "File": "Api.Parcel/Program.cs",
      "Lines": 15,
      "BlankLines": 2,
      "Comments": 0,
      "CodeLines": 13
    },
    {
      "File": "Api.Parcel/DTO/ConsignmentDto.cs",
      "Lines": 14,
      "BlankLines": 1,
      "Comments": 0,
      "CodeLines": 13
    },
    {
      "File": "Api.Core.Common/Infrastructure/DependencyManagement/IDependencyRegistrar.cs",
      "Lines": 27,
      "BlankLines": 2,
      "Comments": 12,
      "CodeLines": 13
    },
    {
      "File": "Api.Parcel/DTO/Enums/ParcelCheckAnswerType.cs",
      "Lines": 19,
      "BlankLines": 6,
      "Comments": 0,
      "CodeLines": 13
    },
    {
      "File": "Api.Parcel/DTO/Enums/BaggingType.cs",
      "Lines": 14,
      "BlankLines": 1,
      "Comments": 0,
      "CodeLines": 13
    },
    {
      "File": "Api.Parcel/Settings/Colis21Options.cs",
      "Lines": 14,
      "BlankLines": 1,
      "Comments": 0,
      "CodeLines": 13
    },
    {
      "File": "Api.Parcel/DTO/PocketDto.cs",
      "Lines": 14,
      "BlankLines": 2,
      "Comments": 0,
      "CodeLines": 12
    },
    {
      "File": "Api.Parcel/DTO/Enums/EventResultType.cs",
      "Lines": 17,
      "BlankLines": 5,
      "Comments": 0,
      "CodeLines": 12
    },
    {
      "File": "Api.Parcel/Models/ParcelCommandEvent.cs",
      "Lines": 13,
      "BlankLines": 1,
      "Comments": 0,
      "CodeLines": 12
    },
    {
      "File": "Api.Parcel/DTO/IsUpAndRunningResult.cs",
      "Lines": 13,
      "BlankLines": 1,
      "Comments": 0,
      "CodeLines": 12
    },
    {
      "File": "Api.Parcel/DTO/EventResultDto.cs",
      "Lines": 14,
      "BlankLines": 2,
      "Comments": 0,
      "CodeLines": 12
    },
    {
      "File": "Api.Parcel/Services/IExternalHealthServices.cs",
      "Lines": 15,
      "BlankLines": 3,
      "Comments": 0,
      "CodeLines": 12
    },
    {
      "File": "Tests/Api.Pudo.Tests/UnitTest1.cs",
      "Lines": 14,
      "BlankLines": 2,
      "Comments": 0,
      "CodeLines": 12
    },
    {
      "File": "Api.Parcel/DTO/Enums/EventResultJustification.cs",
      "Lines": 17,
      "BlankLines": 5,
      "Comments": 0,
      "CodeLines": 12
    },
    {
      "File": "Api.Parcel/DTO/Enums/InventoryType.cs",
      "Lines": 13,
      "BlankLines": 1,
      "Comments": 0,
      "CodeLines": 12
    },
    {
      "File": "Api.Parcel/DTO/C21IsUpAndRunningResult.cs",
      "Lines": 13,
      "BlankLines": 1,
      "Comments": 0,
      "CodeLines": 12
    },
    {
      "File": "Api.Core.Common/Infrastructure/IStartup.cs",
      "Lines": 26,
      "BlankLines": 3,
      "Comments": 12,
      "CodeLines": 11
    },
    {
      "File": "Api.Core.Logging/Api.Logging.Standard/StandardExtensions.cs",
      "Lines": 12,
      "BlankLines": 1,
      "Comments": 0,
      "CodeLines": 11
    },
    {
      "File": "Api.Core.Logging/Api.Logging.Elastic/ElasticExtensions.cs",
      "Lines": 12,
      "BlankLines": 1,
      "Comments": 0,
      "CodeLines": 11
    },
    {
      "File": "Api.Parcel/Services/IExternalParcelServices.cs",
      "Lines": 13,
      "BlankLines": 2,
      "Comments": 0,
      "CodeLines": 11
    },
    {
      "File": "Api.Services/CacheService/ICacheServiceAsync.cs",
      "Lines": 12,
      "BlankLines": 1,
      "Comments": 0,
      "CodeLines": 11
    },
    {
      "File": "Api.Parcel/DTO/Enums/PaymentMeans.cs",
      "Lines": 13,
      "BlankLines": 3,
      "Comments": 0,
      "CodeLines": 10
    },
    {
      "File": "Api.Parcel/DTO/Enums/DeliveryRTStatusType.cs",
      "Lines": 10,
      "BlankLines": 0,
      "Comments": 0,
      "CodeLines": 10
    },
    {
      "File": "docker-compose.yml",
      "Lines": 13,
      "BlankLines": 3,
      "Comments": 0,
      "CodeLines": 10
    },
    {
      "File": "Api.Parcel/DTO/Enums/ResultType.cs",
      "Lines": 13,
      "BlankLines": 3,
      "Comments": 0,
      "CodeLines": 10
    },
    {
      "File": "Api.Core.Common/Infrastructure/Mapper/IOrderedMapperProfile.cs",
      "Lines": 17,
      "BlankLines": 1,
      "Comments": 6,
      "CodeLines": 10
    },
    {
      "File": "Api.Parcel/DTO/ParcelQuery.cs",
      "Lines": 13,
      "BlankLines": 3,
      "Comments": 0,
      "CodeLines": 10
    },
    {
      "File": "Api.Services/LogService/ILogger.cs",
      "Lines": 17,
      "BlankLines": 2,
      "Comments": 6,
      "CodeLines": 9
    },
    {
      "File": "Api.Parcel/DTO/Enums/ResponsibilityTransfer.cs",
      "Lines": 11,
      "BlankLines": 2,
      "Comments": 0,
      "CodeLines": 9
    },
    {
      "File": "Api.Parcel/DTO/SendEventQuery.cs",
      "Lines": 11,
      "BlankLines": 2,
      "Comments": 0,
      "CodeLines": 9
    },
    {
      "File": "Api.Parcel/DTO/Enums/InventoryOriginType.cs",
      "Lines": 9,
      "BlankLines": 0,
      "Comments": 0,
      "CodeLines": 9
    },
    {
      "File": "Api.Parcel/DTO/ParcelResponse.cs",
      "Lines": 11,
      "BlankLines": 2,
      "Comments": 0,
      "CodeLines": 9
    },
    {
      "File": "Api.Parcel/DTO/LockerInfos.cs",
      "Lines": 12,
      "BlankLines": 3,
      "Comments": 0,
      "CodeLines": 9
    },
    {
      "File": "Api.Parcel/DTO/Enums/IdentificationRelationship.cs",
      "Lines": 11,
      "BlankLines": 2,
      "Comments": 0,
      "CodeLines": 9
    },
    {
      "File": "Api.Parcel/DTO/Enums/PaymentType.cs",
      "Lines": 9,
      "BlankLines": 0,
      "Comments": 0,
      "CodeLines": 9
    },
    {
      "File": "Api.Parcel/Services/IExternalTelecollectServices.cs",
      "Lines": 10,
      "BlankLines": 1,
      "Comments": 0,
      "CodeLines": 9
    },
    {
      "File": "Api.Parcel/DTO/Enums/PocketType.cs",
      "Lines": 11,
      "BlankLines": 2,
      "Comments": 0,
      "CodeLines": 9
    },
    {
      "File": "Api.Services/LogService/ILogWriter.cs",
      "Lines": 24,
      "BlankLines": 3,
      "Comments": 12,
      "CodeLines": 9
    },
    {
      "File": "Api.Services/CacheService/CacheKeySettings.cs",
      "Lines": 10,
      "BlankLines": 1,
      "Comments": 0,
      "CodeLines": 9
    },
    {
      "File": "Api.Parcel/DTO/Enums/TypeBagInventoryType.cs",
      "Lines": 9,
      "BlankLines": 0,
      "Comments": 0,
      "CodeLines": 9
    },
    {
      "File": "Api.Parcel/DTO/Enums/MaterialInventoryType.cs",
      "Lines": 9,
      "BlankLines": 1,
      "Comments": 0,
      "CodeLines": 8
    },
    {
      "File": "Api.Parcel/DTO/Enums/InventoryStateType.cs",
      "Lines": 8,
      "BlankLines": 0,
      "Comments": 0,
      "CodeLines": 8
    },
    {
      "File": "Api.Parcel/DTO/Enums/ConsignmentType.cs",
      "Lines": 8,
      "BlankLines": 0,
      "Comments": 0,
      "CodeLines": 8
    },
    {
      "File": "Api.Parcel/Constants.cs",
      "Lines": 7,
      "BlankLines": 0,
      "Comments": 0,
      "CodeLines": 7
    },
    {
      "File": "Api.Parcel/IVersionReader.cs",
      "Lines": 8,
      "BlankLines": 1,
      "Comments": 0,
      "CodeLines": 7
    },
    {
      "File": "Api.Core.Common/Infrastructure/IApiFileProvider.cs",
      "Lines": 8,
      "BlankLines": 2,
      "Comments": 0,
      "CodeLines": 6
    },
    {
      "File": "Api.Core.Logging/Api.Logging.Serilog/SerilogExtensions.cs",
      "Lines": 6,
      "BlankLines": 0,
      "Comments": 0,
      "CodeLines": 6
    },
    {
      "File": "Api.Core.Common/Mapping/MappingProfileBase.cs",
      "Lines": 25,
      "BlankLines": 4,
      "Comments": 20,
      "CodeLines": 1
    }
  ]
}