{
  "TotalLines": 500,
  "TotalBlankLines": 55,
  "TotalComments": 15,
  "TotalCodeLines": 430,
  "Results": [
    {
      "File": "db/main.go",
      "Lines": 366,
      "BlankLines": 51,
      "Comments": 15,
      "CodeLines": 300
    },
    {
      "File": "db/dist/pgsql.yaml",
      "Lines": 55,
      "BlankLines": 0,
      "Comments": 0,
      "CodeLines": 55
    },
    {
      "File": "charts/values.yaml",
      "Lines": 26,
      "BlankLines": 4,
      "Comments": 0,
      "CodeLines": 22
    },
    {
      "File": "charts/sonarqube-dce/templates/applicationnode-hpa.yaml",
      "Lines": 19,
      "BlankLines": 0,
      "Comments": 0,
      "CodeLines": 19
    },
    {
      "File": "db/dist/pgservice.yaml",
      "Lines": 16,
      "BlankLines": 0,
      "Comments": 0,
      "CodeLines": 16
    },
    {
      "File": "db/dist/pgsecret.yaml",
      "Lines": 10,
      "BlankLines": 0,
      "Comments": 0,
      "CodeLines": 10
    },
    {
      "File": "db/dist/pgsal-configmap.yaml",
      "Lines": 8,
      "BlankLines": 0,
      "Comments": 0,
      "CodeLines": 8
    }
  ]
}