{
  "TotalLines": 12280,
  "TotalBlankLines": 1448,
  "TotalComments": 2489,
  "TotalCodeLines": 8343,
  "Results": [
    {
      "File": "src/classes/Milestone1_XML_Import_Utility.cls",
      "Lines": 764,
      "BlankLines": 43,
      "Comments": 136,
      "CodeLines": 585
    },
    {
      "File": "src/package.xml",
      "Lines": 560,
      "BlankLines": 0,
      "Comments": 0,
      "CodeLines": 560
    },
    {
      "File": "src/classes/Milestone1_repeatCon.cls",
      "Lines": 730,
      "BlankLines": 93,
      "Comments": 101,
      "CodeLines": 536
    },
    {
      "File": "src/classes/Milestone1_Milestone_Trigger_Utility.cls",
      "Lines": 621,
      "BlankLines": 75,
      "Comments": 116,
      "CodeLines": 430
    },
    {
      "File": "pmd-quick.xml",
      "Lines": 480,
      "BlankLines": 12,
      "Comments": 69,
      "CodeLines": 399
    },
    {
      "File": "src/classes/Milestone1_Test_Move.cls",
      "Lines": 622,
      "BlankLines": 130,
      "Comments": 97,
      "CodeLines": 395
    },
    {
      "File": "src/classes/Milestone1_Test_Field_Values.cls",
      "Lines": 505,
      "BlankLines": 65,
      "Comments": 87,
      "CodeLines": 353
    },
    {
      "File": "src/classes/Milestone1_Test_Clone.cls",
      "Lines": 489,
      "BlankLines": 86,
      "Comments": 56,
      "CodeLines": 347
    },
    {
      "File": "src/classes/Milestone1_Email_Handler_Tst.cls",
      "Lines": 374,
      "BlankLines": 77,
      "Comments": 41,
      "CodeLines": 256
    },
    {
      "File": "src/classes/Milestone1_Email_Handler.cls",
      "Lines": 336,
      "BlankLines": 33,
      "Comments": 52,
      "CodeLines": 251
    },
    {
      "File": "src/classes/Milestone1_Test_Utility.cls",
      "Lines": 341,
      "BlankLines": 43,
      "Comments": 54,
      "CodeLines": 244
    },
    {
      "File": "src/classes/Milestone1_Summary2.cls",
      "Lines": 381,
      "BlankLines": 70,
      "Comments": 92,
      "CodeLines": 219
    },
    {
      "File": "src/classes/Milestone1_Task_Trigger_Utility.cls",
      "Lines": 315,
      "BlankLines": 37,
      "Comments": 61,
      "CodeLines": 217
    },
    {
      "File": "src/classes/Milestone1_Charts_GanttController.cls",
      "Lines": 274,
      "BlankLines": 46,
      "Comments": 45,
      "CodeLines": 183
    },
    {
      "File": "src/classes/Milestone1_GettingStartedController.cls",
      "Lines": 365,
      "BlankLines": 76,
      "Comments": 121,
      "CodeLines": 168
    },
    {
      "File": "src/classes/Milestone1_Month.cls",
      "Lines": 232,
      "BlankLines": 27,
      "Comments": 40,
      "CodeLines": 165
    },
    {
      "File": "src/classes/Milestone1_Test_Import_Export.cls",
      "Lines": 270,
      "BlankLines": 33,
      "Comments": 73,
      "CodeLines": 164
    },
    {
      "File": "src/classes/Milestone1_Project_Trigger_Utility.cls",
      "Lines": 239,
      "BlankLines": 33,
      "Comments": 49,
      "CodeLines": 157
    },
    {
      "File": "src/classes/Milestone1_Move_Task_Extension.cls",
      "Lines": 234,
      "BlankLines": 33,
      "Comments": 49,
      "CodeLines": 152
    },
    {
      "File": "src/classes/Milestone1_Clone_Project_Controller.cls",
      "Lines": 209,
      "BlankLines": 23,
      "Comments": 38,
      "CodeLines": 148
    },
    {
      "File": "src/classes/Milestone1_XML_Export_Utility.cls",
      "Lines": 209,
      "BlankLines": 21,
      "Comments": 50,
      "CodeLines": 138
    },
    {
      "File": "src/classes/Milestone1_Move_Milestone_Extension.cls",
      "Lines": 193,
      "BlankLines": 17,
      "Comments": 40,
      "CodeLines": 136
    },
    {
      "File": "src/classes/Milestone1_Clone_Milestone_Controller.cls",
      "Lines": 179,
      "BlankLines": 21,
      "Comments": 36,
      "CodeLines": 122
    },
    {
      "File": "src/classes/Milestone1_TaskTableController.cls",
      "Lines": 129,
      "BlankLines": 21,
      "Comments": 7,
      "CodeLines": 101
    },
    {
      "File": "src/classes/Milestone1_Security_Utility_Test.cls",
      "Lines": 116,
      "BlankLines": 9,
      "Comments": 11,
      "CodeLines": 96
    },
    {
      "File": "src/classes/Milestone1_Import_Project_Controller.cls",
      "Lines": 123,
      "BlankLines": 17,
      "Comments": 28,
      "CodeLines": 78
    },
    {
      "File": "src/classes/Milestone1_Export_Project_Controller.cls",
      "Lines": 119,
      "BlankLines": 12,
      "Comments": 35,
      "CodeLines": 72
    },
    {
      "File": "src/classes/Milestone1_Test_Task_Dependency.cls",
      "Lines": 101,
      "BlankLines": 20,
      "Comments": 12,
      "CodeLines": 69
    },
    {
      "File": "src/classes/Milestone1_Import_Project_Controller_Tst.cls",
      "Lines": 114,
      "BlankLines": 19,
      "Comments": 30,
      "CodeLines": 65
    },
    {
      "File": "src/classes/Milestone1_Security_Utility.cls",
      "Lines": 85,
      "BlankLines": 13,
      "Comments": 7,
      "CodeLines": 65
    },
    {
      "File": "src/classes/Milestone1_One_Line_Controller.cls",
      "Lines": 97,
      "BlankLines": 8,
      "Comments": 29,
      "CodeLines": 60
    },
    {
      "File": "src/classes/Milestone1_Export_Project_Controller_Tst.cls",
      "Lines": 109,
      "BlankLines": 16,
      "Comments": 34,
      "CodeLines": 59
    },
    {
      "File": "src/classes/Milestone1_One_Liner_Controller_Tst.cls",
      "Lines": 96,
      "BlankLines": 11,
      "Comments": 28,
      "CodeLines": 57
    },
    {
      "File": "src/classes/Milestone1_XML_Export_Utility_Test.cls",
      "Lines": 94,
      "BlankLines": 12,
      "Comments": 34,
      "CodeLines": 48
    },
    {
      "File": "src/classes/Milestone1_Milestone_Values_Helper.cls",
      "Lines": 92,
      "BlankLines": 13,
      "Comments": 32,
      "CodeLines": 47
    },
    {
      "File": "src/classes/Milestone1_Clone_Utility.cls",
      "Lines": 80,
      "BlankLines": 6,
      "Comments": 28,
      "CodeLines": 46
    },
    {
      "File": "src/classes/Milestone1_Task_Chatter_Tst.cls",
      "Lines": 116,
      "BlankLines": 21,
      "Comments": 50,
      "CodeLines": 45
    },
    {
      "File": "src/classes/Milestone1_Milestone_Batch_Delete.cls",
      "Lines": 95,
      "BlankLines": 17,
      "Comments": 33,
      "CodeLines": 45
    },
    {
      "File": "src/classes/Milestone1_Milestone_Batch_Update.cls",
      "Lines": 96,
      "BlankLines": 18,
      "Comments": 34,
      "CodeLines": 44
    },
    {
      "File": ".github/workflows/main.yml",
      "Lines": 38,
      "BlankLines": 0,
      "Comments": 0,
      "CodeLines": 38
    },
    {
      "File": "src/classes/Milestone1_General_Utility.cls",
      "Lines": 76,
      "BlankLines": 5,
      "Comments": 34,
      "CodeLines": 37
    },
    {
      "File": "src/classes/Milestone1_Email_Utility.cls",
      "Lines": 67,
      "BlankLines": 2,
      "Comments": 28,
      "CodeLines": 37
    },
    {
      "File": "src/classes/Milestone1_Project_Batch_Update.cls",
      "Lines": 85,
      "BlankLines": 17,
      "Comments": 34,
      "CodeLines": 34
    },
    {
      "File": "src/classes/Milestone1_TaskTableController_Test.cls",
      "Lines": 60,
      "BlankLines": 17,
      "Comments": 11,
      "CodeLines": 32
    },
    {
      "File": "src/triggers/Milestone1_Milestone_Trigger.trigger",
      "Lines": 34,
      "BlankLines": 2,
      "Comments": 5,
      "CodeLines": 27
    },
    {
      "File": "src/classes/Milestone1_Expense_Trigger_Utility.cls",
      "Lines": 56,
      "BlankLines": 2,
      "Comments": 28,
      "CodeLines": 26
    },
    {
      "File": "src/classes/Milestone1_Task_Trigger_Utility_Test.cls",
      "Lines": 70,
      "BlankLines": 7,
      "Comments": 37,
      "CodeLines": 26
    },
    {
      "File": "src/classes/Milestone1_Time_Trigger_Utility.cls",
      "Lines": 55,
      "BlankLines": 2,
      "Comments": 28,
      "CodeLines": 25
    },
    {
      "File": "src/classes/Milestone1_XML_Import_Utility_Test.cls",
      "Lines": 117,
      "BlankLines": 12,
      "Comments": 81,
      "CodeLines": 24
    },
    {
      "File": "src/classes/Milestone1_Constants.cls",
      "Lines": 54,
      "BlankLines": 3,
      "Comments": 28,
      "CodeLines": 23
    },
    {
      "File": "src/classes/Milestone1_Calendar_Item.cls",
      "Lines": 55,
      "BlankLines": 4,
      "Comments": 28,
      "CodeLines": 23
    },
    {
      "File": "src/classes/Milestone1_Time_Trigger_Tst.cls",
      "Lines": 55,
      "BlankLines": 7,
      "Comments": 28,
      "CodeLines": 20
    },
    {
      "File": "src/classes/Milestone1_Expense_Trigger_Tst.cls",
      "Lines": 54,
      "BlankLines": 6,
      "Comments": 28,
      "CodeLines": 20
    },
    {
      "File": "src/classes/Milestone1_Charts_Gantt_Helper.cls",
      "Lines": 58,
      "BlankLines": 11,
      "Comments": 28,
      "CodeLines": 19
    },
    {
      "File": "src/classes/Milestone1_Email_Utility_Tst.cls",
      "Lines": 47,
      "BlankLines": 2,
      "Comments": 28,
      "CodeLines": 17
    },
    {
      "File": "src/aura/mytasks/mytasksHelper.js",
      "Lines": 20,
      "BlankLines": 4,
      "Comments": 0,
      "CodeLines": 16
    },
    {
      "File": "src/classes/Milestone1_Schema_Helper.cls",
      "Lines": 28,
      "BlankLines": 2,
      "Comments": 10,
      "CodeLines": 16
    },
    {
      "File": "src/aura/mytasks/mytasksController.js",
      "Lines": 16,
      "BlankLines": 1,
      "Comments": 0,
      "CodeLines": 15
    },
    {
      "File": "src/classes/Milestone1_Schema_Helper_Tst.cls",
      "Lines": 17,
      "BlankLines": 3,
      "Comments": 1,
      "CodeLines": 13
    },
    {
      "File": "src/classes/Milestone1_Move_Exception.cls",
      "Lines": 42,
      "BlankLines": 3,
      "Comments": 29,
      "CodeLines": 10
    },
    {
      "File": "src/triggers/Milestone1_Task_Trigger.trigger",
      "Lines": 14,
      "BlankLines": 3,
      "Comments": 1,
      "CodeLines": 10
    },
    {
      "File": "src/triggers/Milestone1_Project_Trigger.trigger",
      "Lines": 15,
      "BlankLines": 2,
      "Comments": 3,
      "CodeLines": 10
    },
    {
      "File": "src/pages/Milestone1_Move_Task_Detail.page-meta.xml",
      "Lines": 7,
      "BlankLines": 0,
      "Comments": 0,
      "CodeLines": 7
    },
    {
      "File": "src/pages/Milestone1_Move_Task.page-meta.xml",
      "Lines": 7,
      "BlankLines": 0,
      "Comments": 0,
      "CodeLines": 7
    },
    {
      "File": "src/pages/Milestone1_Move_Milestone.page-meta.xml",
      "Lines": 7,
      "BlankLines": 0,
      "Comments": 0,
      "CodeLines": 7
    },
    {
      "File": "src/pages/Milestone1_Import_Project.page-meta.xml",
      "Lines": 7,
      "BlankLines": 0,
      "Comments": 0,
      "CodeLines": 7
    },
    {
      "File": "src/pages/Milestone1_Move_Milestone_Detail.page-meta.xml",
      "Lines": 7,
      "BlankLines": 0,
      "Comments": 0,
      "CodeLines": 7
    },
    {
      "File": "src/pages/Milestone1_GettingStarted.page-meta.xml",
      "Lines": 7,
      "BlankLines": 0,
      "Comments": 0,
      "CodeLines": 7
    },
    {
      "File": "src/pages/Milestone1_Export_Project.page-meta.xml",
      "Lines": 7,
      "BlankLines": 0,
      "Comments": 0,
      "CodeLines": 7
    },
    {
      "File": "src/pages/Milestone1_Clone_Milestone.page-meta.xml",
      "Lines": 7,
      "BlankLines": 0,
      "Comments": 0,
      "CodeLines": 7
    },
    {
      "File": "src/pages/Milestone1_Summary2.page-meta.xml",
      "Lines": 7,
      "BlankLines": 0,
      "Comments": 0,
      "CodeLines": 7
    },
    {
      "File": "src/pages/Milestone1_Clone_Project.page-meta.xml",
      "Lines": 7,
      "BlankLines": 0,
      "Comments": 0,
      "CodeLines": 7
    },
    {
      "File": "src/pages/Milestone1_Calendar_Large.page-meta.xml",
      "Lines": 7,
      "BlankLines": 0,
      "Comments": 0,
      "CodeLines": 7
    },
    {
      "File": "src/pages/Milestone1_Charts_GVMilestones.page-meta.xml",
      "Lines": 7,
      "BlankLines": 0,
      "Comments": 0,
      "CodeLines": 7
    },
    {
      "File": "src/pages/Milestone1_Charts_GVTasks.page-meta.xml",
      "Lines": 7,
      "BlankLines": 0,
      "Comments": 0,
      "CodeLines": 7
    },
    {
      "File": "src/pages/Milestone1_Charts_GanttMilestones.page-meta.xml",
      "Lines": 7,
      "BlankLines": 0,
      "Comments": 0,
      "CodeLines": 7
    },
    {
      "File": "src/pages/Milestone1_Charts_GanttTasks.page-meta.xml",
      "Lines": 7,
      "BlankLines": 0,
      "Comments": 0,
      "CodeLines": 7
    },
    {
      "File": "src/documents/Project_Management_Folder-meta.xml",
      "Lines": 6,
      "BlankLines": 0,
      "Comments": 0,
      "CodeLines": 6
    },
    {
      "File": "src/triggers/Milestone1_Project_Trigger.trigger-meta.xml",
      "Lines": 6,
      "BlankLines": 0,
      "Comments": 0,
      "CodeLines": 6
    },
    {
      "File": "src/triggers/Milestone1_Milestone_Trigger.trigger-meta.xml",
      "Lines": 6,
      "BlankLines": 0,
      "Comments": 0,
      "CodeLines": 6
    },
    {
      "File": "src/triggers/Milestone1_Expense_Trigger.trigger",
      "Lines": 6,
      "BlankLines": 0,
      "Comments": 0,
      "CodeLines": 6
    },
    {
      "File": "src/triggers/Milestone1_Task_Trigger.trigger-meta.xml",
      "Lines": 6,
      "BlankLines": 0,
      "Comments": 0,
      "CodeLines": 6
    },
    {
      "File": "src/triggers/Milestone1_Time_Trigger.trigger",
      "Lines": 7,
      "BlankLines": 1,
      "Comments": 0,
      "CodeLines": 6
    },
    {
      "File": "src/reports/Milestone_Project_Management-meta.xml",
      "Lines": 6,
      "BlankLines": 0,
      "Comments": 0,
      "CodeLines": 6
    },
    {
      "File": "src/documents/Project_Management_Folder/Starter_Project_LPM1a.xml-meta.xml",
      "Lines": 6,
      "BlankLines": 0,
      "Comments": 0,
      "CodeLines": 6
    },
    {
      "File": "src/dashboards/Milestones_PM_Dashboards-meta.xml",
      "Lines": 6,
      "BlankLines": 0,
      "Comments": 0,
      "CodeLines": 6
    },
    {
      "File": "src/triggers/Milestone1_Time_Trigger.trigger-meta.xml",
      "Lines": 6,
      "BlankLines": 0,
      "Comments": 0,
      "CodeLines": 6
    },
    {
      "File": "src/triggers/Milestone1_Expense_Trigger.trigger-meta.xml",
      "Lines": 6,
      "BlankLines": 0,
      "Comments": 0,
      "CodeLines": 6
    },
    {
      "File": "src/staticresources/Milestone1_Resource_Bundle.resource-meta.xml",
      "Lines": 6,
      "BlankLines": 0,
      "Comments": 0,
      "CodeLines": 6
    },
    {
      "File": "src/classes/Milestone1_Export_Project_Controller_Tst.cls-meta.xml",
      "Lines": 5,
      "BlankLines": 0,
      "Comments": 0,
      "CodeLines": 5
    },
    {
      "File": "src/classes/Milestone1_Task_Trigger_Utility.cls-meta.xml",
      "Lines": 5,
      "BlankLines": 0,
      "Comments": 0,
      "CodeLines": 5
    },
    {
      "File": "src/classes/Milestone1_Task_Chatter_Tst.cls-meta.xml",
      "Lines": 5,
      "BlankLines": 0,
      "Comments": 0,
      "CodeLines": 5
    },
    {
      "File": "src/classes/Milestone1_Task_Trigger_Utility_Test.cls-meta.xml",
      "Lines": 5,
      "BlankLines": 0,
      "Comments": 0,
      "CodeLines": 5
    },
    {
      "File": "src/classes/Milestone1_TaskTableController_Test.cls-meta.xml",
      "Lines": 5,
      "BlankLines": 0,
      "Comments": 0,
      "CodeLines": 5
    },
    {
      "File": "src/classes/Milestone1_Test_Clone.cls-meta.xml",
      "Lines": 5,
      "BlankLines": 0,
      "Comments": 0,
      "CodeLines": 5
    },
    {
      "File": "src/classes/Milestone1_TaskTableController.cls-meta.xml",
      "Lines": 5,
      "BlankLines": 0,
      "Comments": 0,
      "CodeLines": 5
    },
    {
      "File": "src/classes/Milestone1_Test_Field_Values.cls-meta.xml",
      "Lines": 5,
      "BlankLines": 0,
      "Comments": 0,
      "CodeLines": 5
    },
    {
      "File": "src/classes/Milestone1_Summary2.cls-meta.xml",
      "Lines": 5,
      "BlankLines": 0,
      "Comments": 0,
      "CodeLines": 5
    },
    {
      "File": "src/classes/Milestone1_Test_Import_Export.cls-meta.xml",
      "Lines": 5,
      "BlankLines": 0,
      "Comments": 0,
      "CodeLines": 5
    },
    {
      "File": "src/classes/Milestone1_Security_Utility_Test.cls-meta.xml",
      "Lines": 5,
      "BlankLines": 0,
      "Comments": 0,
      "CodeLines": 5
    },
    {
      "File": "src/classes/Milestone1_Test_Move.cls-meta.xml",
      "Lines": 5,
      "BlankLines": 0,
      "Comments": 0,
      "CodeLines": 5
    },
    {
      "File": "src/classes/Milestone1_Security_Utility.cls-meta.xml",
      "Lines": 5,
      "BlankLines": 0,
      "Comments": 0,
      "CodeLines": 5
    },
    {
      "File": "src/classes/Milestone1_Test_Task_Dependency.cls-meta.xml",
      "Lines": 5,
      "BlankLines": 0,
      "Comments": 0,
      "CodeLines": 5
    },
    {
      "File": "src/classes/Milestone1_Schema_Helper_Tst.cls-meta.xml",
      "Lines": 5,
      "BlankLines": 0,
      "Comments": 0,
      "CodeLines": 5
    },
    {
      "File": "src/classes/Milestone1_Test_Utility.cls-meta.xml",
      "Lines": 5,
      "BlankLines": 0,
      "Comments": 0,
      "CodeLines": 5
    },
    {
      "File": "src/classes/Milestone1_Schema_Helper.cls-meta.xml",
      "Lines": 5,
      "BlankLines": 0,
      "Comments": 0,
      "CodeLines": 5
    },
    {
      "File": "src/classes/Milestone1_Time_Trigger_Tst.cls-meta.xml",
      "Lines": 5,
      "BlankLines": 0,
      "Comments": 0,
      "CodeLines": 5
    },
    {
      "File": "src/classes/Milestone1_Project_Trigger_Utility.cls-meta.xml",
      "Lines": 5,
      "BlankLines": 0,
      "Comments": 0,
      "CodeLines": 5
    },
    {
      "File": "src/classes/Milestone1_Time_Trigger_Utility.cls-meta.xml",
      "Lines": 5,
      "BlankLines": 0,
      "Comments": 0,
      "CodeLines": 5
    },
    {
      "File": "src/classes/Milestone1_Project_Batch_Update.cls-meta.xml",
      "Lines": 5,
      "BlankLines": 0,
      "Comments": 0,
      "CodeLines": 5
    },
    {
      "File": "src/classes/Milestone1_XML_Export_Utility.cls-meta.xml",
      "Lines": 5,
      "BlankLines": 0,
      "Comments": 0,
      "CodeLines": 5
    },
    {
      "File": "src/classes/Milestone1_One_Liner_Controller_Tst.cls-meta.xml",
      "Lines": 5,
      "BlankLines": 0,
      "Comments": 0,
      "CodeLines": 5
    },
    {
      "File": "src/classes/Milestone1_XML_Export_Utility_Test.cls-meta.xml",
      "Lines": 5,
      "BlankLines": 0,
      "Comments": 0,
      "CodeLines": 5
    },
    {
      "File": "src/classes/Milestone1_One_Line_Controller.cls-meta.xml",
      "Lines": 5,
      "BlankLines": 0,
      "Comments": 0,
      "CodeLines": 5
    },
    {
      "File": "src/classes/Milestone1_XML_Import_Utility.cls-meta.xml",
      "Lines": 5,
      "BlankLines": 0,
      "Comments": 0,
      "CodeLines": 5
    },
    {
      "File": "src/classes/Milestone1_Move_Task_Extension.cls-meta.xml",
      "Lines": 5,
      "BlankLines": 0,
      "Comments": 0,
      "CodeLines": 5
    },
    {
      "File": "src/classes/Milestone1_XML_Import_Utility_Test.cls-meta.xml",
      "Lines": 5,
      "BlankLines": 0,
      "Comments": 0,
      "CodeLines": 5
    },
    {
      "File": "src/classes/Milestone1_Move_Milestone_Extension.cls-meta.xml",
      "Lines": 5,
      "BlankLines": 0,
      "Comments": 0,
      "CodeLines": 5
    },
    {
      "File": "src/classes/Milestone1_repeatCon.cls-meta.xml",
      "Lines": 5,
      "BlankLines": 0,
      "Comments": 0,
      "CodeLines": 5
    },
    {
      "File": "src/components/MIlestone1_Calendar_Full.component-meta.xml",
      "Lines": 5,
      "BlankLines": 0,
      "Comments": 0,
      "CodeLines": 5
    },
    {
      "File": "src/components/Milestone1_Charts_GanttComponent.component-meta.xml",
      "Lines": 5,
      "BlankLines": 0,
      "Comments": 0,
      "CodeLines": 5
    },
    {
      "File": "src/components/Milestone1_PopupComponent.component-meta.xml",
      "Lines": 5,
      "BlankLines": 0,
      "Comments": 0,
      "CodeLines": 5
    },
    {
      "File": "src/classes/Milestone1_Move_Exception.cls-meta.xml",
      "Lines": 5,
      "BlankLines": 0,
      "Comments": 0,
      "CodeLines": 5
    },
    {
      "File": "src/classes/Milestone1_Month.cls-meta.xml",
      "Lines": 5,
      "BlankLines": 0,
      "Comments": 0,
      "CodeLines": 5
    },
    {
      "File": "src/classes/Milestone1_Milestone_Values_Helper.cls-meta.xml",
      "Lines": 5,
      "BlankLines": 0,
      "Comments": 0,
      "CodeLines": 5
    },
    {
      "File": "src/classes/Milestone1_Milestone_Trigger_Utility.cls-meta.xml",
      "Lines": 5,
      "BlankLines": 0,
      "Comments": 0,
      "CodeLines": 5
    },
    {
      "File": "src/classes/Milestone1_Milestone_Batch_Update.cls-meta.xml",
      "Lines": 5,
      "BlankLines": 0,
      "Comments": 0,
      "CodeLines": 5
    },
    {
      "File": "src/classes/Milestone1_Milestone_Batch_Delete.cls-meta.xml",
      "Lines": 5,
      "BlankLines": 0,
      "Comments": 0,
      "CodeLines": 5
    },
    {
      "File": "src/classes/Milestone1_Import_Project_Controller_Tst.cls-meta.xml",
      "Lines": 5,
      "BlankLines": 0,
      "Comments": 0,
      "CodeLines": 5
    },
    {
      "File": "src/classes/Milestone1_Import_Project_Controller.cls-meta.xml",
      "Lines": 5,
      "BlankLines": 0,
      "Comments": 0,
      "CodeLines": 5
    },
    {
      "File": "src/classes/Milestone1_Import_Exception.cls-meta.xml",
      "Lines": 5,
      "BlankLines": 0,
      "Comments": 0,
      "CodeLines": 5
    },
    {
      "File": "src/classes/Milestone1_Import_Exception.cls",
      "Lines": 35,
      "BlankLines": 2,
      "Comments": 28,
      "CodeLines": 5
    },
    {
      "File": "src/classes/Milestone1_GettingStartedController.cls-meta.xml",
      "Lines": 5,
      "BlankLines": 0,
      "Comments": 0,
      "CodeLines": 5
    },
    {
      "File": "src/classes/Milestone1_General_Utility.cls-meta.xml",
      "Lines": 5,
      "BlankLines": 0,
      "Comments": 0,
      "CodeLines": 5
    },
    {
      "File": "src/classes/Milestone1_Export_Project_Controller.cls-meta.xml",
      "Lines": 5,
      "BlankLines": 0,
      "Comments": 0,
      "CodeLines": 5
    },
    {
      "File": "src/classes/Milestone1_Expense_Trigger_Utility.cls-meta.xml",
      "Lines": 5,
      "BlankLines": 0,
      "Comments": 0,
      "CodeLines": 5
    },
    {
      "File": "src/classes/Milestone1_Expense_Trigger_Tst.cls-meta.xml",
      "Lines": 5,
      "BlankLines": 0,
      "Comments": 0,
      "CodeLines": 5
    },
    {
      "File": "src/classes/Milestone1_Exception.cls-meta.xml",
      "Lines": 5,
      "BlankLines": 0,
      "Comments": 0,
      "CodeLines": 5
    },
    {
      "File": "src/classes/Milestone1_Email_Utility_Tst.cls-meta.xml",
      "Lines": 5,
      "BlankLines": 0,
      "Comments": 0,
      "CodeLines": 5
    },
    {
      "File": "src/classes/Milestone1_Email_Utility.cls-meta.xml",
      "Lines": 5,
      "BlankLines": 0,
      "Comments": 0,
      "CodeLines": 5
    },
    {
      "File": "src/classes/Milestone1_Email_Handler_Tst.cls-meta.xml",
      "Lines": 5,
      "BlankLines": 0,
      "Comments": 0,
      "CodeLines": 5
    },
    {
      "File": "src/staticresources/Milestone1_Charts.resource-meta.xml",
      "Lines": 5,
      "BlankLines": 0,
      "Comments": 0,
      "CodeLines": 5
    },
    {
      "File": "src/classes/Milestone1_Email_Handler.cls-meta.xml",
      "Lines": 5,
      "BlankLines": 0,
      "Comments": 0,
      "CodeLines": 5
    },
    {
      "File": "src/staticresources/SLDS203_MPM.resource-meta.xml",
      "Lines": 5,
      "BlankLines": 0,
      "Comments": 0,
      "CodeLines": 5
    },
    {
      "File": "src/classes/Milestone1_Constants.cls-meta.xml",
      "Lines": 5,
      "BlankLines": 0,
      "Comments": 0,
      "CodeLines": 5
    },
    {
      "File": "src/classes/Milestone1_Clone_Utility.cls-meta.xml",
      "Lines": 5,
      "BlankLines": 0,
      "Comments": 0,
      "CodeLines": 5
    },
    {
      "File": "src/classes/Milestone1_Clone_Project_Controller.cls-meta.xml",
      "Lines": 5,
      "BlankLines": 0,
      "Comments": 0,
      "CodeLines": 5
    },
    {
      "File": "src/classes/Milestone1_Clone_Milestone_Controller.cls-meta.xml",
      "Lines": 5,
      "BlankLines": 0,
      "Comments": 0,
      "CodeLines": 5
    },
    {
      "File": "src/classes/Milestone1_Charts_Gantt_Helper.cls-meta.xml",
      "Lines": 5,
      "BlankLines": 0,
      "Comments": 0,
      "CodeLines": 5
    },
    {
      "File": "src/classes/Milestone1_Charts_GanttController.cls-meta.xml",
      "Lines": 5,
      "BlankLines": 0,
      "Comments": 0,
      "CodeLines": 5
    },
    {
      "File": "src/classes/Milestone1_Calendar_Item.cls-meta.xml",
      "Lines": 5,
      "BlankLines": 0,
      "Comments": 0,
      "CodeLines": 5
    },
    {
      "File": "src/aura/vfApp/vfApp.app-meta.xml",
      "Lines": 5,
      "BlankLines": 0,
      "Comments": 0,
      "CodeLines": 5
    },
    {
      "File": "src/aura/tasklist/tasklist.cmp-meta.xml",
      "Lines": 5,
      "BlankLines": 0,
      "Comments": 0,
      "CodeLines": 5
    },
    {
      "File": "src/aura/mytasks/mytasks.cmp-meta.xml",
      "Lines": 5,
      "BlankLines": 0,
      "Comments": 0,
      "CodeLines": 5
    },
    {
      "File": "src/classes/Milestone1_Exception.cls",
      "Lines": 30,
      "BlankLines": 1,
      "Comments": 28,
      "CodeLines": 1
    },
    {
      "File": "src/documents/Project_Management_Folder/Starter_Project_LPM1a.xml",
      "Lines": 0,
      "BlankLines": 0,
      "Comments": 0,
      "CodeLines": 0
    }
  ]
}