{
  "TotalLines": 1346,
  "TotalBlankLines": 162,
  "TotalComments": 155,
  "TotalCodeLines": 1029,
  "Results": [
    {
      "File": "src/app/app.component.ts",
      "Lines": 174,
      "BlankLines": 14,
      "Comments": 0,
      "CodeLines": 160
    },
    {
      "File": "src/theme/variables.scss",
      "Lines": 81,
      "BlankLines": 10,
      "Comments": 12,
      "CodeLines": 59
    },
    {
      "File": "src/app/modules/materials.module.ts",
      "Lines": 58,
      "BlankLines": 1,
      "Comments": 0,
      "CodeLines": 57
    },
    {
      "File": "src/app/app.component.spec.ts",
      "Lines": 67,
      "BlankLines": 11,
      "Comments": 0,
      "CodeLines": 56
    },
    {
      "File": "src/app/pages/about/about.page.html",
      "Lines": 48,
      "BlankLines": 4,
      "Comments": 0,
      "CodeLines": 44
    },
    {
      "File": "src/app/pages/home/home.page.html",
      "Lines": 47,
      "BlankLines": 4,
      "Comments": 0,
      "CodeLines": 43
    },
    {
      "File": "src/app/pages/about-popover/about-popover.ts",
      "Lines": 38,
      "BlankLines": 4,
      "Comments": 1,
      "CodeLines": 33
    },
    {
      "File": "src/app/pages/list/list.page.ts",
      "Lines": 39,
      "BlankLines": 2,
      "Comments": 4,
      "CodeLines": 33
    },
    {
      "File": "src/app/app.module.ts",
      "Lines": 34,
      "BlankLines": 4,
      "Comments": 0,
      "CodeLines": 30
    },
    {
      "File": "src/app/pages/tabs-page/tabs-page-routing.module.ts",
      "Lines": 59,
      "BlankLines": 3,
      "Comments": 26,
      "CodeLines": 30
    },
    {
      "File": "src/karma.conf.js",
      "Lines": 31,
      "BlankLines": 1,
      "Comments": 2,
      "CodeLines": 28
    },
    {
      "File": "src/app/pages/list/list.page.spec.ts",
      "Lines": 35,
      "BlankLines": 7,
      "Comments": 0,
      "CodeLines": 28
    },
    {
      "File": "src/app/app-routing.module.ts",
      "Lines": 28,
      "BlankLines": 2,
      "Comments": 0,
      "CodeLines": 26
    },
    {
      "File": "e2e/protractor.conf.js",
      "Lines": 28,
      "BlankLines": 2,
      "Comments": 2,
      "CodeLines": 24
    },
    {
      "File": "src/app/pages/about/about.module.ts",
      "Lines": 29,
      "BlankLines": 5,
      "Comments": 0,
      "CodeLines": 24
    },
    {
      "File": "src/global.scss",
      "Lines": 31,
      "BlankLines": 7,
      "Comments": 1,
      "CodeLines": 23
    },
    {
      "File": "src/app/app.component.html",
      "Lines": 34,
      "BlankLines": 3,
      "Comments": 8,
      "CodeLines": 23
    },
    {
      "File": "src/app/pages/about/about.page.spec.ts",
      "Lines": 27,
      "BlankLines": 5,
      "Comments": 0,
      "CodeLines": 22
    },
    {
      "File": "src/app/pages/tabs-page/tabs-page.spec.ts",
      "Lines": 27,
      "BlankLines": 5,
      "Comments": 0,
      "CodeLines": 22
    },
    {
      "File": "src/app/pages/home/home.page.spec.ts",
      "Lines": 27,
      "BlankLines": 5,
      "Comments": 0,
      "CodeLines": 22
    },
    {
      "File": "src/app/pages/list/list.module.ts",
      "Lines": 23,
      "BlankLines": 2,
      "Comments": 0,
      "CodeLines": 21
    },
    {
      "File": "src/app/pages/home/home.module.ts",
      "Lines": 23,
      "BlankLines": 2,
      "Comments": 0,
      "CodeLines": 21
    },
    {
      "File": "src/app/pages/list/list.page.html",
      "Lines": 27,
      "BlankLines": 1,
      "Comments": 5,
      "CodeLines": 21
    },
    {
      "File": "src/app/pages/tabs-page/tabs-page.module.ts",
      "Lines": 27,
      "BlankLines": 6,
      "Comments": 0,
      "CodeLines": 21
    },
    {
      "File": "src/app/pages/about/about.page.ts",
      "Lines": 26,
      "BlankLines": 6,
      "Comments": 0,
      "CodeLines": 20
    },
    {
      "File": "src/app/pages/tabs-page/tabs-page.html",
      "Lines": 25,
      "BlankLines": 5,
      "Comments": 0,
      "CodeLines": 20
    },
    {
      "File": "src/app/pages/about/about.page.scss",
      "Lines": 24,
      "BlankLines": 4,
      "Comments": 0,
      "CodeLines": 20
    },
    {
      "File": "src/index.html",
      "Lines": 26,
      "BlankLines": 7,
      "Comments": 1,
      "CodeLines": 18
    },
    {
      "File": "e2e/src/app.e2e-spec.ts",
      "Lines": 19,
      "BlankLines": 2,
      "Comments": 0,
      "CodeLines": 17
    },
    {
      "File": "src/test.ts",
      "Lines": 20,
      "BlankLines": 3,
      "Comments": 4,
      "CodeLines": 13
    },
    {
      "File": "e2e/src/app.po.ts",
      "Lines": 15,
      "BlankLines": 3,
      "Comments": 0,
      "CodeLines": 12
    },
    {
      "File": "src/app/pages/tabs-page/tabs-page.ts",
      "Lines": 14,
      "BlankLines": 4,
      "Comments": 0,
      "CodeLines": 10
    },
    {
      "File": "src/main.ts",
      "Lines": 12,
      "BlankLines": 3,
      "Comments": 0,
      "CodeLines": 9
    },
    {
      "File": "src/app/pages/home/home.page.ts",
      "Lines": 10,
      "BlankLines": 2,
      "Comments": 0,
      "CodeLines": 8
    },
    {
      "File": "src/app/pages/home/home.page.scss",
      "Lines": 4,
      "BlankLines": 0,
      "Comments": 0,
      "CodeLines": 4
    },
    {
      "File": "src/environments/environment.prod.ts",
      "Lines": 3,
      "BlankLines": 0,
      "Comments": 0,
      "CodeLines": 3
    },
    {
      "File": "src/environments/environment.ts",
      "Lines": 16,
      "BlankLines": 2,
      "Comments": 11,
      "CodeLines": 3
    },
    {
      "File": "src/polyfills.ts",
      "Lines": 89,
      "BlankLines": 10,
      "Comments": 78,
      "CodeLines": 1
    },
    {
      "File": "src/app/pages/list/list.page.scss",
      "Lines": 1,
      "BlankLines": 1,
      "Comments": 0,
      "CodeLines": 0
    },
    {
      "File": "src/app/pages/tabs-page/tabs-page.scss",
      "Lines": 0,
      "BlankLines": 0,
      "Comments": 0,
      "CodeLines": 0
    }
  ]
}