{
  "TotalLines": 446,
  "TotalBlankLines": 65,
  "TotalComments": 0,
  "TotalCodeLines": 381,
  "Results": [
    {
      "File": "src/main/java/com/dashboardmanager/controller/UserController.java",
      "Lines": 148,
      "BlankLines": 16,
      "Comments": 0,
      "CodeLines": 132
    },
    {
      "File": "pom.xml",
      "Lines": 94,
      "BlankLines": 3,
      "Comments": 0,
      "CodeLines": 91
    },
    {
      "File": ".github/workflows/build.yml",
      "Lines": 40,
      "BlankLines": 2,
      "Comments": 0,
      "CodeLines": 38
    },
    {
      "File": "src/main/java/com/dashboardmanager/model/User.java",
      "Lines": 27,
      "BlankLines": 7,
      "Comments": 0,
      "CodeLines": 20
    },
    {
      "File": "src/main/java/com/dashboardmanager/model/Session.java",
      "Lines": 29,
      "BlankLines": 9,
      "Comments": 0,
      "CodeLines": 20
    },
    {
      "File": "src/main/java/com/dashboardmanager/utils/FileUtils.java",
      "Lines": 24,
      "BlankLines": 6,
      "Comments": 0,
      "CodeLines": 18
    },
    {
      "File": "src/main/java/com/dashboardmanager/utils/SessionHeader.java",
      "Lines": 19,
      "BlankLines": 5,
      "Comments": 0,
      "CodeLines": 14
    },
    {
      "File": "src/main/java/com/dashboardmanager/utils/EncodingUtils.java",
      "Lines": 19,
      "BlankLines": 6,
      "Comments": 0,
      "CodeLines": 13
    },
    {
      "File": "src/main/resources/schema.sql",
      "Lines": 13,
      "BlankLines": 1,
      "Comments": 0,
      "CodeLines": 12
    },
    {
      "File": "src/main/java/com/dashboardmanager/DashboardManagerApplication.java",
      "Lines": 11,
      "BlankLines": 2,
      "Comments": 0,
      "CodeLines": 9
    },
    {
      "File": "src/main/java/com/dashboardmanager/repository/UsersRepository.java",
      "Lines": 11,
      "BlankLines": 4,
      "Comments": 0,
      "CodeLines": 7
    },
    {
      "File": "src/main/java/com/dashboardmanager/repository/SessionsRepository.java",
      "Lines": 9,
      "BlankLines": 4,
      "Comments": 0,
      "CodeLines": 5
    },
    {
      "File": "src/main/resources/data.sql",
      "Lines": 2,
      "BlankLines": 0,
      "Comments": 0,
      "CodeLines": 2
    }
  ]
}