{
  "TotalLines": 1790,
  "TotalBlankLines": 288,
  "TotalComments": 195,
  "TotalCodeLines": 1307,
  "Results": [
    {
      "File": "cdk/devops/gitdep.go",
      "Lines": 511,
      "BlankLines": 85,
      "Comments": 39,
      "CodeLines": 387
    },
    {
      "File": "cdk/eks/addons/eksstackconfig.go",
      "Lines": 383,
      "BlankLines": 67,
      "Comments": 21,
      "CodeLines": 295
    },
    {
      "File": "cdk/devops/devops.go",
      "Lines": 277,
      "BlankLines": 39,
      "Comments": 42,
      "CodeLines": 196
    },
    {
      "File": "cdk/eks/eks.go",
      "Lines": 220,
      "BlankLines": 35,
      "Comments": 16,
      "CodeLines": 169
    },
    {
      "File": "cdk/vpc/vpc3.go",
      "Lines": 171,
      "BlankLines": 32,
      "Comments": 8,
      "CodeLines": 131
    },
    {
      "File": "sonarqube/values.yaml",
      "Lines": 64,
      "BlankLines": 8,
      "Comments": 10,
      "CodeLines": 46
    },
    {
      "File": "cdk/eks/addons/dist/test.yaml",
      "Lines": 39,
      "BlankLines": 2,
      "Comments": 1,
      "CodeLines": 36
    },
    {
      "File": "cdk/eks/addons/dist/testings.yaml",
      "Lines": 18,
      "BlankLines": 1,
      "Comments": 1,
      "CodeLines": 16
    },
    {
      "File": "cdk/eks/addons/dist/sc1.yaml",
      "Lines": 10,
      "BlankLines": 0,
      "Comments": 0,
      "CodeLines": 10
    },
    {
      "File": "cdk/eks/addons/dist/sc.yaml",
      "Lines": 10,
      "BlankLines": 0,
      "Comments": 0,
      "CodeLines": 10
    },
    {
      "File": "cdk/pkg/mainconfig/mainconfig.go",
      "Lines": 9,
      "BlankLines": 1,
      "Comments": 0,
      "CodeLines": 8
    },
    {
      "File": "cdk/eks/eks_test.go",
      "Lines": 26,
      "BlankLines": 6,
      "Comments": 19,
      "CodeLines": 1
    },
    {
      "File": "cdk/eks/addons/eksstackconfig_test.go",
      "Lines": 26,
      "BlankLines": 6,
      "Comments": 19,
      "CodeLines": 1
    },
    {
      "File": "cdk/vpc/vpc3_test.go",
      "Lines": 26,
      "BlankLines": 6,
      "Comments": 19,
      "CodeLines": 1
    }
  ]
}