{
  "TotalLines": 19667,
  "TotalBlankLines": 2080,
  "TotalComments": 1838,
  "TotalCodeLines": 15749,
  "Results": [
    {
      "File": "WebGenerator/lib/prism/prism.js",
      "Lines": 969,
      "BlankLines": 174,
      "Comments": 73,
      "CodeLines": 722
    },
    {
      "File": "WebGenerator/lib/prism/plugins/previewers/prism-previewers.js",
      "Lines": 708,
      "BlankLines": 52,
      "Comments": 75,
      "CodeLines": 581
    },
    {
      "File": "Pssa.Orm/DBAccessClass.cs",
      "Lines": 758,
      "BlankLines": 146,
      "Comments": 33,
      "CodeLines": 579
    },
    {
      "File": "WebGenerator/lib/prism/components/prism-core.js",
      "Lines": 551,
      "BlankLines": 116,
      "Comments": 33,
      "CodeLines": 402
    },
    {
      "File": "Pssa.Database.SqlServerOrm/Generator/CSharpBuilder.cs",
      "Lines": 458,
      "BlankLines": 69,
      "Comments": 23,
      "CodeLines": 366
    },
    {
      "File": "WebGenerator/lib/prism/plugins/autoloader/prism-autoloader.js",
      "Lines": 388,
      "BlankLines": 29,
      "Comments": 51,
      "CodeLines": 308
    },
    {
      "File": "WebGenerator/lib/prism/components/prism-markdown.js",
      "Lines": 339,
      "BlankLines": 28,
      "Comments": 64,
      "CodeLines": 247
    },
    {
      "File": "WebGenerator/lib/prism/plugins/previewers/prism-previewers.css",
      "Lines": 241,
      "BlankLines": 11,
      "Comments": 0,
      "CodeLines": 230
    },
    {
      "File": "Pssa.Database.SqlServerOrm/Data/OrmRequestBuilder.cs",
      "Lines": 240,
      "BlankLines": 35,
      "Comments": 0,
      "CodeLines": 205
    },
    {
      "File": "WebGenerator/lib/prism/components/prism-textile.js",
      "Lines": 260,
      "BlankLines": 25,
      "Comments": 30,
      "CodeLines": 205
    },
    {
      "File": "WebGenerator/lib/prism/components/prism-asciidoc.js",
      "Lines": 234,
      "BlankLines": 18,
      "Comments": 26,
      "CodeLines": 190
    },
    {
      "File": "WebGenerator/lib/prism/components/prism-rest.js",
      "Lines": 205,
      "BlankLines": 7,
      "Comments": 8,
      "CodeLines": 190
    },
    {
      "File": "WebGenerator/lib/prism/themes/prism-coy.css",
      "Lines": 226,
      "BlankLines": 28,
      "Comments": 11,
      "CodeLines": 187
    },
    {
      "File": "WebGenerator/lib/prism/components/prism-js-templates.js",
      "Lines": 346,
      "BlankLines": 51,
      "Comments": 114,
      "CodeLines": 181
    },
    {
      "File": "Pssa.Database.SqlServerOrm/Data/DataLoader.cs",
      "Lines": 223,
      "BlankLines": 46,
      "Comments": 1,
      "CodeLines": 176
    },
    {
      "File": "WebGenerator/lib/prism/components/prism-lisp.js",
      "Lines": 197,
      "BlankLines": 8,
      "Comments": 18,
      "CodeLines": 171
    },
    {
      "File": "WebGenerator/lib/prism/components/prism-bash.js",
      "Lines": 197,
      "BlankLines": 3,
      "Comments": 28,
      "CodeLines": 166
    },
    {
      "File": "WebGenerator/lib/prism/components/prism-pug.js",
      "Lines": 193,
      "BlankLines": 12,
      "Comments": 16,
      "CodeLines": 165
    },
    {
      "File": "WebGenerator/lib/prism/themes/prism-twilight.css",
      "Lines": 199,
      "BlankLines": 25,
      "Comments": 12,
      "CodeLines": 162
    },
    {
      "File": "WebGenerator/lib/prism/plugins/show-language/prism-show-language.js",
      "Lines": 178,
      "BlankLines": 10,
      "Comments": 7,
      "CodeLines": 161
    },
    {
      "File": "WebGenerator/lib/prism/plugins/line-highlight/prism-line-highlight.js",
      "Lines": 213,
      "BlankLines": 40,
      "Comments": 27,
      "CodeLines": 146
    },
    {
      "File": "WebGenerator/lib/prism/plugins/normalize-whitespace/prism-normalize-whitespace.js",
      "Lines": 190,
      "BlankLines": 28,
      "Comments": 16,
      "CodeLines": 146
    },
    {
      "File": "WebGenerator/lib/prism/plugins/jsonp-highlight/prism-jsonp-highlight.js",
      "Lines": 206,
      "BlankLines": 21,
      "Comments": 43,
      "CodeLines": 142
    },
    {
      "File": "WebGenerator/lib/prism/plugins/wpd/prism-wpd.js",
      "Lines": 168,
      "BlankLines": 22,
      "Comments": 4,
      "CodeLines": 142
    },
    {
      "File": "Pssa.OrmTests/DBAccessClassTests.cs",
      "Lines": 172,
      "BlankLines": 28,
      "Comments": 3,
      "CodeLines": 141
    },
    {
      "File": "WebGenerator/lib/prism/components/prism-xquery.js",
      "Lines": 163,
      "BlankLines": 14,
      "Comments": 13,
      "CodeLines": 136
    },
    {
      "File": "WebGenerator/lib/prism/components/prism-perl.js",
      "Lines": 191,
      "BlankLines": 20,
      "Comments": 39,
      "CodeLines": 132
    },
    {
      "File": "WebGenerator/lib/prism/components/prism-haml.js",
      "Lines": 153,
      "BlankLines": 10,
      "Comments": 13,
      "CodeLines": 130
    },
    {
      "File": "WebGenerator/lib/prism/components/prism-ruby.js",
      "Lines": 143,
      "BlankLines": 6,
      "Comments": 8,
      "CodeLines": 129
    },
    {
      "File": "WebGenerator/lib/prism/components/prism-puppet.js",
      "Lines": 135,
      "BlankLines": 1,
      "Comments": 13,
      "CodeLines": 121
    },
    {
      "File": "WebGenerator/lib/prism/themes/prism.css",
      "Lines": 139,
      "BlankLines": 20,
      "Comments": 7,
      "CodeLines": 112
    },
    {
      "File": "WebGenerator/lib/prism.css",
      "Lines": 143,
      "BlankLines": 21,
      "Comments": 10,
      "CodeLines": 112
    },
    {
      "File": "WebGenerator/lib/prism/plugins/command-line/prism-command-line.js",
      "Lines": 139,
      "BlankLines": 20,
      "Comments": 7,
      "CodeLines": 112
    },
    {
      "File": "WebGenerator/lib/prism/components/prism-xeora.js",
      "Lines": 113,
      "BlankLines": 3,
      "Comments": 0,
      "CodeLines": 110
    },
    {
      "File": "WebGenerator/lib/prism/components/prism-php.js",
      "Lines": 132,
      "BlankLines": 10,
      "Comments": 14,
      "CodeLines": 108
    },
    {
      "File": "WebGenerator/lib/prism/themes/prism-dark.css",
      "Lines": 129,
      "BlankLines": 18,
      "Comments": 7,
      "CodeLines": 104
    },
    {
      "File": "WebGenerator/lib/prism/plugins/line-numbers/prism-line-numbers.js",
      "Lines": 168,
      "BlankLines": 35,
      "Comments": 30,
      "CodeLines": 103
    },
    {
      "File": "WebGenerator/lib/prism/themes/prism-funky.css",
      "Lines": 130,
      "BlankLines": 19,
      "Comments": 8,
      "CodeLines": 103
    },
    {
      "File": "WebGenerator/lib/prism/plugins/toolbar/prism-toolbar.js",
      "Lines": 154,
      "BlankLines": 28,
      "Comments": 27,
      "CodeLines": 99
    },
    {
      "File": "WebGenerator/lib/prism/themes/prism-solarizedlight.css",
      "Lines": 150,
      "BlankLines": 21,
      "Comments": 30,
      "CodeLines": 99
    },
    {
      "File": "WebGenerator/lib/prism/themes/prism-okaidia.css",
      "Lines": 123,
      "BlankLines": 18,
      "Comments": 7,
      "CodeLines": 98
    },
    {
      "File": "WebGenerator/lib/prism/themes/prism-tomorrow.css",
      "Lines": 122,
      "BlankLines": 19,
      "Comments": 7,
      "CodeLines": 96
    },
    {
      "File": "WebGenerator/lib/prism/components/prism-jsx.js",
      "Lines": 126,
      "BlankLines": 18,
      "Comments": 12,
      "CodeLines": 96
    },
    {
      "File": "WebGenerator/lib/prism/components/prism-stylus.js",
      "Lines": 110,
      "BlankLines": 8,
      "Comments": 7,
      "CodeLines": 95
    },
    {
      "File": "WebGenerator/lib/prism/components/prism-batch.js",
      "Lines": 98,
      "BlankLines": 1,
      "Comments": 5,
      "CodeLines": 92
    },
    {
      "File": "WebGenerator/Views/Generator/Index.cshtml",
      "Lines": 132,
      "BlankLines": 34,
      "Comments": 8,
      "CodeLines": 90
    },
    {
      "File": "WebGenerator/Views/Generator/_PartialGeneratorResult.cshtml",
      "Lines": 117,
      "BlankLines": 27,
      "Comments": 0,
      "CodeLines": 90
    },
    {
      "File": "WebGenerator/lib/prism/components/prism-livescript.js",
      "Lines": 118,
      "BlankLines": 1,
      "Comments": 28,
      "CodeLines": 89
    },
    {
      "File": "WebGenerator/lib/prism/plugins/data-uri-highlight/prism-data-uri-highlight.js",
      "Lines": 98,
      "BlankLines": 9,
      "Comments": 3,
      "CodeLines": 86
    },
    {
      "File": "WebGenerator/lib/prism/components/prism-soy.js",
      "Lines": 95,
      "BlankLines": 7,
      "Comments": 3,
      "CodeLines": 85
    },
    {
      "File": "WebGenerator/lib/prism/components/prism-javascript.js",
      "Lines": 91,
      "BlankLines": 5,
      "Comments": 2,
      "CodeLines": 84
    },
    {
      "File": "WebGenerator/lib/prism/components/prism-regex.js",
      "Lines": 97,
      "BlankLines": 9,
      "Comments": 4,
      "CodeLines": 84
    },
    {
      "File": "WebGenerator/lib/prism/components/prism-js-extras.js",
      "Lines": 104,
      "BlankLines": 14,
      "Comments": 7,
      "CodeLines": 83
    },
    {
      "File": "WebGenerator/lib/prism/components/prism-markup.js",
      "Lines": 100,
      "BlankLines": 9,
      "Comments": 12,
      "CodeLines": 79
    },
    {
      "File": "WebGenerator/lib/prism/components/prism-gherkin.js",
      "Lines": 79,
      "BlankLines": 0,
      "Comments": 1,
      "CodeLines": 78
    },
    {
      "File": "WebGenerator/lib/prism/plugins/keep-markup/prism-keep-markup.js",
      "Lines": 99,
      "BlankLines": 14,
      "Comments": 8,
      "CodeLines": 77
    },
    {
      "File": "WebGenerator/lib/prism/plugins/file-highlight/prism-file-highlight.js",
      "Lines": 105,
      "BlankLines": 21,
      "Comments": 7,
      "CodeLines": 77
    },
    {
      "File": "WebGenerator/lib/prism/components/prism-elixir.js",
      "Lines": 89,
      "BlankLines": 1,
      "Comments": 12,
      "CodeLines": 76
    },
    {
      "File": "Pssa.Database.SqlServerOrm/DbDataTypeConverter.cs",
      "Lines": 80,
      "BlankLines": 4,
      "Comments": 0,
      "CodeLines": 76
    },
    {
      "File": "WebGenerator/lib/prism/components/prism-markup-templating.js",
      "Lines": 123,
      "BlankLines": 19,
      "Comments": 29,
      "CodeLines": 75
    },
    {
      "File": "WebGenerator/Views/Generator/_PartialGeneratorInputParams.cshtml",
      "Lines": 100,
      "BlankLines": 23,
      "Comments": 2,
      "CodeLines": 75
    },
    {
      "File": "WebGenerator/lib/prism/components/prism-css-extras.js",
      "Lines": 76,
      "BlankLines": 2,
      "Comments": 0,
      "CodeLines": 74
    },
    {
      "File": "WebGenerator/lib/prism/components/prism-csharp.js",
      "Lines": 81,
      "BlankLines": 2,
      "Comments": 5,
      "CodeLines": 74
    },
    {
      "File": "WebGenerator/lib/prism/components/prism-coffeescript.js",
      "Lines": 91,
      "BlankLines": 12,
      "Comments": 6,
      "CodeLines": 73
    },
    {
      "File": "WebGenerator/lib/prism/components/prism-javastacktrace.js",
      "Lines": 93,
      "BlankLines": 5,
      "Comments": 16,
      "CodeLines": 72
    },
    {
      "File": "WebGenerator/lib/prism/components/prism-wiki.js",
      "Lines": 81,
      "BlankLines": 1,
      "Comments": 8,
      "CodeLines": 72
    },
    {
      "File": "WebGenerator/lib/prism/components/prism-pure.js",
      "Lines": 79,
      "BlankLines": 4,
      "Comments": 4,
      "CodeLines": 71
    },
    {
      "File": "WebGenerator/lib/prism/components/prism-smarty.js",
      "Lines": 86,
      "BlankLines": 8,
      "Comments": 8,
      "CodeLines": 70
    },
    {
      "File": "WebGenerator/lib/prism/components/prism-parser.js",
      "Lines": 73,
      "BlankLines": 4,
      "Comments": 1,
      "CodeLines": 68
    },
    {
      "File": "WebGenerator/lib/prism/components/prism-fsharp.js",
      "Lines": 67,
      "BlankLines": 0,
      "Comments": 0,
      "CodeLines": 67
    },
    {
      "File": "WebGenerator/lib/prism/components/prism-vala.js",
      "Lines": 73,
      "BlankLines": 2,
      "Comments": 5,
      "CodeLines": 66
    },
    {
      "File": "WebGenerator/lib/prism/components/prism-velocity.js",
      "Lines": 71,
      "BlankLines": 5,
      "Comments": 0,
      "CodeLines": 66
    },
    {
      "File": "WebGenerator/lib/prism/components/prism-jsdoc.js",
      "Lines": 73,
      "BlankLines": 6,
      "Comments": 2,
      "CodeLines": 65
    },
    {
      "File": "WebGenerator/lib/prism/components/prism-hcl.js",
      "Lines": 65,
      "BlankLines": 0,
      "Comments": 0,
      "CodeLines": 65
    },
    {
      "File": "WebGenerator/lib/prism/plugins/autolinker/prism-autolinker.js",
      "Lines": 81,
      "BlankLines": 15,
      "Comments": 4,
      "CodeLines": 62
    },
    {
      "File": "WebGenerator/lib/prism/components/prism-scss.js",
      "Lines": 77,
      "BlankLines": 4,
      "Comments": 11,
      "CodeLines": 62
    },
    {
      "File": "WebGenerator/lib/prism/components/prism-lilypond.js",
      "Lines": 69,
      "BlankLines": 6,
      "Comments": 2,
      "CodeLines": 61
    },
    {
      "File": "WebGenerator/lib/prism/components/prism-jq.js",
      "Lines": 67,
      "BlankLines": 7,
      "Comments": 0,
      "CodeLines": 60
    },
    {
      "File": "WebGenerator/lib/prism/plugins/show-invisibles/prism-show-invisibles.js",
      "Lines": 84,
      "BlankLines": 12,
      "Comments": 12,
      "CodeLines": 60
    },
    {
      "File": "WebGenerator/lib/prism/components/prism-python.js",
      "Lines": 63,
      "BlankLines": 2,
      "Comments": 1,
      "CodeLines": 60
    },
    {
      "File": "WebGenerator/lib/prism/components/prism-http.js",
      "Lines": 79,
      "BlankLines": 6,
      "Comments": 14,
      "CodeLines": 59
    },
    {
      "File": "WebGenerator/lib/prism/components/prism-sass.js",
      "Lines": 71,
      "BlankLines": 6,
      "Comments": 7,
      "CodeLines": 58
    },
    {
      "File": "WebGenerator/lib/prism/components/prism-javadoclike.js",
      "Lines": 86,
      "BlankLines": 13,
      "Comments": 15,
      "CodeLines": 58
    },
    {
      "File": "WebGenerator/lib/prism/plugins/copy-to-clipboard/prism-copy-to-clipboard.js",
      "Lines": 75,
      "BlankLines": 17,
      "Comments": 0,
      "CodeLines": 58
    },
    {
      "File": "WebGenerator/lib/prism/plugins/diff-highlight/prism-diff-highlight.js",
      "Lines": 83,
      "BlankLines": 17,
      "Comments": 9,
      "CodeLines": 57
    },
    {
      "File": "WebGenerator/lib/prism/components/prism-inform7.js",
      "Lines": 60,
      "BlankLines": 1,
      "Comments": 2,
      "CodeLines": 57
    },
    {
      "File": "WebGenerator/lib/prism/components/prism-kotlin.js",
      "Lines": 62,
      "BlankLines": 5,
      "Comments": 2,
      "CodeLines": 55
    },
    {
      "File": "WebGenerator/Views/Class/Index.cshtml",
      "Lines": 72,
      "BlankLines": 17,
      "Comments": 0,
      "CodeLines": 55
    },
    {
      "File": "WebGenerator/lib/prism/components/prism-groovy.js",
      "Lines": 65,
      "BlankLines": 8,
      "Comments": 2,
      "CodeLines": 55
    },
    {
      "File": "WebGenerator/lib/prism/components/prism-lolcode.js",
      "Lines": 54,
      "BlankLines": 0,
      "Comments": 0,
      "CodeLines": 54
    },
    {
      "File": "WebGenerator/lib/prism/components/prism-rust.js",
      "Lines": 68,
      "BlankLines": 5,
      "Comments": 9,
      "CodeLines": 54
    },
    {
      "File": "WebGenerator/lib/prism/plugins/toolbar/prism-toolbar.css",
      "Lines": 64,
      "BlankLines": 8,
      "Comments": 2,
      "CodeLines": 54
    },
    {
      "File": "WebGenerator/lib/prism/components/prism-pascaligo.js",
      "Lines": 62,
      "BlankLines": 6,
      "Comments": 3,
      "CodeLines": 53
    },
    {
      "File": "WebGenerator/lib/prism/components/prism-jolie.js",
      "Lines": 54,
      "BlankLines": 2,
      "Comments": 0,
      "CodeLines": 52
    },
    {
      "File": "WebGenerator/lib/prism/components/prism-pcaxis.js",
      "Lines": 53,
      "BlankLines": 1,
      "Comments": 0,
      "CodeLines": 52
    },
    {
      "File": "WebGenerator/lib/prism/components/prism-abnf.js",
      "Lines": 54,
      "BlankLines": 3,
      "Comments": 0,
      "CodeLines": 51
    },
    {
      "File": "WebGenerator/lib/prism/components/prism-django.js",
      "Lines": 60,
      "BlankLines": 7,
      "Comments": 3,
      "CodeLines": 50
    },
    {
      "File": "WebGenerator/lib/prism/components/prism-css.js",
      "Lines": 57,
      "BlankLines": 6,
      "Comments": 1,
      "CodeLines": 50
    },
    {
      "File": "WebGenerator/lib/prism/components/prism-javadoc.js",
      "Lines": 54,
      "BlankLines": 3,
      "Comments": 1,
      "CodeLines": 50
    },
    {
      "File": "WebGenerator/lib/prism/components/prism-latex.js",
      "Lines": 64,
      "BlankLines": 2,
      "Comments": 13,
      "CodeLines": 49
    },
    {
      "File": "WebGenerator/lib/prism/components/prism-powershell.js",
      "Lines": 60,
      "BlankLines": 3,
      "Comments": 9,
      "CodeLines": 48
    },
    {
      "File": "WebGenerator/lib/prism/components/prism-apacheconf.js",
      "Lines": 47,
      "BlankLines": 0,
      "Comments": 0,
      "CodeLines": 47
    },
    {
      "File": "WebGenerator/lib/prism/components/prism-crystal.js",
      "Lines": 51,
      "BlankLines": 4,
      "Comments": 0,
      "CodeLines": 47
    },
    {
      "File": "WebGenerator/lib/prism/components/prism-tcl.js",
      "Lines": 46,
      "BlankLines": 0,
      "Comments": 0,
      "CodeLines": 46
    },
    {
      "File": "WebGenerator/lib/prism/components/prism-java.js",
      "Lines": 54,
      "BlankLines": 5,
      "Comments": 3,
      "CodeLines": 46
    },
    {
      "File": "WebGenerator/lib/prism/components/prism-yaml.js",
      "Lines": 46,
      "BlankLines": 1,
      "Comments": 0,
      "CodeLines": 45
    },
    {
      "File": "WebGenerator/lib/prism/components/prism-tt2.js",
      "Lines": 53,
      "BlankLines": 8,
      "Comments": 1,
      "CodeLines": 44
    },
    {
      "File": "WebGenerator/lib/prism/components/prism-t4-templating.js",
      "Lines": 49,
      "BlankLines": 5,
      "Comments": 0,
      "CodeLines": 44
    },
    {
      "File": "WebGenerator/lib/prism/components/prism-twig.js",
      "Lines": 46,
      "BlankLines": 1,
      "Comments": 2,
      "CodeLines": 43
    },
    {
      "File": "WebGenerator/lib/prism/plugins/line-highlight/prism-line-highlight.css",
      "Lines": 49,
      "BlankLines": 7,
      "Comments": 0,
      "CodeLines": 42
    },
    {
      "File": "WebGenerator/lib/prism/components/prism-pascal.js",
      "Lines": 54,
      "BlankLines": 3,
      "Comments": 10,
      "CodeLines": 41
    },
    {
      "File": "WebGenerator/lib/prism/components/prism-haxe.js",
      "Lines": 44,
      "BlankLines": 0,
      "Comments": 3,
      "CodeLines": 41
    },
    {
      "File": "Pssa.Database.SqlServerOrm/DbDataTypeEnum.cs",
      "Lines": 42,
      "BlankLines": 1,
      "Comments": 0,
      "CodeLines": 41
    },
    {
      "File": "WebGenerator/lib/prism/components/prism-d.js",
      "Lines": 63,
      "BlankLines": 8,
      "Comments": 15,
      "CodeLines": 40
    },
    {
      "File": "WebGenerator/lib/prism/components/prism-erlang.js",
      "Lines": 43,
      "BlankLines": 1,
      "Comments": 3,
      "CodeLines": 39
    },
    {
      "File": "WebGenerator/lib/prism/components/prism-less.js",
      "Lines": 54,
      "BlankLines": 4,
      "Comments": 11,
      "CodeLines": 39
    },
    {
      "File": "WebGenerator/Views/Shared/_Layout.cshtml",
      "Lines": 42,
      "BlankLines": 3,
      "Comments": 0,
      "CodeLines": 39
    },
    {
      "File": "WebGenerator/lib/prism/components/prism-q.js",
      "Lines": 50,
      "BlankLines": 1,
      "Comments": 11,
      "CodeLines": 38
    },
    {
      "File": "WebGenerator/lib/prism/components/prism-mel.js",
      "Lines": 42,
      "BlankLines": 1,
      "Comments": 3,
      "CodeLines": 38
    },
    {
      "File": "WebGenerator/lib/prism/components/prism-toml.js",
      "Lines": 43,
      "BlankLines": 2,
      "Comments": 3,
      "CodeLines": 38
    },
    {
      "File": "WebGenerator/lib/prism/components/prism-opencl.js",
      "Lines": 49,
      "BlankLines": 2,
      "Comments": 10,
      "CodeLines": 37
    },
    {
      "File": "WebGenerator/lib/prism/components/prism-bro.js",
      "Lines": 48,
      "BlankLines": 11,
      "Comments": 0,
      "CodeLines": 37
    },
    {
      "File": "WebGenerator/lib/prism/components/prism-abap.js",
      "Lines": 47,
      "BlankLines": 0,
      "Comments": 11,
      "CodeLines": 36
    },
    {
      "File": "WebGenerator/lib/prism/components/prism-nix.js",
      "Lines": 39,
      "BlankLines": 1,
      "Comments": 2,
      "CodeLines": 36
    },
    {
      "File": "WebGenerator/lib/prism/plugins/custom-class/prism-custom-class.js",
      "Lines": 68,
      "BlankLines": 8,
      "Comments": 25,
      "CodeLines": 35
    },
    {
      "File": "WebGenerator/lib/prism/plugins/unescaped-markup/prism-unescaped-markup.js",
      "Lines": 44,
      "BlankLines": 9,
      "Comments": 0,
      "CodeLines": 35
    },
    {
      "File": "WebGenerator/lib/prism/plugins/line-numbers/prism-line-numbers.css",
      "Lines": 41,
      "BlankLines": 6,
      "Comments": 0,
      "CodeLines": 35
    },
    {
      "File": "WebGenerator/lib/prism/components/prism-fortran.js",
      "Lines": 39,
      "BlankLines": 0,
      "Comments": 5,
      "CodeLines": 34
    },
    {
      "File": "WebGenerator/lib/prism/components/prism-diff.js",
      "Lines": 54,
      "BlankLines": 8,
      "Comments": 12,
      "CodeLines": 34
    },
    {
      "File": "WebGenerator/lib/prism/components/prism-scheme.js",
      "Lines": 33,
      "BlankLines": 0,
      "Comments": 0,
      "CodeLines": 33
    },
    {
      "File": "WebGenerator/lib/prism/components/prism-handlebars.js",
      "Lines": 37,
      "BlankLines": 4,
      "Comments": 0,
      "CodeLines": 33
    },
    {
      "File": "WebGenerator/lib/prism/components/prism-bison.js",
      "Lines": 38,
      "BlankLines": 1,
      "Comments": 4,
      "CodeLines": 33
    },
    {
      "File": "WebGenerator/Resources/test.Designer.cs",
      "Lines": 63,
      "BlankLines": 8,
      "Comments": 22,
      "CodeLines": 33
    },
    {
      "File": "WebGenerator/lib/prism/components/prism-flow.js",
      "Lines": 35,
      "BlankLines": 3,
      "Comments": 0,
      "CodeLines": 32
    },
    {
      "File": "WebGenerator/lib/prism/components/prism-visual-basic.js",
      "Lines": 33,
      "BlankLines": 1,
      "Comments": 0,
      "CodeLines": 32
    },
    {
      "File": "WebGenerator/lib/prism/components/prism-sas.js",
      "Lines": 34,
      "BlankLines": 0,
      "Comments": 2,
      "CodeLines": 32
    },
    {
      "File": "WebGenerator/lib/prism/components/prism-protobuf.js",
      "Lines": 36,
      "BlankLines": 4,
      "Comments": 0,
      "CodeLines": 32
    },
    {
      "File": "WebGenerator/lib/prism/components/prism-autoit.js",
      "Lines": 33,
      "BlankLines": 0,
      "Comments": 2,
      "CodeLines": 31
    },
    {
      "File": "WebGenerator/lib/prism/components/prism-graphql.js",
      "Lines": 31,
      "BlankLines": 0,
      "Comments": 0,
      "CodeLines": 31
    },
    {
      "File": "WebGenerator/lib/prism/components/prism-smalltalk.js",
      "Lines": 31,
      "BlankLines": 0,
      "Comments": 0,
      "CodeLines": 31
    },
    {
      "File": "WebGenerator/lib/prism/components/prism-apl.js",
      "Lines": 31,
      "BlankLines": 0,
      "Comments": 0,
      "CodeLines": 31
    },
    {
      "File": "WebGenerator/lib/prism/components/prism-io.js",
      "Lines": 31,
      "BlankLines": 0,
      "Comments": 0,
      "CodeLines": 31
    },
    {
      "File": "WebGenerator/lib/prism/components/prism-dns-zone-file.js",
      "Lines": 33,
      "BlankLines": 1,
      "Comments": 2,
      "CodeLines": 30
    },
    {
      "File": "WebGenerator/lib/prism/components/prism-elm.js",
      "Lines": 44,
      "BlankLines": 0,
      "Comments": 14,
      "CodeLines": 30
    },
    {
      "File": "WebGenerator/lib/prism/components/prism-monkey.js",
      "Lines": 30,
      "BlankLines": 0,
      "Comments": 0,
      "CodeLines": 30
    },
    {
      "File": "WebGenerator/lib/prism/components/prism-wasm.js",
      "Lines": 30,
      "BlankLines": 0,
      "Comments": 0,
      "CodeLines": 30
    },
    {
      "File": "WebGenerator/lib/prism/components/prism-clike.js",
      "Lines": 30,
      "BlankLines": 0,
      "Comments": 0,
      "CodeLines": 30
    },
    {
      "File": "WebGenerator/lib/prism/components/prism-eiffel.js",
      "Lines": 37,
      "BlankLines": 0,
      "Comments": 7,
      "CodeLines": 30
    },
    {
      "File": "WebGenerator/lib/prism/components/prism-cmake.js",
      "Lines": 29,
      "BlankLines": 0,
      "Comments": 0,
      "CodeLines": 29
    },
    {
      "File": "WebGenerator/lib/prism/components/prism-c.js",
      "Lines": 36,
      "BlankLines": 2,
      "Comments": 5,
      "CodeLines": 29
    },
    {
      "File": "WebGenerator/lib/prism/plugins/show-invisibles/prism-show-invisibles.css",
      "Lines": 34,
      "BlankLines": 5,
      "Comments": 0,
      "CodeLines": 29
    },
    {
      "File": "WebGenerator/lib/prism/components/prism-aspnet.js",
      "Lines": 35,
      "BlankLines": 3,
      "Comments": 3,
      "CodeLines": 29
    },
    {
      "File": "WebGenerator/lib/prism/plugins/command-line/prism-command-line.css",
      "Lines": 33,
      "BlankLines": 5,
      "Comments": 0,
      "CodeLines": 28
    },
    {
      "File": "WebGenerator/lib/prism/components/prism-asm6502.js",
      "Lines": 28,
      "BlankLines": 0,
      "Comments": 0,
      "CodeLines": 28
    },
    {
      "File": "WebGenerator/lib/prism/components/prism-reason.js",
      "Lines": 31,
      "BlankLines": 1,
      "Comments": 3,
      "CodeLines": 27
    },
    {
      "File": "WebGenerator/lib/prism/components/prism-makefile.js",
      "Lines": 33,
      "BlankLines": 3,
      "Comments": 4,
      "CodeLines": 26
    },
    {
      "File": "WebGenerator/Controllers/GeneratorController.cs",
      "Lines": 38,
      "BlankLines": 6,
      "Comments": 6,
      "CodeLines": 26
    },
    {
      "File": "WebGenerator/lib/prism/components/prism-roboconf.js",
      "Lines": 26,
      "BlankLines": 0,
      "Comments": 0,
      "CodeLines": 26
    },
    {
      "File": "WebGenerator/lib/prism/components/prism-haskell.js",
      "Lines": 37,
      "BlankLines": 1,
      "Comments": 11,
      "CodeLines": 25
    },
    {
      "File": "WebGenerator/lib/prism/components/prism-ocaml.js",
      "Lines": 26,
      "BlankLines": 0,
      "Comments": 1,
      "CodeLines": 25
    },
    {
      "File": "WebGenerator/lib/prism/components/prism-parigp.js",
      "Lines": 29,
      "BlankLines": 0,
      "Comments": 4,
      "CodeLines": 25
    },
    {
      "File": "WebGenerator/lib/prism/components/prism-nim.js",
      "Lines": 32,
      "BlankLines": 0,
      "Comments": 7,
      "CodeLines": 25
    },
    {
      "File": "WebGenerator/lib/prism/components/prism-gedcom.js",
      "Lines": 27,
      "BlankLines": 0,
      "Comments": 2,
      "CodeLines": 25
    },
    {
      "File": "WebGenerator/lib/prism/components/prism-oz.js",
      "Lines": 24,
      "BlankLines": 0,
      "Comments": 0,
      "CodeLines": 24
    },
    {
      "File": "WebGenerator/lib/prism/components/prism-sql.js",
      "Lines": 24,
      "BlankLines": 0,
      "Comments": 0,
      "CodeLines": 24
    },
    {
      "File": "WebGenerator/lib/prism/components/prism-nsis.js",
      "Lines": 29,
      "BlankLines": 0,
      "Comments": 5,
      "CodeLines": 24
    },
    {
      "File": "WebGenerator/lib/prism/components/prism-nasm.js",
      "Lines": 24,
      "BlankLines": 0,
      "Comments": 0,
      "CodeLines": 24
    },
    {
      "File": "WebGenerator/lib/prism/components/prism-swift.js",
      "Lines": 25,
      "BlankLines": 0,
      "Comments": 2,
      "CodeLines": 23
    },
    {
      "File": "WebGenerator/lib/prism/components/prism-rip.js",
      "Lines": 32,
      "BlankLines": 9,
      "Comments": 0,
      "CodeLines": 23
    },
    {
      "File": "WebGenerator/lib/prism/components/prism-splunk-spl.js",
      "Lines": 24,
      "BlankLines": 0,
      "Comments": 2,
      "CodeLines": 22
    },
    {
      "File": "WebGenerator/lib/prism/components/prism-phpdoc.js",
      "Lines": 27,
      "BlankLines": 5,
      "Comments": 0,
      "CodeLines": 22
    },
    {
      "File": "WebGenerator/lib/prism/components/prism-dart.js",
      "Lines": 23,
      "BlankLines": 1,
      "Comments": 0,
      "CodeLines": 22
    },
    {
      "File": "WebGenerator/lib/prism/components/prism-j.js",
      "Lines": 24,
      "BlankLines": 0,
      "Comments": 2,
      "CodeLines": 22
    },
    {
      "File": "WebGenerator/lib/prism/components/prism-plsql.js",
      "Lines": 26,
      "BlankLines": 4,
      "Comments": 0,
      "CodeLines": 22
    },
    {
      "File": "Pssa.Database.SqlServerOrm/Data/DbObject.cs",
      "Lines": 27,
      "BlankLines": 5,
      "Comments": 0,
      "CodeLines": 22
    },
    {
      "File": "WebGenerator/App_Start/RouteConfig.cs",
      "Lines": 23,
      "BlankLines": 2,
      "Comments": 0,
      "CodeLines": 21
    },
    {
      "File": "WebGenerator/lib/prism/components/prism-shell-session.js",
      "Lines": 21,
      "BlankLines": 0,
      "Comments": 1,
      "CodeLines": 20
    },
    {
      "File": "WebGenerator/lib/prism/components/prism-ejs.js",
      "Lines": 24,
      "BlankLines": 4,
      "Comments": 0,
      "CodeLines": 20
    },
    {
      "File": "WebGenerator/lib/prism/components/prism-tap.js",
      "Lines": 20,
      "BlankLines": 0,
      "Comments": 0,
      "CodeLines": 20
    },
    {
      "File": "WebGenerator/lib/prism/components/prism-json5.js",
      "Lines": 23,
      "BlankLines": 3,
      "Comments": 0,
      "CodeLines": 20
    },
    {
      "File": "WebGenerator/lib/prism/components/prism-cpp.js",
      "Lines": 21,
      "BlankLines": 1,
      "Comments": 0,
      "CodeLines": 20
    },
    {
      "File": "WebGenerator/lib/prism/components/prism-bnf.js",
      "Lines": 21,
      "BlankLines": 1,
      "Comments": 0,
      "CodeLines": 20
    },
    {
      "File": "WebGenerator/lib/prism/components/prism-ebnf.js",
      "Lines": 22,
      "BlankLines": 2,
      "Comments": 0,
      "CodeLines": 20
    },
    {
      "File": "WebGenerator/lib/prism/components/prism-vhdl.js",
      "Lines": 23,
      "BlankLines": 0,
      "Comments": 4,
      "CodeLines": 19
    },
    {
      "File": "WebGenerator/lib/prism/components/prism-autohotkey.js",
      "Lines": 26,
      "BlankLines": 6,
      "Comments": 1,
      "CodeLines": 19
    },
    {
      "File": "WebGenerator/lib/prism/components/prism-json.js",
      "Lines": 19,
      "BlankLines": 0,
      "Comments": 0,
      "CodeLines": 19
    },
    {
      "File": "WebGenerator/lib/prism/components/prism-icon.js",
      "Lines": 19,
      "BlankLines": 0,
      "Comments": 0,
      "CodeLines": 19
    },
    {
      "File": "WebGenerator/lib/prism/components/prism-r.js",
      "Lines": 21,
      "BlankLines": 0,
      "Comments": 2,
      "CodeLines": 19
    },
    {
      "File": "WebGenerator/lib/prism/components/prism-xojo.js",
      "Lines": 19,
      "BlankLines": 0,
      "Comments": 0,
      "CodeLines": 19
    },
    {
      "File": "WebGenerator/lib/prism/components/prism-brainfuck.js",
      "Lines": 19,
      "BlankLines": 0,
      "Comments": 0,
      "CodeLines": 19
    },
    {
      "File": "WebGenerator/lib/prism/components/prism-renpy.js",
      "Lines": 29,
      "BlankLines": 10,
      "Comments": 1,
      "CodeLines": 18
    },
    {
      "File": "WebGenerator/lib/prism/components/prism-ada.js",
      "Lines": 18,
      "BlankLines": 0,
      "Comments": 0,
      "CodeLines": 18
    },
    {
      "File": "WebGenerator/lib/prism/components/prism-cil.js",
      "Lines": 27,
      "BlankLines": 8,
      "Comments": 1,
      "CodeLines": 18
    },
    {
      "File": "WebGenerator/lib/prism/components/prism-scala.js",
      "Lines": 18,
      "BlankLines": 0,
      "Comments": 0,
      "CodeLines": 18
    },
    {
      "File": "WebGenerator/lib/prism/components/prism-applescript.js",
      "Lines": 19,
      "BlankLines": 0,
      "Comments": 1,
      "CodeLines": 18
    },
    {
      "File": "WebGenerator/lib/prism/components/prism-qore.js",
      "Lines": 19,
      "BlankLines": 0,
      "Comments": 1,
      "CodeLines": 18
    },
    {
      "File": "WebGenerator/Models/GeneratorInputParameters.cs",
      "Lines": 21,
      "BlankLines": 4,
      "Comments": 0,
      "CodeLines": 17
    },
    {
      "File": "WebGenerator/lib/prism/plugins/remove-initial-line-feed/prism-remove-initial-line-feed.js",
      "Lines": 21,
      "BlankLines": 3,
      "Comments": 1,
      "CodeLines": 17
    },
    {
      "File": "WebGenerator/lib/prism/components/prism-n1ql.js",
      "Lines": 17,
      "BlankLines": 0,
      "Comments": 0,
      "CodeLines": 17
    },
    {
      "File": "WebGenerator/Controllers/ClassController.cs",
      "Lines": 28,
      "BlankLines": 3,
      "Comments": 8,
      "CodeLines": 17
    },
    {
      "File": "WebGenerator/lib/prism/components/prism-lua.js",
      "Lines": 19,
      "BlankLines": 0,
      "Comments": 2,
      "CodeLines": 17
    },
    {
      "File": "Pssa.Orm/DBAccessClassTest.cs",
      "Lines": 27,
      "BlankLines": 6,
      "Comments": 4,
      "CodeLines": 17
    },
    {
      "File": "WebGenerator/Global.asax.cs",
      "Lines": 18,
      "BlankLines": 1,
      "Comments": 0,
      "CodeLines": 17
    },
    {
      "File": "WebGenerator/lib/prism/components/prism-erb.js",
      "Lines": 20,
      "BlankLines": 4,
      "Comments": 0,
      "CodeLines": 16
    },
    {
      "File": "WebGenerator/lib/prism/components/prism-basic.js",
      "Lines": 16,
      "BlankLines": 0,
      "Comments": 0,
      "CodeLines": 16
    },
    {
      "File": "WebGenerator/lib/prism/components/prism-actionscript.js",
      "Lines": 16,
      "BlankLines": 1,
      "Comments": 0,
      "CodeLines": 15
    },
    {
      "File": "Pssa.Database.SqlServerOrm/DbObjectTypeConverter.cs",
      "Lines": 17,
      "BlankLines": 2,
      "Comments": 0,
      "CodeLines": 15
    },
    {
      "File": "Pssa.OrmTests/Properties/AssemblyInfo.cs",
      "Lines": 36,
      "BlankLines": 4,
      "Comments": 17,
      "CodeLines": 15
    },
    {
      "File": "Pssa.Orm/Properties/AssemblyInfo.cs",
      "Lines": 36,
      "BlankLines": 4,
      "Comments": 17,
      "CodeLines": 15
    },
    {
      "File": "Pssa.Database.SqlServerOrm/Properties/AssemblyInfo.cs",
      "Lines": 36,
      "BlankLines": 4,
      "Comments": 17,
      "CodeLines": 15
    },
    {
      "File": "WebGenerator/lib/prism/components/prism-prolog.js",
      "Lines": 19,
      "BlankLines": 0,
      "Comments": 4,
      "CodeLines": 15
    },
    {
      "File": "WebGenerator/lib/prism/components/prism-vbnet.js",
      "Lines": 15,
      "BlankLines": 0,
      "Comments": 0,
      "CodeLines": 15
    },
    {
      "File": "WebGenerator/Properties/AssemblyInfo.cs",
      "Lines": 35,
      "BlankLines": 4,
      "Comments": 16,
      "CodeLines": 15
    },
    {
      "File": "WebGenerator/lib/prism/plugins/highlight-keywords/prism-highlight-keywords.js",
      "Lines": 17,
      "BlankLines": 3,
      "Comments": 0,
      "CodeLines": 14
    },
    {
      "File": "WebGenerator/lib/prism/components/prism-git.js",
      "Lines": 68,
      "BlankLines": 5,
      "Comments": 49,
      "CodeLines": 14
    },
    {
      "File": "WebGenerator/lib/prism/components/prism-gcode.js",
      "Lines": 15,
      "BlankLines": 0,
      "Comments": 1,
      "CodeLines": 14
    },
    {
      "File": "Pssa.Database.SqlServerOrm/Data/DbParams.cs",
      "Lines": 17,
      "BlankLines": 1,
      "Comments": 2,
      "CodeLines": 14
    },
    {
      "File": "WebGenerator/lib/prism/components/prism-glsl.js",
      "Lines": 15,
      "BlankLines": 1,
      "Comments": 0,
      "CodeLines": 14
    },
    {
      "File": "Pssa.Database.SqlServerOrm/DbObjectTypeEnum.cs",
      "Lines": 32,
      "BlankLines": 3,
      "Comments": 15,
      "CodeLines": 14
    },
    {
      "File": "WebGenerator/lib/prism/components/prism-matlab.js",
      "Lines": 15,
      "BlankLines": 0,
      "Comments": 1,
      "CodeLines": 14
    },
    {
      "File": "Pssa.Orm/Program.cs",
      "Lines": 15,
      "BlankLines": 1,
      "Comments": 0,
      "CodeLines": 14
    },
    {
      "File": "WebGenerator/lib/prism/components/prism-hpkp.js",
      "Lines": 20,
      "BlankLines": 1,
      "Comments": 5,
      "CodeLines": 14
    },
    {
      "File": "WebGenerator/lib/prism/components/prism-hsts.js",
      "Lines": 20,
      "BlankLines": 1,
      "Comments": 5,
      "CodeLines": 14
    },
    {
      "File": "WebGenerator/lib/prism/components/prism-verilog.js",
      "Lines": 19,
      "BlankLines": 0,
      "Comments": 5,
      "CodeLines": 14
    },
    {
      "File": "WebGenerator/lib/prism/components/prism-csp.js",
      "Lines": 24,
      "BlankLines": 1,
      "Comments": 10,
      "CodeLines": 13
    },
    {
      "File": "WebGenerator/Content/Site.css",
      "Lines": 18,
      "BlankLines": 3,
      "Comments": 2,
      "CodeLines": 13
    },
    {
      "File": "WebGenerator/lib/prism/components/prism-julia.js",
      "Lines": 13,
      "BlankLines": 0,
      "Comments": 0,
      "CodeLines": 13
    },
    {
      "File": "WebGenerator/lib/prism/components/prism-keyman.js",
      "Lines": 13,
      "BlankLines": 0,
      "Comments": 0,
      "CodeLines": 13
    },
    {
      "File": "Pssa.Orm/Implementation/SqlHelper.cs",
      "Lines": 148,
      "BlankLines": 25,
      "Comments": 110,
      "CodeLines": 13
    },
    {
      "File": "WebGenerator/lib/prism/components/prism-liquid.js",
      "Lines": 12,
      "BlankLines": 0,
      "Comments": 0,
      "CodeLines": 12
    },
    {
      "File": "WebGenerator/lib/prism/components/prism-go.js",
      "Lines": 12,
      "BlankLines": 0,
      "Comments": 0,
      "CodeLines": 12
    },
    {
      "File": "WebGenerator/lib/prism/plugins/diff-highlight/prism-diff-highlight.css",
      "Lines": 13,
      "BlankLines": 1,
      "Comments": 0,
      "CodeLines": 12
    },
    {
      "File": "WebGenerator/lib/prism/components/prism-ichigojam.js",
      "Lines": 14,
      "BlankLines": 0,
      "Comments": 2,
      "CodeLines": 12
    },
    {
      "File": "WebGenerator/lib/prism/components/prism-processing.js",
      "Lines": 17,
      "BlankLines": 2,
      "Comments": 3,
      "CodeLines": 12
    },
    {
      "File": "WebGenerator/lib/prism/components/prism-clojure.js",
      "Lines": 13,
      "BlankLines": 0,
      "Comments": 1,
      "CodeLines": 12
    },
    {
      "File": "WebGenerator/lib/prism/components/prism-mizar.js",
      "Lines": 11,
      "BlankLines": 0,
      "Comments": 0,
      "CodeLines": 11
    },
    {
      "File": "WebGenerator/lib/prism/components/prism-ini.js",
      "Lines": 11,
      "BlankLines": 0,
      "Comments": 0,
      "CodeLines": 11
    },
    {
      "File": "Pssa.OrmTests/DDAccessClassTests.cs",
      "Lines": 12,
      "BlankLines": 1,
      "Comments": 0,
      "CodeLines": 11
    },
    {
      "File": "WebGenerator/lib/prism/components/prism-php-extras.js",
      "Lines": 10,
      "BlankLines": 0,
      "Comments": 0,
      "CodeLines": 10
    },
    {
      "File": "WebGenerator/lib/prism/components/prism-docker.js",
      "Lines": 11,
      "BlankLines": 1,
      "Comments": 0,
      "CodeLines": 10
    },
    {
      "File": "WebGenerator/lib/prism/components/prism-n4js.js",
      "Lines": 14,
      "BlankLines": 2,
      "Comments": 2,
      "CodeLines": 10
    },
    {
      "File": "WebGenerator/lib/prism/components/prism-nginx.js",
      "Lines": 11,
      "BlankLines": 1,
      "Comments": 0,
      "CodeLines": 10
    },
    {
      "File": "WebGenerator/lib/prism/plugins/wpd/prism-wpd.css",
      "Lines": 10,
      "BlankLines": 1,
      "Comments": 0,
      "CodeLines": 9
    },
    {
      "File": "Pssa.Database.SqlServerOrm/Data/DbColumns.cs",
      "Lines": 11,
      "BlankLines": 2,
      "Comments": 0,
      "CodeLines": 9
    },
    {
      "File": "WebGenerator/lib/prism/components/prism-arff.js",
      "Lines": 9,
      "BlankLines": 0,
      "Comments": 0,
      "CodeLines": 9
    },
    {
      "File": "WebGenerator/lib/prism/components/prism-nand2tetris-hdl.js",
      "Lines": 9,
      "BlankLines": 0,
      "Comments": 0,
      "CodeLines": 9
    },
    {
      "File": "WebGenerator/lib/prism/components/prism-vim.js",
      "Lines": 9,
      "BlankLines": 0,
      "Comments": 0,
      "CodeLines": 9
    },
    {
      "File": "WebGenerator/lib/prism/plugins/unescaped-markup/prism-unescaped-markup.css",
      "Lines": 10,
      "BlankLines": 0,
      "Comments": 1,
      "CodeLines": 9
    },
    {
      "File": "WebGenerator/lib/prism/components/prism-properties.js",
      "Lines": 8,
      "BlankLines": 0,
      "Comments": 0,
      "CodeLines": 8
    },
    {
      "File": "WebGenerator/lib/prism.js",
      "Lines": 9,
      "BlankLines": 0,
      "Comments": 2,
      "CodeLines": 7
    },
    {
      "File": "WebGenerator/lib/prism/components/prism-gml.js",
      "Lines": 7,
      "BlankLines": 0,
      "Comments": 0,
      "CodeLines": 7
    },
    {
      "File": "WebGenerator/lib/prism/components/prism-jsonp.js",
      "Lines": 7,
      "BlankLines": 1,
      "Comments": 0,
      "CodeLines": 6
    },
    {
      "File": "WebGenerator/lib/prism/components/prism-objectivec.js",
      "Lines": 7,
      "BlankLines": 1,
      "Comments": 0,
      "CodeLines": 6
    },
    {
      "File": "WebGenerator/lib/prism/components/prism-arduino.js",
      "Lines": 5,
      "BlankLines": 0,
      "Comments": 0,
      "CodeLines": 5
    },
    {
      "File": "WebGenerator/lib/prism/components/prism-typescript.js",
      "Lines": 7,
      "BlankLines": 1,
      "Comments": 1,
      "CodeLines": 5
    },
    {
      "File": "Pssa.Orm/TYP_TAB_IMPORT_LOG_DbUserTypeClass.cs",
      "Lines": 5,
      "BlankLines": 0,
      "Comments": 0,
      "CodeLines": 5
    },
    {
      "File": "WebGenerator/lib/prism/plugins/autolinker/prism-autolinker.css",
      "Lines": 2,
      "BlankLines": 0,
      "Comments": 0,
      "CodeLines": 2
    },
    {
      "File": "WebGenerator/Views/_ViewStart.cshtml",
      "Lines": 2,
      "BlankLines": 0,
      "Comments": 0,
      "CodeLines": 2
    },
    {
      "File": "WebGenerator/lib/prism/themes/prism.min.css",
      "Lines": 1,
      "BlankLines": 0,
      "Comments": 0,
      "CodeLines": 1
    },
    {
      "File": "WebGenerator/lib/prism/themes/prism-funky.min.css",
      "Lines": 1,
      "BlankLines": 0,
      "Comments": 0,
      "CodeLines": 1
    },
    {
      "File": "WebGenerator/lib/prism/themes/prism-solarizedlight.min.css",
      "Lines": 1,
      "BlankLines": 0,
      "Comments": 0,
      "CodeLines": 1
    },
    {
      "File": "WebGenerator/lib/prism/plugins/command-line/prism-command-line.min.css",
      "Lines": 1,
      "BlankLines": 0,
      "Comments": 0,
      "CodeLines": 1
    },
    {
      "File": "WebGenerator/lib/prism/plugins/diff-highlight/prism-diff-highlight.min.css",
      "Lines": 1,
      "BlankLines": 0,
      "Comments": 0,
      "CodeLines": 1
    },
    {
      "File": "WebGenerator/lib/prism/plugins/previewers/prism-previewers.min.css",
      "Lines": 1,
      "BlankLines": 0,
      "Comments": 0,
      "CodeLines": 1
    },
    {
      "File": "WebGenerator/lib/prism/themes/prism-twilight.min.css",
      "Lines": 1,
      "BlankLines": 0,
      "Comments": 0,
      "CodeLines": 1
    },
    {
      "File": "WebGenerator/lib/prism/themes/prism-okaidia.min.css",
      "Lines": 1,
      "BlankLines": 0,
      "Comments": 0,
      "CodeLines": 1
    },
    {
      "File": "WebGenerator/lib/prism/plugins/show-invisibles/prism-show-invisibles.min.css",
      "Lines": 1,
      "BlankLines": 0,
      "Comments": 0,
      "CodeLines": 1
    },
    {
      "File": "WebGenerator/lib/prism/plugins/line-highlight/prism-line-highlight.min.css",
      "Lines": 1,
      "BlankLines": 0,
      "Comments": 0,
      "CodeLines": 1
    },
    {
      "File": "WebGenerator/lib/prism/plugins/line-numbers/prism-line-numbers.min.css",
      "Lines": 1,
      "BlankLines": 0,
      "Comments": 0,
      "CodeLines": 1
    },
    {
      "File": "WebGenerator/lib/prism/plugins/toolbar/prism-toolbar.min.css",
      "Lines": 1,
      "BlankLines": 0,
      "Comments": 0,
      "CodeLines": 1
    },
    {
      "File": "WebGenerator/lib/prism/themes/prism-tomorrow.min.css",
      "Lines": 1,
      "BlankLines": 0,
      "Comments": 0,
      "CodeLines": 1
    },
    {
      "File": "WebGenerator/lib/prism/components/prism-tsx.js",
      "Lines": 1,
      "BlankLines": 0,
      "Comments": 0,
      "CodeLines": 1
    },
    {
      "File": "WebGenerator/lib/prism/components/prism-t4-vb.js",
      "Lines": 1,
      "BlankLines": 0,
      "Comments": 0,
      "CodeLines": 1
    },
    {
      "File": "WebGenerator/lib/prism/components/prism-t4-cs.js",
      "Lines": 1,
      "BlankLines": 0,
      "Comments": 0,
      "CodeLines": 1
    },
    {
      "File": "WebGenerator/lib/prism/themes/prism-dark.min.css",
      "Lines": 1,
      "BlankLines": 0,
      "Comments": 0,
      "CodeLines": 1
    },
    {
      "File": "WebGenerator/lib/prism/themes/prism-coy.min.css",
      "Lines": 1,
      "BlankLines": 0,
      "Comments": 0,
      "CodeLines": 1
    },
    {
      "File": "WebGenerator/lib/prism/components/prism-matlab.min.js",
      "Lines": 0,
      "BlankLines": 0,
      "Comments": 0,
      "CodeLines": 0
    },
    {
      "File": "WebGenerator/lib/prism/components/prism-pascaligo.min.js",
      "Lines": 0,
      "BlankLines": 0,
      "Comments": 0,
      "CodeLines": 0
    },
    {
      "File": "WebGenerator/lib/prism/components/prism-pascal.min.js",
      "Lines": 0,
      "BlankLines": 0,
      "Comments": 0,
      "CodeLines": 0
    },
    {
      "File": "WebGenerator/lib/prism/components/prism-pcaxis.min.js",
      "Lines": 0,
      "BlankLines": 0,
      "Comments": 0,
      "CodeLines": 0
    },
    {
      "File": "WebGenerator/lib/prism/components/prism-parser.min.js",
      "Lines": 0,
      "BlankLines": 0,
      "Comments": 0,
      "CodeLines": 0
    },
    {
      "File": "WebGenerator/lib/prism/components/prism-perl.min.js",
      "Lines": 0,
      "BlankLines": 0,
      "Comments": 0,
      "CodeLines": 0
    },
    {
      "File": "WebGenerator/lib/prism/components/prism-parigp.min.js",
      "Lines": 0,
      "BlankLines": 0,
      "Comments": 0,
      "CodeLines": 0
    },
    {
      "File": "WebGenerator/lib/prism/components/prism-php-extras.min.js",
      "Lines": 0,
      "BlankLines": 0,
      "Comments": 0,
      "CodeLines": 0
    },
    {
      "File": "WebGenerator/lib/prism/components/prism-oz.min.js",
      "Lines": 0,
      "BlankLines": 0,
      "Comments": 0,
      "CodeLines": 0
    },
    {
      "File": "WebGenerator/lib/prism/components/prism-php.min.js",
      "Lines": 0,
      "BlankLines": 0,
      "Comments": 0,
      "CodeLines": 0
    },
    {
      "File": "WebGenerator/lib/prism/components/prism-opencl.min.js",
      "Lines": 0,
      "BlankLines": 0,
      "Comments": 0,
      "CodeLines": 0
    },
    {
      "File": "WebGenerator/lib/prism/components/prism-phpdoc.min.js",
      "Lines": 0,
      "BlankLines": 0,
      "Comments": 0,
      "CodeLines": 0
    },
    {
      "File": "WebGenerator/lib/prism/components/prism-ocaml.min.js",
      "Lines": 0,
      "BlankLines": 0,
      "Comments": 0,
      "CodeLines": 0
    },
    {
      "File": "WebGenerator/lib/prism/components/prism-plsql.min.js",
      "Lines": 0,
      "BlankLines": 0,
      "Comments": 0,
      "CodeLines": 0
    },
    {
      "File": "WebGenerator/lib/prism/components/prism-objectivec.min.js",
      "Lines": 0,
      "BlankLines": 0,
      "Comments": 0,
      "CodeLines": 0
    },
    {
      "File": "WebGenerator/lib/prism/components/prism-powershell.min.js",
      "Lines": 0,
      "BlankLines": 0,
      "Comments": 0,
      "CodeLines": 0
    },
    {
      "File": "WebGenerator/lib/prism/components/prism-nsis.min.js",
      "Lines": 0,
      "BlankLines": 0,
      "Comments": 0,
      "CodeLines": 0
    },
    {
      "File": "WebGenerator/lib/prism/components/prism-processing.min.js",
      "Lines": 0,
      "BlankLines": 0,
      "Comments": 0,
      "CodeLines": 0
    },
    {
      "File": "WebGenerator/lib/prism/components/prism-nix.min.js",
      "Lines": 0,
      "BlankLines": 0,
      "Comments": 0,
      "CodeLines": 0
    },
    {
      "File": "WebGenerator/lib/prism/components/prism-prolog.min.js",
      "Lines": 0,
      "BlankLines": 0,
      "Comments": 0,
      "CodeLines": 0
    },
    {
      "File": "WebGenerator/lib/prism/components/prism-nim.min.js",
      "Lines": 0,
      "BlankLines": 0,
      "Comments": 0,
      "CodeLines": 0
    },
    {
      "File": "WebGenerator/lib/prism/components/prism-properties.min.js",
      "Lines": 0,
      "BlankLines": 0,
      "Comments": 0,
      "CodeLines": 0
    },
    {
      "File": "WebGenerator/lib/prism/components/prism-nginx.min.js",
      "Lines": 0,
      "BlankLines": 0,
      "Comments": 0,
      "CodeLines": 0
    },
    {
      "File": "WebGenerator/lib/prism/components/prism-protobuf.min.js",
      "Lines": 0,
      "BlankLines": 0,
      "Comments": 0,
      "CodeLines": 0
    },
    {
      "File": "WebGenerator/lib/prism/components/prism-nasm.min.js",
      "Lines": 0,
      "BlankLines": 0,
      "Comments": 0,
      "CodeLines": 0
    },
    {
      "File": "WebGenerator/lib/prism/components/prism-pug.min.js",
      "Lines": 0,
      "BlankLines": 0,
      "Comments": 0,
      "CodeLines": 0
    },
    {
      "File": "WebGenerator/lib/prism/components/prism-nand2tetris-hdl.min.js",
      "Lines": 0,
      "BlankLines": 0,
      "Comments": 0,
      "CodeLines": 0
    },
    {
      "File": "WebGenerator/lib/prism/components/prism-puppet.min.js",
      "Lines": 0,
      "BlankLines": 0,
      "Comments": 0,
      "CodeLines": 0
    },
    {
      "File": "WebGenerator/lib/prism/components/prism-n4js.min.js",
      "Lines": 0,
      "BlankLines": 0,
      "Comments": 0,
      "CodeLines": 0
    },
    {
      "File": "WebGenerator/lib/prism/components/prism-pure.min.js",
      "Lines": 0,
      "BlankLines": 0,
      "Comments": 0,
      "CodeLines": 0
    },
    {
      "File": "WebGenerator/lib/prism/components/prism-n1ql.min.js",
      "Lines": 0,
      "BlankLines": 0,
      "Comments": 0,
      "CodeLines": 0
    },
    {
      "File": "WebGenerator/lib/prism/components/prism-python.min.js",
      "Lines": 0,
      "BlankLines": 0,
      "Comments": 0,
      "CodeLines": 0
    },
    {
      "File": "WebGenerator/lib/prism/components/prism-monkey.min.js",
      "Lines": 0,
      "BlankLines": 0,
      "Comments": 0,
      "CodeLines": 0
    },
    {
      "File": "WebGenerator/lib/prism/components/prism-q.min.js",
      "Lines": 0,
      "BlankLines": 0,
      "Comments": 0,
      "CodeLines": 0
    },
    {
      "File": "WebGenerator/lib/prism/components/prism-mizar.min.js",
      "Lines": 0,
      "BlankLines": 0,
      "Comments": 0,
      "CodeLines": 0
    },
    {
      "File": "WebGenerator/lib/prism/components/prism-qore.min.js",
      "Lines": 0,
      "BlankLines": 0,
      "Comments": 0,
      "CodeLines": 0
    },
    {
      "File": "WebGenerator/lib/prism/components/prism-mel.min.js",
      "Lines": 0,
      "BlankLines": 0,
      "Comments": 0,
      "CodeLines": 0
    },
    {
      "File": "WebGenerator/lib/prism/components/prism-r.min.js",
      "Lines": 0,
      "BlankLines": 0,
      "Comments": 0,
      "CodeLines": 0
    },
    {
      "File": "WebGenerator/lib/prism/components/prism-markup.min.js",
      "Lines": 0,
      "BlankLines": 0,
      "Comments": 0,
      "CodeLines": 0
    },
    {
      "File": "WebGenerator/lib/prism/components/prism-reason.min.js",
      "Lines": 0,
      "BlankLines": 0,
      "Comments": 0,
      "CodeLines": 0
    },
    {
      "File": "WebGenerator/lib/prism/components/prism-markup-templating.min.js",
      "Lines": 0,
      "BlankLines": 0,
      "Comments": 0,
      "CodeLines": 0
    },
    {
      "File": "WebGenerator/lib/prism/components/prism-regex.min.js",
      "Lines": 0,
      "BlankLines": 0,
      "Comments": 0,
      "CodeLines": 0
    },
    {
      "File": "WebGenerator/lib/prism/components/prism-markdown.min.js",
      "Lines": 0,
      "BlankLines": 0,
      "Comments": 0,
      "CodeLines": 0
    },
    {
      "File": "WebGenerator/lib/prism/components/prism-renpy.min.js",
      "Lines": 0,
      "BlankLines": 0,
      "Comments": 0,
      "CodeLines": 0
    },
    {
      "File": "WebGenerator/lib/prism/components/prism-makefile.min.js",
      "Lines": 0,
      "BlankLines": 0,
      "Comments": 0,
      "CodeLines": 0
    },
    {
      "File": "WebGenerator/lib/prism/components/prism-rest.min.js",
      "Lines": 0,
      "BlankLines": 0,
      "Comments": 0,
      "CodeLines": 0
    },
    {
      "File": "WebGenerator/lib/prism/components/prism-lua.min.js",
      "Lines": 0,
      "BlankLines": 0,
      "Comments": 0,
      "CodeLines": 0
    },
    {
      "File": "WebGenerator/lib/prism/components/prism-rip.min.js",
      "Lines": 0,
      "BlankLines": 0,
      "Comments": 0,
      "CodeLines": 0
    },
    {
      "File": "WebGenerator/lib/prism/components/prism-lolcode.min.js",
      "Lines": 0,
      "BlankLines": 0,
      "Comments": 0,
      "CodeLines": 0
    },
    {
      "File": "WebGenerator/lib/prism/components/prism-roboconf.min.js",
      "Lines": 0,
      "BlankLines": 0,
      "Comments": 0,
      "CodeLines": 0
    },
    {
      "File": "WebGenerator/lib/prism/components/prism-livescript.min.js",
      "Lines": 0,
      "BlankLines": 0,
      "Comments": 0,
      "CodeLines": 0
    },
    {
      "File": "WebGenerator/lib/prism/components/prism-ruby.min.js",
      "Lines": 0,
      "BlankLines": 0,
      "Comments": 0,
      "CodeLines": 0
    },
    {
      "File": "WebGenerator/lib/prism/components/prism-lisp.min.js",
      "Lines": 0,
      "BlankLines": 0,
      "Comments": 0,
      "CodeLines": 0
    },
    {
      "File": "WebGenerator/lib/prism/components/prism-rust.min.js",
      "Lines": 0,
      "BlankLines": 0,
      "Comments": 0,
      "CodeLines": 0
    },
    {
      "File": "WebGenerator/lib/prism/components/prism-liquid.min.js",
      "Lines": 0,
      "BlankLines": 0,
      "Comments": 0,
      "CodeLines": 0
    },
    {
      "File": "WebGenerator/lib/prism/components/prism-sas.min.js",
      "Lines": 0,
      "BlankLines": 0,
      "Comments": 0,
      "CodeLines": 0
    },
    {
      "File": "WebGenerator/lib/prism/components/prism-lilypond.min.js",
      "Lines": 0,
      "BlankLines": 0,
      "Comments": 0,
      "CodeLines": 0
    },
    {
      "File": "WebGenerator/lib/prism/components/prism-sass.min.js",
      "Lines": 0,
      "BlankLines": 0,
      "Comments": 0,
      "CodeLines": 0
    },
    {
      "File": "WebGenerator/lib/prism/components/prism-less.min.js",
      "Lines": 0,
      "BlankLines": 0,
      "Comments": 0,
      "CodeLines": 0
    },
    {
      "File": "WebGenerator/lib/prism/components/prism-scala.min.js",
      "Lines": 0,
      "BlankLines": 0,
      "Comments": 0,
      "CodeLines": 0
    },
    {
      "File": "WebGenerator/lib/prism/components/prism-latex.min.js",
      "Lines": 0,
      "BlankLines": 0,
      "Comments": 0,
      "CodeLines": 0
    },
    {
      "File": "WebGenerator/lib/prism/components/prism-scheme.min.js",
      "Lines": 0,
      "BlankLines": 0,
      "Comments": 0,
      "CodeLines": 0
    },
    {
      "File": "WebGenerator/lib/prism/components/prism-kotlin.min.js",
      "Lines": 0,
      "BlankLines": 0,
      "Comments": 0,
      "CodeLines": 0
    },
    {
      "File": "WebGenerator/lib/prism/components/prism-scss.min.js",
      "Lines": 0,
      "BlankLines": 0,
      "Comments": 0,
      "CodeLines": 0
    },
    {
      "File": "WebGenerator/lib/prism/components/prism-keyman.min.js",
      "Lines": 0,
      "BlankLines": 0,
      "Comments": 0,
      "CodeLines": 0
    },
    {
      "File": "WebGenerator/lib/prism/components/prism-shell-session.min.js",
      "Lines": 0,
      "BlankLines": 0,
      "Comments": 0,
      "CodeLines": 0
    },
    {
      "File": "WebGenerator/lib/prism/components/prism-julia.min.js",
      "Lines": 0,
      "BlankLines": 0,
      "Comments": 0,
      "CodeLines": 0
    },
    {
      "File": "WebGenerator/lib/prism/components/prism-smalltalk.min.js",
      "Lines": 0,
      "BlankLines": 0,
      "Comments": 0,
      "CodeLines": 0
    },
    {
      "File": "WebGenerator/lib/prism/components/prism-jsx.min.js",
      "Lines": 0,
      "BlankLines": 0,
      "Comments": 0,
      "CodeLines": 0
    },
    {
      "File": "WebGenerator/lib/prism/components/prism-smarty.min.js",
      "Lines": 0,
      "BlankLines": 0,
      "Comments": 0,
      "CodeLines": 0
    },
    {
      "File": "WebGenerator/lib/prism/components/prism-jsonp.min.js",
      "Lines": 0,
      "BlankLines": 0,
      "Comments": 0,
      "CodeLines": 0
    },
    {
      "File": "WebGenerator/lib/prism/components/prism-soy.min.js",
      "Lines": 0,
      "BlankLines": 0,
      "Comments": 0,
      "CodeLines": 0
    },
    {
      "File": "WebGenerator/lib/prism/components/prism-json5.min.js",
      "Lines": 0,
      "BlankLines": 0,
      "Comments": 0,
      "CodeLines": 0
    },
    {
      "File": "WebGenerator/lib/prism/components/prism-splunk-spl.min.js",
      "Lines": 0,
      "BlankLines": 0,
      "Comments": 0,
      "CodeLines": 0
    },
    {
      "File": "WebGenerator/lib/prism/components/prism-json.min.js",
      "Lines": 0,
      "BlankLines": 0,
      "Comments": 0,
      "CodeLines": 0
    },
    {
      "File": "WebGenerator/lib/prism/components/prism-sql.min.js",
      "Lines": 0,
      "BlankLines": 0,
      "Comments": 0,
      "CodeLines": 0
    },
    {
      "File": "WebGenerator/lib/prism/components/prism-jsdoc.min.js",
      "Lines": 0,
      "BlankLines": 0,
      "Comments": 0,
      "CodeLines": 0
    },
    {
      "File": "WebGenerator/lib/prism/components/prism-stylus.min.js",
      "Lines": 0,
      "BlankLines": 0,
      "Comments": 0,
      "CodeLines": 0
    },
    {
      "File": "WebGenerator/lib/prism/components/prism-js-templates.min.js",
      "Lines": 0,
      "BlankLines": 0,
      "Comments": 0,
      "CodeLines": 0
    },
    {
      "File": "WebGenerator/lib/prism/components/prism-swift.min.js",
      "Lines": 0,
      "BlankLines": 0,
      "Comments": 0,
      "CodeLines": 0
    },
    {
      "File": "WebGenerator/lib/prism/components/prism-js-extras.min.js",
      "Lines": 0,
      "BlankLines": 0,
      "Comments": 0,
      "CodeLines": 0
    },
    {
      "File": "WebGenerator/lib/prism/components/prism-t4-cs.min.js",
      "Lines": 0,
      "BlankLines": 0,
      "Comments": 0,
      "CodeLines": 0
    },
    {
      "File": "WebGenerator/lib/prism/components/prism-jq.min.js",
      "Lines": 0,
      "BlankLines": 0,
      "Comments": 0,
      "CodeLines": 0
    },
    {
      "File": "WebGenerator/lib/prism/components/prism-t4-templating.min.js",
      "Lines": 0,
      "BlankLines": 0,
      "Comments": 0,
      "CodeLines": 0
    },
    {
      "File": "WebGenerator/lib/prism/components/prism-jolie.min.js",
      "Lines": 0,
      "BlankLines": 0,
      "Comments": 0,
      "CodeLines": 0
    },
    {
      "File": "WebGenerator/lib/prism/components/prism-t4-vb.min.js",
      "Lines": 0,
      "BlankLines": 0,
      "Comments": 0,
      "CodeLines": 0
    },
    {
      "File": "WebGenerator/lib/prism/components/prism-javastacktrace.min.js",
      "Lines": 0,
      "BlankLines": 0,
      "Comments": 0,
      "CodeLines": 0
    },
    {
      "File": "WebGenerator/lib/prism/components/prism-tap.min.js",
      "Lines": 0,
      "BlankLines": 0,
      "Comments": 0,
      "CodeLines": 0
    },
    {
      "File": "WebGenerator/lib/prism/components/prism-javascript.min.js",
      "Lines": 0,
      "BlankLines": 0,
      "Comments": 0,
      "CodeLines": 0
    },
    {
      "File": "WebGenerator/lib/prism/components/prism-tcl.min.js",
      "Lines": 0,
      "BlankLines": 0,
      "Comments": 0,
      "CodeLines": 0
    },
    {
      "File": "WebGenerator/lib/prism/components/prism-javadoclike.min.js",
      "Lines": 0,
      "BlankLines": 0,
      "Comments": 0,
      "CodeLines": 0
    },
    {
      "File": "WebGenerator/lib/prism/components/prism-textile.min.js",
      "Lines": 0,
      "BlankLines": 0,
      "Comments": 0,
      "CodeLines": 0
    },
    {
      "File": "WebGenerator/lib/prism/components/prism-javadoc.min.js",
      "Lines": 0,
      "BlankLines": 0,
      "Comments": 0,
      "CodeLines": 0
    },
    {
      "File": "WebGenerator/lib/prism/components/prism-toml.min.js",
      "Lines": 0,
      "BlankLines": 0,
      "Comments": 0,
      "CodeLines": 0
    },
    {
      "File": "WebGenerator/lib/prism/components/prism-java.min.js",
      "Lines": 0,
      "BlankLines": 0,
      "Comments": 0,
      "CodeLines": 0
    },
    {
      "File": "WebGenerator/lib/prism/components/prism-tsx.min.js",
      "Lines": 0,
      "BlankLines": 0,
      "Comments": 0,
      "CodeLines": 0
    },
    {
      "File": "WebGenerator/lib/prism/components/prism-j.min.js",
      "Lines": 0,
      "BlankLines": 0,
      "Comments": 0,
      "CodeLines": 0
    },
    {
      "File": "WebGenerator/lib/prism/components/prism-tt2.min.js",
      "Lines": 0,
      "BlankLines": 0,
      "Comments": 0,
      "CodeLines": 0
    },
    {
      "File": "WebGenerator/lib/prism/components/prism-io.min.js",
      "Lines": 0,
      "BlankLines": 0,
      "Comments": 0,
      "CodeLines": 0
    },
    {
      "File": "WebGenerator/lib/prism/components/prism-twig.min.js",
      "Lines": 0,
      "BlankLines": 0,
      "Comments": 0,
      "CodeLines": 0
    },
    {
      "File": "WebGenerator/lib/prism/components/prism-ini.min.js",
      "Lines": 0,
      "BlankLines": 0,
      "Comments": 0,
      "CodeLines": 0
    },
    {
      "File": "WebGenerator/lib/prism/components/prism-typescript.min.js",
      "Lines": 0,
      "BlankLines": 0,
      "Comments": 0,
      "CodeLines": 0
    },
    {
      "File": "WebGenerator/lib/prism/components/prism-inform7.min.js",
      "Lines": 0,
      "BlankLines": 0,
      "Comments": 0,
      "CodeLines": 0
    },
    {
      "File": "WebGenerator/lib/prism/components/prism-vala.min.js",
      "Lines": 0,
      "BlankLines": 0,
      "Comments": 0,
      "CodeLines": 0
    },
    {
      "File": "WebGenerator/lib/prism/components/prism-icon.min.js",
      "Lines": 0,
      "BlankLines": 0,
      "Comments": 0,
      "CodeLines": 0
    },
    {
      "File": "WebGenerator/lib/prism/components/prism-vbnet.min.js",
      "Lines": 0,
      "BlankLines": 0,
      "Comments": 0,
      "CodeLines": 0
    },
    {
      "File": "WebGenerator/lib/prism/components/prism-ichigojam.min.js",
      "Lines": 0,
      "BlankLines": 0,
      "Comments": 0,
      "CodeLines": 0
    },
    {
      "File": "WebGenerator/lib/prism/components/prism-velocity.min.js",
      "Lines": 0,
      "BlankLines": 0,
      "Comments": 0,
      "CodeLines": 0
    },
    {
      "File": "WebGenerator/lib/prism/components/prism-http.min.js",
      "Lines": 0,
      "BlankLines": 0,
      "Comments": 0,
      "CodeLines": 0
    },
    {
      "File": "WebGenerator/lib/prism/components/prism-verilog.min.js",
      "Lines": 0,
      "BlankLines": 0,
      "Comments": 0,
      "CodeLines": 0
    },
    {
      "File": "WebGenerator/lib/prism/components/prism-hsts.min.js",
      "Lines": 0,
      "BlankLines": 0,
      "Comments": 0,
      "CodeLines": 0
    },
    {
      "File": "WebGenerator/lib/prism/components/prism-vhdl.min.js",
      "Lines": 0,
      "BlankLines": 0,
      "Comments": 0,
      "CodeLines": 0
    },
    {
      "File": "WebGenerator/lib/prism/components/prism-hpkp.min.js",
      "Lines": 0,
      "BlankLines": 0,
      "Comments": 0,
      "CodeLines": 0
    },
    {
      "File": "WebGenerator/lib/prism/components/prism-vim.min.js",
      "Lines": 0,
      "BlankLines": 0,
      "Comments": 0,
      "CodeLines": 0
    },
    {
      "File": "WebGenerator/lib/prism/components/prism-hcl.min.js",
      "Lines": 0,
      "BlankLines": 0,
      "Comments": 0,
      "CodeLines": 0
    },
    {
      "File": "WebGenerator/lib/prism/components/prism-visual-basic.min.js",
      "Lines": 0,
      "BlankLines": 0,
      "Comments": 0,
      "CodeLines": 0
    },
    {
      "File": "WebGenerator/lib/prism/components/prism-haxe.min.js",
      "Lines": 0,
      "BlankLines": 0,
      "Comments": 0,
      "CodeLines": 0
    },
    {
      "File": "WebGenerator/lib/prism/components/prism-wasm.min.js",
      "Lines": 0,
      "BlankLines": 0,
      "Comments": 0,
      "CodeLines": 0
    },
    {
      "File": "WebGenerator/lib/prism/components/prism-haskell.min.js",
      "Lines": 0,
      "BlankLines": 0,
      "Comments": 0,
      "CodeLines": 0
    },
    {
      "File": "WebGenerator/lib/prism/components/prism-wiki.min.js",
      "Lines": 0,
      "BlankLines": 0,
      "Comments": 0,
      "CodeLines": 0
    },
    {
      "File": "WebGenerator/lib/prism/components/prism-handlebars.min.js",
      "Lines": 0,
      "BlankLines": 0,
      "Comments": 0,
      "CodeLines": 0
    },
    {
      "File": "WebGenerator/lib/prism/components/prism-xeora.min.js",
      "Lines": 0,
      "BlankLines": 0,
      "Comments": 0,
      "CodeLines": 0
    },
    {
      "File": "WebGenerator/lib/prism/components/prism-haml.min.js",
      "Lines": 0,
      "BlankLines": 0,
      "Comments": 0,
      "CodeLines": 0
    },
    {
      "File": "WebGenerator/lib/prism/components/prism-xojo.min.js",
      "Lines": 0,
      "BlankLines": 0,
      "Comments": 0,
      "CodeLines": 0
    },
    {
      "File": "WebGenerator/lib/prism/components/prism-groovy.min.js",
      "Lines": 0,
      "BlankLines": 0,
      "Comments": 0,
      "CodeLines": 0
    },
    {
      "File": "WebGenerator/lib/prism/components/prism-xquery.min.js",
      "Lines": 0,
      "BlankLines": 0,
      "Comments": 0,
      "CodeLines": 0
    },
    {
      "File": "WebGenerator/lib/prism/components/prism-graphql.min.js",
      "Lines": 0,
      "BlankLines": 0,
      "Comments": 0,
      "CodeLines": 0
    },
    {
      "File": "WebGenerator/lib/prism/components/prism-yaml.min.js",
      "Lines": 0,
      "BlankLines": 0,
      "Comments": 0,
      "CodeLines": 0
    },
    {
      "File": "WebGenerator/lib/prism/components/prism-go.min.js",
      "Lines": 0,
      "BlankLines": 0,
      "Comments": 0,
      "CodeLines": 0
    },
    {
      "File": "WebGenerator/lib/prism/components/prism-gml.min.js",
      "Lines": 0,
      "BlankLines": 0,
      "Comments": 0,
      "CodeLines": 0
    },
    {
      "File": "WebGenerator/lib/prism/plugins/autolinker/prism-autolinker.min.js",
      "Lines": 0,
      "BlankLines": 0,
      "Comments": 0,
      "CodeLines": 0
    },
    {
      "File": "WebGenerator/lib/prism/components/prism-glsl.min.js",
      "Lines": 0,
      "BlankLines": 0,
      "Comments": 0,
      "CodeLines": 0
    },
    {
      "File": "WebGenerator/lib/prism/plugins/autoloader/prism-autoloader.min.js",
      "Lines": 0,
      "BlankLines": 0,
      "Comments": 0,
      "CodeLines": 0
    },
    {
      "File": "WebGenerator/lib/prism/components/prism-git.min.js",
      "Lines": 0,
      "BlankLines": 0,
      "Comments": 0,
      "CodeLines": 0
    },
    {
      "File": "WebGenerator/lib/prism/components/prism-gherkin.min.js",
      "Lines": 0,
      "BlankLines": 0,
      "Comments": 0,
      "CodeLines": 0
    },
    {
      "File": "WebGenerator/lib/prism/components/prism-gedcom.min.js",
      "Lines": 0,
      "BlankLines": 0,
      "Comments": 0,
      "CodeLines": 0
    },
    {
      "File": "WebGenerator/lib/prism/plugins/command-line/prism-command-line.min.js",
      "Lines": 0,
      "BlankLines": 0,
      "Comments": 0,
      "CodeLines": 0
    },
    {
      "File": "WebGenerator/lib/prism/components/prism-gcode.min.js",
      "Lines": 0,
      "BlankLines": 0,
      "Comments": 0,
      "CodeLines": 0
    },
    {
      "File": "WebGenerator/lib/prism/plugins/copy-to-clipboard/prism-copy-to-clipboard.min.js",
      "Lines": 0,
      "BlankLines": 0,
      "Comments": 0,
      "CodeLines": 0
    },
    {
      "File": "WebGenerator/lib/prism/components/prism-fsharp.min.js",
      "Lines": 0,
      "BlankLines": 0,
      "Comments": 0,
      "CodeLines": 0
    },
    {
      "File": "WebGenerator/lib/prism/plugins/custom-class/prism-custom-class.min.js",
      "Lines": 0,
      "BlankLines": 0,
      "Comments": 0,
      "CodeLines": 0
    },
    {
      "File": "WebGenerator/lib/prism/components/prism-fortran.min.js",
      "Lines": 0,
      "BlankLines": 0,
      "Comments": 0,
      "CodeLines": 0
    },
    {
      "File": "WebGenerator/lib/prism/plugins/data-uri-highlight/prism-data-uri-highlight.min.js",
      "Lines": 0,
      "BlankLines": 0,
      "Comments": 0,
      "CodeLines": 0
    },
    {
      "File": "WebGenerator/lib/prism/components/prism-flow.min.js",
      "Lines": 0,
      "BlankLines": 0,
      "Comments": 0,
      "CodeLines": 0
    },
    {
      "File": "WebGenerator/lib/prism/components/prism-erlang.min.js",
      "Lines": 0,
      "BlankLines": 0,
      "Comments": 0,
      "CodeLines": 0
    },
    {
      "File": "WebGenerator/lib/prism/components/prism-erb.min.js",
      "Lines": 0,
      "BlankLines": 0,
      "Comments": 0,
      "CodeLines": 0
    },
    {
      "File": "WebGenerator/lib/prism/plugins/diff-highlight/prism-diff-highlight.min.js",
      "Lines": 0,
      "BlankLines": 0,
      "Comments": 0,
      "CodeLines": 0
    },
    {
      "File": "WebGenerator/lib/prism/components/prism-elm.min.js",
      "Lines": 0,
      "BlankLines": 0,
      "Comments": 0,
      "CodeLines": 0
    },
    {
      "File": "WebGenerator/lib/prism/plugins/file-highlight/prism-file-highlight.min.js",
      "Lines": 0,
      "BlankLines": 0,
      "Comments": 0,
      "CodeLines": 0
    },
    {
      "File": "WebGenerator/lib/prism/components/prism-elixir.min.js",
      "Lines": 0,
      "BlankLines": 0,
      "Comments": 0,
      "CodeLines": 0
    },
    {
      "File": "WebGenerator/lib/prism/plugins/highlight-keywords/prism-highlight-keywords.min.js",
      "Lines": 0,
      "BlankLines": 0,
      "Comments": 0,
      "CodeLines": 0
    },
    {
      "File": "WebGenerator/lib/prism/components/prism-ejs.min.js",
      "Lines": 0,
      "BlankLines": 0,
      "Comments": 0,
      "CodeLines": 0
    },
    {
      "File": "WebGenerator/lib/prism/plugins/jsonp-highlight/prism-jsonp-highlight.min.js",
      "Lines": 0,
      "BlankLines": 0,
      "Comments": 0,
      "CodeLines": 0
    },
    {
      "File": "WebGenerator/lib/prism/components/prism-eiffel.min.js",
      "Lines": 0,
      "BlankLines": 0,
      "Comments": 0,
      "CodeLines": 0
    },
    {
      "File": "WebGenerator/lib/prism/plugins/keep-markup/prism-keep-markup.min.js",
      "Lines": 0,
      "BlankLines": 0,
      "Comments": 0,
      "CodeLines": 0
    },
    {
      "File": "WebGenerator/lib/prism/components/prism-ebnf.min.js",
      "Lines": 0,
      "BlankLines": 0,
      "Comments": 0,
      "CodeLines": 0
    },
    {
      "File": "WebGenerator/lib/prism/components/prism-docker.min.js",
      "Lines": 0,
      "BlankLines": 0,
      "Comments": 0,
      "CodeLines": 0
    },
    {
      "File": "WebGenerator/lib/prism/components/prism-dns-zone-file.min.js",
      "Lines": 0,
      "BlankLines": 0,
      "Comments": 0,
      "CodeLines": 0
    },
    {
      "File": "WebGenerator/lib/prism/plugins/line-highlight/prism-line-highlight.min.js",
      "Lines": 0,
      "BlankLines": 0,
      "Comments": 0,
      "CodeLines": 0
    },
    {
      "File": "WebGenerator/lib/prism/components/prism-django.min.js",
      "Lines": 0,
      "BlankLines": 0,
      "Comments": 0,
      "CodeLines": 0
    },
    {
      "File": "WebGenerator/lib/prism/components/prism-diff.min.js",
      "Lines": 0,
      "BlankLines": 0,
      "Comments": 0,
      "CodeLines": 0
    },
    {
      "File": "WebGenerator/lib/prism/components/prism-dart.min.js",
      "Lines": 0,
      "BlankLines": 0,
      "Comments": 0,
      "CodeLines": 0
    },
    {
      "File": "WebGenerator/lib/prism/plugins/line-numbers/prism-line-numbers.min.js",
      "Lines": 0,
      "BlankLines": 0,
      "Comments": 0,
      "CodeLines": 0
    },
    {
      "File": "WebGenerator/lib/prism/components/prism-d.min.js",
      "Lines": 0,
      "BlankLines": 0,
      "Comments": 0,
      "CodeLines": 0
    },
    {
      "File": "WebGenerator/lib/prism/plugins/normalize-whitespace/prism-normalize-whitespace.min.js",
      "Lines": 0,
      "BlankLines": 0,
      "Comments": 0,
      "CodeLines": 0
    },
    {
      "File": "WebGenerator/lib/prism/components/prism-css.min.js",
      "Lines": 0,
      "BlankLines": 0,
      "Comments": 0,
      "CodeLines": 0
    },
    {
      "File": "WebGenerator/lib/prism/components/prism-css-extras.min.js",
      "Lines": 0,
      "BlankLines": 0,
      "Comments": 0,
      "CodeLines": 0
    },
    {
      "File": "WebGenerator/lib/prism/components/prism-csp.min.js",
      "Lines": 0,
      "BlankLines": 0,
      "Comments": 0,
      "CodeLines": 0
    },
    {
      "File": "WebGenerator/lib/prism/plugins/previewers/prism-previewers.min.js",
      "Lines": 0,
      "BlankLines": 0,
      "Comments": 0,
      "CodeLines": 0
    },
    {
      "File": "WebGenerator/lib/prism/components/prism-csharp.min.js",
      "Lines": 0,
      "BlankLines": 0,
      "Comments": 0,
      "CodeLines": 0
    },
    {
      "File": "WebGenerator/lib/prism/plugins/remove-initial-line-feed/prism-remove-initial-line-feed.min.js",
      "Lines": 0,
      "BlankLines": 0,
      "Comments": 0,
      "CodeLines": 0
    },
    {
      "File": "WebGenerator/lib/prism/components/prism-crystal.min.js",
      "Lines": 0,
      "BlankLines": 0,
      "Comments": 0,
      "CodeLines": 0
    },
    {
      "File": "WebGenerator/lib/prism/components/prism-cpp.min.js",
      "Lines": 0,
      "BlankLines": 0,
      "Comments": 0,
      "CodeLines": 0
    },
    {
      "File": "WebGenerator/lib/prism/components/prism-core.min.js",
      "Lines": 0,
      "BlankLines": 0,
      "Comments": 0,
      "CodeLines": 0
    },
    {
      "File": "WebGenerator/lib/prism/plugins/show-invisibles/prism-show-invisibles.min.js",
      "Lines": 0,
      "BlankLines": 0,
      "Comments": 0,
      "CodeLines": 0
    },
    {
      "File": "WebGenerator/lib/prism/components/prism-coffeescript.min.js",
      "Lines": 0,
      "BlankLines": 0,
      "Comments": 0,
      "CodeLines": 0
    },
    {
      "File": "WebGenerator/lib/prism/plugins/show-language/prism-show-language.min.js",
      "Lines": 0,
      "BlankLines": 0,
      "Comments": 0,
      "CodeLines": 0
    },
    {
      "File": "WebGenerator/lib/prism/components/prism-cmake.min.js",
      "Lines": 0,
      "BlankLines": 0,
      "Comments": 0,
      "CodeLines": 0
    },
    {
      "File": "WebGenerator/lib/prism/components/prism-clojure.min.js",
      "Lines": 0,
      "BlankLines": 0,
      "Comments": 0,
      "CodeLines": 0
    },
    {
      "File": "WebGenerator/lib/prism/components/prism-clike.min.js",
      "Lines": 0,
      "BlankLines": 0,
      "Comments": 0,
      "CodeLines": 0
    },
    {
      "File": "WebGenerator/lib/prism/plugins/toolbar/prism-toolbar.min.js",
      "Lines": 0,
      "BlankLines": 0,
      "Comments": 0,
      "CodeLines": 0
    },
    {
      "File": "WebGenerator/lib/prism/components/prism-cil.min.js",
      "Lines": 0,
      "BlankLines": 0,
      "Comments": 0,
      "CodeLines": 0
    },
    {
      "File": "WebGenerator/lib/prism/components/prism-c.min.js",
      "Lines": 0,
      "BlankLines": 0,
      "Comments": 0,
      "CodeLines": 0
    },
    {
      "File": "WebGenerator/lib/prism/plugins/unescaped-markup/prism-unescaped-markup.min.js",
      "Lines": 0,
      "BlankLines": 0,
      "Comments": 0,
      "CodeLines": 0
    },
    {
      "File": "WebGenerator/lib/prism/components/prism-bro.min.js",
      "Lines": 0,
      "BlankLines": 0,
      "Comments": 0,
      "CodeLines": 0
    },
    {
      "File": "WebGenerator/lib/prism/components/prism-brainfuck.min.js",
      "Lines": 0,
      "BlankLines": 0,
      "Comments": 0,
      "CodeLines": 0
    },
    {
      "File": "WebGenerator/lib/prism/plugins/wpd/prism-wpd.min.js",
      "Lines": 0,
      "BlankLines": 0,
      "Comments": 0,
      "CodeLines": 0
    },
    {
      "File": "WebGenerator/lib/prism/components/prism-bnf.min.js",
      "Lines": 0,
      "BlankLines": 0,
      "Comments": 0,
      "CodeLines": 0
    },
    {
      "File": "WebGenerator/lib/prism/prism.min.js",
      "Lines": 0,
      "BlankLines": 0,
      "Comments": 0,
      "CodeLines": 0
    },
    {
      "File": "WebGenerator/lib/prism/components/prism-bison.min.js",
      "Lines": 0,
      "BlankLines": 0,
      "Comments": 0,
      "CodeLines": 0
    },
    {
      "File": "WebGenerator/lib/prism/components/prism-batch.min.js",
      "Lines": 0,
      "BlankLines": 0,
      "Comments": 0,
      "CodeLines": 0
    },
    {
      "File": "WebGenerator/lib/prism/components/prism-basic.min.js",
      "Lines": 0,
      "BlankLines": 0,
      "Comments": 0,
      "CodeLines": 0
    },
    {
      "File": "WebGenerator/lib/prism/components/prism-bash.min.js",
      "Lines": 0,
      "BlankLines": 0,
      "Comments": 0,
      "CodeLines": 0
    },
    {
      "File": "WebGenerator/lib/prism/components/prism-autoit.min.js",
      "Lines": 0,
      "BlankLines": 0,
      "Comments": 0,
      "CodeLines": 0
    },
    {
      "File": "WebGenerator/lib/prism/components/prism-autohotkey.min.js",
      "Lines": 0,
      "BlankLines": 0,
      "Comments": 0,
      "CodeLines": 0
    },
    {
      "File": "WebGenerator/lib/prism/components/prism-aspnet.min.js",
      "Lines": 0,
      "BlankLines": 0,
      "Comments": 0,
      "CodeLines": 0
    },
    {
      "File": "WebGenerator/lib/prism/components/prism-asm6502.min.js",
      "Lines": 0,
      "BlankLines": 0,
      "Comments": 0,
      "CodeLines": 0
    },
    {
      "File": "WebGenerator/lib/prism/components/prism-asciidoc.min.js",
      "Lines": 0,
      "BlankLines": 0,
      "Comments": 0,
      "CodeLines": 0
    },
    {
      "File": "WebGenerator/lib/prism/components/prism-arff.min.js",
      "Lines": 0,
      "BlankLines": 0,
      "Comments": 0,
      "CodeLines": 0
    },
    {
      "File": "WebGenerator/lib/prism/components/prism-arduino.min.js",
      "Lines": 0,
      "BlankLines": 0,
      "Comments": 0,
      "CodeLines": 0
    },
    {
      "File": "WebGenerator/lib/prism/components/prism-applescript.min.js",
      "Lines": 0,
      "BlankLines": 0,
      "Comments": 0,
      "CodeLines": 0
    },
    {
      "File": "WebGenerator/lib/prism/components/prism-apl.min.js",
      "Lines": 0,
      "BlankLines": 0,
      "Comments": 0,
      "CodeLines": 0
    },
    {
      "File": "WebGenerator/lib/prism/components/prism-apacheconf.min.js",
      "Lines": 0,
      "BlankLines": 0,
      "Comments": 0,
      "CodeLines": 0
    },
    {
      "File": "WebGenerator/lib/prism/components/prism-ada.min.js",
      "Lines": 0,
      "BlankLines": 0,
      "Comments": 0,
      "CodeLines": 0
    },
    {
      "File": "WebGenerator/lib/prism/components/prism-actionscript.min.js",
      "Lines": 0,
      "BlankLines": 0,
      "Comments": 0,
      "CodeLines": 0
    },
    {
      "File": "WebGenerator/lib/prism/components/prism-abnf.min.js",
      "Lines": 0,
      "BlankLines": 0,
      "Comments": 0,
      "CodeLines": 0
    },
    {
      "File": "WebGenerator/lib/prism/components/prism-abap.min.js",
      "Lines": 0,
      "BlankLines": 0,
      "Comments": 0,
      "CodeLines": 0
    }
  ]
}