{
  "TotalLines": 2707,
  "TotalBlankLines": 361,
  "TotalComments": 140,
  "TotalCodeLines": 2206,
  "Results": [
    {
      "File": "FleetManager_automation/Features/AUTO_FLEET_MANAGER/Compte_Non_Sup.feature.xlsx.cs",
      "Lines": 257,
      "BlankLines": 26,
      "Comments": 9,
      "CodeLines": 222
    },
    {
      "File": "CRM_automation/Features/AUTO_FLEET_MANAGER/Compte_Non_Sup.feature.xlsx.cs",
      "Lines": 257,
      "BlankLines": 26,
      "Comments": 9,
      "CodeLines": 222
    },
    {
      "File": "FleetManager_automation/Features/AUTO_FLEET_MANAGER/Class1.feature.cs",
      "Lines": 168,
      "BlankLines": 16,
      "Comments": 9,
      "CodeLines": 143
    },
    {
      "File": "CRM_automation/Features/AUTO_FLEET_MANAGER/Class1.feature.cs",
      "Lines": 168,
      "BlankLines": 16,
      "Comments": 9,
      "CodeLines": 143
    },
    {
      "File": "CRM_automation/AppStepDefinitions/Common.cs",
      "Lines": 166,
      "BlankLines": 25,
      "Comments": 2,
      "CodeLines": 139
    },
    {
      "File": "FleetManager_automation/AppStepDefinitions/Common.cs",
      "Lines": 168,
      "BlankLines": 25,
      "Comments": 5,
      "CodeLines": 138
    },
    {
      "File": "CRM_automation/PageObjects/AR/HomePage.cs",
      "Lines": 146,
      "BlankLines": 13,
      "Comments": 0,
      "CodeLines": 133
    },
    {
      "File": "CRM_automation/Features/AUTO_FLEET_MANAGER/ASSOC_PDA.feature.cs",
      "Lines": 116,
      "BlankLines": 14,
      "Comments": 9,
      "CodeLines": 93
    },
    {
      "File": "FleetManager_automation/Features/AUTO_FLEET_MANAGER/ASSOC_PDA.feature.cs",
      "Lines": 115,
      "BlankLines": 14,
      "Comments": 9,
      "CodeLines": 92
    },
    {
      "File": "CRM_automation/Browser/Browser.cs",
      "Lines": 104,
      "BlankLines": 10,
      "Comments": 5,
      "CodeLines": 89
    },
    {
      "File": "FleetManager_automation/Browser/Browser.cs",
      "Lines": 104,
      "BlankLines": 10,
      "Comments": 5,
      "CodeLines": 89
    },
    {
      "File": "FleetManager_automation/PageObjects/AR/HomePage.cs",
      "Lines": 89,
      "BlankLines": 8,
      "Comments": 0,
      "CodeLines": 81
    },
    {
      "File": "FleetManager_automation/PageObjects/LoginPage.cs",
      "Lines": 87,
      "BlankLines": 16,
      "Comments": 0,
      "CodeLines": 71
    },
    {
      "File": "CRM_automation/PageObjects/LoginPage.cs",
      "Lines": 85,
      "BlankLines": 12,
      "Comments": 5,
      "CodeLines": 68
    },
    {
      "File": "FleetManager_automation/PageObjects/MenuPage.cs",
      "Lines": 86,
      "BlankLines": 25,
      "Comments": 1,
      "CodeLines": 60
    },
    {
      "File": "CRM_automation/PageObjects/MenuPage.cs",
      "Lines": 86,
      "BlankLines": 25,
      "Comments": 1,
      "CodeLines": 60
    },
    {
      "File": "CRM_automation/PageObjects/AR/ClassModel.cs",
      "Lines": 54,
      "BlankLines": 5,
      "Comments": 0,
      "CodeLines": 49
    },
    {
      "File": "CRM_automation/TestDataAccess/ExcelFile.cs",
      "Lines": 75,
      "BlankLines": 12,
      "Comments": 15,
      "CodeLines": 48
    },
    {
      "File": "FleetManager_automation/TestDataAccess/ExcelFile.cs",
      "Lines": 75,
      "BlankLines": 12,
      "Comments": 15,
      "CodeLines": 48
    },
    {
      "File": "FleetManager_automation/PageObjects/AR/ClassModel.cs",
      "Lines": 53,
      "BlankLines": 6,
      "Comments": 0,
      "CodeLines": 47
    },
    {
      "File": "FleetManager_automation/PageObjects/AR/Compte.cs",
      "Lines": 40,
      "BlankLines": 7,
      "Comments": 0,
      "CodeLines": 33
    },
    {
      "File": "CRM_automation/Sikuli/Sikuli_Class.cs",
      "Lines": 32,
      "BlankLines": 5,
      "Comments": 0,
      "CodeLines": 27
    },
    {
      "File": "FleetManager_automation/Sikuli/Sikuli_Class.cs",
      "Lines": 32,
      "BlankLines": 5,
      "Comments": 0,
      "CodeLines": 27
    },
    {
      "File": "FleetManager_automation/AppStepDefinitions/Compte.cs",
      "Lines": 26,
      "BlankLines": 4,
      "Comments": 0,
      "CodeLines": 22
    },
    {
      "File": "FleetManager_automation/Properties/AssemblyInfo.cs",
      "Lines": 21,
      "BlankLines": 4,
      "Comments": 1,
      "CodeLines": 16
    },
    {
      "File": "CRM_automation/Properties/AssemblyInfo.cs",
      "Lines": 21,
      "BlankLines": 4,
      "Comments": 1,
      "CodeLines": 16
    },
    {
      "File": "CRM_automation/Browser/CustomRemoteWebDriver.cs",
      "Lines": 36,
      "BlankLines": 7,
      "Comments": 15,
      "CodeLines": 14
    },
    {
      "File": "FleetManager_automation/Browser/CustomRemoteWebDriver.cs",
      "Lines": 36,
      "BlankLines": 7,
      "Comments": 15,
      "CodeLines": 14
    },
    {
      "File": "CRM_automation/_Excel/Application.cs",
      "Lines": 2,
      "BlankLines": 1,
      "Comments": 0,
      "CodeLines": 1
    },
    {
      "File": "FleetManager_automation/_Excel/Application.cs",
      "Lines": 2,
      "BlankLines": 1,
      "Comments": 0,
      "CodeLines": 1
    }
  ]
}