{
  "TotalLines": 621,
  "TotalBlankLines": 70,
  "TotalComments": 26,
  "TotalCodeLines": 525,
  "Results": [
    {
      "File": "pom.xml",
      "Lines": 118,
      "BlankLines": 0,
      "Comments": 0,
      "CodeLines": 118
    },
    {
      "File": "src/main/java/demo/security/servlet/UserServlet.java",
      "Lines": 68,
      "BlankLines": 6,
      "Comments": 0,
      "CodeLines": 62
    },
    {
      "File": "src/main/java/demo/security/servlet/Insecure.java",
      "Lines": 88,
      "BlankLines": 14,
      "Comments": 13,
      "CodeLines": 61
    },
    {
      "File": "src/main/java/demo/security/util/Utils.java",
      "Lines": 52,
      "BlankLines": 9,
      "Comments": 0,
      "CodeLines": 43
    },
    {
      "File": ".github/workflows/maven.yml",
      "Lines": 55,
      "BlankLines": 6,
      "Comments": 10,
      "CodeLines": 39
    },
    {
      "File": "src/main/java/demo/security/util/DBUtils.java",
      "Lines": 37,
      "BlankLines": 5,
      "Comments": 0,
      "CodeLines": 32
    },
    {
      "File": "src/main/java/demo/security/util/WebUtils.java",
      "Lines": 36,
      "BlankLines": 4,
      "Comments": 1,
      "CodeLines": 31
    },
    {
      "File": "src/main/java/demo/security/servlet/HomeServlet.java",
      "Lines": 36,
      "BlankLines": 7,
      "Comments": 2,
      "CodeLines": 27
    },
    {
      "File": "src/test/java/WebUtilsTest.java",
      "Lines": 33,
      "BlankLines": 8,
      "Comments": 0,
      "CodeLines": 25
    },
    {
      "File": "src/main/java/demo/security/servlet/ScriptServlet.java",
      "Lines": 23,
      "BlankLines": 3,
      "Comments": 0,
      "CodeLines": 20
    },
    {
      "File": "src/main/java/demo/security/servlet/FileServlet.java",
      "Lines": 19,
      "BlankLines": 3,
      "Comments": 0,
      "CodeLines": 16
    },
    {
      "File": "src/main/java/demo/security/util/SessionHeader.java",
      "Lines": 13,
      "BlankLines": 0,
      "Comments": 0,
      "CodeLines": 13
    },
    {
      "File": "src/test/java/AppTest.java",
      "Lines": 12,
      "BlankLines": 3,
      "Comments": 0,
      "CodeLines": 9
    },
    {
      "File": "buildspec.yml",
      "Lines": 9,
      "BlankLines": 1,
      "Comments": 0,
      "CodeLines": 8
    },
    {
      "File": "src/main/webapp/index.jsp",
      "Lines": 8,
      "BlankLines": 0,
      "Comments": 0,
      "CodeLines": 8
    },
    {
      "File": "src/main/webapp/user.jsp",
      "Lines": 8,
      "BlankLines": 0,
      "Comments": 0,
      "CodeLines": 8
    },
    {
      "File": "src/main/webapp/WEB-INF/web.xml",
      "Lines": 6,
      "BlankLines": 1,
      "Comments": 0,
      "CodeLines": 5
    }
  ]
}