{
  "TotalLines": 178,
  "TotalBlankLines": 13,
  "TotalComments": 3,
  "TotalCodeLines": 162,
  "Results": [
    {
      "File": "ALL/docker-compose.yml",
      "Lines": 70,
      "BlankLines": 5,
      "Comments": 0,
      "CodeLines": 65
    },
    {
      "File": "QUA/docker-compose.yml",
      "Lines": 70,
      "BlankLines": 5,
      "Comments": 0,
      "CodeLines": 65
    },
    {
      "File": "azure-pipelines.yml",
      "Lines": 31,
      "BlankLines": 3,
      "Comments": 3,
      "CodeLines": 25
    },
    {
      "File": "QUA/seleniumhubwithdrivernodes.release-vars.yml",
      "Lines": 4,
      "BlankLines": 0,
      "Comments": 0,
      "CodeLines": 4
    },
    {
      "File": "common.release-vars.yml",
      "Lines": 3,
      "BlankLines": 0,
      "Comments": 0,
      "CodeLines": 3
    }
  ]
}