{
  "TotalLines": 3772,
  "TotalBlankLines": 622,
  "TotalComments": 391,
  "TotalCodeLines": 2759,
  "Results": [
    {
      "File": "app/src/main/java/com/pickup/services/updatemdmagent/utils/Base64.java",
      "Lines": 724,
      "BlankLines": 79,
      "Comments": 266,
      "CodeLines": 379
    },
    {
      "File": "app/src/main/java/com/pickup/services/updatemdmagent/services/synchronisation/SynchronisationService.java",
      "Lines": 259,
      "BlankLines": 40,
      "Comments": 4,
      "CodeLines": 215
    },
    {
      "File": "app/src/main/java/com/pickup/services/updatemdmagent/data/database/repositories/ApplicationEntityRepository.java",
      "Lines": 224,
      "BlankLines": 29,
      "Comments": 5,
      "CodeLines": 190
    },
    {
      "File": "app/src/main/res/drawable/ic_launcher_background.xml",
      "Lines": 170,
      "BlankLines": 0,
      "Comments": 0,
      "CodeLines": 170
    },
    {
      "File": "app/src/main/java/com/pickup/services/updatemdmagent/data/models/ApplicationEntity.java",
      "Lines": 212,
      "BlankLines": 47,
      "Comments": 0,
      "CodeLines": 165
    },
    {
      "File": "app/src/main/java/com/pickup/services/updatemdmagent/webServices/responses/AppResponse.java",
      "Lines": 136,
      "BlankLines": 31,
      "Comments": 0,
      "CodeLines": 105
    },
    {
      "File": "app/src/main/java/com/pickup/services/updatemdmagent/services/install/InstallationService.java",
      "Lines": 122,
      "BlankLines": 17,
      "Comments": 2,
      "CodeLines": 103
    },
    {
      "File": "app/src/main/java/com/pickup/services/updatemdmagent/services/download/DownloadService.java",
      "Lines": 128,
      "BlankLines": 23,
      "Comments": 8,
      "CodeLines": 97
    },
    {
      "File": "app/src/main/java/com/pickup/services/updatemdmagent/data/database/dbManager/DBHelper.java",
      "Lines": 169,
      "BlankLines": 30,
      "Comments": 50,
      "CodeLines": 89
    },
    {
      "File": "app/src/main/java/com/pickup/services/updatemdmagent/webServices/params/ConfigAppsParam.java",
      "Lines": 109,
      "BlankLines": 21,
      "Comments": 0,
      "CodeLines": 88
    },
    {
      "File": "app/src/main/java/com/pickup/services/updatemdmagent/data/database/repositories/ConfigAppsRepository.java",
      "Lines": 113,
      "BlankLines": 21,
      "Comments": 5,
      "CodeLines": 87
    },
    {
      "File": "app/src/main/java/com/pickup/services/updatemdmagent/services/uninstall/UninstallationService.java",
      "Lines": 108,
      "BlankLines": 22,
      "Comments": 2,
      "CodeLines": 84
    },
    {
      "File": "app/src/main/java/com/pickup/services/updatemdmagent/utils/StringUtils.java",
      "Lines": 100,
      "BlankLines": 18,
      "Comments": 0,
      "CodeLines": 82
    },
    {
      "File": "app/src/main/java/com/pickup/services/updatemdmagent/utils/CollectionUtils.java",
      "Lines": 83,
      "BlankLines": 18,
      "Comments": 0,
      "CodeLines": 65
    },
    {
      "File": "app/src/main/java/com/pickup/services/updatemdmagent/services/install/InstallTask.java",
      "Lines": 77,
      "BlankLines": 16,
      "Comments": 0,
      "CodeLines": 61
    },
    {
      "File": "app/src/main/java/com/pickup/services/updatemdmagent/uis/MainActivity.java",
      "Lines": 72,
      "BlankLines": 12,
      "Comments": 0,
      "CodeLines": 60
    },
    {
      "File": "app/src/main/AndroidManifest.xml",
      "Lines": 75,
      "BlankLines": 15,
      "Comments": 3,
      "CodeLines": 57
    },
    {
      "File": "app/src/main/java/com/pickup/services/updatemdmagent/utils/SharedPreferenceUtils.java",
      "Lines": 76,
      "BlankLines": 19,
      "Comments": 0,
      "CodeLines": 57
    },
    {
      "File": "app/src/main/java/com/pickup/services/updatemdmagent/services/uninstall/UninstallTask.java",
      "Lines": 71,
      "BlankLines": 14,
      "Comments": 4,
      "CodeLines": 53
    },
    {
      "File": "app/src/main/java/com/pickup/services/updatemdmagent/utils/Logger.java",
      "Lines": 70,
      "BlankLines": 19,
      "Comments": 0,
      "CodeLines": 51
    },
    {
      "File": "app/src/main/java/com/pickup/services/updatemdmagent/broadcastReceivers/SynchroReminder.java",
      "Lines": 54,
      "BlankLines": 7,
      "Comments": 0,
      "CodeLines": 47
    },
    {
      "File": "app/src/main/java/com/pickup/services/updatemdmagent/data/models/ConfigApps.java",
      "Lines": 62,
      "BlankLines": 16,
      "Comments": 0,
      "CodeLines": 46
    },
    {
      "File": "app/src/main/java/com/pickup/services/updatemdmagent/webServices/responses/ConfigResponse.java",
      "Lines": 55,
      "BlankLines": 12,
      "Comments": 0,
      "CodeLines": 43
    },
    {
      "File": "app/src/main/java/com/pickup/services/updatemdmagent/webServices/RetrofitClient.java",
      "Lines": 56,
      "BlankLines": 13,
      "Comments": 0,
      "CodeLines": 43
    },
    {
      "File": "app/src/main/java/com/pickup/services/updatemdmagent/webServices/params/AppsParam.java",
      "Lines": 48,
      "BlankLines": 10,
      "Comments": 0,
      "CodeLines": 38
    },
    {
      "File": "app/src/main/res/drawable-v24/ic_launcher_foreground.xml",
      "Lines": 34,
      "BlankLines": 0,
      "Comments": 0,
      "CodeLines": 34
    },
    {
      "File": "app/src/main/java/com/pickup/services/updatemdmagent/utils/ExceptionUtils.java",
      "Lines": 34,
      "BlankLines": 5,
      "Comments": 0,
      "CodeLines": 29
    },
    {
      "File": "app/src/main/java/com/pickup/services/updatemdmagent/data/database/dbManager/DBManager.java",
      "Lines": 36,
      "BlankLines": 5,
      "Comments": 13,
      "CodeLines": 18
    },
    {
      "File": "app/src/main/java/com/pickup/services/updatemdmagent/utils/Helper.java",
      "Lines": 21,
      "BlankLines": 4,
      "Comments": 0,
      "CodeLines": 17
    },
    {
      "File": "app/src/androidTest/java/com/pickup/services/updatemdmagent/ExampleInstrumentedTest.java",
      "Lines": 26,
      "BlankLines": 5,
      "Comments": 6,
      "CodeLines": 15
    },
    {
      "File": "app/src/main/res/layout/activity_main.xml",
      "Lines": 17,
      "BlankLines": 2,
      "Comments": 0,
      "CodeLines": 15
    },
    {
      "File": "app/src/main/res/drawable/ic_pickup_logo.xml",
      "Lines": 14,
      "BlankLines": 0,
      "Comments": 0,
      "CodeLines": 14
    },
    {
      "File": "app/src/main/java/com/pickup/services/updatemdmagent/broadcastReceivers/RebootReceiver.java",
      "Lines": 18,
      "BlankLines": 5,
      "Comments": 0,
      "CodeLines": 13
    },
    {
      "File": "app/src/main/res/drawable/btn_shape.xml",
      "Lines": 13,
      "BlankLines": 0,
      "Comments": 0,
      "CodeLines": 13
    },
    {
      "File": "app/src/main/java/com/pickup/services/updatemdmagent/utils/NetworkUtils.java",
      "Lines": 20,
      "BlankLines": 5,
      "Comments": 3,
      "CodeLines": 12
    },
    {
      "File": "app/src/main/java/com/pickup/services/updatemdmagent/webServices/ApiService.java",
      "Lines": 21,
      "BlankLines": 10,
      "Comments": 2,
      "CodeLines": 9
    },
    {
      "File": "app/src/main/res/drawable/btn_ripple.xml",
      "Lines": 10,
      "BlankLines": 1,
      "Comments": 0,
      "CodeLines": 9
    },
    {
      "File": "app/src/main/java/com/pickup/services/updatemdmagent/utils/ApiUtils.java",
      "Lines": 13,
      "BlankLines": 4,
      "Comments": 0,
      "CodeLines": 9
    },
    {
      "File": "app/src/test/java/com/pickup/services/updatemdmagent/ExampleUnitTest.java",
      "Lines": 17,
      "BlankLines": 4,
      "Comments": 5,
      "CodeLines": 8
    },
    {
      "File": "app/src/main/java/com/pickup/services/updatemdmagent/constants/SharedPreferencesConstants.java",
      "Lines": 13,
      "BlankLines": 4,
      "Comments": 1,
      "CodeLines": 8
    },
    {
      "File": "app/src/main/res/values/colors.xml",
      "Lines": 9,
      "BlankLines": 2,
      "Comments": 0,
      "CodeLines": 7
    },
    {
      "File": "app/src/main/res/values/styles.xml",
      "Lines": 11,
      "BlankLines": 2,
      "Comments": 2,
      "CodeLines": 7
    },
    {
      "File": "app/src/main/java/com/pickup/services/updatemdmagent/bases/App.java",
      "Lines": 14,
      "BlankLines": 5,
      "Comments": 2,
      "CodeLines": 7
    },
    {
      "File": "app/src/main/res/xml/backup_descriptor.xml",
      "Lines": 8,
      "BlankLines": 0,
      "Comments": 2,
      "CodeLines": 6
    },
    {
      "File": "app/src/main/res/values/strings.xml",
      "Lines": 6,
      "BlankLines": 0,
      "Comments": 0,
      "CodeLines": 6
    },
    {
      "File": "app/src/main/java/com/pickup/services/updatemdmagent/constants/EventBusNotificationConstants.java",
      "Lines": 8,
      "BlankLines": 2,
      "Comments": 1,
      "CodeLines": 5
    },
    {
      "File": "app/src/main/java/com/pickup/services/updatemdmagent/constants/CommandsConstants.java",
      "Lines": 9,
      "BlankLines": 3,
      "Comments": 1,
      "CodeLines": 5
    },
    {
      "File": "app/src/main/java/com/pickup/services/updatemdmagent/constants/APIConstants.java",
      "Lines": 10,
      "BlankLines": 4,
      "Comments": 1,
      "CodeLines": 5
    },
    {
      "File": "app/src/main/java/com/pickup/services/updatemdmagent/data/database/dbManager/DBConstants.java",
      "Lines": 9,
      "BlankLines": 1,
      "Comments": 3,
      "CodeLines": 5
    },
    {
      "File": "app/src/main/res/mipmap-anydpi-v26/ic_launcher.xml",
      "Lines": 4,
      "BlankLines": 0,
      "Comments": 0,
      "CodeLines": 4
    },
    {
      "File": "app/src/main/res/mipmap-anydpi-v26/ic_launcher_round.xml",
      "Lines": 4,
      "BlankLines": 0,
      "Comments": 0,
      "CodeLines": 4
    }
  ]
}