{
  "TotalLines": 19012,
  "TotalBlankLines": 349,
  "TotalComments": 316,
  "TotalCodeLines": 18347,
  "Results": [
    {
      "File": "src/packages/System.Collections.NonGeneric.4.3.0/ref/netstandard1.3/ko/System.Collections.NonGeneric.xml",
      "Lines": 1877,
      "BlankLines": 0,
      "Comments": 0,
      "CodeLines": 1877
    },
    {
      "File": "src/packages/System.Collections.NonGeneric.4.3.0/ref/netstandard1.3/ja/System.Collections.NonGeneric.xml",
      "Lines": 1877,
      "BlankLines": 0,
      "Comments": 0,
      "CodeLines": 1877
    },
    {
      "File": "src/packages/System.Collections.NonGeneric.4.3.0/ref/netstandard1.3/zh-hant/System.Collections.NonGeneric.xml",
      "Lines": 1638,
      "BlankLines": 0,
      "Comments": 0,
      "CodeLines": 1638
    },
    {
      "File": "src/packages/System.Collections.NonGeneric.4.3.0/ref/netstandard1.3/fr/System.Collections.NonGeneric.xml",
      "Lines": 1629,
      "BlankLines": 0,
      "Comments": 0,
      "CodeLines": 1629
    },
    {
      "File": "src/packages/System.Collections.NonGeneric.4.3.0/ref/netstandard1.3/zh-hans/System.Collections.NonGeneric.xml",
      "Lines": 1625,
      "BlankLines": 0,
      "Comments": 0,
      "CodeLines": 1625
    },
    {
      "File": "src/packages/System.Collections.NonGeneric.4.3.0/ref/netstandard1.3/es/System.Collections.NonGeneric.xml",
      "Lines": 1591,
      "BlankLines": 0,
      "Comments": 0,
      "CodeLines": 1591
    },
    {
      "File": "src/packages/System.Collections.NonGeneric.4.3.0/ref/netstandard1.3/it/System.Collections.NonGeneric.xml",
      "Lines": 1583,
      "BlankLines": 0,
      "Comments": 0,
      "CodeLines": 1583
    },
    {
      "File": "src/packages/System.Collections.NonGeneric.4.3.0/ref/netstandard1.3/de/System.Collections.NonGeneric.xml",
      "Lines": 1552,
      "BlankLines": 0,
      "Comments": 0,
      "CodeLines": 1552
    },
    {
      "File": "src/packages/System.Collections.NonGeneric.4.3.0/ref/netstandard1.3/System.Collections.NonGeneric.xml",
      "Lines": 1542,
      "BlankLines": 0,
      "Comments": 0,
      "CodeLines": 1542
    },
    {
      "File": "src/packages/System.Collections.NonGeneric.4.3.0/ref/netstandard1.3/ru/System.Collections.NonGeneric.xml",
      "Lines": 1514,
      "BlankLines": 0,
      "Comments": 0,
      "CodeLines": 1514
    },
    {
      "File": "src/Program.cs",
      "Lines": 99,
      "BlankLines": 3,
      "Comments": 3,
      "CodeLines": 93
    },
    {
      "File": "src/Model/Alphabet.cs",
      "Lines": 81,
      "BlankLines": 14,
      "Comments": 0,
      "CodeLines": 67
    },
    {
      "File": "src/Flows/Recursion/Flow_00035.cs",
      "Lines": 69,
      "BlankLines": 12,
      "Comments": 5,
      "CodeLines": 52
    },
    {
      "File": ".github/workflows/dotnet-desktop.yml",
      "Lines": 97,
      "BlankLines": 11,
      "Comments": 39,
      "CodeLines": 47
    },
    {
      "File": "src/Model/Blot.cs",
      "Lines": 40,
      "BlankLines": 3,
      "Comments": 0,
      "CodeLines": 37
    },
    {
      "File": "src/Model/IShoppingCart.cs",
      "Lines": 41,
      "BlankLines": 5,
      "Comments": 0,
      "CodeLines": 36
    },
    {
      "File": "src/Flows/Points-To-Analysis/Flow_00046.cs",
      "Lines": 42,
      "BlankLines": 8,
      "Comments": 3,
      "CodeLines": 31
    },
    {
      "File": "src/Flows/Points-To-Analysis/Flow_00047.cs",
      "Lines": 40,
      "BlankLines": 6,
      "Comments": 3,
      "CodeLines": 31
    },
    {
      "File": "src/Flows/Points-To-Analysis/Flow_00048.cs",
      "Lines": 40,
      "BlankLines": 6,
      "Comments": 3,
      "CodeLines": 31
    },
    {
      "File": "src/Flows/Points-To-Analysis/Flow_00036.cs",
      "Lines": 44,
      "BlankLines": 9,
      "Comments": 5,
      "CodeLines": 30
    },
    {
      "File": "src/Flows/Miscellaneous/Flow_00074.cs",
      "Lines": 33,
      "BlankLines": 4,
      "Comments": 3,
      "CodeLines": 26
    },
    {
      "File": "src/Model/BlotBag.cs",
      "Lines": 31,
      "BlankLines": 5,
      "Comments": 0,
      "CodeLines": 26
    },
    {
      "File": "src/Model/Robot.cs",
      "Lines": 31,
      "BlankLines": 5,
      "Comments": 0,
      "CodeLines": 26
    },
    {
      "File": "src/Flows/Miscellaneous/Flow_00078.cs",
      "Lines": 32,
      "BlankLines": 4,
      "Comments": 3,
      "CodeLines": 25
    },
    {
      "File": "src/Flows/Miscellaneous/Flow_00043.cs",
      "Lines": 31,
      "BlankLines": 4,
      "Comments": 4,
      "CodeLines": 23
    },
    {
      "File": "src/Flows/Path-Sensitivity/Flow_00027.cs",
      "Lines": 28,
      "BlankLines": 2,
      "Comments": 3,
      "CodeLines": 23
    },
    {
      "File": "src/Flows/Path-Sensitivity/Flow_00015.cs",
      "Lines": 31,
      "BlankLines": 5,
      "Comments": 3,
      "CodeLines": 23
    },
    {
      "File": "src/Flows/Path-Sensitivity/Flow_00014.cs",
      "Lines": 31,
      "BlankLines": 5,
      "Comments": 3,
      "CodeLines": 23
    },
    {
      "File": "src/Flows/Miscellaneous/Flow_00044.cs",
      "Lines": 29,
      "BlankLines": 3,
      "Comments": 3,
      "CodeLines": 23
    },
    {
      "File": "src/Flows/Exceptions/Flow_00038.cs",
      "Lines": 29,
      "BlankLines": 4,
      "Comments": 3,
      "CodeLines": 22
    },
    {
      "File": "src/Model/Atlas.cs",
      "Lines": 25,
      "BlankLines": 4,
      "Comments": 0,
      "CodeLines": 21
    },
    {
      "File": "src/Flows/Recursion/Flow_00017.cs",
      "Lines": 29,
      "BlankLines": 5,
      "Comments": 3,
      "CodeLines": 21
    },
    {
      "File": "src/Flows/Reflection/Flow_00062.cs",
      "Lines": 34,
      "BlankLines": 8,
      "Comments": 5,
      "CodeLines": 21
    },
    {
      "File": "src/Model/MProxy.cs",
      "Lines": 23,
      "BlankLines": 3,
      "Comments": 0,
      "CodeLines": 20
    },
    {
      "File": "src/Flows/Context-Sensitivity/Flow_00010.cs",
      "Lines": 27,
      "BlankLines": 4,
      "Comments": 3,
      "CodeLines": 20
    },
    {
      "File": "src/Flows/Aggregates/Flow_00049.cs",
      "Lines": 23,
      "BlankLines": 1,
      "Comments": 3,
      "CodeLines": 19
    },
    {
      "File": "src/Flows/Polymorphism/Flow_00022.cs",
      "Lines": 30,
      "BlankLines": 8,
      "Comments": 3,
      "CodeLines": 19
    },
    {
      "File": "src/Flows/Miscellaneous/Flow_00079.cs",
      "Lines": 25,
      "BlankLines": 3,
      "Comments": 3,
      "CodeLines": 19
    },
    {
      "File": "src/Flows/Points-To-Analysis/Flow_00075.cs",
      "Lines": 28,
      "BlankLines": 6,
      "Comments": 3,
      "CodeLines": 19
    },
    {
      "File": "src/Model/IWeatherService.cs",
      "Lines": 21,
      "BlankLines": 2,
      "Comments": 0,
      "CodeLines": 19
    },
    {
      "File": "src/Flows/Aggregates/Flow_00005.cs",
      "Lines": 24,
      "BlankLines": 2,
      "Comments": 3,
      "CodeLines": 19
    },
    {
      "File": "src/Flows/Aggregates/Flow_00006.cs",
      "Lines": 23,
      "BlankLines": 1,
      "Comments": 3,
      "CodeLines": 19
    },
    {
      "File": "src/Flows/Aggregates/Flow_00054.cs",
      "Lines": 23,
      "BlankLines": 1,
      "Comments": 3,
      "CodeLines": 19
    },
    {
      "File": "src/Flows/Loops/Flow_00016.cs",
      "Lines": 27,
      "BlankLines": 5,
      "Comments": 3,
      "CodeLines": 19
    },
    {
      "File": "src/Flows/Aggregates/Flow_00050.cs",
      "Lines": 23,
      "BlankLines": 1,
      "Comments": 3,
      "CodeLines": 19
    },
    {
      "File": "src/Flows/Aggregates/Flow_00051.cs",
      "Lines": 23,
      "BlankLines": 1,
      "Comments": 3,
      "CodeLines": 19
    },
    {
      "File": "src/Flows/PassByReference/Flow_00013.cs",
      "Lines": 25,
      "BlankLines": 3,
      "Comments": 3,
      "CodeLines": 19
    },
    {
      "File": "src/Flows/Aggregates/Flow_00053.cs",
      "Lines": 23,
      "BlankLines": 1,
      "Comments": 3,
      "CodeLines": 19
    },
    {
      "File": "src/Flows/Unreachable Flow/Flow_00040.cs",
      "Lines": 24,
      "BlankLines": 2,
      "Comments": 3,
      "CodeLines": 19
    },
    {
      "File": "src/Flows/String-Operations/Flow_00039.cs",
      "Lines": 26,
      "BlankLines": 4,
      "Comments": 3,
      "CodeLines": 19
    },
    {
      "File": "src/Flows/Aggregates/Flow_00052.cs",
      "Lines": 23,
      "BlankLines": 1,
      "Comments": 3,
      "CodeLines": 19
    },
    {
      "File": "src/Flows/Inline-Instantiations/Flow_00063.cs",
      "Lines": 24,
      "BlankLines": 3,
      "Comments": 3,
      "CodeLines": 18
    },
    {
      "File": "src/Model/DataSource.cs",
      "Lines": 20,
      "BlankLines": 2,
      "Comments": 0,
      "CodeLines": 18
    },
    {
      "File": "src/Model/Framework.cs",
      "Lines": 22,
      "BlankLines": 2,
      "Comments": 2,
      "CodeLines": 18
    },
    {
      "File": "src/Flows/Polymorphism/Flow_00076.cs",
      "Lines": 24,
      "BlankLines": 3,
      "Comments": 3,
      "CodeLines": 18
    },
    {
      "File": "src/Flows/Miscellaneous/Flow_00081.cs",
      "Lines": 22,
      "BlankLines": 1,
      "Comments": 3,
      "CodeLines": 18
    },
    {
      "File": "src/Flows/PassByReference/Flow_00012.cs",
      "Lines": 24,
      "BlankLines": 3,
      "Comments": 3,
      "CodeLines": 18
    },
    {
      "File": "src/Flows/Points-To-Analysis/Flow_00057.cs",
      "Lines": 25,
      "BlankLines": 4,
      "Comments": 3,
      "CodeLines": 18
    },
    {
      "File": "src/Flows/Points-To-Analysis/Flow_00056.cs",
      "Lines": 25,
      "BlankLines": 4,
      "Comments": 3,
      "CodeLines": 18
    },
    {
      "File": "src/Flows/Exceptions/Flow_00037.cs",
      "Lines": 22,
      "BlankLines": 1,
      "Comments": 3,
      "CodeLines": 18
    },
    {
      "File": "src/Flows/Points-To-Analysis/Flow_00055.cs",
      "Lines": 25,
      "BlankLines": 4,
      "Comments": 3,
      "CodeLines": 18
    },
    {
      "File": "src/Flows/Inline-Instantiations/Flow_00064.cs",
      "Lines": 22,
      "BlankLines": 2,
      "Comments": 3,
      "CodeLines": 17
    },
    {
      "File": "src/Flows/Flow-Sensitivity/Flow_00071.cs",
      "Lines": 23,
      "BlankLines": 3,
      "Comments": 3,
      "CodeLines": 17
    },
    {
      "File": "src/Flows/Nested-Calls/Flow_00018.cs",
      "Lines": 24,
      "BlankLines": 4,
      "Comments": 3,
      "CodeLines": 17
    },
    {
      "File": "src/Flows/Points-To-Analysis/Flow_00033.cs",
      "Lines": 28,
      "BlankLines": 8,
      "Comments": 3,
      "CodeLines": 17
    },
    {
      "File": "src/Flows/Points-To-Analysis/Flow_00065.cs",
      "Lines": 27,
      "BlankLines": 7,
      "Comments": 3,
      "CodeLines": 17
    },
    {
      "File": "src/Flows/Miscellaneous/Flow_00073.cs",
      "Lines": 28,
      "BlankLines": 7,
      "Comments": 4,
      "CodeLines": 17
    },
    {
      "File": "src/Flows/Flow-Sensitivity/Flow_00070.cs",
      "Lines": 23,
      "BlankLines": 3,
      "Comments": 3,
      "CodeLines": 17
    },
    {
      "File": "src/Flows/Simple/Flow_00011.cs",
      "Lines": 21,
      "BlankLines": 2,
      "Comments": 3,
      "CodeLines": 16
    },
    {
      "File": "src/Flows/PassByReference/Flow_00030.cs",
      "Lines": 23,
      "BlankLines": 4,
      "Comments": 3,
      "CodeLines": 16
    },
    {
      "File": "src/Flows/Context-Sensitivity/Flow_00009.cs",
      "Lines": 21,
      "BlankLines": 2,
      "Comments": 3,
      "CodeLines": 16
    },
    {
      "File": "src/Flows/Points-To-Analysis/Flow_00058.cs",
      "Lines": 23,
      "BlankLines": 4,
      "Comments": 3,
      "CodeLines": 16
    },
    {
      "File": "src/Flows/Lambda-Functions/Flow_00077.cs",
      "Lines": 23,
      "BlankLines": 4,
      "Comments": 3,
      "CodeLines": 16
    },
    {
      "File": "src/Flows/Flow-Sensitivity/Flow_00059.cs",
      "Lines": 22,
      "BlankLines": 3,
      "Comments": 3,
      "CodeLines": 16
    },
    {
      "File": "src/Flows/Regular Expression/Flow_00042.cs",
      "Lines": 27,
      "BlankLines": 6,
      "Comments": 5,
      "CodeLines": 16
    },
    {
      "File": "src/Flows/Flow-Sensitivity/Flow_00066.cs",
      "Lines": 22,
      "BlankLines": 3,
      "Comments": 3,
      "CodeLines": 16
    },
    {
      "File": "src/Flows/PassByReference/Flow_00029.cs",
      "Lines": 22,
      "BlankLines": 3,
      "Comments": 3,
      "CodeLines": 16
    },
    {
      "File": "src/Flows/Path-Sensitivity/Flow_00008.cs",
      "Lines": 19,
      "BlankLines": 1,
      "Comments": 3,
      "CodeLines": 15
    },
    {
      "File": "src/Flows/Polymorphism/Flow_00021.cs",
      "Lines": 22,
      "BlankLines": 4,
      "Comments": 3,
      "CodeLines": 15
    },
    {
      "File": "src/Flows/Path-Sensitivity/Flow_00007.cs",
      "Lines": 18,
      "BlankLines": 0,
      "Comments": 3,
      "CodeLines": 15
    },
    {
      "File": "src/Properties/AssemblyInfo.cs",
      "Lines": 36,
      "BlankLines": 4,
      "Comments": 17,
      "CodeLines": 15
    },
    {
      "File": "src/Flows/Miscellaneous/Flow_00080.cs",
      "Lines": 20,
      "BlankLines": 2,
      "Comments": 3,
      "CodeLines": 15
    },
    {
      "File": "src/Flows/Flow-Sensitivity/Flow_00068.cs",
      "Lines": 22,
      "BlankLines": 4,
      "Comments": 3,
      "CodeLines": 15
    },
    {
      "File": "src/Flows/Lambda-Functions/Flow_00060.cs",
      "Lines": 23,
      "BlankLines": 5,
      "Comments": 3,
      "CodeLines": 15
    },
    {
      "File": "src/Flows/Lambda-Functions/Flow_00061.cs",
      "Lines": 22,
      "BlankLines": 4,
      "Comments": 3,
      "CodeLines": 15
    },
    {
      "File": "src/Flows/Points-To-Analysis/Flow_00045.cs",
      "Lines": 23,
      "BlankLines": 5,
      "Comments": 3,
      "CodeLines": 15
    },
    {
      "File": "src/Flows/Miscellaneous/Flow_00072.cs",
      "Lines": 23,
      "BlankLines": 4,
      "Comments": 4,
      "CodeLines": 15
    },
    {
      "File": "src/Flows/Getter-Setter/Flow_00019.cs",
      "Lines": 21,
      "BlankLines": 4,
      "Comments": 3,
      "CodeLines": 14
    },
    {
      "File": "src/Flows/Points-To-Analysis/Flow_00067.cs",
      "Lines": 20,
      "BlankLines": 3,
      "Comments": 3,
      "CodeLines": 14
    },
    {
      "File": "src/Flows/Field-Sensitivity/Flow_00003.cs",
      "Lines": 19,
      "BlankLines": 2,
      "Comments": 3,
      "CodeLines": 14
    },
    {
      "File": "src/Flows/Field-Sensitivity/Flow_00004.cs",
      "Lines": 19,
      "BlankLines": 2,
      "Comments": 3,
      "CodeLines": 14
    },
    {
      "File": "src/Flows/Points-To-Analysis/Flow_00032.cs",
      "Lines": 20,
      "BlankLines": 3,
      "Comments": 3,
      "CodeLines": 14
    },
    {
      "File": "src/Flows/Static-Variable/Flow_00031.cs",
      "Lines": 19,
      "BlankLines": 3,
      "Comments": 3,
      "CodeLines": 13
    },
    {
      "File": "src/Model/Machine.cs",
      "Lines": 14,
      "BlankLines": 1,
      "Comments": 0,
      "CodeLines": 13
    },
    {
      "File": "src/Flows/Field-Sensitivity/Flow_00069.cs",
      "Lines": 20,
      "BlankLines": 4,
      "Comments": 3,
      "CodeLines": 13
    },
    {
      "File": "src/Flows/Getter-Setter/Flow_00020.cs",
      "Lines": 20,
      "BlankLines": 4,
      "Comments": 3,
      "CodeLines": 13
    },
    {
      "File": "src/Flows/Flow-Sensitivity/Flow_00034.cs",
      "Lines": 17,
      "BlankLines": 2,
      "Comments": 3,
      "CodeLines": 12
    },
    {
      "File": "src/Flows/String-Operations/Flow_00041.cs",
      "Lines": 17,
      "BlankLines": 2,
      "Comments": 3,
      "CodeLines": 12
    },
    {
      "File": "src/Flows/Integer Casting/Flow_00028.cs",
      "Lines": 20,
      "BlankLines": 3,
      "Comments": 5,
      "CodeLines": 12
    },
    {
      "File": "src/Flows/Multi-Source-Multi-Sink/Flow_00025.cs",
      "Lines": 16,
      "BlankLines": 2,
      "Comments": 2,
      "CodeLines": 12
    },
    {
      "File": "src/Flows/Simple/Flow_00001.cs",
      "Lines": 15,
      "BlankLines": 1,
      "Comments": 3,
      "CodeLines": 11
    },
    {
      "File": "src/Flows/Multi-Source-Multi-Sink/Flow_00023.cs",
      "Lines": 15,
      "BlankLines": 1,
      "Comments": 3,
      "CodeLines": 11
    },
    {
      "File": "src/Flows/Multi-Source-Multi-Sink/Flow_00026.cs",
      "Lines": 15,
      "BlankLines": 1,
      "Comments": 3,
      "CodeLines": 11
    },
    {
      "File": "src/Flows/Multi-Source-Multi-Sink/Flow_00024.cs",
      "Lines": 16,
      "BlankLines": 2,
      "Comments": 3,
      "CodeLines": 11
    },
    {
      "File": "src/Flows/Simple/Flow_00002.cs",
      "Lines": 13,
      "BlankLines": 0,
      "Comments": 3,
      "CodeLines": 10
    }
  ]
}