{
  "TotalLines": 88578,
  "TotalBlankLines": 10871,
  "TotalComments": 9938,
  "TotalCodeLines": 67769,
  "Results": [
    {
      "File": "TestDriver.Console/wwwroot/lib/bootstrap/dist/css/bootstrap.css",
      "Lines": 6833,
      "BlankLines": 0,
      "Comments": 7,
      "CodeLines": 6826
    },
    {
      "File": "WebApplication1/Content/bootstrap.css",
      "Lines": 6757,
      "BlankLines": 7,
      "Comments": 8,
      "CodeLines": 6742
    },
    {
      "File": "WebApplication1/Scripts/jquery-3.3.1.js",
      "Lines": 10364,
      "BlankLines": 1950,
      "Comments": 1725,
      "CodeLines": 6689
    },
    {
      "File": "TestDriver.Console/wwwroot/lib/jquery/dist/jquery.js",
      "Lines": 10364,
      "BlankLines": 1950,
      "Comments": 1725,
      "CodeLines": 6689
    },
    {
      "File": "WebApplication1/Scripts/jquery-3.3.1.slim.js",
      "Lines": 8269,
      "BlankLines": 1567,
      "Comments": 1396,
      "CodeLines": 5306
    },
    {
      "File": "TestDriver.Console/wwwroot/lib/bootstrap/dist/js/bootstrap.js",
      "Lines": 2580,
      "BlankLines": 617,
      "Comments": 212,
      "CodeLines": 1751
    },
    {
      "File": "TestDriver/Models/MatriceQualification.cs",
      "Lines": 1764,
      "BlankLines": 87,
      "Comments": 0,
      "CodeLines": 1677
    },
    {
      "File": "WebApplication1/Scripts/bootstrap.js",
      "Lines": 2377,
      "BlankLines": 582,
      "Comments": 199,
      "CodeLines": 1596
    },
    {
      "File": "TestDriver/Commons/Account_Crm_V2.cs",
      "Lines": 1606,
      "BlankLines": 130,
      "Comments": 35,
      "CodeLines": 1441
    },
    {
      "File": "TestDriver/Commons/Common.cs",
      "Lines": 1437,
      "BlankLines": 167,
      "Comments": 45,
      "CodeLines": 1225
    },
    {
      "File": "TestDriver.Console/wwwroot/lib/jquery-validation/dist/jquery.validate.js",
      "Lines": 1600,
      "BlankLines": 234,
      "Comments": 183,
      "CodeLines": 1183
    },
    {
      "File": "WebApplication1/Scripts/jquery.validate.js",
      "Lines": 1600,
      "BlankLines": 234,
      "Comments": 183,
      "CodeLines": 1183
    },
    {
      "File": "TestDriver/Commons/Requete_Ticketing.cs",
      "Lines": 1047,
      "BlankLines": 84,
      "Comments": 5,
      "CodeLines": 958
    },
    {
      "File": "TestDriver/Commons/ClassElements.cs",
      "Lines": 1499,
      "BlankLines": 511,
      "Comments": 34,
      "CodeLines": 954
    },
    {
      "File": "WebApplication1/Scripts/jquery.validate-vsdoc.js",
      "Lines": 1288,
      "BlankLines": 147,
      "Comments": 216,
      "CodeLines": 925
    },
    {
      "File": "TICKETING/TICKETING/CaseTest/TICKETING.cs",
      "Lines": 943,
      "BlankLines": 46,
      "Comments": 2,
      "CodeLines": 895
    },
    {
      "File": "CRM1_TICKETING_LOT1/TICKETING/CaseTest/TICKETING_LOT1.cs",
      "Lines": 932,
      "BlankLines": 46,
      "Comments": 3,
      "CodeLines": 883
    },
    {
      "File": "ACTIVATION_COMPTE_BRT/SUMMER20/CaseTest/SUMMER20.cs",
      "Lines": 934,
      "BlankLines": 51,
      "Comments": 4,
      "CodeLines": 879
    },
    {
      "File": "ASSOCIATION_PUDO_CONTACT/SUMMER20/CaseTest/SUMMER20.cs",
      "Lines": 934,
      "BlankLines": 51,
      "Comments": 4,
      "CodeLines": 879
    },
    {
      "File": "TestDriver/Commons/Compte.cs",
      "Lines": 928,
      "BlankLines": 64,
      "Comments": 44,
      "CodeLines": 820
    },
    {
      "File": "TestDriver/Commons/Prospects_Crm_V2.cs",
      "Lines": 840,
      "BlankLines": 114,
      "Comments": 12,
      "CodeLines": 714
    },
    {
      "File": "CRM2_02_ACCOUNT_CORE/ACCOUNT_CONFORMITE/ACCOUNTS.cs",
      "Lines": 803,
      "BlankLines": 66,
      "Comments": 42,
      "CodeLines": 695
    },
    {
      "File": "TestDriver.Console/wwwroot/lib/jquery-validation/dist/additional-methods.js",
      "Lines": 1157,
      "BlankLines": 136,
      "Comments": 383,
      "CodeLines": 638
    },
    {
      "File": "WebApplication1/Scripts/jquery-3.3.1.intellisense.js",
      "Lines": 2670,
      "BlankLines": 8,
      "Comments": 2048,
      "CodeLines": 614
    },
    {
      "File": "WebApplication1/Scripts/modernizr-2.8.3.js",
      "Lines": 1406,
      "BlankLines": 287,
      "Comments": 510,
      "CodeLines": 609
    },
    {
      "File": "CRM2_02_ACCOUNT_ITA/GESTION_COMPTE/ACCOUNTS_IT.cs",
      "Lines": 680,
      "BlankLines": 59,
      "Comments": 28,
      "CodeLines": 593
    },
    {
      "File": "WebApplication1/Content/bootstrap-theme.css",
      "Lines": 587,
      "BlankLines": 0,
      "Comments": 6,
      "CodeLines": 581
    },
    {
      "File": "TestDriver.Console/wwwroot/lib/bootstrap/dist/css/bootstrap-theme.css",
      "Lines": 586,
      "BlankLines": 0,
      "Comments": 5,
      "CodeLines": 581
    },
    {
      "File": "TestDriver.DataAccess/ModelDataAccess/ClassSql.cs",
      "Lines": 742,
      "BlankLines": 176,
      "Comments": 8,
      "CodeLines": 558
    },
    {
      "File": "CRM2_02_ACCOUNT_PRT/GESTION_COMPTE_PRT/COMPTE_PRT.cs",
      "Lines": 627,
      "BlankLines": 54,
      "Comments": 23,
      "CodeLines": 550
    },
    {
      "File": "CRM2_01_LEAD_CORE/FICHE_PROSPECT/PROSPECT.cs",
      "Lines": 614,
      "BlankLines": 48,
      "Comments": 32,
      "CodeLines": 534
    },
    {
      "File": "CRM2_02_ACCOUNT_SVK/GESTION_COMPTE_SVK/ACCOUNT_SVK.cs",
      "Lines": 535,
      "BlankLines": 51,
      "Comments": 19,
      "CodeLines": 465
    },
    {
      "File": "TestDriver/CRM/FLUX_RESEAUX/CaseTest/FLUX_RESEAUX.cs",
      "Lines": 497,
      "BlankLines": 40,
      "Comments": 7,
      "CodeLines": 450
    },
    {
      "File": "LIENS/LIENS/CaseTest/LIENS.cs",
      "Lines": 469,
      "BlankLines": 22,
      "Comments": 19,
      "CodeLines": 428
    },
    {
      "File": "TestDriver.DataAccess/ModelDataAccess/ClassOracle.cs",
      "Lines": 494,
      "BlankLines": 59,
      "Comments": 18,
      "CodeLines": 417
    },
    {
      "File": "TestDriver/Commons/Requete.cs",
      "Lines": 372,
      "BlankLines": 28,
      "Comments": 9,
      "CodeLines": 335
    },
    {
      "File": "CRM2_00_GUIDES_CORE/POLOTAGE_GUIDES/GUIDES.cs",
      "Lines": 375,
      "BlankLines": 37,
      "Comments": 3,
      "CodeLines": 335
    },
    {
      "File": "CRM2_01_LEAD_ITA/FICHE_PROSPECT/PROSPECT_IT.cs",
      "Lines": 372,
      "BlankLines": 31,
      "Comments": 10,
      "CodeLines": 331
    },
    {
      "File": "CRM2_01_LEAD_PRT/PROSPECT_PRT/PROSPECT_PRT.cs",
      "Lines": 378,
      "BlankLines": 32,
      "Comments": 16,
      "CodeLines": 330
    },
    {
      "File": "CRM2_01_LEAD_SVK/PROSPECT_SVK/PROSPECT_SVK.cs",
      "Lines": 373,
      "BlankLines": 30,
      "Comments": 18,
      "CodeLines": 325
    },
    {
      "File": "TestDriver/Commons/CreationPudoEnMasse.cs",
      "Lines": 324,
      "BlankLines": 17,
      "Comments": 0,
      "CodeLines": 307
    },
    {
      "File": "TestDriver.Console/wwwroot/lib/jquery-validation-unobtrusive/jquery.validate.unobtrusive.js",
      "Lines": 430,
      "BlankLines": 53,
      "Comments": 72,
      "CodeLines": 305
    },
    {
      "File": "WebApplication1/Scripts/jquery.validate.unobtrusive.js",
      "Lines": 428,
      "BlankLines": 51,
      "Comments": 84,
      "CodeLines": 293
    },
    {
      "File": "TestDriver/Commons/Items_Crm_V2.cs",
      "Lines": 297,
      "BlankLines": 18,
      "Comments": 0,
      "CodeLines": 279
    },
    {
      "File": "CRM2_02_ACCOUNT_DE/GESTION_COMPTE/ACCOUNT_DE.cs",
      "Lines": 291,
      "BlankLines": 19,
      "Comments": 2,
      "CodeLines": 270
    },
    {
      "File": "CRM2_01_LEAD_DE/FICHE_PROSPECT/PROSPECT_DE.cs",
      "Lines": 249,
      "BlankLines": 21,
      "Comments": 6,
      "CodeLines": 222
    },
    {
      "File": "TestDriver/Commons/Login.cs",
      "Lines": 266,
      "BlankLines": 45,
      "Comments": 3,
      "CodeLines": 218
    },
    {
      "File": "TestDriver/Commons/PresetAnimations.cs",
      "Lines": 243,
      "BlankLines": 21,
      "Comments": 8,
      "CodeLines": 214
    },
    {
      "File": "TestDriver/Commons/Guides_Crm_V2.cs",
      "Lines": 230,
      "BlankLines": 15,
      "Comments": 2,
      "CodeLines": 213
    },
    {
      "File": "TestDriver/Commons/Adresse_V2.cs",
      "Lines": 224,
      "BlankLines": 20,
      "Comments": 0,
      "CodeLines": 204
    },
    {
      "File": "CAMPAGNE/CAMPAGNE/CaseTest/CAMPAGNEs_PONCTUELLES.cs",
      "Lines": 238,
      "BlankLines": 19,
      "Comments": 16,
      "CodeLines": 203
    },
    {
      "File": "TestDriver/Commons/PresetOffers.cs",
      "Lines": 221,
      "BlankLines": 28,
      "Comments": 8,
      "CodeLines": 185
    },
    {
      "File": "TestDriver.DataAccess/ModelDataAccess/RefPudo.cs",
      "Lines": 219,
      "BlankLines": 16,
      "Comments": 31,
      "CodeLines": 172
    },
    {
      "File": "CAMPAGNE/CAMPAGNE/CaseTest/INDISPO_PROBLEME_OPERATIONNEL.cs",
      "Lines": 201,
      "BlankLines": 19,
      "Comments": 18,
      "CodeLines": 164
    },
    {
      "File": "CAMPAGNE/CAMPAGNE/CaseTest/DISPONIBILITES.cs",
      "Lines": 191,
      "BlankLines": 15,
      "Comments": 17,
      "CodeLines": 159
    },
    {
      "File": "CRM2_02_ACCOUNT_SVK/PROSPECT_SVK/PROSPECT_SVK.cs",
      "Lines": 175,
      "BlankLines": 15,
      "Comments": 7,
      "CodeLines": 153
    },
    {
      "File": "CAMPAGNE/CAMPAGNE/CaseTest/SYNCHRONISATION.cs",
      "Lines": 174,
      "BlankLines": 11,
      "Comments": 11,
      "CodeLines": 152
    },
    {
      "File": "TestDriver/Commons/Case_Crm_V2.cs",
      "Lines": 161,
      "BlankLines": 9,
      "Comments": 2,
      "CodeLines": 150
    },
    {
      "File": "CAMPAGNE/CAMPAGNE/CaseTest/INDISPO_PROBLEME_PDA.cs",
      "Lines": 174,
      "BlankLines": 10,
      "Comments": 16,
      "CodeLines": 148
    },
    {
      "File": "WebApplication1/Controllers/HomeController.cs",
      "Lines": 225,
      "BlankLines": 54,
      "Comments": 26,
      "CodeLines": 145
    },
    {
      "File": "TestDriver/Commons/Contact_Crm-V2.cs",
      "Lines": 133,
      "BlankLines": 7,
      "Comments": 0,
      "CodeLines": 126
    },
    {
      "File": "WebApplication1/Views/Home/Historique.cshtml",
      "Lines": 149,
      "BlankLines": 24,
      "Comments": 2,
      "CodeLines": 123
    },
    {
      "File": "TestDriver/Models/QualificationNiveau_2.cs",
      "Lines": 158,
      "BlankLines": 35,
      "Comments": 0,
      "CodeLines": 123
    },
    {
      "File": "WebApplication1/Views/Home/Project.cshtml",
      "Lines": 139,
      "BlankLines": 19,
      "Comments": 0,
      "CodeLines": 120
    },
    {
      "File": "TestDriver/Commons/ActivationCompteBrt.cs",
      "Lines": 136,
      "BlankLines": 17,
      "Comments": 1,
      "CodeLines": 118
    },
    {
      "File": "CRM2_00_SECTORS_CORE/SECTORS/SECTORS.cs",
      "Lines": 127,
      "BlankLines": 16,
      "Comments": 2,
      "CodeLines": 109
    },
    {
      "File": "TestDriver/Commons/Sectors_Crm_V2.cs",
      "Lines": 109,
      "BlankLines": 2,
      "Comments": 0,
      "CodeLines": 107
    },
    {
      "File": "TestDriver/Commons/LaunchApp.cs",
      "Lines": 127,
      "BlankLines": 27,
      "Comments": 0,
      "CodeLines": 100
    },
    {
      "File": "TestDriver/Commons/Approval_Request_V2.cs",
      "Lines": 106,
      "BlankLines": 6,
      "Comments": 1,
      "CodeLines": 99
    },
    {
      "File": "TestDriver/Commons/Tasks_V2.cs",
      "Lines": 103,
      "BlankLines": 11,
      "Comments": 0,
      "CodeLines": 92
    },
    {
      "File": "ASSOCIATION_PUDO_CONTACT/ASSO_PUDO_CONTACT.cs",
      "Lines": 105,
      "BlankLines": 9,
      "Comments": 5,
      "CodeLines": 91
    },
    {
      "File": "TestDriver/Commons/Contact_Ticketing.cs",
      "Lines": 102,
      "BlankLines": 11,
      "Comments": 1,
      "CodeLines": 90
    },
    {
      "File": "CAMPAGNE/CAMPAGNE/CaseTest/INJOIGNABLES.cs",
      "Lines": 98,
      "BlankLines": 6,
      "Comments": 3,
      "CodeLines": 89
    },
    {
      "File": "CRM1_TICKETING_LOT2/TICKETING/TICKETING_LOT2_V1.cs",
      "Lines": 99,
      "BlankLines": 9,
      "Comments": 2,
      "CodeLines": 88
    },
    {
      "File": "CRM2_02_ACCOUNT_CORE/ACCOUNT_CONFORMITE/CONTACT.cs",
      "Lines": 97,
      "BlankLines": 10,
      "Comments": 3,
      "CodeLines": 84
    },
    {
      "File": "CRM2_02_ACCOUNT_ITA/GESTION_COMPTE/CONTACT.cs",
      "Lines": 97,
      "BlankLines": 10,
      "Comments": 3,
      "CodeLines": 84
    },
    {
      "File": "CRM2_00_PRESET_CORE/PRESET_CRM2/PRESET_OFFERS.cs",
      "Lines": 92,
      "BlankLines": 10,
      "Comments": 4,
      "CodeLines": 78
    },
    {
      "File": "CRM2_00_PRESET_CORE/PRESET_CRM2/PRESET_ANIMATIONS.cs",
      "Lines": 88,
      "BlankLines": 7,
      "Comments": 4,
      "CodeLines": 77
    },
    {
      "File": "TestDriver.Console/Controllers/ModulesController.cs",
      "Lines": 101,
      "BlankLines": 16,
      "Comments": 11,
      "CodeLines": 74
    },
    {
      "File": "CREATION_EN_MASSE/CREATION_PUDO_EN_MASSE.cs",
      "Lines": 86,
      "BlankLines": 13,
      "Comments": 3,
      "CodeLines": 70
    },
    {
      "File": "ACTIVATION_COMPTE_BRT/ACTIVATION_COMPTE.cs",
      "Lines": 77,
      "BlankLines": 5,
      "Comments": 3,
      "CodeLines": 69
    },
    {
      "File": "TestDriver.Console/Views/Shared/_Layout.cshtml",
      "Lines": 74,
      "BlankLines": 5,
      "Comments": 0,
      "CodeLines": 69
    },
    {
      "File": "TestDriver/Commons/Compte_Ticketing.cs",
      "Lines": 101,
      "BlankLines": 10,
      "Comments": 23,
      "CodeLines": 68
    },
    {
      "File": "TestDriver/CustomDriver.cs",
      "Lines": 95,
      "BlankLines": 16,
      "Comments": 12,
      "CodeLines": 67
    },
    {
      "File": "TestDriver/Commons/PicktalkFlowlaunch.cs",
      "Lines": 82,
      "BlankLines": 16,
      "Comments": 0,
      "CodeLines": 66
    },
    {
      "File": "TestDriver/Commons/Prospect.cs",
      "Lines": 69,
      "BlankLines": 8,
      "Comments": 0,
      "CodeLines": 61
    },
    {
      "File": "TestDriver/Commons/AccountCrmV2.cs",
      "Lines": 64,
      "BlankLines": 4,
      "Comments": 0,
      "CodeLines": 60
    },
    {
      "File": "WebApplication1/Views/Home/CrmV1.cshtml",
      "Lines": 61,
      "BlankLines": 4,
      "Comments": 0,
      "CodeLines": 57
    },
    {
      "File": "WebApplication1/Scripts/chart.js",
      "Lines": 84,
      "BlankLines": 7,
      "Comments": 20,
      "CodeLines": 57
    },
    {
      "File": "WebApplication1/Views/Home/Index.cshtml",
      "Lines": 69,
      "BlankLines": 14,
      "Comments": 0,
      "CodeLines": 55
    },
    {
      "File": "TestDriver.Console/Startup.cs",
      "Lines": 63,
      "BlankLines": 8,
      "Comments": 3,
      "CodeLines": 52
    },
    {
      "File": "WebApplication1/Scripts/dashbord.js",
      "Lines": 65,
      "BlankLines": 13,
      "Comments": 3,
      "CodeLines": 49
    },
    {
      "File": "TestDriver/Commons/Accueil_Ticketing.cs",
      "Lines": 56,
      "BlankLines": 8,
      "Comments": 0,
      "CodeLines": 48
    },
    {
      "File": "WebApplication1/Models/CRM.cs",
      "Lines": 138,
      "BlankLines": 9,
      "Comments": 84,
      "CodeLines": 45
    },
    {
      "File": "TestDriver.Console/Style/Style-home.css",
      "Lines": 51,
      "BlankLines": 7,
      "Comments": 0,
      "CodeLines": 44
    },
    {
      "File": "WebApplication1/Views/Shared/_Layout.cshtml",
      "Lines": 43,
      "BlankLines": 1,
      "Comments": 0,
      "CodeLines": 42
    },
    {
      "File": "TestDriver.Console/Views/Shared/_CookieConsentPartial.cshtml",
      "Lines": 40,
      "BlankLines": 2,
      "Comments": 0,
      "CodeLines": 38
    },
    {
      "File": "TestDriver.Console/Controllers/HomeController.cs",
      "Lines": 43,
      "BlankLines": 7,
      "Comments": 0,
      "CodeLines": 36
    },
    {
      "File": "TestDriver/Models/pudo_JDD.cs",
      "Lines": 37,
      "BlankLines": 3,
      "Comments": 0,
      "CodeLines": 34
    },
    {
      "File": "TestDriver/Commons/Env_Config.cs",
      "Lines": 37,
      "BlankLines": 4,
      "Comments": 0,
      "CodeLines": 33
    },
    {
      "File": "TestDriver/Commons/Excel.cs",
      "Lines": 48,
      "BlankLines": 6,
      "Comments": 10,
      "CodeLines": 32
    },
    {
      "File": "TestDriver.Console/wwwroot/css/site.css",
      "Lines": 37,
      "BlankLines": 5,
      "Comments": 7,
      "CodeLines": 25
    },
    {
      "File": "TestDriver/Commons/Contact.cs",
      "Lines": 27,
      "BlankLines": 3,
      "Comments": 0,
      "CodeLines": 24
    },
    {
      "File": "azure-pipelines.yml",
      "Lines": 34,
      "BlankLines": 7,
      "Comments": 4,
      "CodeLines": 23
    },
    {
      "File": "WebApplication1/Models/TestResult.cs",
      "Lines": 26,
      "BlankLines": 3,
      "Comments": 0,
      "CodeLines": 23
    },
    {
      "File": "TestDriver.Console/Program.cs",
      "Lines": 24,
      "BlankLines": 2,
      "Comments": 0,
      "CodeLines": 22
    },
    {
      "File": "WebApplication1/App_Start/BundleConfig.cs",
      "Lines": 30,
      "BlankLines": 5,
      "Comments": 3,
      "CodeLines": 22
    },
    {
      "File": "WebApplication1/App_Start/RouteConfig.cs",
      "Lines": 23,
      "BlankLines": 2,
      "Comments": 0,
      "CodeLines": 21
    },
    {
      "File": "WebApplication1/Global.asax.cs",
      "Lines": 21,
      "BlankLines": 1,
      "Comments": 0,
      "CodeLines": 20
    },
    {
      "File": "TestDriver.Console/Views/Shared/Error.cshtml",
      "Lines": 22,
      "BlankLines": 3,
      "Comments": 0,
      "CodeLines": 19
    },
    {
      "File": "TestDriver.Console/Views/Shared/_ValidationScriptsPartial.cshtml",
      "Lines": 18,
      "BlankLines": 0,
      "Comments": 0,
      "CodeLines": 18
    },
    {
      "File": "WebApplication1/Controllers/LaunchTestController.cs",
      "Lines": 21,
      "BlankLines": 2,
      "Comments": 2,
      "CodeLines": 17
    },
    {
      "File": "WebApplication1/Models/Project.cs",
      "Lines": 19,
      "BlankLines": 2,
      "Comments": 0,
      "CodeLines": 17
    },
    {
      "File": "WebApplication1/Models/ProjectDetails.cs",
      "Lines": 17,
      "BlankLines": 1,
      "Comments": 0,
      "CodeLines": 16
    },
    {
      "File": "WebApplication1/Content/Site.css",
      "Lines": 24,
      "BlankLines": 3,
      "Comments": 5,
      "CodeLines": 16
    },
    {
      "File": "CRM2_02_ACCOUNT_CORE/Properties/AssemblyInfo.cs",
      "Lines": 20,
      "BlankLines": 4,
      "Comments": 1,
      "CodeLines": 15
    },
    {
      "File": "CRM2_01_LEAD_CORE/Properties/AssemblyInfo.cs",
      "Lines": 20,
      "BlankLines": 4,
      "Comments": 1,
      "CodeLines": 15
    },
    {
      "File": "TestDriver/Properties/AssemblyInfo.cs",
      "Lines": 20,
      "BlankLines": 4,
      "Comments": 1,
      "CodeLines": 15
    },
    {
      "File": "ACTIVATION_COMPTE_BRT/Properties/AssemblyInfo.cs",
      "Lines": 20,
      "BlankLines": 4,
      "Comments": 1,
      "CodeLines": 15
    },
    {
      "File": "ASSOCIATION_PUDO_CONTACT/Properties/AssemblyInfo.cs",
      "Lines": 20,
      "BlankLines": 4,
      "Comments": 1,
      "CodeLines": 15
    },
    {
      "File": "CAMPAGNE/Properties/AssemblyInfo.cs",
      "Lines": 20,
      "BlankLines": 4,
      "Comments": 1,
      "CodeLines": 15
    },
    {
      "File": "CREATION_EN_MASSE/Properties/AssemblyInfo.cs",
      "Lines": 20,
      "BlankLines": 4,
      "Comments": 1,
      "CodeLines": 15
    },
    {
      "File": "CRM1_TICKETING_LOT1/Properties/AssemblyInfo.cs",
      "Lines": 20,
      "BlankLines": 4,
      "Comments": 1,
      "CodeLines": 15
    },
    {
      "File": "CRM1_TICKETING_LOT2/Properties/AssemblyInfo.cs",
      "Lines": 20,
      "BlankLines": 4,
      "Comments": 1,
      "CodeLines": 15
    },
    {
      "File": "CRM2_00_GUIDES_CORE/Properties/AssemblyInfo.cs",
      "Lines": 20,
      "BlankLines": 4,
      "Comments": 1,
      "CodeLines": 15
    },
    {
      "File": "CRM2_00_PRESET_CORE/Properties/AssemblyInfo.cs",
      "Lines": 20,
      "BlankLines": 4,
      "Comments": 1,
      "CodeLines": 15
    },
    {
      "File": "CRM2_00_SECTORS_CORE/Properties/AssemblyInfo.cs",
      "Lines": 20,
      "BlankLines": 4,
      "Comments": 1,
      "CodeLines": 15
    },
    {
      "File": "CRM2_01_LEAD_DE/Properties/AssemblyInfo.cs",
      "Lines": 20,
      "BlankLines": 4,
      "Comments": 1,
      "CodeLines": 15
    },
    {
      "File": "CRM2_01_LEAD_ITA/Properties/AssemblyInfo.cs",
      "Lines": 20,
      "BlankLines": 4,
      "Comments": 1,
      "CodeLines": 15
    },
    {
      "File": "CRM2_01_LEAD_PRT/Properties/AssemblyInfo.cs",
      "Lines": 20,
      "BlankLines": 4,
      "Comments": 1,
      "CodeLines": 15
    },
    {
      "File": "CRM2_01_LEAD_SVK/Properties/AssemblyInfo.cs",
      "Lines": 20,
      "BlankLines": 4,
      "Comments": 1,
      "CodeLines": 15
    },
    {
      "File": "WebApplication1/Properties/AssemblyInfo.cs",
      "Lines": 35,
      "BlankLines": 4,
      "Comments": 16,
      "CodeLines": 15
    },
    {
      "File": "CRM2_02_ACCOUNT_DE/Properties/AssemblyInfo.cs",
      "Lines": 20,
      "BlankLines": 4,
      "Comments": 1,
      "CodeLines": 15
    },
    {
      "File": "TestDriver.Console/Views/Home/Contact.cshtml",
      "Lines": 17,
      "BlankLines": 2,
      "Comments": 0,
      "CodeLines": 15
    },
    {
      "File": "CRM2_02_ACCOUNT_ITA/Properties/AssemblyInfo.cs",
      "Lines": 20,
      "BlankLines": 4,
      "Comments": 1,
      "CodeLines": 15
    },
    {
      "File": "TICKETING/Properties/AssemblyInfo.cs",
      "Lines": 20,
      "BlankLines": 4,
      "Comments": 1,
      "CodeLines": 15
    },
    {
      "File": "CRM2_02_ACCOUNT_PRT/Properties/AssemblyInfo.cs",
      "Lines": 20,
      "BlankLines": 4,
      "Comments": 1,
      "CodeLines": 15
    },
    {
      "File": "CRM2_02_ACCOUNT_SVK/Properties/AssemblyInfo.cs",
      "Lines": 20,
      "BlankLines": 4,
      "Comments": 1,
      "CodeLines": 15
    },
    {
      "File": "TestDriver.DataAccess/ModelDataAccess/NetworkStatus.cs",
      "Lines": 17,
      "BlankLines": 2,
      "Comments": 0,
      "CodeLines": 15
    },
    {
      "File": "TestDriver.DataAccess/Properties/AssemblyInfo.cs",
      "Lines": 36,
      "BlankLines": 4,
      "Comments": 17,
      "CodeLines": 15
    },
    {
      "File": "LIENS/Properties/AssemblyInfo.cs",
      "Lines": 20,
      "BlankLines": 4,
      "Comments": 1,
      "CodeLines": 15
    },
    {
      "File": "TestDriver.DataAccess/ModelDataAccess/SoqlSalesForce.cs",
      "Lines": 17,
      "BlankLines": 2,
      "Comments": 0,
      "CodeLines": 15
    },
    {
      "File": "WebApplication1/Views/Home/Contact.cshtml",
      "Lines": 16,
      "BlankLines": 2,
      "Comments": 0,
      "CodeLines": 14
    },
    {
      "File": "WebApplication1/Views/Shared/Error.cshtml",
      "Lines": 14,
      "BlankLines": 0,
      "Comments": 0,
      "CodeLines": 14
    },
    {
      "File": "TestDriver/Models/UserEnvironment.cs",
      "Lines": 14,
      "BlankLines": 1,
      "Comments": 0,
      "CodeLines": 13
    },
    {
      "File": "TestDriver/Models/userSF.cs",
      "Lines": 14,
      "BlankLines": 1,
      "Comments": 0,
      "CodeLines": 13
    },
    {
      "File": "TestDriver.DataAccess/ModelDataAccess/Carrier.cs",
      "Lines": 16,
      "BlankLines": 3,
      "Comments": 0,
      "CodeLines": 13
    },
    {
      "File": "TestDriver/Models/userInfo.cs",
      "Lines": 14,
      "BlankLines": 1,
      "Comments": 0,
      "CodeLines": 13
    },
    {
      "File": "TestDriver/Models/PudoContactList.cs",
      "Lines": 14,
      "BlankLines": 1,
      "Comments": 0,
      "CodeLines": 13
    },
    {
      "File": "TestDriver/Models/UserRole.cs",
      "Lines": 14,
      "BlankLines": 1,
      "Comments": 0,
      "CodeLines": 13
    },
    {
      "File": "TestDriver.DataAccess/ModelDataAccess/PudoDetail.cs",
      "Lines": 15,
      "BlankLines": 2,
      "Comments": 0,
      "CodeLines": 13
    },
    {
      "File": "TestDriver.DataAccess/ModelDataAccess/projectDetails.cs",
      "Lines": 12,
      "BlankLines": 0,
      "Comments": 0,
      "CodeLines": 12
    },
    {
      "File": "WebApplication1/Models/param.cs",
      "Lines": 13,
      "BlankLines": 1,
      "Comments": 0,
      "CodeLines": 12
    },
    {
      "File": "TestDriver/Models/LeadApprove.cs",
      "Lines": 13,
      "BlankLines": 1,
      "Comments": 0,
      "CodeLines": 12
    },
    {
      "File": "WebApplication1/App_Start/FilterConfig.cs",
      "Lines": 13,
      "BlankLines": 1,
      "Comments": 0,
      "CodeLines": 12
    },
    {
      "File": "TestDriver/Models/EnvData.cs",
      "Lines": 13,
      "BlankLines": 1,
      "Comments": 0,
      "CodeLines": 12
    },
    {
      "File": "TestDriver.Console/wwwroot/lib/bootstrap/dist/js/npm.js",
      "Lines": 12,
      "BlankLines": 0,
      "Comments": 1,
      "CodeLines": 11
    },
    {
      "File": "TestDriver.DataAccess/Data/UserSalesForce.cs",
      "Lines": 12,
      "BlankLines": 1,
      "Comments": 0,
      "CodeLines": 11
    },
    {
      "File": "WebApplication1/Models/DashBord.cs",
      "Lines": 12,
      "BlankLines": 1,
      "Comments": 0,
      "CodeLines": 11
    },
    {
      "File": "WebApplication1/Models/Products.cs",
      "Lines": 12,
      "BlankLines": 1,
      "Comments": 0,
      "CodeLines": 11
    },
    {
      "File": "WebApplication1/Models/dataChart.cs",
      "Lines": 15,
      "BlankLines": 1,
      "Comments": 3,
      "CodeLines": 11
    },
    {
      "File": "WebApplication1/Models/LaunchTests.cs",
      "Lines": 12,
      "BlankLines": 1,
      "Comments": 1,
      "CodeLines": 10
    },
    {
      "File": "TestDriver.Console/Style/Style-home-1.css",
      "Lines": 10,
      "BlankLines": 2,
      "Comments": 0,
      "CodeLines": 8
    },
    {
      "File": "TestDriver.Console/Models/ErrorViewModel.cs",
      "Lines": 10,
      "BlankLines": 2,
      "Comments": 0,
      "CodeLines": 8
    },
    {
      "File": "WebApplication1/Models/ProductsData.cs",
      "Lines": 7,
      "BlankLines": 0,
      "Comments": 0,
      "CodeLines": 7
    },
    {
      "File": "TestDriver.DataAccess/ModelDataAccess/GetRefIndispo.cs",
      "Lines": 7,
      "BlankLines": 0,
      "Comments": 0,
      "CodeLines": 7
    },
    {
      "File": "TestDriver.Console/Views/Home/About.cshtml",
      "Lines": 7,
      "BlankLines": 1,
      "Comments": 0,
      "CodeLines": 6
    },
    {
      "File": "TestDriver.DataAccess/ModelDataAccess/Historical_Date.cs",
      "Lines": 6,
      "BlankLines": 0,
      "Comments": 0,
      "CodeLines": 6
    },
    {
      "File": "WebApplication1/Views/Home/About.cshtml",
      "Lines": 7,
      "BlankLines": 1,
      "Comments": 0,
      "CodeLines": 6
    },
    {
      "File": "TestDriver.DataAccess/System/Web/Hosting.cs",
      "Lines": 6,
      "BlankLines": 0,
      "Comments": 0,
      "CodeLines": 6
    },
    {
      "File": "TestDriver.Console/Views/Home/Privacy.cshtml",
      "Lines": 6,
      "BlankLines": 1,
      "Comments": 0,
      "CodeLines": 5
    },
    {
      "File": "TestDriver.Console/Views/_ViewStart.cshtml",
      "Lines": 3,
      "BlankLines": 0,
      "Comments": 0,
      "CodeLines": 3
    },
    {
      "File": "WebApplication1/Views/_ViewStart.cshtml",
      "Lines": 3,
      "BlankLines": 0,
      "Comments": 0,
      "CodeLines": 3
    },
    {
      "File": "TestDriver.Console/Views/_ViewImports.cshtml",
      "Lines": 3,
      "BlankLines": 0,
      "Comments": 0,
      "CodeLines": 3
    },
    {
      "File": "WebApplication1/Scripts/bootstrap.min.js",
      "Lines": 6,
      "BlankLines": 0,
      "Comments": 5,
      "CodeLines": 1
    },
    {
      "File": "WebApplication1/Scripts/jquery-3.3.1.slim.min.js",
      "Lines": 2,
      "BlankLines": 0,
      "Comments": 1,
      "CodeLines": 1
    },
    {
      "File": "TestDriver.Console/wwwroot/js/site.js",
      "Lines": 4,
      "BlankLines": 1,
      "Comments": 2,
      "CodeLines": 1
    },
    {
      "File": "TestDriver.Console/wwwroot/lib/jquery/dist/jquery.min.js",
      "Lines": 2,
      "BlankLines": 0,
      "Comments": 1,
      "CodeLines": 1
    },
    {
      "File": "WebApplication1/Scripts/jquery-3.3.1.min.js",
      "Lines": 2,
      "BlankLines": 0,
      "Comments": 1,
      "CodeLines": 1
    },
    {
      "File": "TestDriver.Console/wwwroot/lib/jquery-validation-unobtrusive/jquery.validate.unobtrusive.min.js",
      "Lines": 3,
      "BlankLines": 0,
      "Comments": 3,
      "CodeLines": 0
    },
    {
      "File": "WebApplication1/Scripts/jquery.validate.unobtrusive.min.js",
      "Lines": 32,
      "BlankLines": 0,
      "Comments": 32,
      "CodeLines": 0
    },
    {
      "File": "TestDriver.Console/wwwroot/css/site.min.css",
      "Lines": 0,
      "BlankLines": 0,
      "Comments": 0,
      "CodeLines": 0
    },
    {
      "File": "TestDriver.Console/wwwroot/lib/jquery-validation/dist/additional-methods.min.js",
      "Lines": 3,
      "BlankLines": 0,
      "Comments": 3,
      "CodeLines": 0
    },
    {
      "File": "TestDriver.Console/wwwroot/lib/jquery-validation/dist/jquery.validate.min.js",
      "Lines": 3,
      "BlankLines": 0,
      "Comments": 3,
      "CodeLines": 0
    },
    {
      "File": "TestDriver.Console/wwwroot/lib/bootstrap/dist/js/bootstrap.min.js",
      "Lines": 5,
      "BlankLines": 0,
      "Comments": 5,
      "CodeLines": 0
    },
    {
      "File": "TestDriver.Console/Views/Home/Index.cshtml",
      "Lines": 0,
      "BlankLines": 0,
      "Comments": 0,
      "CodeLines": 0
    },
    {
      "File": "TestDriver.Console/wwwroot/lib/bootstrap/dist/css/bootstrap.min.css",
      "Lines": 5,
      "BlankLines": 0,
      "Comments": 5,
      "CodeLines": 0
    },
    {
      "File": "WebApplication1/Content/bootstrap.min.css",
      "Lines": 5,
      "BlankLines": 0,
      "Comments": 5,
      "CodeLines": 0
    },
    {
      "File": "WebApplication1/Content/bootstrap-theme.min.css",
      "Lines": 5,
      "BlankLines": 0,
      "Comments": 5,
      "CodeLines": 0
    },
    {
      "File": "TestDriver.Console/wwwroot/lib/bootstrap/dist/css/bootstrap-theme.min.css",
      "Lines": 5,
      "BlankLines": 0,
      "Comments": 5,
      "CodeLines": 0
    },
    {
      "File": "TestDriver.Console/wwwroot/js/site.min.js",
      "Lines": 0,
      "BlankLines": 0,
      "Comments": 0,
      "CodeLines": 0
    },
    {
      "File": "WebApplication1/Scripts/jquery.validate.min.js",
      "Lines": 3,
      "BlankLines": 0,
      "Comments": 3,
      "CodeLines": 0
    }
  ]
}