{
  "TotalLines": 2404,
  "TotalBlankLines": 99,
  "TotalComments": 162,
  "TotalCodeLines": 2143,
  "Results": [
    {
      "File": "MessagePDA-release.yml",
      "Lines": 507,
      "BlankLines": 53,
      "Comments": 99,
      "CodeLines": 355
    },
    {
      "File": "TEST/common-vars.yml",
      "Lines": 91,
      "BlankLines": 0,
      "Comments": 0,
      "CodeLines": 91
    },
    {
      "File": "DEV/common-vars.yml",
      "Lines": 73,
      "BlankLines": 2,
      "Comments": 0,
      "CodeLines": 71
    },
    {
      "File": "DEVVNEXT/common-vars.yml",
      "Lines": 69,
      "BlankLines": 0,
      "Comments": 0,
      "CodeLines": 69
    },
    {
      "File": "TEST-FIX/common-vars.yml",
      "Lines": 69,
      "BlankLines": 0,
      "Comments": 0,
      "CodeLines": 69
    },
    {
      "File": "UAT/common-vars.yml",
      "Lines": 56,
      "BlankLines": 0,
      "Comments": 0,
      "CodeLines": 56
    },
    {
      "File": "TEST/ActionSchedulerBatchOnceByHour.xml",
      "Lines": 53,
      "BlankLines": 0,
      "Comments": 0,
      "CodeLines": 53
    },
    {
      "File": "QUA/common-vars.yml",
      "Lines": 52,
      "BlankLines": 0,
      "Comments": 0,
      "CodeLines": 52
    },
    {
      "File": "PROD/common-vars.yml",
      "Lines": 52,
      "BlankLines": 0,
      "Comments": 0,
      "CodeLines": 52
    },
    {
      "File": "DEV/PudoRefConsumerBatch.xml",
      "Lines": 50,
      "BlankLines": 0,
      "Comments": 0,
      "CodeLines": 50
    },
    {
      "File": "TEST/ActionSchedulerBatch.xml",
      "Lines": 50,
      "BlankLines": 0,
      "Comments": 0,
      "CodeLines": 50
    },
    {
      "File": "DEV/ExportProducerBatch.xml",
      "Lines": 50,
      "BlankLines": 0,
      "Comments": 0,
      "CodeLines": 50
    },
    {
      "File": "DEV/ActionSchedulerBatch.xml",
      "Lines": 50,
      "BlankLines": 0,
      "Comments": 0,
      "CodeLines": 50
    },
    {
      "File": "QUA/PublicApi-vars.yml",
      "Lines": 43,
      "BlankLines": 3,
      "Comments": 1,
      "CodeLines": 39
    },
    {
      "File": "DEV/PublicApi-vars.yml",
      "Lines": 41,
      "BlankLines": 1,
      "Comments": 1,
      "CodeLines": 39
    },
    {
      "File": "DEVVNEXT/WebApi-vars.yml",
      "Lines": 41,
      "BlankLines": 1,
      "Comments": 1,
      "CodeLines": 39
    },
    {
      "File": "DEVVNEXT/PublicApi-vars.yml",
      "Lines": 41,
      "BlankLines": 1,
      "Comments": 1,
      "CodeLines": 39
    },
    {
      "File": "TEST/PublicApi-vars.yml",
      "Lines": 41,
      "BlankLines": 1,
      "Comments": 1,
      "CodeLines": 39
    },
    {
      "File": "UAT/WebApi-vars.yml",
      "Lines": 42,
      "BlankLines": 2,
      "Comments": 1,
      "CodeLines": 39
    },
    {
      "File": "DEVVNEXT/MessagePda-vars.yml",
      "Lines": 43,
      "BlankLines": 2,
      "Comments": 2,
      "CodeLines": 39
    },
    {
      "File": "DEV/WebApi-vars.yml",
      "Lines": 41,
      "BlankLines": 1,
      "Comments": 1,
      "CodeLines": 39
    },
    {
      "File": "TEST/WebApi-vars.yml",
      "Lines": 41,
      "BlankLines": 1,
      "Comments": 1,
      "CodeLines": 39
    },
    {
      "File": "UAT/PublicApi-vars.yml",
      "Lines": 41,
      "BlankLines": 1,
      "Comments": 1,
      "CodeLines": 39
    },
    {
      "File": "TEST/MessagePda-vars.yml",
      "Lines": 43,
      "BlankLines": 2,
      "Comments": 2,
      "CodeLines": 39
    },
    {
      "File": "UAT/MessagePda-vars.yml",
      "Lines": 43,
      "BlankLines": 2,
      "Comments": 2,
      "CodeLines": 39
    },
    {
      "File": "DEV/MessagePda-vars.yml",
      "Lines": 43,
      "BlankLines": 2,
      "Comments": 2,
      "CodeLines": 39
    },
    {
      "File": "TEST-FIX/WebApi-vars.yml",
      "Lines": 41,
      "BlankLines": 1,
      "Comments": 1,
      "CodeLines": 39
    },
    {
      "File": "QUA/MessagePda-vars.yml",
      "Lines": 43,
      "BlankLines": 2,
      "Comments": 2,
      "CodeLines": 39
    },
    {
      "File": "TEST-FIX/MessagePda-vars.yml",
      "Lines": 43,
      "BlankLines": 2,
      "Comments": 2,
      "CodeLines": 39
    },
    {
      "File": "TEST-FIX/PublicApi-vars.yml",
      "Lines": 41,
      "BlankLines": 1,
      "Comments": 1,
      "CodeLines": 39
    },
    {
      "File": "QUA/WebApi-vars.yml",
      "Lines": 42,
      "BlankLines": 2,
      "Comments": 1,
      "CodeLines": 39
    },
    {
      "File": "DEV/ActionSchedulerBatch-vars.yml",
      "Lines": 19,
      "BlankLines": 1,
      "Comments": 1,
      "CodeLines": 17
    },
    {
      "File": "PROD/PublicApi-vars.yml",
      "Lines": 17,
      "BlankLines": 0,
      "Comments": 0,
      "CodeLines": 17
    },
    {
      "File": "TEST/ActionSchedulerBatch-vars.yml",
      "Lines": 19,
      "BlankLines": 0,
      "Comments": 2,
      "CodeLines": 17
    },
    {
      "File": "PROD/MessagePda-vars.yml",
      "Lines": 19,
      "BlankLines": 1,
      "Comments": 1,
      "CodeLines": 17
    },
    {
      "File": "PROD/WebApi-vars.yml",
      "Lines": 16,
      "BlankLines": 0,
      "Comments": 0,
      "CodeLines": 16
    },
    {
      "File": "DEV/PudoRefConsumerBatch-vars.yml",
      "Lines": 16,
      "BlankLines": 0,
      "Comments": 1,
      "CodeLines": 15
    },
    {
      "File": "DEV/ExportProducerBatch-vars.yml",
      "Lines": 16,
      "BlankLines": 0,
      "Comments": 1,
      "CodeLines": 15
    },
    {
      "File": "PROD/dacpac-vars.yml",
      "Lines": 17,
      "BlankLines": 2,
      "Comments": 1,
      "CodeLines": 14
    },
    {
      "File": "DEV/dacpac-vars.yml",
      "Lines": 17,
      "BlankLines": 2,
      "Comments": 1,
      "CodeLines": 14
    },
    {
      "File": "TEST/PudoRefConsumerBatch-vars.yml",
      "Lines": 16,
      "BlankLines": 0,
      "Comments": 2,
      "CodeLines": 14
    },
    {
      "File": "UAT/dacpac-vars.yml",
      "Lines": 17,
      "BlankLines": 2,
      "Comments": 1,
      "CodeLines": 14
    },
    {
      "File": "QUA/dacpac-vars.yml",
      "Lines": 17,
      "BlankLines": 2,
      "Comments": 1,
      "CodeLines": 14
    },
    {
      "File": "TEST/dacpac-vars.yml",
      "Lines": 17,
      "BlankLines": 2,
      "Comments": 1,
      "CodeLines": 14
    },
    {
      "File": "TEST/ExportProducerBatch-vars.yml",
      "Lines": 16,
      "BlankLines": 0,
      "Comments": 2,
      "CodeLines": 14
    },
    {
      "File": "TEST-FIX/dacpac-vars.yml",
      "Lines": 17,
      "BlankLines": 2,
      "Comments": 1,
      "CodeLines": 14
    },
    {
      "File": "DEVVNEXT/dacpac-vars.yml",
      "Lines": 17,
      "BlankLines": 2,
      "Comments": 1,
      "CodeLines": 14
    },
    {
      "File": "TEST-FIX/PudoRefConsumerBatch-vars.yml",
      "Lines": 14,
      "BlankLines": 0,
      "Comments": 2,
      "CodeLines": 12
    },
    {
      "File": "QUA/PudoRefConsumerBatch-vars.yml",
      "Lines": 14,
      "BlankLines": 0,
      "Comments": 2,
      "CodeLines": 12
    },
    {
      "File": "DEVVNEXT/PudoRefConsumerBatch-vars.yml",
      "Lines": 14,
      "BlankLines": 0,
      "Comments": 2,
      "CodeLines": 12
    },
    {
      "File": "PROD/PudoRefConsumerBatch-vars.yml",
      "Lines": 14,
      "BlankLines": 0,
      "Comments": 2,
      "CodeLines": 12
    },
    {
      "File": "UAT/PudoRefConsumerBatch-vars.yml",
      "Lines": 14,
      "BlankLines": 0,
      "Comments": 2,
      "CodeLines": 12
    },
    {
      "File": "TEST/release-vars.yml",
      "Lines": 13,
      "BlankLines": 0,
      "Comments": 2,
      "CodeLines": 11
    },
    {
      "File": "DEV/release-vars.yml",
      "Lines": 13,
      "BlankLines": 0,
      "Comments": 2,
      "CodeLines": 11
    },
    {
      "File": "DEVVNEXT/release-vars.yml",
      "Lines": 13,
      "BlankLines": 0,
      "Comments": 2,
      "CodeLines": 11
    },
    {
      "File": "PROD/release-vars.yml",
      "Lines": 13,
      "BlankLines": 0,
      "Comments": 2,
      "CodeLines": 11
    },
    {
      "File": "QUA/release-vars.yml",
      "Lines": 13,
      "BlankLines": 0,
      "Comments": 2,
      "CodeLines": 11
    },
    {
      "File": "UAT/release-vars.yml",
      "Lines": 13,
      "BlankLines": 0,
      "Comments": 2,
      "CodeLines": 11
    },
    {
      "File": "global-vars.yml",
      "Lines": 7,
      "BlankLines": 0,
      "Comments": 0,
      "CodeLines": 7
    }
  ]
}