{
  "TotalLines": 1781,
  "TotalBlankLines": 72,
  "TotalComments": 61,
  "TotalCodeLines": 1648,
  "Results": [
    {
      "File": "UAT/common-vars.yml",
      "Lines": 123,
      "BlankLines": 0,
      "Comments": 0,
      "CodeLines": 123
    },
    {
      "File": "Test VNext/common-vars.yml",
      "Lines": 123,
      "BlankLines": 0,
      "Comments": 0,
      "CodeLines": 123
    },
    {
      "File": "PROD/common-vars.yml",
      "Lines": 123,
      "BlankLines": 0,
      "Comments": 0,
      "CodeLines": 123
    },
    {
      "File": "QUA/common-vars.yml",
      "Lines": 123,
      "BlankLines": 0,
      "Comments": 0,
      "CodeLines": 123
    },
    {
      "File": "Test/common-vars.yml",
      "Lines": 117,
      "BlankLines": 0,
      "Comments": 0,
      "CodeLines": 117
    },
    {
      "File": "Test Fix/common-vars.yml",
      "Lines": 117,
      "BlankLines": 0,
      "Comments": 0,
      "CodeLines": 117
    },
    {
      "File": "Test VNext/Webqueryapi-vars.yml",
      "Lines": 55,
      "BlankLines": 6,
      "Comments": 7,
      "CodeLines": 42
    },
    {
      "File": "Test VNext/Webcommandoauth2api-vars.yml",
      "Lines": 55,
      "BlankLines": 6,
      "Comments": 7,
      "CodeLines": 42
    },
    {
      "File": "Test VNext/Webcommandapi-vars.yml",
      "Lines": 55,
      "BlankLines": 6,
      "Comments": 7,
      "CodeLines": 42
    },
    {
      "File": "Test VNext/Webclient-vars.yml",
      "Lines": 55,
      "BlankLines": 6,
      "Comments": 7,
      "CodeLines": 42
    },
    {
      "File": "Test Fix/Webqueryapi-vars.yml",
      "Lines": 55,
      "BlankLines": 6,
      "Comments": 7,
      "CodeLines": 42
    },
    {
      "File": "QUA/Webqueryapi-vars.yml",
      "Lines": 43,
      "BlankLines": 2,
      "Comments": 1,
      "CodeLines": 40
    },
    {
      "File": "QUA/Webclient-vars.yml",
      "Lines": 43,
      "BlankLines": 2,
      "Comments": 1,
      "CodeLines": 40
    },
    {
      "File": "Visucolis-release.yml",
      "Lines": 59,
      "BlankLines": 8,
      "Comments": 11,
      "CodeLines": 40
    },
    {
      "File": "PROD/Webcommandapi-vars.yml",
      "Lines": 43,
      "BlankLines": 2,
      "Comments": 1,
      "CodeLines": 40
    },
    {
      "File": "Test Fix/Webclient-vars.yml",
      "Lines": 44,
      "BlankLines": 3,
      "Comments": 1,
      "CodeLines": 40
    },
    {
      "File": "Test Fix/Webcommandapi-vars.yml",
      "Lines": 43,
      "BlankLines": 2,
      "Comments": 1,
      "CodeLines": 40
    },
    {
      "File": "Test Fix/Webcommandoauth2api-vars.yml",
      "Lines": 44,
      "BlankLines": 3,
      "Comments": 1,
      "CodeLines": 40
    },
    {
      "File": "UAT/Webqueryapi-vars.yml",
      "Lines": 43,
      "BlankLines": 2,
      "Comments": 1,
      "CodeLines": 40
    },
    {
      "File": "PROD/Webclient-vars.yml",
      "Lines": 43,
      "BlankLines": 2,
      "Comments": 1,
      "CodeLines": 40
    },
    {
      "File": "QUA/Webcommandoauth2api-vars.yml",
      "Lines": 44,
      "BlankLines": 3,
      "Comments": 1,
      "CodeLines": 40
    },
    {
      "File": "QUA/Webcommandapi-vars.yml",
      "Lines": 43,
      "BlankLines": 2,
      "Comments": 1,
      "CodeLines": 40
    },
    {
      "File": "UAT/Webcommandoauth2api-vars.yml",
      "Lines": 43,
      "BlankLines": 2,
      "Comments": 1,
      "CodeLines": 40
    },
    {
      "File": "PROD/Webqueryapi-vars.yml",
      "Lines": 43,
      "BlankLines": 2,
      "Comments": 1,
      "CodeLines": 40
    },
    {
      "File": "PROD/Webcommandoauth2api-vars.yml",
      "Lines": 43,
      "BlankLines": 2,
      "Comments": 1,
      "CodeLines": 40
    },
    {
      "File": "UAT/Webclient-vars.yml",
      "Lines": 44,
      "BlankLines": 3,
      "Comments": 1,
      "CodeLines": 40
    },
    {
      "File": "UAT/Webcommandapi-vars.yml",
      "Lines": 43,
      "BlankLines": 2,
      "Comments": 1,
      "CodeLines": 40
    },
    {
      "File": "Test/Webcommandoauth2api-vars.yml",
      "Lines": 17,
      "BlankLines": 0,
      "Comments": 0,
      "CodeLines": 17
    },
    {
      "File": "Test/Webclient-vars.yml",
      "Lines": 17,
      "BlankLines": 0,
      "Comments": 0,
      "CodeLines": 17
    },
    {
      "File": "Test/Webcommandapi-vars.yml",
      "Lines": 17,
      "BlankLines": 0,
      "Comments": 0,
      "CodeLines": 17
    },
    {
      "File": "Test/Webqueryapi-vars.yml",
      "Lines": 17,
      "BlankLines": 0,
      "Comments": 0,
      "CodeLines": 17
    },
    {
      "File": "global-vars.yml",
      "Lines": 4,
      "BlankLines": 0,
      "Comments": 0,
      "CodeLines": 4
    }
  ]
}