{
  "TotalLines": 1255,
  "TotalBlankLines": 194,
  "TotalComments": 70,
  "TotalCodeLines": 991,
  "Results": [
    {
      "File": "app/src/main/res/drawable/ic_launcher_background.xml",
      "Lines": 170,
      "BlankLines": 0,
      "Comments": 0,
      "CodeLines": 170
    },
    {
      "File": "app/src/main/res/layout/item_app.xml",
      "Lines": 132,
      "BlankLines": 15,
      "Comments": 0,
      "CodeLines": 117
    },
    {
      "File": "app/src/main/java/com/pickup/services/dataconsumptionapp/ui/AppAdapter.java",
      "Lines": 145,
      "BlankLines": 33,
      "Comments": 0,
      "CodeLines": 112
    },
    {
      "File": "app/src/main/java/com/pickup/services/dataconsumptionapp/ui/MainActivity.java",
      "Lines": 130,
      "BlankLines": 25,
      "Comments": 7,
      "CodeLines": 98
    },
    {
      "File": "app/src/main/java/com/pickup/services/dataconsumptionapp/data/models/App.java",
      "Lines": 119,
      "BlankLines": 26,
      "Comments": 0,
      "CodeLines": 93
    },
    {
      "File": "app/src/main/java/com/pickup/services/dataconsumptionapp/data/dataBase/repositories/AppRepository.java",
      "Lines": 112,
      "BlankLines": 23,
      "Comments": 5,
      "CodeLines": 84
    },
    {
      "File": "app/src/main/java/com/pickup/services/dataconsumptionapp/data/dataBase/dbManager/DBHelper.java",
      "Lines": 124,
      "BlankLines": 23,
      "Comments": 29,
      "CodeLines": 72
    },
    {
      "File": "app/src/main/java/com/pickup/services/dataconsumptionapp/utils/RecyclerTouchListener.java",
      "Lines": 55,
      "BlankLines": 12,
      "Comments": 0,
      "CodeLines": 43
    },
    {
      "File": "app/src/main/res/drawable-v24/ic_launcher_foreground.xml",
      "Lines": 29,
      "BlankLines": 0,
      "Comments": 0,
      "CodeLines": 29
    },
    {
      "File": "app/src/main/res/layout/activity_main.xml",
      "Lines": 29,
      "BlankLines": 4,
      "Comments": 0,
      "CodeLines": 25
    },
    {
      "File": "app/src/main/AndroidManifest.xml",
      "Lines": 32,
      "BlankLines": 8,
      "Comments": 0,
      "CodeLines": 24
    },
    {
      "File": "app/src/main/java/com/pickup/services/dataconsumptionapp/data/dataBase/dbManager/DBManager.java",
      "Lines": 36,
      "BlankLines": 5,
      "Comments": 13,
      "CodeLines": 18
    },
    {
      "File": "app/src/main/java/com/pickup/services/dataconsumptionapp/utils/BytesUtils.java",
      "Lines": 21,
      "BlankLines": 5,
      "Comments": 0,
      "CodeLines": 16
    },
    {
      "File": "app/src/androidTest/java/com/pickup/services/dataconsumptionapp/ExampleInstrumentedTest.java",
      "Lines": 25,
      "BlankLines": 5,
      "Comments": 6,
      "CodeLines": 14
    },
    {
      "File": "app/src/main/java/com/pickup/services/dataconsumptionapp/receivers/RestartReceiver.java",
      "Lines": 19,
      "BlankLines": 5,
      "Comments": 0,
      "CodeLines": 14
    },
    {
      "File": "app/src/main/res/drawable/ic_refresh.xml",
      "Lines": 12,
      "BlankLines": 0,
      "Comments": 0,
      "CodeLines": 12
    },
    {
      "File": "app/src/main/res/drawable/ic_delete.xml",
      "Lines": 9,
      "BlankLines": 0,
      "Comments": 0,
      "CodeLines": 9
    },
    {
      "File": "app/src/test/java/com/pickup/services/dataconsumptionapp/ExampleUnitTest.java",
      "Lines": 16,
      "BlankLines": 3,
      "Comments": 5,
      "CodeLines": 8
    },
    {
      "File": "app/src/main/res/menu/menu_main.xml",
      "Lines": 7,
      "BlankLines": 0,
      "Comments": 0,
      "CodeLines": 7
    },
    {
      "File": "app/src/main/res/values/styles.xml",
      "Lines": 9,
      "BlankLines": 1,
      "Comments": 2,
      "CodeLines": 6
    },
    {
      "File": "app/src/main/java/com/pickup/services/dataconsumptionapp/data/dataBase/dbManager/DBConstants.java",
      "Lines": 9,
      "BlankLines": 1,
      "Comments": 3,
      "CodeLines": 5
    },
    {
      "File": "app/src/main/res/values/colors.xml",
      "Lines": 5,
      "BlankLines": 0,
      "Comments": 0,
      "CodeLines": 5
    },
    {
      "File": "app/src/main/res/mipmap-anydpi-v26/ic_launcher.xml",
      "Lines": 4,
      "BlankLines": 0,
      "Comments": 0,
      "CodeLines": 4
    },
    {
      "File": "app/src/main/res/mipmap-anydpi-v26/ic_launcher_round.xml",
      "Lines": 4,
      "BlankLines": 0,
      "Comments": 0,
      "CodeLines": 4
    },
    {
      "File": "app/src/main/res/values/strings.xml",
      "Lines": 2,
      "BlankLines": 0,
      "Comments": 0,
      "CodeLines": 2
    }
  ]
}