{
  "TotalLines": 960,
  "TotalBlankLines": 51,
  "TotalComments": 74,
  "TotalCodeLines": 835,
  "Results": [
    {
      "File": "OpenAPI-Specification/Aloha-Rest-Api.yaml",
      "Lines": 508,
      "BlankLines": 4,
      "Comments": 0,
      "CodeLines": 504
    },
    {
      "File": "src/PSPlayWithAloha/Private/AlohaRSAEncryptionProvider.cs",
      "Lines": 279,
      "BlankLines": 35,
      "Comments": 10,
      "CodeLines": 234
    },
    {
      "File": "devops-pipelines/common/aloha-prodtools.common.yml",
      "Lines": 115,
      "BlankLines": 6,
      "Comments": 63,
      "CodeLines": 46
    },
    {
      "File": "devops-pipelines/common/common-variables.yml",
      "Lines": 23,
      "BlankLines": 0,
      "Comments": 0,
      "CodeLines": 23
    },
    {
      "File": "devops-pipelines/continuous-integration/aloha-prodtools.ci.yml",
      "Lines": 22,
      "BlankLines": 3,
      "Comments": 0,
      "CodeLines": 19
    },
    {
      "File": "devops-pipelines/pull-requests/aloha-prodtools.pr.yml",
      "Lines": 11,
      "BlankLines": 3,
      "Comments": 0,
      "CodeLines": 8
    },
    {
      "File": "GitVersion.yml",
      "Lines": 2,
      "BlankLines": 0,
      "Comments": 1,
      "CodeLines": 1
    }
  ]
}