{
  "TotalLines": 51114,
  "TotalBlankLines": 8493,
  "TotalComments": 222,
  "TotalCodeLines": 42399,
  "Results": [
    {
      "File": "src/02/01/01/z2ui5_cl_xml_view.clas.abap",
      "Lines": 9551,
      "BlankLines": 1386,
      "Comments": 3,
      "CodeLines": 8162
    },
    {
      "File": "src/01/05/z2ui5_cl_cc_animatecss.clas.abap",
      "Lines": 4100,
      "BlankLines": 9,
      "Comments": 0,
      "CodeLines": 4091
    },
    {
      "File": "src/01/00/01/z2ui5_cl_ajson.clas.testclasses.abap",
      "Lines": 4814,
      "BlankLines": 1011,
      "Comments": 48,
      "CodeLines": 3755
    },
    {
      "File": "src/01/05/z2ui5_cl_cc_imagemapster.clas.abap",
      "Lines": 3446,
      "BlankLines": 50,
      "Comments": 0,
      "CodeLines": 3396
    },
    {
      "File": "src/01/00/01/z2ui5_cl_ajson.clas.locals_imp.abap",
      "Lines": 2038,
      "BlankLines": 404,
      "Comments": 41,
      "CodeLines": 1593
    },
    {
      "File": "src/02/02/z2ui5_cl_pop_layout_v2.clas.abap",
      "Lines": 1317,
      "BlankLines": 328,
      "Comments": 15,
      "CodeLines": 974
    },
    {
      "File": "src/01/01/z2ui5_cl_util_api.clas.abap",
      "Lines": 1302,
      "BlankLines": 375,
      "Comments": 1,
      "CodeLines": 926
    },
    {
      "File": "src/01/05/z2ui5_cl_cc_chartjs.clas.abap",
      "Lines": 867,
      "BlankLines": 95,
      "Comments": 6,
      "CodeLines": 766
    },
    {
      "File": "src/01/00/01/z2ui5_cl_ajson.clas.abap",
      "Lines": 964,
      "BlankLines": 247,
      "Comments": 10,
      "CodeLines": 707
    },
    {
      "File": "src/01/00/02/z2ui5_cl_stmpncfctn_api.clas.abap",
      "Lines": 858,
      "BlankLines": 183,
      "Comments": 0,
      "CodeLines": 675
    },
    {
      "File": "src/01/02/z2ui5_cl_core_http_get.clas.abap",
      "Lines": 673,
      "BlankLines": 47,
      "Comments": 0,
      "CodeLines": 626
    },
    {
      "File": "src/02/00/z2ui5_cl_pop_layout.clas.abap",
      "Lines": 844,
      "BlankLines": 217,
      "Comments": 2,
      "CodeLines": 625
    },
    {
      "File": "src/01/01/z2ui5_cl_util_api.clas.testclasses.abap",
      "Lines": 795,
      "BlankLines": 242,
      "Comments": 0,
      "CodeLines": 553
    },
    {
      "File": "src/02/02/z2ui5_cl_pop_transport.clas.abap",
      "Lines": 626,
      "BlankLines": 156,
      "Comments": 0,
      "CodeLines": 470
    },
    {
      "File": "src/01/05/z2ui5_cl_cc_driver_js.clas.abap",
      "Lines": 538,
      "BlankLines": 62,
      "Comments": 20,
      "CodeLines": 456
    },
    {
      "File": "src/01/00/01/z2ui5_cl_ajson_utilities.clas.testclasses.abap",
      "Lines": 548,
      "BlankLines": 101,
      "Comments": 6,
      "CodeLines": 441
    },
    {
      "File": "src/02/01/01/z2ui5_cl_xml_view_cc.clas.abap",
      "Lines": 533,
      "BlankLines": 111,
      "Comments": 1,
      "CodeLines": 421
    },
    {
      "File": "src/01/00/01/z2ui5_cl_ajson_mapping.clas.testclasses.abap",
      "Lines": 535,
      "BlankLines": 168,
      "Comments": 1,
      "CodeLines": 366
    },
    {
      "File": "src/01/03/z2ui5_cl_core_app_search.clas.abap",
      "Lines": 422,
      "BlankLines": 93,
      "Comments": 2,
      "CodeLines": 327
    },
    {
      "File": "src/02/02/z2ui5_cl_pop_get_range_m.clas.abap",
      "Lines": 401,
      "BlankLines": 90,
      "Comments": 0,
      "CodeLines": 311
    },
    {
      "File": "src/01/90/z2ui5_cl_test_int_test.clas.testclasses.abap",
      "Lines": 315,
      "BlankLines": 10,
      "Comments": 0,
      "CodeLines": 305
    },
    {
      "File": "src/01/00/01/z2ui5_cl_ajson_utilities.clas.abap",
      "Lines": 378,
      "BlankLines": 73,
      "Comments": 8,
      "CodeLines": 297
    },
    {
      "File": "src/02/02/z2ui5_cl_pop_f4_help.clas.abap",
      "Lines": 456,
      "BlankLines": 154,
      "Comments": 6,
      "CodeLines": 296
    },
    {
      "File": "src/01/04/z2ui5_cl_cc_debug_tool.clas.abap",
      "Lines": 271,
      "BlankLines": 11,
      "Comments": 0,
      "CodeLines": 260
    },
    {
      "File": "src/01/02/01/z2ui5_cl_core_bind_srv.clas.testclasses.abap",
      "Lines": 375,
      "BlankLines": 115,
      "Comments": 0,
      "CodeLines": 260
    },
    {
      "File": "src/01/05/z2ui5_cl_cc_validator.clas.abap",
      "Lines": 272,
      "BlankLines": 25,
      "Comments": 0,
      "CodeLines": 247
    },
    {
      "File": "src/02/02/z2ui5_cl_pop_to_select.clas.abap",
      "Lines": 318,
      "BlankLines": 72,
      "Comments": 0,
      "CodeLines": 246
    },
    {
      "File": "src/01/03/z2ui5_cl_core_app_startup.clas.abap",
      "Lines": 305,
      "BlankLines": 72,
      "Comments": 0,
      "CodeLines": 233
    },
    {
      "File": "src/01/02/01/z2ui5_cl_core_bind_srv.clas.abap",
      "Lines": 308,
      "BlankLines": 88,
      "Comments": 0,
      "CodeLines": 220
    },
    {
      "File": "src/01/00/01/z2ui5_if_ajson.intf.abap",
      "Lines": 262,
      "BlankLines": 38,
      "Comments": 5,
      "CodeLines": 219
    },
    {
      "File": "src/01/02/z2ui5_cl_core_client.clas.abap",
      "Lines": 347,
      "BlankLines": 130,
      "Comments": 0,
      "CodeLines": 217
    },
    {
      "File": "src/01/90/01/z2ui5_cl_ui5.clas.abap",
      "Lines": 267,
      "BlankLines": 55,
      "Comments": 1,
      "CodeLines": 211
    },
    {
      "File": "src/01/00/01/z2ui5_cl_ajson_mapping.clas.locals_imp.abap",
      "Lines": 335,
      "BlankLines": 131,
      "Comments": 0,
      "CodeLines": 204
    },
    {
      "File": "src/02/02/z2ui5_t004.tabl.xml",
      "Lines": 200,
      "BlankLines": 0,
      "Comments": 0,
      "CodeLines": 200
    },
    {
      "File": "src/01/00/01/z2ui5_cl_ajson_filter_lib.clas.testclasses.abap",
      "Lines": 230,
      "BlankLines": 48,
      "Comments": 0,
      "CodeLines": 182
    },
    {
      "File": "src/01/02/01/z2ui5_cl_core_diss_srv.clas.testclasses.abap",
      "Lines": 251,
      "BlankLines": 70,
      "Comments": 0,
      "CodeLines": 181
    },
    {
      "File": "src/01/04/z2ui5_cl_cc_file_upl.clas.abap",
      "Lines": 191,
      "BlankLines": 12,
      "Comments": 0,
      "CodeLines": 179
    },
    {
      "File": "src/01/02/z2ui5_if_core_types.intf.abap",
      "Lines": 187,
      "BlankLines": 14,
      "Comments": 0,
      "CodeLines": 173
    },
    {
      "File": "src/01/02/01/z2ui5_cl_core_json_srv.clas.abap",
      "Lines": 232,
      "BlankLines": 62,
      "Comments": 0,
      "CodeLines": 170
    },
    {
      "File": "src/01/02/01/z2ui5_cl_core_diss_srv.clas.abap",
      "Lines": 234,
      "BlankLines": 71,
      "Comments": 0,
      "CodeLines": 163
    },
    {
      "File": "src/01/02/01/z2ui5_cl_core_attri_srv.clas.testclasses.abap",
      "Lines": 243,
      "BlankLines": 83,
      "Comments": 0,
      "CodeLines": 160
    },
    {
      "File": "src/02/z2ui5_if_client.intf.abap",
      "Lines": 190,
      "BlankLines": 30,
      "Comments": 0,
      "CodeLines": 160
    },
    {
      "File": "src/01/02/01/z2ui5_cl_core_attri_srv.clas.abap",
      "Lines": 221,
      "BlankLines": 62,
      "Comments": 2,
      "CodeLines": 157
    },
    {
      "File": "src/02/00/z2ui5_t002.tabl.xml",
      "Lines": 152,
      "BlankLines": 0,
      "Comments": 0,
      "CodeLines": 152
    },
    {
      "File": "src/01/05/z2ui5_cl_cc_bwipjs.clas.abap",
      "Lines": 170,
      "BlankLines": 22,
      "Comments": 0,
      "CodeLines": 148
    },
    {
      "File": "src/01/05/z2ui5_cl_cc_spreadsheet.clas.abap",
      "Lines": 167,
      "BlankLines": 20,
      "Comments": 0,
      "CodeLines": 147
    },
    {
      "File": "src/02/02/z2ui5_cl_pop_get_range.clas.abap",
      "Lines": 194,
      "BlankLines": 49,
      "Comments": 1,
      "CodeLines": 144
    },
    {
      "File": "src/01/01/z2ui5_cl_util.clas.abap",
      "Lines": 190,
      "BlankLines": 49,
      "Comments": 0,
      "CodeLines": 141
    },
    {
      "File": "src/01/02/z2ui5_cl_core_action.clas.abap",
      "Lines": 198,
      "BlankLines": 65,
      "Comments": 2,
      "CodeLines": 131
    },
    {
      "File": "src/02/02/z2ui5_t003.tabl.xml",
      "Lines": 128,
      "BlankLines": 0,
      "Comments": 0,
      "CodeLines": 128
    },
    {
      "File": "src/01/01/z2ui5_t_02.tabl.xml",
      "Lines": 125,
      "BlankLines": 0,
      "Comments": 0,
      "CodeLines": 125
    },
    {
      "File": "src/01/05/z2ui5_cl_cc_camera_pic.clas.abap",
      "Lines": 128,
      "BlankLines": 10,
      "Comments": 0,
      "CodeLines": 118
    },
    {
      "File": "src/01/02/z2ui5_cl_core_app.clas.abap",
      "Lines": 180,
      "BlankLines": 62,
      "Comments": 0,
      "CodeLines": 118
    },
    {
      "File": "src/02/00/z2ui5_t001.tabl.xml",
      "Lines": 116,
      "BlankLines": 0,
      "Comments": 0,
      "CodeLines": 116
    },
    {
      "File": "src/01/00/01/z2ui5_cx_ajson_error.clas.abap",
      "Lines": 137,
      "BlankLines": 23,
      "Comments": 0,
      "CodeLines": 114
    },
    {
      "File": "src/01/00/01/z2ui5_cl_ajson_filter_lib.clas.locals_imp.abap",
      "Lines": 144,
      "BlankLines": 33,
      "Comments": 1,
      "CodeLines": 110
    },
    {
      "File": "src/01/03/z2ui5_cl_core_app_info.clas.abap",
      "Lines": 150,
      "BlankLines": 41,
      "Comments": 0,
      "CodeLines": 109
    },
    {
      "File": "src/01/02/z2ui5_cl_core_http_get.clas.testclasses.abap",
      "Lines": 151,
      "BlankLines": 43,
      "Comments": 0,
      "CodeLines": 108
    },
    {
      "File": "src/02/02/z2ui5_cl_pop_file_dl.clas.abap",
      "Lines": 143,
      "BlankLines": 36,
      "Comments": 0,
      "CodeLines": 107
    },
    {
      "File": "src/01/05/z2ui5_cl_cc_messaging.clas.abap",
      "Lines": 116,
      "BlankLines": 9,
      "Comments": 0,
      "CodeLines": 107
    },
    {
      "File": "src/01/00/01/z2ui5_cl_ajson_mapping.clas.abap",
      "Lines": 156,
      "BlankLines": 50,
      "Comments": 1,
      "CodeLines": 105
    },
    {
      "File": "src/01/04/z2ui5_cl_cc_geoloc.clas.abap",
      "Lines": 115,
      "BlankLines": 11,
      "Comments": 0,
      "CodeLines": 104
    },
    {
      "File": "src/01/02/z2ui5_cl_core_http_post.clas.abap",
      "Lines": 147,
      "BlankLines": 44,
      "Comments": 0,
      "CodeLines": 103
    },
    {
      "File": "src/01/90/01/z2ui5_cl_ui5_webc.clas.abap",
      "Lines": 142,
      "BlankLines": 40,
      "Comments": 0,
      "CodeLines": 102
    },
    {
      "File": "src/02/02/z2ui5_cl_pop_file_ul.clas.abap",
      "Lines": 138,
      "BlankLines": 36,
      "Comments": 0,
      "CodeLines": 102
    },
    {
      "File": "src/01/04/z2ui5_cl_cc_info.clas.abap",
      "Lines": 112,
      "BlankLines": 11,
      "Comments": 0,
      "CodeLines": 101
    },
    {
      "File": "src/01/05/z2ui5_cl_cc_message_m.clas.abap",
      "Lines": 111,
      "BlankLines": 11,
      "Comments": 0,
      "CodeLines": 100
    },
    {
      "File": "src/01/90/z2ui5_cl_test_int_test.clas.abap",
      "Lines": 123,
      "BlankLines": 26,
      "Comments": 0,
      "CodeLines": 97
    },
    {
      "File": "src/01/02/01/z2ui5_t_01.tabl.xml",
      "Lines": 94,
      "BlankLines": 0,
      "Comments": 0,
      "CodeLines": 94
    },
    {
      "File": "src/01/05/z2ui5_cl_cc_font_awesome.clas.abap",
      "Lines": 104,
      "BlankLines": 10,
      "Comments": 0,
      "CodeLines": 94
    },
    {
      "File": "src/02/02/z2ui5_cl_pop_table.clas.abap",
      "Lines": 142,
      "BlankLines": 48,
      "Comments": 0,
      "CodeLines": 94
    },
    {
      "File": "src/02/02/z2ui5_cl_pop_pdf.clas.abap",
      "Lines": 124,
      "BlankLines": 30,
      "Comments": 0,
      "CodeLines": 94
    },
    {
      "File": "src/01/02/01/z2ui5_cl_core_draft_srv.clas.abap",
      "Lines": 138,
      "BlankLines": 46,
      "Comments": 0,
      "CodeLines": 92
    },
    {
      "File": "src/02/02/z2ui5_cl_pop_input_val.clas.abap",
      "Lines": 119,
      "BlankLines": 29,
      "Comments": 0,
      "CodeLines": 90
    },
    {
      "File": "src/01/03/z2ui5_cl_core_app_search.clas.locals_imp.abap",
      "Lines": 110,
      "BlankLines": 12,
      "Comments": 9,
      "CodeLines": 89
    },
    {
      "File": "src/02/02/z2ui5_cl_pop_textedit.clas.abap",
      "Lines": 111,
      "BlankLines": 26,
      "Comments": 0,
      "CodeLines": 85
    },
    {
      "File": "src/01/00/01/z2ui5_cx_ajson_error.clas.testclasses.abap",
      "Lines": 108,
      "BlankLines": 24,
      "Comments": 0,
      "CodeLines": 84
    },
    {
      "File": "src/01/01/z2ui5_cl_util.clas.testclasses.abap",
      "Lines": 105,
      "BlankLines": 23,
      "Comments": 0,
      "CodeLines": 82
    },
    {
      "File": "src/02/02/z2ui5_cl_pop_messages.clas.abap",
      "Lines": 104,
      "BlankLines": 24,
      "Comments": 0,
      "CodeLines": 80
    },
    {
      "File": "src/02/02/z2ui5_cl_pop_to_confirm.clas.abap",
      "Lines": 109,
      "BlankLines": 29,
      "Comments": 0,
      "CodeLines": 80
    },
    {
      "File": "src/01/00/01/z2ui5_cl_ajson_mapping.clas.locals_def.abap",
      "Lines": 116,
      "BlankLines": 39,
      "Comments": 0,
      "CodeLines": 77
    },
    {
      "File": "src/02/02/z2ui5_cl_pop_js_loader.clas.abap",
      "Lines": 115,
      "BlankLines": 38,
      "Comments": 0,
      "CodeLines": 77
    },
    {
      "File": "src/01/05/z2ui5_cl_cc_demo_out.clas.abap",
      "Lines": 85,
      "BlankLines": 8,
      "Comments": 0,
      "CodeLines": 77
    },
    {
      "File": "src/01/04/z2ui5_cl_cc_scrolling.clas.abap",
      "Lines": 85,
      "BlankLines": 11,
      "Comments": 0,
      "CodeLines": 74
    },
    {
      "File": "src/01/00/02/z2ui5_cl_stmpncfctn_api.clas.locals_imp.abap",
      "Lines": 97,
      "BlankLines": 24,
      "Comments": 0,
      "CodeLines": 73
    },
    {
      "File": "src/01/04/z2ui5_cl_cc_multiinput.clas.abap",
      "Lines": 80,
      "BlankLines": 9,
      "Comments": 0,
      "CodeLines": 71
    },
    {
      "File": "src/01/00/02/z2ui5_cl_stmpncfctn_api.clas.testclasses.abap",
      "Lines": 102,
      "BlankLines": 32,
      "Comments": 0,
      "CodeLines": 70
    },
    {
      "File": "src/02/02/z2ui5_cl_pop_itab_json_dl.clas.abap",
      "Lines": 99,
      "BlankLines": 35,
      "Comments": 0,
      "CodeLines": 64
    },
    {
      "File": "src/01/03/z2ui5_cl_core_app_error.clas.abap",
      "Lines": 83,
      "BlankLines": 19,
      "Comments": 0,
      "CodeLines": 64
    },
    {
      "File": "src/02/02/z2ui5_cl_pop_html.clas.abap",
      "Lines": 85,
      "BlankLines": 22,
      "Comments": 0,
      "CodeLines": 63
    },
    {
      "File": "src/02/02/z2ui5_cl_pop_to_inform.clas.abap",
      "Lines": 84,
      "BlankLines": 21,
      "Comments": 0,
      "CodeLines": 63
    },
    {
      "File": "src/01/02/01/z2ui5_cl_core_event_srv.clas.abap",
      "Lines": 85,
      "BlankLines": 24,
      "Comments": 0,
      "CodeLines": 61
    },
    {
      "File": "src/01/04/z2ui5_cl_cc_focus.clas.abap",
      "Lines": 72,
      "BlankLines": 12,
      "Comments": 0,
      "CodeLines": 60
    },
    {
      "File": "src/01/04/z2ui5_cl_cc_timer.clas.abap",
      "Lines": 68,
      "BlankLines": 9,
      "Comments": 0,
      "CodeLines": 59
    },
    {
      "File": "src/02/02/z2ui5_cl_pop_error.clas.abap",
      "Lines": 79,
      "BlankLines": 21,
      "Comments": 0,
      "CodeLines": 58
    },
    {
      "File": "src/01/90/01/z2ui5_cl_ui5_z2ui5.clas.abap",
      "Lines": 70,
      "BlankLines": 14,
      "Comments": 0,
      "CodeLines": 56
    },
    {
      "File": "src/01/04/z2ui5_cl_cc_uitable.clas.abap",
      "Lines": 62,
      "BlankLines": 10,
      "Comments": 0,
      "CodeLines": 52
    },
    {
      "File": "src/01/90/z2ui5_cl_test_app_131.clas.abap",
      "Lines": 62,
      "BlankLines": 12,
      "Comments": 0,
      "CodeLines": 50
    },
    {
      "File": "src/02/z2ui5_if_types.intf.abap",
      "Lines": 53,
      "BlankLines": 7,
      "Comments": 0,
      "CodeLines": 46
    },
    {
      "File": "src/01/02/z2ui5_cl_core_app.clas.testclasses.abap",
      "Lines": 73,
      "BlankLines": 27,
      "Comments": 0,
      "CodeLines": 46
    },
    {
      "File": "src/01/00/01/z2ui5_cl_ajson_filter_lib.clas.abap",
      "Lines": 58,
      "BlankLines": 12,
      "Comments": 0,
      "CodeLines": 46
    },
    {
      "File": "src/01/01/z2ui5_cx_util_error.clas.abap",
      "Lines": 62,
      "BlankLines": 18,
      "Comments": 0,
      "CodeLines": 44
    },
    {
      "File": "src/01/90/z2ui5_cl_test_app_132.clas.abap",
      "Lines": 53,
      "BlankLines": 11,
      "Comments": 0,
      "CodeLines": 42
    },
    {
      "File": "src/01/90/z2ui5_cl_test_hello_wor.clas.abap",
      "Lines": 50,
      "BlankLines": 11,
      "Comments": 0,
      "CodeLines": 39
    },
    {
      "File": "src/01/00/01/z2ui5_if_ajson_mapping.intf.abap",
      "Lines": 46,
      "BlankLines": 8,
      "Comments": 0,
      "CodeLines": 38
    },
    {
      "File": "resources/bwip-js-min.js",
      "Lines": 69,
      "BlankLines": 2,
      "Comments": 30,
      "CodeLines": 37
    },
    {
      "File": "src/01/00/01/z2ui5_if_ajson_types.intf.abap",
      "Lines": 41,
      "BlankLines": 5,
      "Comments": 0,
      "CodeLines": 36
    },
    {
      "File": "src/01/04/z2ui5_cl_cc_favicon.clas.abap",
      "Lines": 46,
      "BlankLines": 10,
      "Comments": 0,
      "CodeLines": 36
    },
    {
      "File": "src/01/90/01/z2ui5_cl_ui5_html.clas.abap",
      "Lines": 46,
      "BlankLines": 10,
      "Comments": 0,
      "CodeLines": 36
    },
    {
      "File": "src/01/04/z2ui5_cl_cc_lp_title.clas.abap",
      "Lines": 44,
      "BlankLines": 10,
      "Comments": 0,
      "CodeLines": 34
    },
    {
      "File": "src/01/02/01/z2ui5_cl_core_json_srv.clas.testclasses.abap",
      "Lines": 47,
      "BlankLines": 14,
      "Comments": 0,
      "CodeLines": 33
    },
    {
      "File": "src/01/04/z2ui5_cl_cc_history.clas.abap",
      "Lines": 44,
      "BlankLines": 12,
      "Comments": 0,
      "CodeLines": 32
    },
    {
      "File": "src/01/04/z2ui5_cl_cc_title.clas.abap",
      "Lines": 42,
      "BlankLines": 10,
      "Comments": 0,
      "CodeLines": 32
    },
    {
      "File": "src/02/02/z2ui5_cl_app_hello_world.clas.abap",
      "Lines": 46,
      "BlankLines": 14,
      "Comments": 0,
      "CodeLines": 32
    },
    {
      "File": "src/02/z2ui5_cl_http_handler.clas.abap",
      "Lines": 42,
      "BlankLines": 15,
      "Comments": 0,
      "CodeLines": 27
    },
    {
      "File": "src/01/04/z2ui5_cl_cc_util.clas.abap",
      "Lines": 37,
      "BlankLines": 10,
      "Comments": 0,
      "CodeLines": 27
    },
    {
      "File": ".github/workflows/build_downport.yaml",
      "Lines": 30,
      "BlankLines": 3,
      "Comments": 0,
      "CodeLines": 27
    },
    {
      "File": "src/01/02/z2ui5_cl_core_http_post.clas.testclasses.abap",
      "Lines": 39,
      "BlankLines": 13,
      "Comments": 0,
      "CodeLines": 26
    },
    {
      "File": "src/01/02/01/z2ui5_cl_core_event_srv.clas.testclasses.abap",
      "Lines": 36,
      "BlankLines": 11,
      "Comments": 0,
      "CodeLines": 25
    },
    {
      "File": "src/01/02/01/z2ui5_cl_core_draft_srv.clas.testclasses.abap",
      "Lines": 38,
      "BlankLines": 14,
      "Comments": 0,
      "CodeLines": 24
    },
    {
      "File": "src/02/z2ui5_cl_http_handler.clas.testclasses.abap",
      "Lines": 33,
      "BlankLines": 10,
      "Comments": 0,
      "CodeLines": 23
    },
    {
      "File": ".abapgit.xml",
      "Lines": 21,
      "BlankLines": 0,
      "Comments": 0,
      "CodeLines": 21
    },
    {
      "File": "src/01/01/z2ui5_cx_util_error.clas.testclasses.abap",
      "Lines": 28,
      "BlankLines": 9,
      "Comments": 0,
      "CodeLines": 19
    },
    {
      "File": "src/01/00/01/z2ui5_if_ajson_filter.intf.abap",
      "Lines": 23,
      "BlankLines": 4,
      "Comments": 0,
      "CodeLines": 19
    },
    {
      "File": ".github/workflows/test.yml",
      "Lines": 22,
      "BlankLines": 4,
      "Comments": 0,
      "CodeLines": 18
    },
    {
      "File": "src/01/00/01/z2ui5_cx_ajson_error.clas.xml",
      "Lines": 18,
      "BlankLines": 0,
      "Comments": 0,
      "CodeLines": 18
    },
    {
      "File": "src/01/01/z2ui5_cx_util_error.clas.xml",
      "Lines": 18,
      "BlankLines": 0,
      "Comments": 0,
      "CodeLines": 18
    },
    {
      "File": "src/01/00/01/z2ui5_cl_ajson_filter_lib.clas.xml",
      "Lines": 17,
      "BlankLines": 0,
      "Comments": 0,
      "CodeLines": 17
    },
    {
      "File": "src/01/01/z2ui5_cl_util.clas.xml",
      "Lines": 17,
      "BlankLines": 0,
      "Comments": 0,
      "CodeLines": 17
    },
    {
      "File": "src/02/01/01/z2ui5_cl_xml_view.clas.xml",
      "Lines": 17,
      "BlankLines": 0,
      "Comments": 0,
      "CodeLines": 17
    },
    {
      "File": "src/01/01/z2ui5_cl_util_api.clas.xml",
      "Lines": 17,
      "BlankLines": 0,
      "Comments": 0,
      "CodeLines": 17
    },
    {
      "File": "src/01/00/02/z2ui5_cl_stmpncfctn_api.clas.xml",
      "Lines": 17,
      "BlankLines": 0,
      "Comments": 0,
      "CodeLines": 17
    },
    {
      "File": "src/01/02/z2ui5_cl_core_app.clas.xml",
      "Lines": 17,
      "BlankLines": 0,
      "Comments": 0,
      "CodeLines": 17
    },
    {
      "File": "src/01/02/z2ui5_cl_core_client.clas.xml",
      "Lines": 17,
      "BlankLines": 0,
      "Comments": 0,
      "CodeLines": 17
    },
    {
      "File": "src/01/02/z2ui5_cl_core_http_get.clas.xml",
      "Lines": 17,
      "BlankLines": 0,
      "Comments": 0,
      "CodeLines": 17
    },
    {
      "File": "src/01/90/z2ui5_cl_test_int_test.clas.xml",
      "Lines": 17,
      "BlankLines": 0,
      "Comments": 0,
      "CodeLines": 17
    },
    {
      "File": "src/01/02/z2ui5_cl_core_action.clas.xml",
      "Lines": 17,
      "BlankLines": 0,
      "Comments": 0,
      "CodeLines": 17
    },
    {
      "File": "src/01/00/01/z2ui5_cl_ajson_utilities.clas.xml",
      "Lines": 17,
      "BlankLines": 0,
      "Comments": 0,
      "CodeLines": 17
    },
    {
      "File": "src/01/00/01/z2ui5_cl_ajson_mapping.clas.xml",
      "Lines": 17,
      "BlankLines": 0,
      "Comments": 0,
      "CodeLines": 17
    },
    {
      "File": "src/01/02/z2ui5_cl_core_http_post.clas.xml",
      "Lines": 17,
      "BlankLines": 0,
      "Comments": 0,
      "CodeLines": 17
    },
    {
      "File": "src/01/03/z2ui5_cl_core_app_info.clas.xml",
      "Lines": 17,
      "BlankLines": 0,
      "Comments": 0,
      "CodeLines": 17
    },
    {
      "File": "src/01/02/01/z2ui5_cl_core_diss_srv.clas.xml",
      "Lines": 17,
      "BlankLines": 0,
      "Comments": 0,
      "CodeLines": 17
    },
    {
      "File": "src/01/02/01/z2ui5_cl_core_json_srv.clas.xml",
      "Lines": 17,
      "BlankLines": 0,
      "Comments": 0,
      "CodeLines": 17
    },
    {
      "File": "src/01/00/01/z2ui5_cl_ajson.clas.xml",
      "Lines": 17,
      "BlankLines": 0,
      "Comments": 0,
      "CodeLines": 17
    },
    {
      "File": "src/01/03/z2ui5_cl_core_app_startup.clas.xml",
      "Lines": 17,
      "BlankLines": 0,
      "Comments": 0,
      "CodeLines": 17
    },
    {
      "File": "src/01/02/01/z2ui5_cl_core_attri_srv.clas.xml",
      "Lines": 17,
      "BlankLines": 0,
      "Comments": 0,
      "CodeLines": 17
    },
    {
      "File": "src/01/02/01/z2ui5_cl_core_event_srv.clas.xml",
      "Lines": 17,
      "BlankLines": 0,
      "Comments": 0,
      "CodeLines": 17
    },
    {
      "File": "src/02/z2ui5_cl_http_handler.clas.xml",
      "Lines": 17,
      "BlankLines": 0,
      "Comments": 0,
      "CodeLines": 17
    },
    {
      "File": "src/01/03/z2ui5_cl_core_app_search.clas.xml",
      "Lines": 17,
      "BlankLines": 0,
      "Comments": 0,
      "CodeLines": 17
    },
    {
      "File": "src/01/90/01/z2ui5_cl_ui5__tree.clas.abap",
      "Lines": 21,
      "BlankLines": 4,
      "Comments": 0,
      "CodeLines": 17
    },
    {
      "File": "src/01/02/01/z2ui5_cl_core_draft_srv.clas.xml",
      "Lines": 17,
      "BlankLines": 0,
      "Comments": 0,
      "CodeLines": 17
    },
    {
      "File": "src/01/02/01/z2ui5_cl_core_bind_srv.clas.xml",
      "Lines": 17,
      "BlankLines": 0,
      "Comments": 0,
      "CodeLines": 17
    },
    {
      "File": "src/01/03/z2ui5_cl_core_app_error.clas.xml",
      "Lines": 17,
      "BlankLines": 0,
      "Comments": 0,
      "CodeLines": 17
    },
    {
      "File": "src/01/90/z2ui5_cl_test_app_131.clas.xml",
      "Lines": 16,
      "BlankLines": 0,
      "Comments": 0,
      "CodeLines": 16
    },
    {
      "File": "src/02/02/z2ui5_cl_pop_table.clas.xml",
      "Lines": 16,
      "BlankLines": 0,
      "Comments": 0,
      "CodeLines": 16
    },
    {
      "File": "src/01/05/z2ui5_cl_cc_validator.clas.xml",
      "Lines": 16,
      "BlankLines": 0,
      "Comments": 0,
      "CodeLines": 16
    },
    {
      "File": ".github/workflows/test_rename.yml",
      "Lines": 20,
      "BlankLines": 4,
      "Comments": 0,
      "CodeLines": 16
    },
    {
      "File": "src/01/05/z2ui5_cl_cc_messaging.clas.xml",
      "Lines": 16,
      "BlankLines": 0,
      "Comments": 0,
      "CodeLines": 16
    },
    {
      "File": "src/01/90/01/z2ui5_cl_ui5.clas.xml",
      "Lines": 16,
      "BlankLines": 0,
      "Comments": 0,
      "CodeLines": 16
    },
    {
      "File": "src/01/05/z2ui5_cl_cc_message_m.clas.xml",
      "Lines": 16,
      "BlankLines": 0,
      "Comments": 0,
      "CodeLines": 16
    },
    {
      "File": "src/01/90/01/z2ui5_cl_ui5__tree.clas.xml",
      "Lines": 16,
      "BlankLines": 0,
      "Comments": 0,
      "CodeLines": 16
    },
    {
      "File": "src/01/05/z2ui5_cl_cc_imagemapster.clas.xml",
      "Lines": 16,
      "BlankLines": 0,
      "Comments": 0,
      "CodeLines": 16
    },
    {
      "File": "src/01/90/01/z2ui5_cl_ui5_html.clas.xml",
      "Lines": 16,
      "BlankLines": 0,
      "Comments": 0,
      "CodeLines": 16
    },
    {
      "File": "src/01/05/z2ui5_cl_cc_font_awesome.clas.xml",
      "Lines": 16,
      "BlankLines": 0,
      "Comments": 0,
      "CodeLines": 16
    },
    {
      "File": "src/01/90/01/z2ui5_cl_ui5_webc.clas.xml",
      "Lines": 16,
      "BlankLines": 0,
      "Comments": 0,
      "CodeLines": 16
    },
    {
      "File": "src/01/05/z2ui5_cl_cc_driver_js.clas.xml",
      "Lines": 16,
      "BlankLines": 0,
      "Comments": 0,
      "CodeLines": 16
    },
    {
      "File": "src/01/90/01/z2ui5_cl_ui5_z2ui5.clas.xml",
      "Lines": 16,
      "BlankLines": 0,
      "Comments": 0,
      "CodeLines": 16
    },
    {
      "File": "src/02/02/z2ui5_cl_pop_transport.clas.xml",
      "Lines": 16,
      "BlankLines": 0,
      "Comments": 0,
      "CodeLines": 16
    },
    {
      "File": "src/01/05/z2ui5_cl_cc_demo_out.clas.xml",
      "Lines": 16,
      "BlankLines": 0,
      "Comments": 0,
      "CodeLines": 16
    },
    {
      "File": "src/01/04/z2ui5_cl_cc_debug_tool.clas.xml",
      "Lines": 16,
      "BlankLines": 0,
      "Comments": 0,
      "CodeLines": 16
    },
    {
      "File": "src/01/05/z2ui5_cl_cc_chartjs.clas.xml",
      "Lines": 16,
      "BlankLines": 0,
      "Comments": 0,
      "CodeLines": 16
    },
    {
      "File": "src/01/90/z2ui5_cl_test_app_132.clas.xml",
      "Lines": 16,
      "BlankLines": 0,
      "Comments": 0,
      "CodeLines": 16
    },
    {
      "File": "src/02/02/z2ui5_cl_pop_to_select.clas.xml",
      "Lines": 16,
      "BlankLines": 0,
      "Comments": 0,
      "CodeLines": 16
    },
    {
      "File": "src/01/90/z2ui5_cl_test_hello_wor.clas.xml",
      "Lines": 16,
      "BlankLines": 0,
      "Comments": 0,
      "CodeLines": 16
    },
    {
      "File": "src/02/02/z2ui5_cl_pop_to_inform.clas.xml",
      "Lines": 16,
      "BlankLines": 0,
      "Comments": 0,
      "CodeLines": 16
    },
    {
      "File": "src/01/05/z2ui5_cl_cc_camera_pic.clas.xml",
      "Lines": 16,
      "BlankLines": 0,
      "Comments": 0,
      "CodeLines": 16
    },
    {
      "File": "src/01/05/z2ui5_cl_cc_bwipjs.clas.xml",
      "Lines": 16,
      "BlankLines": 0,
      "Comments": 0,
      "CodeLines": 16
    },
    {
      "File": "src/01/04/z2ui5_cl_cc_favicon.clas.xml",
      "Lines": 16,
      "BlankLines": 0,
      "Comments": 0,
      "CodeLines": 16
    },
    {
      "File": "src/02/02/z2ui5_cl_pop_to_confirm.clas.xml",
      "Lines": 16,
      "BlankLines": 0,
      "Comments": 0,
      "CodeLines": 16
    },
    {
      "File": "src/01/05/z2ui5_cl_cc_animatecss.clas.xml",
      "Lines": 16,
      "BlankLines": 0,
      "Comments": 0,
      "CodeLines": 16
    },
    {
      "File": "src/02/00/z2ui5_cl_pop_layout.clas.xml",
      "Lines": 16,
      "BlankLines": 0,
      "Comments": 0,
      "CodeLines": 16
    },
    {
      "File": "src/02/02/z2ui5_cl_pop_textedit.clas.xml",
      "Lines": 16,
      "BlankLines": 0,
      "Comments": 0,
      "CodeLines": 16
    },
    {
      "File": "src/01/04/z2ui5_cl_cc_util.clas.xml",
      "Lines": 16,
      "BlankLines": 0,
      "Comments": 0,
      "CodeLines": 16
    },
    {
      "File": "src/01/04/z2ui5_cl_cc_file_upl.clas.xml",
      "Lines": 16,
      "BlankLines": 0,
      "Comments": 0,
      "CodeLines": 16
    },
    {
      "File": "src/01/04/z2ui5_cl_cc_uitable.clas.xml",
      "Lines": 16,
      "BlankLines": 0,
      "Comments": 0,
      "CodeLines": 16
    },
    {
      "File": "src/01/05/z2ui5_cl_cc_spreadsheet.clas.xml",
      "Lines": 16,
      "BlankLines": 0,
      "Comments": 0,
      "CodeLines": 16
    },
    {
      "File": "src/01/04/z2ui5_cl_cc_title.clas.xml",
      "Lines": 16,
      "BlankLines": 0,
      "Comments": 0,
      "CodeLines": 16
    },
    {
      "File": "src/01/04/z2ui5_cl_cc_focus.clas.xml",
      "Lines": 16,
      "BlankLines": 0,
      "Comments": 0,
      "CodeLines": 16
    },
    {
      "File": "src/02/01/01/z2ui5_cl_xml_view_cc.clas.xml",
      "Lines": 16,
      "BlankLines": 0,
      "Comments": 0,
      "CodeLines": 16
    },
    {
      "File": "src/02/02/z2ui5_cl_pop_pdf.clas.xml",
      "Lines": 16,
      "BlankLines": 0,
      "Comments": 0,
      "CodeLines": 16
    },
    {
      "File": "src/01/04/z2ui5_cl_cc_geoloc.clas.xml",
      "Lines": 16,
      "BlankLines": 0,
      "Comments": 0,
      "CodeLines": 16
    },
    {
      "File": "src/01/04/z2ui5_cl_cc_timer.clas.xml",
      "Lines": 16,
      "BlankLines": 0,
      "Comments": 0,
      "CodeLines": 16
    },
    {
      "File": "src/02/02/z2ui5_cl_app_hello_world.clas.xml",
      "Lines": 16,
      "BlankLines": 0,
      "Comments": 0,
      "CodeLines": 16
    },
    {
      "File": "src/01/04/z2ui5_cl_cc_scrolling.clas.xml",
      "Lines": 16,
      "BlankLines": 0,
      "Comments": 0,
      "CodeLines": 16
    },
    {
      "File": "src/02/02/z2ui5_cl_pop_error.clas.xml",
      "Lines": 16,
      "BlankLines": 0,
      "Comments": 0,
      "CodeLines": 16
    },
    {
      "File": "src/02/02/z2ui5_cl_pop_messages.clas.xml",
      "Lines": 16,
      "BlankLines": 0,
      "Comments": 0,
      "CodeLines": 16
    },
    {
      "File": "src/02/02/z2ui5_cl_pop_f4_help.clas.xml",
      "Lines": 16,
      "BlankLines": 0,
      "Comments": 0,
      "CodeLines": 16
    },
    {
      "File": "src/01/04/z2ui5_cl_cc_history.clas.xml",
      "Lines": 16,
      "BlankLines": 0,
      "Comments": 0,
      "CodeLines": 16
    },
    {
      "File": "src/02/02/z2ui5_cl_pop_file_dl.clas.xml",
      "Lines": 16,
      "BlankLines": 0,
      "Comments": 0,
      "CodeLines": 16
    },
    {
      "File": "src/02/02/z2ui5_cl_pop_layout_v2.clas.xml",
      "Lines": 16,
      "BlankLines": 0,
      "Comments": 0,
      "CodeLines": 16
    },
    {
      "File": "src/02/02/z2ui5_cl_pop_file_ul.clas.xml",
      "Lines": 16,
      "BlankLines": 0,
      "Comments": 0,
      "CodeLines": 16
    },
    {
      "File": "src/02/02/z2ui5_cl_pop_js_loader.clas.xml",
      "Lines": 16,
      "BlankLines": 0,
      "Comments": 0,
      "CodeLines": 16
    },
    {
      "File": "src/02/02/z2ui5_cl_pop_get_range.clas.xml",
      "Lines": 16,
      "BlankLines": 0,
      "Comments": 0,
      "CodeLines": 16
    },
    {
      "File": "src/01/04/z2ui5_cl_cc_multiinput.clas.xml",
      "Lines": 16,
      "BlankLines": 0,
      "Comments": 0,
      "CodeLines": 16
    },
    {
      "File": "src/02/02/z2ui5_cl_pop_get_range_m.clas.xml",
      "Lines": 16,
      "BlankLines": 0,
      "Comments": 0,
      "CodeLines": 16
    },
    {
      "File": "src/01/04/z2ui5_cl_cc_info.clas.xml",
      "Lines": 16,
      "BlankLines": 0,
      "Comments": 0,
      "CodeLines": 16
    },
    {
      "File": "src/02/02/z2ui5_cl_pop_html.clas.xml",
      "Lines": 16,
      "BlankLines": 0,
      "Comments": 0,
      "CodeLines": 16
    },
    {
      "File": "src/01/04/z2ui5_cl_cc_lp_title.clas.xml",
      "Lines": 16,
      "BlankLines": 0,
      "Comments": 0,
      "CodeLines": 16
    },
    {
      "File": "src/02/02/z2ui5_cl_pop_input_val.clas.xml",
      "Lines": 16,
      "BlankLines": 0,
      "Comments": 0,
      "CodeLines": 16
    },
    {
      "File": "src/02/02/z2ui5_cl_pop_itab_json_dl.clas.xml",
      "Lines": 16,
      "BlankLines": 0,
      "Comments": 0,
      "CodeLines": 16
    },
    {
      "File": "src/01/00/01/z2ui5_if_ajson_filter.intf.xml",
      "Lines": 15,
      "BlankLines": 0,
      "Comments": 0,
      "CodeLines": 15
    },
    {
      "File": "src/01/00/01/z2ui5_if_ajson_mapping.intf.xml",
      "Lines": 15,
      "BlankLines": 0,
      "Comments": 0,
      "CodeLines": 15
    },
    {
      "File": "src/01/00/01/z2ui5_if_ajson_types.intf.xml",
      "Lines": 15,
      "BlankLines": 0,
      "Comments": 0,
      "CodeLines": 15
    },
    {
      "File": "src/01/00/01/z2ui5_if_ajson.intf.xml",
      "Lines": 15,
      "BlankLines": 0,
      "Comments": 0,
      "CodeLines": 15
    },
    {
      "File": "src/02/z2ui5_if_types.intf.xml",
      "Lines": 15,
      "BlankLines": 0,
      "Comments": 0,
      "CodeLines": 15
    },
    {
      "File": "src/02/z2ui5_if_client.intf.xml",
      "Lines": 15,
      "BlankLines": 0,
      "Comments": 0,
      "CodeLines": 15
    },
    {
      "File": "src/01/02/z2ui5_if_core_types.intf.xml",
      "Lines": 15,
      "BlankLines": 0,
      "Comments": 0,
      "CodeLines": 15
    },
    {
      "File": "src/02/z2ui5_if_app.intf.xml",
      "Lines": 15,
      "BlankLines": 0,
      "Comments": 0,
      "CodeLines": 15
    },
    {
      "File": "src/02/01/01/z2ui5_cl_xml_view.clas.testclasses.abap",
      "Lines": 23,
      "BlankLines": 8,
      "Comments": 0,
      "CodeLines": 15
    },
    {
      "File": "src/01/02/z2ui5_cl_core_client.clas.testclasses.abap",
      "Lines": 21,
      "BlankLines": 7,
      "Comments": 0,
      "CodeLines": 14
    },
    {
      "File": "src/01/02/z2ui5_cl_core_action.clas.testclasses.abap",
      "Lines": 21,
      "BlankLines": 7,
      "Comments": 0,
      "CodeLines": 14
    },
    {
      "File": "src/01/03/z2ui5_cl_core_app_error.clas.testclasses.abap",
      "Lines": 20,
      "BlankLines": 8,
      "Comments": 0,
      "CodeLines": 12
    },
    {
      "File": "src/02/z2ui5_if_app.intf.abap",
      "Lines": 15,
      "BlankLines": 4,
      "Comments": 0,
      "CodeLines": 11
    },
    {
      "File": "src/01/03/z2ui5_cl_core_app_search.clas.testclasses.abap",
      "Lines": 19,
      "BlankLines": 8,
      "Comments": 0,
      "CodeLines": 11
    },
    {
      "File": "src/01/03/z2ui5_cl_core_app_startup.clas.testclasses.abap",
      "Lines": 19,
      "BlankLines": 8,
      "Comments": 0,
      "CodeLines": 11
    },
    {
      "File": "src/01/03/z2ui5_cl_core_app_info.clas.testclasses.abap",
      "Lines": 19,
      "BlankLines": 8,
      "Comments": 0,
      "CodeLines": 11
    },
    {
      "File": "src/01/02/01/package.devc.xml",
      "Lines": 10,
      "BlankLines": 0,
      "Comments": 0,
      "CodeLines": 10
    },
    {
      "File": "src/02/00/package.devc.xml",
      "Lines": 10,
      "BlankLines": 0,
      "Comments": 0,
      "CodeLines": 10
    },
    {
      "File": "src/01/package.devc.xml",
      "Lines": 10,
      "BlankLines": 0,
      "Comments": 0,
      "CodeLines": 10
    },
    {
      "File": "src/01/02/package.devc.xml",
      "Lines": 10,
      "BlankLines": 0,
      "Comments": 0,
      "CodeLines": 10
    },
    {
      "File": "src/01/90/package.devc.xml",
      "Lines": 10,
      "BlankLines": 0,
      "Comments": 0,
      "CodeLines": 10
    },
    {
      "File": "src/01/90/01/package.devc.xml",
      "Lines": 10,
      "BlankLines": 0,
      "Comments": 0,
      "CodeLines": 10
    },
    {
      "File": "src/01/03/package.devc.xml",
      "Lines": 10,
      "BlankLines": 0,
      "Comments": 0,
      "CodeLines": 10
    },
    {
      "File": "src/02/package.devc.xml",
      "Lines": 10,
      "BlankLines": 0,
      "Comments": 0,
      "CodeLines": 10
    },
    {
      "File": "src/01/04/package.devc.xml",
      "Lines": 10,
      "BlankLines": 0,
      "Comments": 0,
      "CodeLines": 10
    },
    {
      "File": "src/01/00/01/package.devc.xml",
      "Lines": 10,
      "BlankLines": 0,
      "Comments": 0,
      "CodeLines": 10
    },
    {
      "File": "src/01/05/package.devc.xml",
      "Lines": 10,
      "BlankLines": 0,
      "Comments": 0,
      "CodeLines": 10
    },
    {
      "File": "src/02/01/01/package.devc.xml",
      "Lines": 10,
      "BlankLines": 0,
      "Comments": 0,
      "CodeLines": 10
    },
    {
      "File": "src/01/01/package.devc.xml",
      "Lines": 10,
      "BlankLines": 0,
      "Comments": 0,
      "CodeLines": 10
    },
    {
      "File": "src/02/01/package.devc.xml",
      "Lines": 10,
      "BlankLines": 0,
      "Comments": 0,
      "CodeLines": 10
    },
    {
      "File": "src/02/02/package.devc.xml",
      "Lines": 10,
      "BlankLines": 0,
      "Comments": 0,
      "CodeLines": 10
    },
    {
      "File": "src/01/00/package.devc.xml",
      "Lines": 10,
      "BlankLines": 0,
      "Comments": 0,
      "CodeLines": 10
    },
    {
      "File": "src/01/00/02/package.devc.xml",
      "Lines": 10,
      "BlankLines": 0,
      "Comments": 0,
      "CodeLines": 10
    },
    {
      "File": "src/package.devc.xml",
      "Lines": 10,
      "BlankLines": 0,
      "Comments": 0,
      "CodeLines": 10
    }
  ]
}