{
  "TotalLines": 189,
  "TotalBlankLines": 14,
  "TotalComments": 12,
  "TotalCodeLines": 163,
  "Results": [
    {
      "File": "azure-pipelines.yml",
      "Lines": 87,
      "BlankLines": 10,
      "Comments": 6,
      "CodeLines": 71
    },
    {
      "File": "HPROD/docker-compose.yml",
      "Lines": 52,
      "BlankLines": 2,
      "Comments": 3,
      "CodeLines": 47
    },
    {
      "File": "PROD/docker-compose.yml",
      "Lines": 50,
      "BlankLines": 2,
      "Comments": 3,
      "CodeLines": 45
    }
  ]
}