{
  "TotalLines": 145,
  "TotalBlankLines": 17,
  "TotalComments": 6,
  "TotalCodeLines": 122,
  "Results": [
    {
      "File": "branchtesting/pom.xml",
      "Lines": 77,
      "BlankLines": 5,
      "Comments": 0,
      "CodeLines": 72
    },
    {
      "File": "js-sample/Person.js",
      "Lines": 30,
      "BlankLines": 7,
      "Comments": 0,
      "CodeLines": 23
    },
    {
      "File": "branchtesting/src/main/java/branchexample/App.java",
      "Lines": 20,
      "BlankLines": 2,
      "Comments": 3,
      "CodeLines": 15
    },
    {
      "File": "branchtesting/src/test/java/branchexample/AppTest.java",
      "Lines": 18,
      "BlankLines": 3,
      "Comments": 3,
      "CodeLines": 12
    }
  ]
}