{
  "TotalLines": 35191,
  "TotalBlankLines": 5479,
  "TotalComments": 6707,
  "TotalCodeLines": 23005,
  "Results": [
    {
      "File": "test/utils.js",
      "Lines": 799,
      "BlankLines": 90,
      "Comments": 122,
      "CodeLines": 587
    },
    {
      "File": "test/isEqual.js",
      "Lines": 700,
      "BlankLines": 165,
      "Comments": 0,
      "CodeLines": 535
    },
    {
      "File": "test/template.js",
      "Lines": 451,
      "BlankLines": 97,
      "Comments": 1,
      "CodeLines": 353
    },
    {
      "File": "test/clone-methods.js",
      "Lines": 429,
      "BlankLines": 78,
      "Comments": 0,
      "CodeLines": 351
    },
    {
      "File": "test/iteration-methods.js",
      "Lines": 340,
      "BlankLines": 45,
      "Comments": 0,
      "CodeLines": 295
    },
    {
      "File": "test/matchesProperty.js",
      "Lines": 368,
      "BlankLines": 85,
      "Comments": 0,
      "CodeLines": 283
    },
    {
      "File": "test/merge.test.js",
      "Lines": 350,
      "BlankLines": 80,
      "Comments": 1,
      "CodeLines": 269
    },
    {
      "File": "test/matches-methods.js",
      "Lines": 294,
      "BlankLines": 71,
      "Comments": 0,
      "CodeLines": 223
    },
    {
      "File": "test/custom-_.iteratee-methods.js",
      "Lines": 270,
      "BlankLines": 48,
      "Comments": 0,
      "CodeLines": 222
    },
    {
      "File": "test/number-coercion-methods.js",
      "Lines": 248,
      "BlankLines": 42,
      "Comments": 0,
      "CodeLines": 206
    },
    {
      "File": "test/debounce.test.js",
      "Lines": 250,
      "BlankLines": 54,
      "Comments": 0,
      "CodeLines": 196
    },
    {
      "File": "test/throttle.js",
      "Lines": 227,
      "BlankLines": 45,
      "Comments": 0,
      "CodeLines": 182
    },
    {
      "File": "test/bind.js",
      "Lines": 231,
      "BlankLines": 50,
      "Comments": 0,
      "CodeLines": 181
    },
    {
      "File": ".internal/baseClone.js",
      "Lines": 241,
      "BlankLines": 25,
      "Comments": 42,
      "CodeLines": 174
    },
    {
      "File": "test/lodash-methods.js",
      "Lines": 194,
      "BlankLines": 24,
      "Comments": 1,
      "CodeLines": 169
    },
    {
      "File": "test/has-methods.js",
      "Lines": 205,
      "BlankLines": 46,
      "Comments": 0,
      "CodeLines": 159
    },
    {
      "File": "test/transform.js",
      "Lines": 205,
      "BlankLines": 49,
      "Comments": 0,
      "CodeLines": 156
    },
    {
      "File": "test/mixin.js",
      "Lines": 189,
      "BlankLines": 38,
      "Comments": 0,
      "CodeLines": 151
    },
    {
      "File": "test/methods-using-createWrapper.js",
      "Lines": 198,
      "BlankLines": 50,
      "Comments": 0,
      "CodeLines": 148
    },
    {
      "File": "test/memoize.test.js",
      "Lines": 178,
      "BlankLines": 37,
      "Comments": 0,
      "CodeLines": 141
    },
    {
      "File": "test/object-assignments.js",
      "Lines": 180,
      "BlankLines": 40,
      "Comments": 0,
      "CodeLines": 140
    },
    {
      "File": "test/uncommon-symbols.js",
      "Lines": 170,
      "BlankLines": 34,
      "Comments": 0,
      "CodeLines": 136
    },
    {
      "File": "test/set-methods.js",
      "Lines": 172,
      "BlankLines": 37,
      "Comments": 0,
      "CodeLines": 135
    },
    {
      "File": "test/keys-methods.js",
      "Lines": 183,
      "BlankLines": 47,
      "Comments": 1,
      "CodeLines": 135
    },
    {
      "File": "test/debounce-and-throttle.js",
      "Lines": 167,
      "BlankLines": 33,
      "Comments": 0,
      "CodeLines": 134
    },
    {
      "File": "test/basename.js",
      "Lines": 151,
      "BlankLines": 18,
      "Comments": 1,
      "CodeLines": 132
    },
    {
      "File": "test/iteratee.js",
      "Lines": 164,
      "BlankLines": 35,
      "Comments": 0,
      "CodeLines": 129
    },
    {
      "File": "test/conforms-methods.js",
      "Lines": 153,
      "BlankLines": 34,
      "Comments": 0,
      "CodeLines": 119
    },
    {
      "File": "debounce.js",
      "Lines": 213,
      "BlankLines": 23,
      "Comments": 72,
      "CodeLines": 118
    },
    {
      "File": "test/get-and-result.js",
      "Lines": 148,
      "BlankLines": 32,
      "Comments": 0,
      "CodeLines": 116
    },
    {
      "File": "test/find-methods.js",
      "Lines": 139,
      "BlankLines": 28,
      "Comments": 0,
      "CodeLines": 111
    },
    {
      "File": "test/isMatchWith.js",
      "Lines": 137,
      "BlankLines": 27,
      "Comments": 0,
      "CodeLines": 110
    },
    {
      "File": "test/curryRight.js",
      "Lines": 136,
      "BlankLines": 27,
      "Comments": 0,
      "CodeLines": 109
    },
    {
      "File": "test/lodash(...)-methods-that-return-unwrapped-values.js",
      "Lines": 112,
      "BlankLines": 3,
      "Comments": 0,
      "CodeLines": 109
    },
    {
      "File": "test/curry.js",
      "Lines": 135,
      "BlankLines": 27,
      "Comments": 0,
      "CodeLines": 108
    },
    {
      "File": "test/slice.js",
      "Lines": 133,
      "BlankLines": 28,
      "Comments": 0,
      "CodeLines": 105
    },
    {
      "File": "test/methodOf.js",
      "Lines": 131,
      "BlankLines": 27,
      "Comments": 0,
      "CodeLines": 104
    },
    {
      "File": "test/method.js",
      "Lines": 132,
      "BlankLines": 28,
      "Comments": 0,
      "CodeLines": 104
    },
    {
      "File": "test/fill.js",
      "Lines": 128,
      "BlankLines": 25,
      "Comments": 0,
      "CodeLines": 103
    },
    {
      "File": "test/isEqualWith.js",
      "Lines": 128,
      "BlankLines": 25,
      "Comments": 0,
      "CodeLines": 103
    },
    {
      "File": "test/uniq-methods.js",
      "Lines": 123,
      "BlankLines": 22,
      "Comments": 1,
      "CodeLines": 100
    },
    {
      "File": "test/at.test.js",
      "Lines": 124,
      "BlankLines": 27,
      "Comments": 0,
      "CodeLines": 97
    },
    {
      "File": "test/propertyOf.test.js",
      "Lines": 122,
      "BlankLines": 26,
      "Comments": 0,
      "CodeLines": 96
    },
    {
      "File": "test/isEmpty.js",
      "Lines": 119,
      "BlankLines": 23,
      "Comments": 0,
      "CodeLines": 96
    },
    {
      "File": "test/property.test.js",
      "Lines": 122,
      "BlankLines": 27,
      "Comments": 0,
      "CodeLines": 95
    },
    {
      "File": "test/unset.js",
      "Lines": 119,
      "BlankLines": 24,
      "Comments": 0,
      "CodeLines": 95
    },
    {
      "File": "test/omit-methods.js",
      "Lines": 114,
      "BlankLines": 20,
      "Comments": 0,
      "CodeLines": 94
    },
    {
      "File": "test/words.test.js",
      "Lines": 117,
      "BlankLines": 23,
      "Comments": 0,
      "CodeLines": 94
    },
    {
      "File": "test/map.js",
      "Lines": 122,
      "BlankLines": 29,
      "Comments": 0,
      "CodeLines": 93
    },
    {
      "File": "test/isPlainObject.js",
      "Lines": 114,
      "BlankLines": 22,
      "Comments": 0,
      "CodeLines": 92
    },
    {
      "File": "test/pullAt.js",
      "Lines": 122,
      "BlankLines": 31,
      "Comments": 0,
      "CodeLines": 91
    },
    {
      "File": "test/partial-methods.js",
      "Lines": 113,
      "BlankLines": 24,
      "Comments": 0,
      "CodeLines": 89
    },
    {
      "File": "test/case-methods.test.js",
      "Lines": 105,
      "BlankLines": 17,
      "Comments": 0,
      "CodeLines": 88
    },
    {
      "File": "test/Arrays-category-methods.js",
      "Lines": 97,
      "BlankLines": 9,
      "Comments": 0,
      "CodeLines": 88
    },
    {
      "File": ".eslintrc.js",
      "Lines": 125,
      "BlankLines": 39,
      "Comments": 2,
      "CodeLines": 84
    },
    {
      "File": "test/flatten-methods.js",
      "Lines": 106,
      "BlankLines": 22,
      "Comments": 0,
      "CodeLines": 84
    },
    {
      "File": "test/find-and-includes.js",
      "Lines": 103,
      "BlankLines": 21,
      "Comments": 0,
      "CodeLines": 82
    },
    {
      "File": "test/random.js",
      "Lines": 104,
      "BlankLines": 23,
      "Comments": 0,
      "CodeLines": 81
    },
    {
      "File": "test/create.test.js",
      "Lines": 99,
      "BlankLines": 19,
      "Comments": 0,
      "CodeLines": 80
    },
    {
      "File": "test/defaultsDeep.js",
      "Lines": 101,
      "BlankLines": 22,
      "Comments": 0,
      "CodeLines": 79
    },
    {
      "File": "test/findLast.test.js",
      "Lines": 99,
      "BlankLines": 21,
      "Comments": 0,
      "CodeLines": 78
    },
    {
      "File": "test/invokeMap.js",
      "Lines": 105,
      "BlankLines": 27,
      "Comments": 0,
      "CodeLines": 78
    },
    {
      "File": "test/includes.js",
      "Lines": 95,
      "BlankLines": 17,
      "Comments": 0,
      "CodeLines": 78
    },
    {
      "File": "test/takeWhile.js",
      "Lines": 102,
      "BlankLines": 25,
      "Comments": 0,
      "CodeLines": 77
    },
    {
      "File": "test/isNative.js",
      "Lines": 92,
      "BlankLines": 16,
      "Comments": 0,
      "CodeLines": 76
    },
    {
      "File": "test/reverse.js",
      "Lines": 94,
      "BlankLines": 18,
      "Comments": 0,
      "CodeLines": 76
    },
    {
      "File": "test/filter-methods.js",
      "Lines": 100,
      "BlankLines": 25,
      "Comments": 0,
      "CodeLines": 75
    },
    {
      "File": "test/Strings-category-methods.test.js",
      "Lines": 83,
      "BlankLines": 9,
      "Comments": 0,
      "CodeLines": 74
    },
    {
      "File": "test/overSome.js",
      "Lines": 98,
      "BlankLines": 25,
      "Comments": 0,
      "CodeLines": 73
    },
    {
      "File": "test/takeRightWhile.js",
      "Lines": 96,
      "BlankLines": 24,
      "Comments": 0,
      "CodeLines": 72
    },
    {
      "File": "test/intersection-methods.js",
      "Lines": 91,
      "BlankLines": 19,
      "Comments": 0,
      "CodeLines": 72
    },
    {
      "File": "test/sortBy-methods.js",
      "Lines": 87,
      "BlankLines": 15,
      "Comments": 0,
      "CodeLines": 72
    },
    {
      "File": "test/pick-methods.js",
      "Lines": 85,
      "BlankLines": 14,
      "Comments": 0,
      "CodeLines": 71
    },
    {
      "File": "test/ary.js",
      "Lines": 91,
      "BlankLines": 22,
      "Comments": 0,
      "CodeLines": 69
    },
    {
      "File": "test/assign-and-assignIn.js",
      "Lines": 88,
      "BlankLines": 19,
      "Comments": 0,
      "CodeLines": 69
    },
    {
      "File": ".internal/baseMergeDeep.js",
      "Lines": 91,
      "BlankLines": 6,
      "Comments": 16,
      "CodeLines": 69
    },
    {
      "File": "test/isFunction.js",
      "Lines": 83,
      "BlankLines": 15,
      "Comments": 0,
      "CodeLines": 68
    },
    {
      "File": "test/sortedIndex-methods.js",
      "Lines": 84,
      "BlankLines": 16,
      "Comments": 0,
      "CodeLines": 68
    },
    {
      "File": "test/range-methods.js",
      "Lines": 82,
      "BlankLines": 14,
      "Comments": 0,
      "CodeLines": 68
    },
    {
      "File": ".internal/equalByTag.js",
      "Lines": 109,
      "BlankLines": 15,
      "Comments": 27,
      "CodeLines": 67
    },
    {
      "File": "test/overArgs.js",
      "Lines": 82,
      "BlankLines": 16,
      "Comments": 0,
      "CodeLines": 66
    },
    {
      "File": "test/__proto__-property-bugs.js",
      "Lines": 87,
      "BlankLines": 21,
      "Comments": 0,
      "CodeLines": 66
    },
    {
      "File": "truncate.js",
      "Lines": 113,
      "BlankLines": 9,
      "Comments": 38,
      "CodeLines": 66
    },
    {
      "File": "test/parseInt.js",
      "Lines": 81,
      "BlankLines": 15,
      "Comments": 0,
      "CodeLines": 66
    },
    {
      "File": "test/overEvery.js",
      "Lines": 87,
      "BlankLines": 22,
      "Comments": 0,
      "CodeLines": 65
    },
    {
      "File": "test/difference-methods.js",
      "Lines": 85,
      "BlankLines": 20,
      "Comments": 0,
      "CodeLines": 65
    },
    {
      "File": "test/trim-methods.js",
      "Lines": 83,
      "BlankLines": 18,
      "Comments": 0,
      "CodeLines": 65
    },
    {
      "File": "test/round-methods.js",
      "Lines": 82,
      "BlankLines": 19,
      "Comments": 0,
      "CodeLines": 63
    },
    {
      "File": "test/remove.js",
      "Lines": 80,
      "BlankLines": 17,
      "Comments": 0,
      "CodeLines": 63
    },
    {
      "File": ".internal/equalObjects.js",
      "Lines": 88,
      "BlankLines": 8,
      "Comments": 18,
      "CodeLines": 62
    },
    {
      "File": "test/chain.js",
      "Lines": 74,
      "BlankLines": 13,
      "Comments": 0,
      "CodeLines": 61
    },
    {
      "File": "test/unzip-and-zip.js",
      "Lines": 72,
      "BlankLines": 11,
      "Comments": 0,
      "CodeLines": 61
    },
    {
      "File": "test/size.test.js",
      "Lines": 75,
      "BlankLines": 14,
      "Comments": 0,
      "CodeLines": 61
    },
    {
      "File": "test/uniqBy-methods.js",
      "Lines": 74,
      "BlankLines": 14,
      "Comments": 0,
      "CodeLines": 60
    },
    {
      "File": ".internal/equalArrays.js",
      "Lines": 84,
      "BlankLines": 7,
      "Comments": 17,
      "CodeLines": 60
    },
    {
      "File": "test/some.js",
      "Lines": 76,
      "BlankLines": 16,
      "Comments": 0,
      "CodeLines": 60
    },
    {
      "File": "test/lodash(...).next.js",
      "Lines": 74,
      "BlankLines": 14,
      "Comments": 0,
      "CodeLines": 60
    },
    {
      "File": "test/lodash.methodName.js",
      "Lines": 75,
      "BlankLines": 16,
      "Comments": 0,
      "CodeLines": 59
    },
    {
      "File": "test/sortBy.js",
      "Lines": 75,
      "BlankLines": 16,
      "Comments": 0,
      "CodeLines": 59
    },
    {
      "File": "test/keyBy.js",
      "Lines": 76,
      "BlankLines": 17,
      "Comments": 0,
      "CodeLines": 59
    },
    {
      "File": "test/tail.js",
      "Lines": 77,
      "BlankLines": 18,
      "Comments": 0,
      "CodeLines": 59
    },
    {
      "File": "test/bindAll.js",
      "Lines": 74,
      "BlankLines": 15,
      "Comments": 0,
      "CodeLines": 59
    },
    {
      "File": "test/sampleSize.js",
      "Lines": 76,
      "BlankLines": 17,
      "Comments": 0,
      "CodeLines": 59
    },
    {
      "File": "test/every.js",
      "Lines": 74,
      "BlankLines": 16,
      "Comments": 0,
      "CodeLines": 58
    },
    {
      "File": "test/findLastIndex-and-lastIndexOf.test.js",
      "Lines": 72,
      "BlankLines": 15,
      "Comments": 0,
      "CodeLines": 57
    },
    {
      "File": ".internal/baseUniq.js",
      "Lines": 73,
      "BlankLines": 6,
      "Comments": 10,
      "CodeLines": 57
    },
    {
      "File": ".internal/deburrLetter.js",
      "Lines": 71,
      "BlankLines": 3,
      "Comments": 11,
      "CodeLines": 57
    },
    {
      "File": "test/flatMap-methods.js",
      "Lines": 72,
      "BlankLines": 15,
      "Comments": 0,
      "CodeLines": 57
    },
    {
      "File": "test/isError.test.js",
      "Lines": 70,
      "BlankLines": 14,
      "Comments": 0,
      "CodeLines": 56
    },
    {
      "File": "test/omit.js",
      "Lines": 69,
      "BlankLines": 14,
      "Comments": 0,
      "CodeLines": 55
    },
    {
      "File": "test/invoke.js",
      "Lines": 71,
      "BlankLines": 16,
      "Comments": 0,
      "CodeLines": 55
    },
    {
      "File": ".internal/unicodeWords.js",
      "Lines": 70,
      "BlankLines": 5,
      "Comments": 10,
      "CodeLines": 55
    },
    {
      "File": "test/xor-methods.js",
      "Lines": 70,
      "BlankLines": 15,
      "Comments": 0,
      "CodeLines": 55
    },
    {
      "File": "test/rearg.js",
      "Lines": 70,
      "BlankLines": 15,
      "Comments": 0,
      "CodeLines": 55
    },
    {
      "File": ".internal/baseIntersection.js",
      "Lines": 72,
      "BlankLines": 7,
      "Comments": 10,
      "CodeLines": 55
    },
    {
      "File": "test/reduce-methods.js",
      "Lines": 68,
      "BlankLines": 14,
      "Comments": 0,
      "CodeLines": 54
    },
    {
      "File": "test/toPath.js",
      "Lines": 66,
      "BlankLines": 12,
      "Comments": 0,
      "CodeLines": 54
    },
    {
      "File": "test/defaults.test.js",
      "Lines": 66,
      "BlankLines": 12,
      "Comments": 0,
      "CodeLines": 54
    },
    {
      "File": "test/groupBy.js",
      "Lines": 68,
      "BlankLines": 14,
      "Comments": 0,
      "CodeLines": 54
    },
    {
      "File": "test/bindKey.js",
      "Lines": 66,
      "BlankLines": 13,
      "Comments": 0,
      "CodeLines": 53
    },
    {
      "File": "test/cond.js",
      "Lines": 65,
      "BlankLines": 12,
      "Comments": 0,
      "CodeLines": 53
    },
    {
      "File": "test/map-caches.js",
      "Lines": 63,
      "BlankLines": 10,
      "Comments": 0,
      "CodeLines": 53
    },
    {
      "File": "test/delay.js",
      "Lines": 67,
      "BlankLines": 15,
      "Comments": 0,
      "CodeLines": 52
    },
    {
      "File": ".internal/baseIsEqualDeep.js",
      "Lines": 79,
      "BlankLines": 10,
      "Comments": 17,
      "CodeLines": 52
    },
    {
      "File": "test/countBy.js",
      "Lines": 66,
      "BlankLines": 14,
      "Comments": 0,
      "CodeLines": 52
    },
    {
      "File": "test/dropWhile.js",
      "Lines": 67,
      "BlankLines": 15,
      "Comments": 0,
      "CodeLines": 52
    },
    {
      "File": "test/nth.js",
      "Lines": 69,
      "BlankLines": 18,
      "Comments": 0,
      "CodeLines": 51
    },
    {
      "File": ".internal/MapCache.js",
      "Lines": 120,
      "BlankLines": 13,
      "Comments": 56,
      "CodeLines": 51
    },
    {
      "File": "test/truncate.js",
      "Lines": 64,
      "BlankLines": 13,
      "Comments": 0,
      "CodeLines": 51
    },
    {
      "File": "test/indexOf-methods.js",
      "Lines": 63,
      "BlankLines": 12,
      "Comments": 0,
      "CodeLines": 51
    },
    {
      "File": ".internal/ListCache.js",
      "Lines": 103,
      "BlankLines": 11,
      "Comments": 41,
      "CodeLines": 51
    },
    {
      "File": "test/take.js",
      "Lines": 65,
      "BlankLines": 15,
      "Comments": 0,
      "CodeLines": 50
    },
    {
      "File": "test/takeRight.js",
      "Lines": 65,
      "BlankLines": 15,
      "Comments": 0,
      "CodeLines": 50
    },
    {
      "File": "test/head.js",
      "Lines": 62,
      "BlankLines": 12,
      "Comments": 0,
      "CodeLines": 50
    },
    {
      "File": "test/toPairs-methods.js",
      "Lines": 61,
      "BlankLines": 11,
      "Comments": 0,
      "CodeLines": 50
    },
    {
      "File": "test/nthArg.js",
      "Lines": 65,
      "BlankLines": 15,
      "Comments": 0,
      "CodeLines": 50
    },
    {
      "File": "test/mergeWith.js",
      "Lines": 64,
      "BlankLines": 14,
      "Comments": 0,
      "CodeLines": 50
    },
    {
      "File": "test/concat.js",
      "Lines": 65,
      "BlankLines": 16,
      "Comments": 0,
      "CodeLines": 49
    },
    {
      "File": "test/isElement.test.js",
      "Lines": 58,
      "BlankLines": 9,
      "Comments": 0,
      "CodeLines": 49
    },
    {
      "File": "test/orderBy.js",
      "Lines": 61,
      "BlankLines": 12,
      "Comments": 0,
      "CodeLines": 49
    },
    {
      "File": "test/extremum-methods.js",
      "Lines": 64,
      "BlankLines": 15,
      "Comments": 0,
      "CodeLines": 49
    },
    {
      "File": "test/times.js",
      "Lines": 62,
      "BlankLines": 14,
      "Comments": 0,
      "CodeLines": 48
    },
    {
      "File": "test/drop.test.js",
      "Lines": 62,
      "BlankLines": 14,
      "Comments": 0,
      "CodeLines": 48
    },
    {
      "File": "test/isTypedArray.js",
      "Lines": 59,
      "BlankLines": 11,
      "Comments": 0,
      "CodeLines": 48
    },
    {
      "File": ".internal/baseIsMatch.js",
      "Lines": 64,
      "BlankLines": 5,
      "Comments": 11,
      "CodeLines": 48
    },
    {
      "File": "test/dropRight.test.js",
      "Lines": 62,
      "BlankLines": 14,
      "Comments": 0,
      "CodeLines": 48
    },
    {
      "File": "test/isObject.test.js",
      "Lines": 53,
      "BlankLines": 6,
      "Comments": 0,
      "CodeLines": 47
    },
    {
      "File": "test/clamp.js",
      "Lines": 58,
      "BlankLines": 11,
      "Comments": 0,
      "CodeLines": 47
    },
    {
      "File": "test/initial.js",
      "Lines": 61,
      "BlankLines": 14,
      "Comments": 0,
      "CodeLines": 47
    },
    {
      "File": "test/inRange.js",
      "Lines": 54,
      "BlankLines": 7,
      "Comments": 0,
      "CodeLines": 47
    },
    {
      "File": "test/indexOf.test.js",
      "Lines": 60,
      "BlankLines": 14,
      "Comments": 0,
      "CodeLines": 46
    },
    {
      "File": "test/math-operator-methods.js",
      "Lines": 56,
      "BlankLines": 10,
      "Comments": 0,
      "CodeLines": 46
    },
    {
      "File": ".internal/baseDifference.js",
      "Lines": 63,
      "BlankLines": 5,
      "Comments": 12,
      "CodeLines": 46
    },
    {
      "File": "test/sortedIndexBy-methods.js",
      "Lines": 59,
      "BlankLines": 14,
      "Comments": 0,
      "CodeLines": 45
    },
    {
      "File": "test/spread.js",
      "Lines": 58,
      "BlankLines": 13,
      "Comments": 0,
      "CodeLines": 45
    },
    {
      "File": ".internal/baseSortedIndexBy.js",
      "Lines": 65,
      "BlankLines": 7,
      "Comments": 14,
      "CodeLines": 44
    },
    {
      "File": "test/over.js",
      "Lines": 58,
      "BlankLines": 14,
      "Comments": 0,
      "CodeLines": 44
    },
    {
      "File": "test/isMap.test.js",
      "Lines": 53,
      "BlankLines": 9,
      "Comments": 0,
      "CodeLines": 44
    },
    {
      "File": "test/isSet.test.js",
      "Lines": 53,
      "BlankLines": 9,
      "Comments": 0,
      "CodeLines": 44
    },
    {
      "File": "test/isWeakMap.test.js",
      "Lines": 53,
      "BlankLines": 9,
      "Comments": 0,
      "CodeLines": 44
    },
    {
      "File": "test/isInteger-methods.js",
      "Lines": 55,
      "BlankLines": 11,
      "Comments": 0,
      "CodeLines": 44
    },
    {
      "File": "test/reduce.js",
      "Lines": 57,
      "BlankLines": 14,
      "Comments": 0,
      "CodeLines": 43
    },
    {
      "File": "test/attempt.test.js",
      "Lines": 55,
      "BlankLines": 12,
      "Comments": 0,
      "CodeLines": 43
    },
    {
      "File": "test/pad-methods.js",
      "Lines": 51,
      "BlankLines": 8,
      "Comments": 0,
      "CodeLines": 43
    },
    {
      "File": "test/lodash(...)-methods-that-return-new-wrapped-values.js",
      "Lines": 45,
      "BlankLines": 3,
      "Comments": 0,
      "CodeLines": 42
    },
    {
      "File": "test/flow-methods.test.js",
      "Lines": 53,
      "BlankLines": 11,
      "Comments": 0,
      "CodeLines": 42
    },
    {
      "File": "test/reduceRight.js",
      "Lines": 56,
      "BlankLines": 14,
      "Comments": 0,
      "CodeLines": 42
    },
    {
      "File": ".internal/Stack.js",
      "Lines": 93,
      "BlankLines": 10,
      "Comments": 42,
      "CodeLines": 41
    },
    {
      "File": "test/isIterateeCall.js",
      "Lines": 47,
      "BlankLines": 6,
      "Comments": 0,
      "CodeLines": 41
    },
    {
      "File": "test/pick.js",
      "Lines": 52,
      "BlankLines": 11,
      "Comments": 0,
      "CodeLines": 41
    },
    {
      "File": "test/dropRightWhile.js",
      "Lines": 52,
      "BlankLines": 12,
      "Comments": 0,
      "CodeLines": 40
    },
    {
      "File": "test/isArrayLike.test.js",
      "Lines": 48,
      "BlankLines": 8,
      "Comments": 0,
      "CodeLines": 40
    },
    {
      "File": "test/curry-methods.js",
      "Lines": 52,
      "BlankLines": 12,
      "Comments": 0,
      "CodeLines": 40
    },
    {
      "File": "test/isNil.test.js",
      "Lines": 47,
      "BlankLines": 7,
      "Comments": 0,
      "CodeLines": 40
    },
    {
      "File": "test/endsWith.test.js",
      "Lines": 49,
      "BlankLines": 10,
      "Comments": 0,
      "CodeLines": 39
    },
    {
      "File": "test/toArray.test.js",
      "Lines": 48,
      "BlankLines": 9,
      "Comments": 0,
      "CodeLines": 39
    },
    {
      "File": "test/pull-methods.js",
      "Lines": 49,
      "BlankLines": 10,
      "Comments": 0,
      "CodeLines": 39
    },
    {
      "File": "test/last.js",
      "Lines": 51,
      "BlankLines": 12,
      "Comments": 0,
      "CodeLines": 39
    },
    {
      "File": "test/isFinite.js",
      "Lines": 48,
      "BlankLines": 9,
      "Comments": 0,
      "CodeLines": 39
    },
    {
      "File": "test/rest.js",
      "Lines": 49,
      "BlankLines": 10,
      "Comments": 0,
      "CodeLines": 39
    },
    {
      "File": "random.js",
      "Lines": 73,
      "BlankLines": 3,
      "Comments": 31,
      "CodeLines": 39
    },
    {
      "File": "test/isUndefined.test.js",
      "Lines": 45,
      "BlankLines": 7,
      "Comments": 0,
      "CodeLines": 38
    },
    {
      "File": "test/partition.js",
      "Lines": 48,
      "BlankLines": 10,
      "Comments": 0,
      "CodeLines": 38
    },
    {
      "File": "test/isBoolean.test.js",
      "Lines": 43,
      "BlankLines": 6,
      "Comments": 0,
      "CodeLines": 37
    },
    {
      "File": "test/isNaN.js",
      "Lines": 43,
      "BlankLines": 6,
      "Comments": 0,
      "CodeLines": 37
    },
    {
      "File": "test/startsWith.js",
      "Lines": 47,
      "BlankLines": 10,
      "Comments": 0,
      "CodeLines": 37
    },
    {
      "File": "test/repeat.js",
      "Lines": 46,
      "BlankLines": 9,
      "Comments": 0,
      "CodeLines": 37
    },
    {
      "File": "test/zipWith.js",
      "Lines": 48,
      "BlankLines": 11,
      "Comments": 0,
      "CodeLines": 37
    },
    {
      "File": "test/fromPairs.js",
      "Lines": 47,
      "BlankLines": 10,
      "Comments": 0,
      "CodeLines": 37
    },
    {
      "File": ".internal/Hash.js",
      "Lines": 88,
      "BlankLines": 9,
      "Comments": 42,
      "CodeLines": 37
    },
    {
      "File": "test/wrap.js",
      "Lines": 46,
      "BlankLines": 10,
      "Comments": 0,
      "CodeLines": 36
    },
    {
      "File": "test/values-methods.js",
      "Lines": 47,
      "BlankLines": 11,
      "Comments": 0,
      "CodeLines": 36
    },
    {
      "File": "test/isNumber.test.js",
      "Lines": 42,
      "BlankLines": 6,
      "Comments": 0,
      "CodeLines": 36
    },
    {
      "File": "test/isWeakSet.test.js",
      "Lines": 42,
      "BlankLines": 6,
      "Comments": 0,
      "CodeLines": 36
    },
    {
      "File": "test/isNull.test.js",
      "Lines": 41,
      "BlankLines": 6,
      "Comments": 0,
      "CodeLines": 35
    },
    {
      "File": "test/isArrayBuffer.test.js",
      "Lines": 41,
      "BlankLines": 6,
      "Comments": 0,
      "CodeLines": 35
    },
    {
      "File": "test/slice-and-toArray.js",
      "Lines": 43,
      "BlankLines": 8,
      "Comments": 0,
      "CodeLines": 35
    },
    {
      "File": "test/isBuffer.test.js",
      "Lines": 41,
      "BlankLines": 6,
      "Comments": 0,
      "CodeLines": 35
    },
    {
      "File": "test/isSymbol.test.js",
      "Lines": 41,
      "BlankLines": 6,
      "Comments": 0,
      "CodeLines": 35
    },
    {
      "File": "test/isString.test.js",
      "Lines": 41,
      "BlankLines": 6,
      "Comments": 0,
      "CodeLines": 35
    },
    {
      "File": "test/chunk.test.js",
      "Lines": 45,
      "BlankLines": 10,
      "Comments": 0,
      "CodeLines": 35
    },
    {
      "File": "test/isObjectLike.test.js",
      "Lines": 40,
      "BlankLines": 5,
      "Comments": 0,
      "CodeLines": 35
    },
    {
      "File": "test/toString.test.js",
      "Lines": 43,
      "BlankLines": 9,
      "Comments": 0,
      "CodeLines": 34
    },
    {
      "File": "test/isType-checks.js",
      "Lines": 39,
      "BlankLines": 5,
      "Comments": 0,
      "CodeLines": 34
    },
    {
      "File": "test/isArguments.test.js",
      "Lines": 39,
      "BlankLines": 6,
      "Comments": 0,
      "CodeLines": 33
    },
    {
      "File": "test/isRegExp.test.js",
      "Lines": 39,
      "BlankLines": 6,
      "Comments": 0,
      "CodeLines": 33
    },
    {
      "File": "test/compact.js",
      "Lines": 42,
      "BlankLines": 9,
      "Comments": 0,
      "CodeLines": 33
    },
    {
      "File": "test/negate.js",
      "Lines": 39,
      "BlankLines": 7,
      "Comments": 0,
      "CodeLines": 32
    },
    {
      "File": ".internal/baseSet.js",
      "Lines": 48,
      "BlankLines": 6,
      "Comments": 10,
      "CodeLines": 32
    },
    {
      "File": "test/isArray.js",
      "Lines": 38,
      "BlankLines": 6,
      "Comments": 0,
      "CodeLines": 32
    },
    {
      "File": "test/constant.js",
      "Lines": 40,
      "BlankLines": 8,
      "Comments": 0,
      "CodeLines": 32
    },
    {
      "File": "test/unescape.js",
      "Lines": 40,
      "BlankLines": 8,
      "Comments": 0,
      "CodeLines": 32
    },
    {
      "File": "test/lodash(...).plant.js",
      "Lines": 39,
      "BlankLines": 7,
      "Comments": 0,
      "CodeLines": 32
    },
    {
      "File": ".internal/compareAscending.js",
      "Lines": 45,
      "BlankLines": 5,
      "Comments": 8,
      "CodeLines": 32
    },
    {
      "File": "test/isDate.test.js",
      "Lines": 38,
      "BlankLines": 6,
      "Comments": 0,
      "CodeLines": 32
    },
    {
      "File": "test/zipObject-methods.js",
      "Lines": 39,
      "BlankLines": 7,
      "Comments": 0,
      "CodeLines": 32
    },
    {
      "File": "test/defer.test.js",
      "Lines": 40,
      "BlankLines": 8,
      "Comments": 0,
      "CodeLines": 32
    },
    {
      "File": ".internal/baseOrderBy.js",
      "Lines": 49,
      "BlankLines": 9,
      "Comments": 9,
      "CodeLines": 31
    },
    {
      "File": "test/lodash-constructor.js",
      "Lines": 39,
      "BlankLines": 8,
      "Comments": 0,
      "CodeLines": 31
    },
    {
      "File": "isEmpty.js",
      "Lines": 69,
      "BlankLines": 3,
      "Comments": 35,
      "CodeLines": 31
    },
    {
      "File": ".internal/unicodeSize.js",
      "Lines": 47,
      "BlankLines": 5,
      "Comments": 11,
      "CodeLines": 31
    },
    {
      "File": "test/invertBy.js",
      "Lines": 42,
      "BlankLines": 11,
      "Comments": 0,
      "CodeLines": 31
    },
    {
      "File": "test/exit-early.js",
      "Lines": 37,
      "BlankLines": 7,
      "Comments": 0,
      "CodeLines": 30
    },
    {
      "File": "test/unzipWith.js",
      "Lines": 39,
      "BlankLines": 9,
      "Comments": 0,
      "CodeLines": 30
    },
    {
      "File": "test/startsWith-and-endsWith.js",
      "Lines": 38,
      "BlankLines": 8,
      "Comments": 0,
      "CodeLines": 30
    },
    {
      "File": ".internal/stringToPath.js",
      "Lines": 44,
      "BlankLines": 3,
      "Comments": 12,
      "CodeLines": 29
    },
    {
      "File": "toNumber.js",
      "Lines": 65,
      "BlankLines": 8,
      "Comments": 28,
      "CodeLines": 29
    },
    {
      "File": ".internal/arrayLikeKeys.js",
      "Lines": 43,
      "BlankLines": 3,
      "Comments": 11,
      "CodeLines": 29
    },
    {
      "File": "test/mapValues.js",
      "Lines": 36,
      "BlankLines": 7,
      "Comments": 0,
      "CodeLines": 29
    },
    {
      "File": "test/mapKeys-and-mapValues.js",
      "Lines": 36,
      "BlankLines": 7,
      "Comments": 0,
      "CodeLines": 29
    },
    {
      "File": ".internal/basePullAll.js",
      "Lines": 44,
      "BlankLines": 5,
      "Comments": 10,
      "CodeLines": 29
    },
    {
      "File": "test/lodash(...).value.js",
      "Lines": 33,
      "BlankLines": 5,
      "Comments": 0,
      "CodeLines": 28
    },
    {
      "File": "test/matches.js",
      "Lines": 32,
      "BlankLines": 4,
      "Comments": 0,
      "CodeLines": 28
    },
    {
      "File": "test/split.js",
      "Lines": 35,
      "BlankLines": 7,
      "Comments": 0,
      "CodeLines": 28
    },
    {
      "File": "test/mapKeys.js",
      "Lines": 35,
      "BlankLines": 7,
      "Comments": 0,
      "CodeLines": 28
    },
    {
      "File": "test/noConflict.js",
      "Lines": 33,
      "BlankLines": 5,
      "Comments": 0,
      "CodeLines": 28
    },
    {
      "File": "test/sum-methods.js",
      "Lines": 36,
      "BlankLines": 8,
      "Comments": 0,
      "CodeLines": 28
    },
    {
      "File": "test/once.test.js",
      "Lines": 36,
      "BlankLines": 8,
      "Comments": 0,
      "CodeLines": 28
    },
    {
      "File": "toArray.js",
      "Lines": 55,
      "BlankLines": 5,
      "Comments": 23,
      "CodeLines": 27
    },
    {
      "File": "test/pad.js",
      "Lines": 35,
      "BlankLines": 8,
      "Comments": 0,
      "CodeLines": 27
    },
    {
      "File": "transform.js",
      "Lines": 59,
      "BlankLines": 3,
      "Comments": 29,
      "CodeLines": 27
    },
    {
      "File": ".internal/unicodeToArray.js",
      "Lines": 43,
      "BlankLines": 5,
      "Comments": 11,
      "CodeLines": 27
    },
    {
      "File": "test/stub-methods.js",
      "Lines": 32,
      "BlankLines": 5,
      "Comments": 0,
      "CodeLines": 27
    },
    {
      "File": ".internal/baseMerge.js",
      "Lines": 41,
      "BlankLines": 3,
      "Comments": 11,
      "CodeLines": 27
    },
    {
      "File": "test/isIndex.test.js",
      "Lines": 34,
      "BlankLines": 7,
      "Comments": 0,
      "CodeLines": 27
    },
    {
      "File": "hasPath.js",
      "Lines": 53,
      "BlankLines": 5,
      "Comments": 21,
      "CodeLines": 27
    },
    {
      "File": "test/after.test.js",
      "Lines": 31,
      "BlankLines": 5,
      "Comments": 0,
      "CodeLines": 26
    },
    {
      "File": "test/padStart.js",
      "Lines": 34,
      "BlankLines": 8,
      "Comments": 0,
      "CodeLines": 26
    },
    {
      "File": "test/padEnd.js",
      "Lines": 34,
      "BlankLines": 8,
      "Comments": 0,
      "CodeLines": 26
    },
    {
      "File": "hasPathIn.js",
      "Lines": 50,
      "BlankLines": 4,
      "Comments": 20,
      "CodeLines": 26
    },
    {
      "File": "test/union-methods.js",
      "Lines": 31,
      "BlankLines": 5,
      "Comments": 0,
      "CodeLines": 26
    },
    {
      "File": "test/before.js",
      "Lines": 31,
      "BlankLines": 5,
      "Comments": 0,
      "CodeLines": 26
    },
    {
      "File": "test/flatMapDepth.js",
      "Lines": 33,
      "BlankLines": 7,
      "Comments": 0,
      "CodeLines": 26
    },
    {
      "File": "test/result.test.js",
      "Lines": 33,
      "BlankLines": 7,
      "Comments": 0,
      "CodeLines": 26
    },
    {
      "File": "test/lodash(...).splice.js",
      "Lines": 31,
      "BlankLines": 6,
      "Comments": 0,
      "CodeLines": 25
    },
    {
      "File": "test/lodash(...).shift.js",
      "Lines": 31,
      "BlankLines": 6,
      "Comments": 0,
      "CodeLines": 25
    },
    {
      "File": ".internal/createAssigner.js",
      "Lines": 36,
      "BlankLines": 4,
      "Comments": 7,
      "CodeLines": 25
    },
    {
      "File": "test/sample.js",
      "Lines": 32,
      "BlankLines": 7,
      "Comments": 0,
      "CodeLines": 25
    },
    {
      "File": "test/sumBy.js",
      "Lines": 32,
      "BlankLines": 7,
      "Comments": 0,
      "CodeLines": 25
    },
    {
      "File": ".internal/createMathOperation.js",
      "Lines": 35,
      "BlankLines": 2,
      "Comments": 8,
      "CodeLines": 25
    },
    {
      "File": ".internal/composeArgsRight.js",
      "Lines": 39,
      "BlankLines": 3,
      "Comments": 11,
      "CodeLines": 25
    },
    {
      "File": "test/lodash(...).pop.js",
      "Lines": 31,
      "BlankLines": 6,
      "Comments": 0,
      "CodeLines": 25
    },
    {
      "File": "test/toPlainObject.js",
      "Lines": 30,
      "BlankLines": 6,
      "Comments": 0,
      "CodeLines": 24
    },
    {
      "File": "slice.js",
      "Lines": 47,
      "BlankLines": 3,
      "Comments": 20,
      "CodeLines": 24
    },
    {
      "File": "test/meanBy.js",
      "Lines": 31,
      "BlankLines": 7,
      "Comments": 0,
      "CodeLines": 24
    },
    {
      "File": "test/escape.test.js",
      "Lines": 30,
      "BlankLines": 6,
      "Comments": 0,
      "CodeLines": 24
    },
    {
      "File": "test/invert.test.js",
      "Lines": 30,
      "BlankLines": 6,
      "Comments": 0,
      "CodeLines": 24
    },
    {
      "File": "test/camelCase.test.js",
      "Lines": 28,
      "BlankLines": 4,
      "Comments": 0,
      "CodeLines": 24
    },
    {
      "File": ".internal/baseSortedIndex.js",
      "Lines": 40,
      "BlankLines": 4,
      "Comments": 13,
      "CodeLines": 23
    },
    {
      "File": "unzip.js",
      "Lines": 43,
      "BlankLines": 2,
      "Comments": 18,
      "CodeLines": 23
    },
    {
      "File": ".internal/composeArgs.js",
      "Lines": 38,
      "BlankLines": 4,
      "Comments": 11,
      "CodeLines": 23
    },
    {
      "File": "test/tap.js",
      "Lines": 30,
      "BlankLines": 7,
      "Comments": 0,
      "CodeLines": 23
    },
    {
      "File": "test/runInContext.js",
      "Lines": 29,
      "BlankLines": 6,
      "Comments": 0,
      "CodeLines": 23
    },
    {
      "File": "test/shuffle.js",
      "Lines": 29,
      "BlankLines": 6,
      "Comments": 0,
      "CodeLines": 23
    },
    {
      "File": "test/min.js",
      "Lines": 27,
      "BlankLines": 5,
      "Comments": 0,
      "CodeLines": 22
    },
    {
      "File": "test/unionBy.js",
      "Lines": 28,
      "BlankLines": 6,
      "Comments": 0,
      "CodeLines": 22
    },
    {
      "File": "test/lodash(...).push.js",
      "Lines": 27,
      "BlankLines": 5,
      "Comments": 0,
      "CodeLines": 22
    },
    {
      "File": ".internal/baseXor.js",
      "Lines": 36,
      "BlankLines": 4,
      "Comments": 10,
      "CodeLines": 22
    },
    {
      "File": "test/lodash(...).unshift.js",
      "Lines": 27,
      "BlankLines": 5,
      "Comments": 0,
      "CodeLines": 22
    },
    {
      "File": "test/lodash(...).sort.js",
      "Lines": 27,
      "BlankLines": 5,
      "Comments": 0,
      "CodeLines": 22
    },
    {
      "File": "test/intersectionWith.test.js",
      "Lines": 27,
      "BlankLines": 5,
      "Comments": 0,
      "CodeLines": 22
    },
    {
      "File": "test/max.js",
      "Lines": 27,
      "BlankLines": 5,
      "Comments": 0,
      "CodeLines": 22
    },
    {
      "File": "test/deburr.test.js",
      "Lines": 28,
      "BlankLines": 6,
      "Comments": 0,
      "CodeLines": 22
    },
    {
      "File": "test/uniqWith.test.js",
      "Lines": 28,
      "BlankLines": 6,
      "Comments": 0,
      "CodeLines": 22
    },
    {
      "File": "test/escapeRegExp.test.js",
      "Lines": 28,
      "BlankLines": 6,
      "Comments": 0,
      "CodeLines": 22
    },
    {
      "File": "test/unary.js",
      "Lines": 27,
      "BlankLines": 5,
      "Comments": 0,
      "CodeLines": 22
    },
    {
      "File": ".internal/compareMultiple.js",
      "Lines": 45,
      "BlankLines": 3,
      "Comments": 21,
      "CodeLines": 21
    },
    {
      "File": ".internal/SetCache.js",
      "Lines": 52,
      "BlankLines": 8,
      "Comments": 23,
      "CodeLines": 21
    },
    {
      "File": ".internal/baseFlatten.js",
      "Lines": 37,
      "BlankLines": 4,
      "Comments": 12,
      "CodeLines": 21
    },
    {
      "File": "test/update-methods.js",
      "Lines": 25,
      "BlankLines": 4,
      "Comments": 0,
      "CodeLines": 21
    },
    {
      "File": "result.js",
      "Lines": 53,
      "BlankLines": 4,
      "Comments": 28,
      "CodeLines": 21
    },
    {
      "File": "test/differenceWith.test.js",
      "Lines": 26,
      "BlankLines": 5,
      "Comments": 0,
      "CodeLines": 21
    },
    {
      "File": "split.js",
      "Lines": 42,
      "BlankLines": 3,
      "Comments": 18,
      "CodeLines": 21
    },
    {
      "File": "sampleSize.js",
      "Lines": 40,
      "BlankLines": 2,
      "Comments": 17,
      "CodeLines": 21
    },
    {
      "File": ".internal/baseMatchesProperty.js",
      "Lines": 33,
      "BlankLines": 3,
      "Comments": 9,
      "CodeLines": 21
    },
    {
      "File": ".internal/copyObject.js",
      "Lines": 35,
      "BlankLines": 4,
      "Comments": 10,
      "CodeLines": 21
    },
    {
      "File": ".internal/createCaseFirst.js",
      "Lines": 34,
      "BlankLines": 6,
      "Comments": 7,
      "CodeLines": 21
    },
    {
      "File": "test/toInteger-methods.js",
      "Lines": 25,
      "BlankLines": 4,
      "Comments": 0,
      "CodeLines": 21
    },
    {
      "File": "defaults.js",
      "Lines": 45,
      "BlankLines": 4,
      "Comments": 21,
      "CodeLines": 20
    },
    {
      "File": "maxBy.js",
      "Lines": 40,
      "BlankLines": 3,
      "Comments": 17,
      "CodeLines": 20
    },
    {
      "File": ".internal/baseEach.js",
      "Lines": 31,
      "BlankLines": 3,
      "Comments": 8,
      "CodeLines": 20
    },
    {
      "File": "size.js",
      "Lines": 43,
      "BlankLines": 3,
      "Comments": 20,
      "CodeLines": 20
    },
    {
      "File": "times.js",
      "Lines": 42,
      "BlankLines": 3,
      "Comments": 19,
      "CodeLines": 20
    },
    {
      "File": "test/now.js",
      "Lines": 26,
      "BlankLines": 6,
      "Comments": 0,
      "CodeLines": 20
    },
    {
      "File": "minBy.js",
      "Lines": 40,
      "BlankLines": 3,
      "Comments": 17,
      "CodeLines": 20
    },
    {
      "File": "test/pullAllBy.test.js",
      "Lines": 26,
      "BlankLines": 6,
      "Comments": 0,
      "CodeLines": 20
    },
    {
      "File": "remove.js",
      "Lines": 48,
      "BlankLines": 3,
      "Comments": 25,
      "CodeLines": 20
    },
    {
      "File": ".internal/basePullAt.js",
      "Lines": 32,
      "BlankLines": 3,
      "Comments": 9,
      "CodeLines": 20
    },
    {
      "File": "test/without.test.js",
      "Lines": 23,
      "BlankLines": 4,
      "Comments": 0,
      "CodeLines": 19
    },
    {
      "File": "toString.js",
      "Lines": 44,
      "BlankLines": 3,
      "Comments": 22,
      "CodeLines": 19
    },
    {
      "File": "test/castArray.test.js",
      "Lines": 23,
      "BlankLines": 4,
      "Comments": 0,
      "CodeLines": 19
    },
    {
      "File": ".internal/baseEachRight.js",
      "Lines": 30,
      "BlankLines": 3,
      "Comments": 8,
      "CodeLines": 19
    },
    {
      "File": "throttle.js",
      "Lines": 70,
      "BlankLines": 3,
      "Comments": 48,
      "CodeLines": 19
    },
    {
      "File": "test/lodash(...)-methods-that-return-the-wrapped-modified-array.js",
      "Lines": 22,
      "BlankLines": 3,
      "Comments": 0,
      "CodeLines": 19
    },
    {
      "File": "test/unionWith.test.js",
      "Lines": 24,
      "BlankLines": 5,
      "Comments": 0,
      "CodeLines": 19
    },
    {
      "File": "memoize.js",
      "Lines": 64,
      "BlankLines": 3,
      "Comments": 42,
      "CodeLines": 19
    },
    {
      "File": "lastIndexOf.js",
      "Lines": 40,
      "BlankLines": 2,
      "Comments": 19,
      "CodeLines": 19
    },
    {
      "File": "test/toLength.test.js",
      "Lines": 22,
      "BlankLines": 3,
      "Comments": 0,
      "CodeLines": 19
    },
    {
      "File": "test/find-and-findLast.js",
      "Lines": 22,
      "BlankLines": 3,
      "Comments": 0,
      "CodeLines": 19
    },
    {
      "File": "test/strict-mode-checks.js",
      "Lines": 22,
      "BlankLines": 3,
      "Comments": 0,
      "CodeLines": 19
    },
    {
      "File": "test/functions.test.js",
      "Lines": 22,
      "BlankLines": 4,
      "Comments": 0,
      "CodeLines": 18
    },
    {
      "File": ".internal/isIterateeCall.js",
      "Lines": 31,
      "BlankLines": 3,
      "Comments": 10,
      "CodeLines": 18
    },
    {
      "File": "test/eq.test.js",
      "Lines": 21,
      "BlankLines": 3,
      "Comments": 0,
      "CodeLines": 18
    },
    {
      "File": "test/assignWith-and-assignInWith.js",
      "Lines": 22,
      "BlankLines": 4,
      "Comments": 0,
      "CodeLines": 18
    },
    {
      "File": "test/isLength.test.js",
      "Lines": 22,
      "BlankLines": 4,
      "Comments": 0,
      "CodeLines": 18
    },
    {
      "File": "test/intersectionBy.js",
      "Lines": 23,
      "BlankLines": 5,
      "Comments": 0,
      "CodeLines": 18
    },
    {
      "File": "trim.js",
      "Lines": 38,
      "BlankLines": 3,
      "Comments": 17,
      "CodeLines": 18
    },
    {
      "File": ".internal/createPadding.js",
      "Lines": 30,
      "BlankLines": 3,
      "Comments": 9,
      "CodeLines": 18
    },
    {
      "File": "test/xorBy.js",
      "Lines": 23,
      "BlankLines": 5,
      "Comments": 0,
      "CodeLines": 18
    },
    {
      "File": "shuffle.js",
      "Lines": 33,
      "BlankLines": 2,
      "Comments": 13,
      "CodeLines": 18
    },
    {
      "File": "test/differenceBy.js",
      "Lines": 23,
      "BlankLines": 5,
      "Comments": 0,
      "CodeLines": 18
    },
    {
      "File": "flow.js",
      "Lines": 41,
      "BlankLines": 1,
      "Comments": 22,
      "CodeLines": 18
    },
    {
      "File": "cond.js",
      "Lines": 49,
      "BlankLines": 4,
      "Comments": 27,
      "CodeLines": 18
    },
    {
      "File": "test/uniqueId.test.js",
      "Lines": 22,
      "BlankLines": 4,
      "Comments": 0,
      "CodeLines": 18
    },
    {
      "File": ".internal/baseConformsTo.js",
      "Lines": 27,
      "BlankLines": 2,
      "Comments": 8,
      "CodeLines": 17
    },
    {
      "File": ".internal/baseToString.js",
      "Lines": 33,
      "BlankLines": 4,
      "Comments": 12,
      "CodeLines": 17
    },
    {
      "File": "test/flattenDepth.js",
      "Lines": 21,
      "BlankLines": 4,
      "Comments": 0,
      "CodeLines": 17
    },
    {
      "File": "test/lodash(...).commit.js",
      "Lines": 21,
      "BlankLines": 4,
      "Comments": 0,
      "CodeLines": 17
    },
    {
      "File": ".internal/basePickBy.js",
      "Lines": 29,
      "BlankLines": 3,
      "Comments": 9,
      "CodeLines": 17
    },
    {
      "File": "test/pickBy.test.js",
      "Lines": 22,
      "BlankLines": 5,
      "Comments": 0,
      "CodeLines": 17
    },
    {
      "File": "test/memoizeCapped.test.js",
      "Lines": 21,
      "BlankLines": 4,
      "Comments": 0,
      "CodeLines": 17
    },
    {
      "File": "test/forIn-methods.js",
      "Lines": 20,
      "BlankLines": 3,
      "Comments": 0,
      "CodeLines": 17
    },
    {
      "File": "chunk.js",
      "Lines": 38,
      "BlankLines": 3,
      "Comments": 18,
      "CodeLines": 17
    },
    {
      "File": ".internal/baseSortedUniq.js",
      "Lines": 29,
      "BlankLines": 4,
      "Comments": 8,
      "CodeLines": 17
    },
    {
      "File": "intersectionBy.js",
      "Lines": 37,
      "BlankLines": 3,
      "Comments": 17,
      "CodeLines": 17
    },
    {
      "File": "findLastIndex.js",
      "Lines": 41,
      "BlankLines": 2,
      "Comments": 22,
      "CodeLines": 17
    },
    {
      "File": "repeat.js",
      "Lines": 40,
      "BlankLines": 2,
      "Comments": 21,
      "CodeLines": 17
    },
    {
      "File": "test/join.js",
      "Lines": 20,
      "BlankLines": 4,
      "Comments": 0,
      "CodeLines": 16
    },
    {
      "File": "trimStart.js",
      "Lines": 36,
      "BlankLines": 3,
      "Comments": 17,
      "CodeLines": 16
    },
    {
      "File": "toSafeInteger.js",
      "Lines": 42,
      "BlankLines": 3,
      "Comments": 23,
      "CodeLines": 16
    },
    {
      "File": "toLength.js",
      "Lines": 45,
      "BlankLines": 3,
      "Comments": 26,
      "CodeLines": 16
    },
    {
      "File": "intersectionWith.js",
      "Lines": 38,
      "BlankLines": 3,
      "Comments": 19,
      "CodeLines": 16
    },
    {
      "File": "isPlainObject.js",
      "Lines": 44,
      "BlankLines": 2,
      "Comments": 26,
      "CodeLines": 16
    },
    {
      "File": "before.js",
      "Lines": 32,
      "BlankLines": 1,
      "Comments": 15,
      "CodeLines": 16
    },
    {
      "File": "words.js",
      "Lines": 38,
      "BlankLines": 5,
      "Comments": 17,
      "CodeLines": 16
    },
    {
      "File": ".internal/createRange.js",
      "Lines": 26,
      "BlankLines": 2,
      "Comments": 8,
      "CodeLines": 16
    },
    {
      "File": "trimEnd.js",
      "Lines": 36,
      "BlankLines": 3,
      "Comments": 17,
      "CodeLines": 16
    },
    {
      "File": "test/setWith.js",
      "Lines": 19,
      "BlankLines": 3,
      "Comments": 0,
      "CodeLines": 16
    },
    {
      "File": "test/updateWith.js",
      "Lines": 19,
      "BlankLines": 3,
      "Comments": 0,
      "CodeLines": 16
    },
    {
      "File": ".internal/cloneBuffer.js",
      "Lines": 34,
      "BlankLines": 7,
      "Comments": 12,
      "CodeLines": 15
    },
    {
      "File": "unescape.js",
      "Lines": 38,
      "BlankLines": 3,
      "Comments": 20,
      "CodeLines": 15
    },
    {
      "File": "test/lte.test.js",
      "Lines": 17,
      "BlankLines": 2,
      "Comments": 0,
      "CodeLines": 15
    },
    {
      "File": "groupBy.js",
      "Lines": 36,
      "BlankLines": 3,
      "Comments": 18,
      "CodeLines": 15
    },
    {
      "File": "countBy.js",
      "Lines": 41,
      "BlankLines": 3,
      "Comments": 23,
      "CodeLines": 15
    },
    {
      "File": ".internal/isKey.js",
      "Lines": 27,
      "BlankLines": 3,
      "Comments": 9,
      "CodeLines": 15
    },
    {
      "File": "test/mean.test.js",
      "Lines": 18,
      "BlankLines": 3,
      "Comments": 0,
      "CodeLines": 15
    },
    {
      "File": "test/partialRight.js",
      "Lines": 18,
      "BlankLines": 3,
      "Comments": 0,
      "CodeLines": 15
    },
    {
      "File": "toFinite.js",
      "Lines": 40,
      "BlankLines": 3,
      "Comments": 22,
      "CodeLines": 15
    },
    {
      "File": "escape.js",
      "Lines": 47,
      "BlankLines": 3,
      "Comments": 29,
      "CodeLines": 15
    },
    {
      "File": ".github/workflows/tests.yml",
      "Lines": 19,
      "BlankLines": 4,
      "Comments": 0,
      "CodeLines": 15
    },
    {
      "File": "findKey.js",
      "Lines": 38,
      "BlankLines": 1,
      "Comments": 22,
      "CodeLines": 15
    },
    {
      "File": "test/defaultTo.test.js",
      "Lines": 18,
      "BlankLines": 3,
      "Comments": 0,
      "CodeLines": 15
    },
    {
      "File": "pad.js",
      "Lines": 38,
      "BlankLines": 2,
      "Comments": 21,
      "CodeLines": 15
    },
    {
      "File": "differenceWith.js",
      "Lines": 37,
      "BlankLines": 2,
      "Comments": 21,
      "CodeLines": 14
    },
    {
      "File": ".internal/createRound.js",
      "Lines": 25,
      "BlankLines": 2,
      "Comments": 9,
      "CodeLines": 14
    },
    {
      "File": ".internal/nodeTypes.js",
      "Lines": 28,
      "BlankLines": 6,
      "Comments": 8,
      "CodeLines": 14
    },
    {
      "File": "compact.js",
      "Lines": 30,
      "BlankLines": 3,
      "Comments": 13,
      "CodeLines": 14
    },
    {
      "File": ".internal/baseFor.js",
      "Lines": 27,
      "BlankLines": 2,
      "Comments": 11,
      "CodeLines": 14
    },
    {
      "File": "endsWith.js",
      "Lines": 37,
      "BlankLines": 1,
      "Comments": 22,
      "CodeLines": 14
    },
    {
      "File": "test/lt.test.js",
      "Lines": 16,
      "BlankLines": 2,
      "Comments": 0,
      "CodeLines": 14
    },
    {
      "File": ".internal/hasUnicode.js",
      "Lines": 28,
      "BlankLines": 4,
      "Comments": 10,
      "CodeLines": 14
    },
    {
      "File": "differenceBy.js",
      "Lines": 36,
      "BlankLines": 2,
      "Comments": 20,
      "CodeLines": 14
    },
    {
      "File": "indexOf.js",
      "Lines": 37,
      "BlankLines": 2,
      "Comments": 21,
      "CodeLines": 14
    },
    {
      "File": "test/forOwn-methods.js",
      "Lines": 17,
      "BlankLines": 3,
      "Comments": 0,
      "CodeLines": 14
    },
    {
      "File": "orderBy.js",
      "Lines": 51,
      "BlankLines": 2,
      "Comments": 35,
      "CodeLines": 14
    },
    {
      "File": "invertBy.js",
      "Lines": 36,
      "BlankLines": 2,
      "Comments": 20,
      "CodeLines": 14
    },
    {
      "File": "test/gt.test.js",
      "Lines": 16,
      "BlankLines": 2,
      "Comments": 0,
      "CodeLines": 14
    },
    {
      "File": "test/gte.test.js",
      "Lines": 16,
      "BlankLines": 2,
      "Comments": 0,
      "CodeLines": 14
    },
    {
      "File": ".internal/assignValue.js",
      "Lines": 27,
      "BlankLines": 4,
      "Comments": 9,
      "CodeLines": 14
    },
    {
      "File": "filter.js",
      "Lines": 39,
      "BlankLines": 2,
      "Comments": 23,
      "CodeLines": 14
    },
    {
      "File": "deburr.js",
      "Lines": 43,
      "BlankLines": 6,
      "Comments": 23,
      "CodeLines": 14
    },
    {
      "File": "findLast.js",
      "Lines": 32,
      "BlankLines": 2,
      "Comments": 16,
      "CodeLines": 14
    },
    {
      "File": "startsWith.js",
      "Lines": 36,
      "BlankLines": 1,
      "Comments": 22,
      "CodeLines": 13
    },
    {
      "File": "test/sortedIndexOf-methods.js",
      "Lines": 15,
      "BlankLines": 2,
      "Comments": 0,
      "CodeLines": 13
    },
    {
      "File": "sortedIndexOf.js",
      "Lines": 29,
      "BlankLines": 2,
      "Comments": 14,
      "CodeLines": 13
    },
    {
      "File": "test/add.test.js",
      "Lines": 15,
      "BlankLines": 2,
      "Comments": 0,
      "CodeLines": 13
    },
    {
      "File": ".internal/baseForRight.js",
      "Lines": 25,
      "BlankLines": 2,
      "Comments": 10,
      "CodeLines": 13
    },
    {
      "File": "test/subtract.test.js",
      "Lines": 15,
      "BlankLines": 2,
      "Comments": 0,
      "CodeLines": 13
    },
    {
      "File": ".internal/getMatchData.js",
      "Lines": 23,
      "BlankLines": 3,
      "Comments": 7,
      "CodeLines": 13
    },
    {
      "File": "test/multiply.test.js",
      "Lines": 15,
      "BlankLines": 2,
      "Comments": 0,
      "CodeLines": 13
    },
    {
      "File": ".internal/memoizeCapped.js",
      "Lines": 26,
      "BlankLines": 4,
      "Comments": 9,
      "CodeLines": 13
    },
    {
      "File": "invert.js",
      "Lines": 31,
      "BlankLines": 2,
      "Comments": 16,
      "CodeLines": 13
    },
    {
      "File": "test/divide.test.js",
      "Lines": 15,
      "BlankLines": 2,
      "Comments": 0,
      "CodeLines": 13
    },
    {
      "File": "clamp.js",
      "Lines": 31,
      "BlankLines": 1,
      "Comments": 17,
      "CodeLines": 13
    },
    {
      "File": "sortedLastIndexOf.js",
      "Lines": 29,
      "BlankLines": 2,
      "Comments": 14,
      "CodeLines": 13
    },
    {
      "File": ".internal/baseAssignValue.js",
      "Lines": 23,
      "BlankLines": 1,
      "Comments": 9,
      "CodeLines": 13
    },
    {
      "File": "invokeMap.js",
      "Lines": 37,
      "BlankLines": 3,
      "Comments": 21,
      "CodeLines": 13
    },
    {
      "File": ".internal/arrayIncludesWith.js",
      "Lines": 23,
      "BlankLines": 2,
      "Comments": 9,
      "CodeLines": 12
    },
    {
      "File": ".internal/arrayReduce.js",
      "Lines": 25,
      "BlankLines": 2,
      "Comments": 11,
      "CodeLines": 12
    },
    {
      "File": "toPath.js",
      "Lines": 29,
      "BlankLines": 2,
      "Comments": 15,
      "CodeLines": 12
    },
    {
      "File": ".internal/baseIsEqual.js",
      "Lines": 28,
      "BlankLines": 2,
      "Comments": 14,
      "CodeLines": 12
    },
    {
      "File": "pullAt.js",
      "Lines": 38,
      "BlankLines": 3,
      "Comments": 23,
      "CodeLines": 12
    },
    {
      "File": "uniqueId.js",
      "Lines": 33,
      "BlankLines": 4,
      "Comments": 17,
      "CodeLines": 12
    },
    {
      "File": "test/flip.test.js",
      "Lines": 14,
      "BlankLines": 2,
      "Comments": 0,
      "CodeLines": 12
    },
    {
      "File": "filterObject.js",
      "Lines": 34,
      "BlankLines": 2,
      "Comments": 20,
      "CodeLines": 12
    },
    {
      "File": ".internal/baseAt.js",
      "Lines": 23,
      "BlankLines": 3,
      "Comments": 8,
      "CodeLines": 12
    },
    {
      "File": ".internal/baseToNumber.js",
      "Lines": 24,
      "BlankLines": 3,
      "Comments": 9,
      "CodeLines": 12
    },
    {
      "File": "isError.js",
      "Lines": 30,
      "BlankLines": 2,
      "Comments": 16,
      "CodeLines": 12
    },
    {
      "File": ".internal/baseGet.js",
      "Lines": 24,
      "BlankLines": 4,
      "Comments": 8,
      "CodeLines": 12
    },
    {
      "File": "test/conforms.js",
      "Lines": 15,
      "BlankLines": 3,
      "Comments": 0,
      "CodeLines": 12
    },
    {
      "File": "overArgs.js",
      "Lines": 41,
      "BlankLines": 2,
      "Comments": 27,
      "CodeLines": 12
    },
    {
      "File": "after.js",
      "Lines": 30,
      "BlankLines": 1,
      "Comments": 17,
      "CodeLines": 12
    },
    {
      "File": "parseInt.js",
      "Lines": 36,
      "BlankLines": 4,
      "Comments": 20,
      "CodeLines": 12
    },
    {
      "File": ".internal/baseZipObject.js",
      "Lines": 23,
      "BlankLines": 2,
      "Comments": 9,
      "CodeLines": 12
    },
    {
      "File": ".internal/getAllKeysIn.js",
      "Lines": 21,
      "BlankLines": 2,
      "Comments": 7,
      "CodeLines": 12
    },
    {
      "File": "unionBy.js",
      "Lines": 32,
      "BlankLines": 2,
      "Comments": 18,
      "CodeLines": 12
    },
    {
      "File": "isNative.js",
      "Lines": 36,
      "BlankLines": 4,
      "Comments": 21,
      "CodeLines": 11
    },
    {
      "File": "every.js",
      "Lines": 34,
      "BlankLines": 2,
      "Comments": 21,
      "CodeLines": 11
    },
    {
      "File": "test/omitBy.js",
      "Lines": 14,
      "BlankLines": 3,
      "Comments": 0,
      "CodeLines": 11
    },
    {
      "File": ".internal/baseFindKey.js",
      "Lines": 22,
      "BlankLines": 1,
      "Comments": 10,
      "CodeLines": 11
    },
    {
      "File": "test/xorWith.test.js",
      "Lines": 13,
      "BlankLines": 2,
      "Comments": 0,
      "CodeLines": 11
    },
    {
      "File": "pickBy.js",
      "Lines": 29,
      "BlankLines": 2,
      "Comments": 16,
      "CodeLines": 11
    },
    {
      "File": "forOwnRight.js",
      "Lines": 36,
      "BlankLines": 1,
      "Comments": 24,
      "CodeLines": 11
    },
    {
      "File": ".internal/baseFindIndex.js",
      "Lines": 23,
      "BlankLines": 2,
      "Comments": 10,
      "CodeLines": 11
    },
    {
      "File": "fromEntries.js",
      "Lines": 25,
      "BlankLines": 1,
      "Comments": 13,
      "CodeLines": 11
    },
    {
      "File": ".internal/isIndex.js",
      "Lines": 25,
      "BlankLines": 4,
      "Comments": 10,
      "CodeLines": 11
    },
    {
      "File": "xorBy.js",
      "Lines": 31,
      "BlankLines": 2,
      "Comments": 18,
      "CodeLines": 11
    },
    {
      "File": ".internal/assocIndexOf.js",
      "Lines": 21,
      "BlankLines": 2,
      "Comments": 8,
      "CodeLines": 11
    },
    {
      "File": "invoke.js",
      "Lines": 29,
      "BlankLines": 2,
      "Comments": 16,
      "CodeLines": 11
    },
    {
      "File": "test/sortedUniq.test.js",
      "Lines": 13,
      "BlankLines": 2,
      "Comments": 0,
      "CodeLines": 11
    },
    {
      "File": ".internal/arrayEach.js",
      "Lines": 21,
      "BlankLines": 2,
      "Comments": 8,
      "CodeLines": 11
    },
    {
      "File": "someValue.js",
      "Lines": 29,
      "BlankLines": 2,
      "Comments": 16,
      "CodeLines": 11
    },
    {
      "File": ".internal/baseIndexOfWith.js",
      "Lines": 23,
      "BlankLines": 2,
      "Comments": 10,
      "CodeLines": 11
    },
    {
      "File": ".internal/customDefaultsMerge.js",
      "Lines": 28,
      "BlankLines": 2,
      "Comments": 15,
      "CodeLines": 11
    },
    {
      "File": ".internal/baseMatches.js",
      "Lines": 20,
      "BlankLines": 2,
      "Comments": 7,
      "CodeLines": 11
    },
    {
      "File": "some.js",
      "Lines": 29,
      "BlankLines": 2,
      "Comments": 16,
      "CodeLines": 11
    },
    {
      "File": ".internal/baseRange.js",
      "Lines": 24,
      "BlankLines": 2,
      "Comments": 11,
      "CodeLines": 11
    },
    {
      "File": ".internal/strictIndexOf.js",
      "Lines": 23,
      "BlankLines": 2,
      "Comments": 10,
      "CodeLines": 11
    },
    {
      "File": "test/pullAllWith.test.js",
      "Lines": 13,
      "BlankLines": 2,
      "Comments": 0,
      "CodeLines": 11
    },
    {
      "File": ".internal/baseSum.js",
      "Lines": 21,
      "BlankLines": 2,
      "Comments": 8,
      "CodeLines": 11
    },
    {
      "File": ".internal/baseWhile.js",
      "Lines": 25,
      "BlankLines": 4,
      "Comments": 10,
      "CodeLines": 11
    },
    {
      "File": ".internal/arrayReduceRight.js",
      "Lines": 23,
      "BlankLines": 1,
      "Comments": 11,
      "CodeLines": 11
    },
    {
      "File": "everyValue.js",
      "Lines": 34,
      "BlankLines": 2,
      "Comments": 21,
      "CodeLines": 11
    },
    {
      "File": ".internal/getSymbolsIn.js",
      "Lines": 19,
      "BlankLines": 2,
      "Comments": 7,
      "CodeLines": 10
    },
    {
      "File": ".internal/copyArray.js",
      "Lines": 20,
      "BlankLines": 2,
      "Comments": 8,
      "CodeLines": 10
    },
    {
      "File": "mapKey.js",
      "Lines": 31,
      "BlankLines": 2,
      "Comments": 19,
      "CodeLines": 10
    },
    {
      "File": ".internal/matchesStrictComparable.js",
      "Lines": 20,
      "BlankLines": 1,
      "Comments": 9,
      "CodeLines": 10
    },
    {
      "File": "takeRight.js",
      "Lines": 34,
      "BlankLines": 2,
      "Comments": 22,
      "CodeLines": 10
    },
    {
      "File": ".internal/baseUnset.js",
      "Lines": 20,
      "BlankLines": 2,
      "Comments": 8,
      "CodeLines": 10
    },
    {
      "File": "intersection.js",
      "Lines": 27,
      "BlankLines": 2,
      "Comments": 15,
      "CodeLines": 10
    },
    {
      "File": "camelCase.js",
      "Lines": 31,
      "BlankLines": 2,
      "Comments": 19,
      "CodeLines": 10
    },
    {
      "File": ".github/lock.yml",
      "Lines": 24,
      "BlankLines": 6,
      "Comments": 8,
      "CodeLines": 10
    },
    {
      "File": "nth.js",
      "Lines": 31,
      "BlankLines": 2,
      "Comments": 19,
      "CodeLines": 10
    },
    {
      "File": "unzipWith.js",
      "Lines": 31,
      "BlankLines": 2,
      "Comments": 19,
      "CodeLines": 10
    },
    {
      "File": ".internal/getSymbols.js",
      "Lines": 22,
      "BlankLines": 3,
      "Comments": 9,
      "CodeLines": 10
    },
    {
      "File": ".internal/arrayEachRight.js",
      "Lines": 20,
      "BlankLines": 2,
      "Comments": 8,
      "CodeLines": 10
    },
    {
      "File": "flattenDepth.js",
      "Lines": 31,
      "BlankLines": 2,
      "Comments": 19,
      "CodeLines": 10
    },
    {
      "File": "unionWith.js",
      "Lines": 32,
      "BlankLines": 2,
      "Comments": 20,
      "CodeLines": 10
    },
    {
      "File": ".internal/toKey.js",
      "Lines": 21,
      "BlankLines": 3,
      "Comments": 8,
      "CodeLines": 10
    },
    {
      "File": "map.js",
      "Lines": 30,
      "BlankLines": 2,
      "Comments": 18,
      "CodeLines": 10
    },
    {
      "File": ".internal/strictLastIndexOf.js",
      "Lines": 21,
      "BlankLines": 1,
      "Comments": 10,
      "CodeLines": 10
    },
    {
      "File": ".internal/getAllKeys.js",
      "Lines": 19,
      "BlankLines": 2,
      "Comments": 7,
      "CodeLines": 10
    },
    {
      "File": "test/pullAll.test.js",
      "Lines": 11,
      "BlankLines": 2,
      "Comments": 0,
      "CodeLines": 9
    },
    {
      "File": "mapObject.js",
      "Lines": 29,
      "BlankLines": 2,
      "Comments": 18,
      "CodeLines": 9
    },
    {
      "File": "test/toLower.js",
      "Lines": 10,
      "BlankLines": 1,
      "Comments": 0,
      "CodeLines": 9
    },
    {
      "File": "test/uniq.js",
      "Lines": 11,
      "BlankLines": 2,
      "Comments": 0,
      "CodeLines": 9
    },
    {
      "File": "test/lowerFirst.test.js",
      "Lines": 10,
      "BlankLines": 1,
      "Comments": 0,
      "CodeLines": 9
    },
    {
      "File": ".internal/assignMergeValue.js",
      "Lines": 20,
      "BlankLines": 2,
      "Comments": 9,
      "CodeLines": 9
    },
    {
      "File": ".internal/baseIndexOf.js",
      "Lines": 20,
      "BlankLines": 2,
      "Comments": 9,
      "CodeLines": 9
    },
    {
      "File": ".internal/setToString.js",
      "Lines": 18,
      "BlankLines": 1,
      "Comments": 8,
      "CodeLines": 9
    },
    {
      "File": ".internal/castPath.js",
      "Lines": 19,
      "BlankLines": 2,
      "Comments": 8,
      "CodeLines": 9
    },
    {
      "File": ".internal/stringToArray.js",
      "Lines": 18,
      "BlankLines": 2,
      "Comments": 7,
      "CodeLines": 9
    },
    {
      "File": ".internal/baseSortBy.js",
      "Lines": 21,
      "BlankLines": 2,
      "Comments": 10,
      "CodeLines": 9
    },
    {
      "File": "test/startCase.test.js",
      "Lines": 10,
      "BlankLines": 1,
      "Comments": 0,
      "CodeLines": 9
    },
    {
      "File": "test/capitalize.test.js",
      "Lines": 10,
      "BlankLines": 1,
      "Comments": 0,
      "CodeLines": 9
    },
    {
      "File": ".internal/setToPairs.js",
      "Lines": 18,
      "BlankLines": 2,
      "Comments": 7,
      "CodeLines": 9
    },
    {
      "File": "isTypedArray.js",
      "Lines": 30,
      "BlankLines": 4,
      "Comments": 17,
      "CodeLines": 9
    },
    {
      "File": "test/toUpper.js",
      "Lines": 10,
      "BlankLines": 1,
      "Comments": 0,
      "CodeLines": 9
    },
    {
      "File": "negate.js",
      "Lines": 28,
      "BlankLines": 1,
      "Comments": 18,
      "CodeLines": 9
    },
    {
      "File": "mapValue.js",
      "Lines": 33,
      "BlankLines": 2,
      "Comments": 22,
      "CodeLines": 9
    },
    {
      "File": "flip.js",
      "Lines": 25,
      "BlankLines": 1,
      "Comments": 15,
      "CodeLines": 9
    },
    {
      "File": "padEnd.js",
      "Lines": 32,
      "BlankLines": 2,
      "Comments": 21,
      "CodeLines": 9
    },
    {
      "File": "drop.js",
      "Lines": 33,
      "BlankLines": 2,
      "Comments": 22,
      "CodeLines": 9
    },
    {
      "File": ".internal/baseReduce.js",
      "Lines": 23,
      "BlankLines": 1,
      "Comments": 13,
      "CodeLines": 9
    },
    {
      "File": "toPlainObject.js",
      "Lines": 32,
      "BlankLines": 1,
      "Comments": 22,
      "CodeLines": 9
    },
    {
      "File": "test/filter.test.js",
      "Lines": 11,
      "BlankLines": 2,
      "Comments": 0,
      "CodeLines": 9
    },
    {
      "File": "reduceRight.js",
      "Lines": 29,
      "BlankLines": 2,
      "Comments": 18,
      "CodeLines": 9
    },
    {
      "File": "test/reject.test.js",
      "Lines": 11,
      "BlankLines": 2,
      "Comments": 0,
      "CodeLines": 9
    },
    {
      "File": "tail.js",
      "Lines": 22,
      "BlankLines": 1,
      "Comments": 12,
      "CodeLines": 9
    },
    {
      "File": "inRange.js",
      "Lines": 47,
      "BlankLines": 2,
      "Comments": 36,
      "CodeLines": 9
    },
    {
      "File": "lowerCase.js",
      "Lines": 31,
      "BlankLines": 3,
      "Comments": 19,
      "CodeLines": 9
    },
    {
      "File": "test/upperCase.test.js",
      "Lines": 10,
      "BlankLines": 1,
      "Comments": 0,
      "CodeLines": 9
    },
    {
      "File": ".internal/iteratorToArray.js",
      "Lines": 18,
      "BlankLines": 2,
      "Comments": 7,
      "CodeLines": 9
    },
    {
      "File": ".internal/setToArray.js",
      "Lines": 18,
      "BlankLines": 2,
      "Comments": 7,
      "CodeLines": 9
    },
    {
      "File": "xorWith.js",
      "Lines": 31,
      "BlankLines": 2,
      "Comments": 20,
      "CodeLines": 9
    },
    {
      "File": ".internal/mapToArray.js",
      "Lines": 18,
      "BlankLines": 2,
      "Comments": 7,
      "CodeLines": 9
    },
    {
      "File": "reduce.js",
      "Lines": 44,
      "BlankLines": 2,
      "Comments": 33,
      "CodeLines": 9
    },
    {
      "File": "test/upperFirst.test.js",
      "Lines": 10,
      "BlankLines": 1,
      "Comments": 0,
      "CodeLines": 9
    },
    {
      "File": "attempt.js",
      "Lines": 30,
      "BlankLines": 2,
      "Comments": 19,
      "CodeLines": 9
    },
    {
      "File": "difference.js",
      "Lines": 30,
      "BlankLines": 2,
      "Comments": 19,
      "CodeLines": 9
    },
    {
      "File": "padStart.js",
      "Lines": 32,
      "BlankLines": 2,
      "Comments": 21,
      "CodeLines": 9
    },
    {
      "File": "test/replace.test.js",
      "Lines": 10,
      "BlankLines": 1,
      "Comments": 0,
      "CodeLines": 9
    },
    {
      "File": "test/lowerCase.test.js",
      "Lines": 10,
      "BlankLines": 1,
      "Comments": 0,
      "CodeLines": 9
    },
    {
      "File": "keys.js",
      "Lines": 37,
      "BlankLines": 2,
      "Comments": 27,
      "CodeLines": 8
    },
    {
      "File": "gt.js",
      "Lines": 30,
      "BlankLines": 1,
      "Comments": 21,
      "CodeLines": 8
    },
    {
      "File": "gte.js",
      "Lines": 30,
      "BlankLines": 1,
      "Comments": 21,
      "CodeLines": 8
    },
    {
      "File": ".internal/getTag.js",
      "Lines": 17,
      "BlankLines": 2,
      "Comments": 7,
      "CodeLines": 8
    },
    {
      "File": "isArrayBuffer.js",
      "Lines": 27,
      "BlankLines": 3,
      "Comments": 16,
      "CodeLines": 8
    },
    {
      "File": "isBuffer.js",
      "Lines": 35,
      "BlankLines": 7,
      "Comments": 20,
      "CodeLines": 8
    },
    {
      "File": "isDate.js",
      "Lines": 27,
      "BlankLines": 3,
      "Comments": 16,
      "CodeLines": 8
    },
    {
      "File": "isMap.js",
      "Lines": 27,
      "BlankLines": 3,
      "Comments": 16,
      "CodeLines": 8
    },
    {
      "File": ".internal/charsStartIndex.js",
      "Lines": 20,
      "BlankLines": 3,
      "Comments": 9,
      "CodeLines": 8
    },
    {
      "File": "isRegExp.js",
      "Lines": 27,
      "BlankLines": 3,
      "Comments": 16,
      "CodeLines": 8
    },
    {
      "File": "isSet.js",
      "Lines": 27,
      "BlankLines": 3,
      "Comments": 16,
      "CodeLines": 8
    },
    {
      "File": "test/toPairs.js",
      "Lines": 9,
      "BlankLines": 1,
      "Comments": 0,
      "CodeLines": 8
    },
    {
      "File": "test/toPairsIn.js",
      "Lines": 9,
      "BlankLines": 1,
      "Comments": 0,
      "CodeLines": 8
    },
    {
      "File": "kebabCase.js",
      "Lines": 30,
      "BlankLines": 2,
      "Comments": 20,
      "CodeLines": 8
    },
    {
      "File": "keyBy.js",
      "Lines": 32,
      "BlankLines": 2,
      "Comments": 22,
      "CodeLines": 8
    },
    {
      "File": "keysIn.js",
      "Lines": 32,
      "BlankLines": 2,
      "Comments": 22,
      "CodeLines": 8
    },
    {
      "File": "lt.js",
      "Lines": 30,
      "BlankLines": 1,
      "Comments": 21,
      "CodeLines": 8
    },
    {
      "File": "lte.js",
      "Lines": 30,
      "BlankLines": 1,
      "Comments": 21,
      "CodeLines": 8
    },
    {
      "File": "escapeRegExp.js",
      "Lines": 28,
      "BlankLines": 2,
      "Comments": 18,
      "CodeLines": 8
    },
    {
      "File": "test/identity.js",
      "Lines": 9,
      "BlankLines": 1,
      "Comments": 0,
      "CodeLines": 8
    },
    {
      "File": "test/forEachRight.test.js",
      "Lines": 9,
      "BlankLines": 1,
      "Comments": 0,
      "CodeLines": 8
    },
    {
      "File": "test/forEach.test.js",
      "Lines": 9,
      "BlankLines": 1,
      "Comments": 0,
      "CodeLines": 8
    },
    {
      "File": "property.js",
      "Lines": 30,
      "BlankLines": 2,
      "Comments": 20,
      "CodeLines": 8
    },
    {
      "File": "reject.js",
      "Lines": 30,
      "BlankLines": 2,
      "Comments": 20,
      "CodeLines": 8
    },
    {
      "File": "snakeCase.js",
      "Lines": 33,
      "BlankLines": 2,
      "Comments": 23,
      "CodeLines": 8
    },
    {
      "File": "uniqWith.js",
      "Lines": 29,
      "BlankLines": 2,
      "Comments": 19,
      "CodeLines": 8
    },
    {
      "File": "castArray.js",
      "Lines": 41,
      "BlankLines": 2,
      "Comments": 31,
      "CodeLines": 8
    },
    {
      "File": "dropRight.js",
      "Lines": 32,
      "BlankLines": 2,
      "Comments": 22,
      "CodeLines": 8
    },
    {
      "File": "startCase.js",
      "Lines": 30,
      "BlankLines": 2,
      "Comments": 20,
      "CodeLines": 8
    },
    {
      "File": "upperCase.js",
      "Lines": 29,
      "BlankLines": 2,
      "Comments": 19,
      "CodeLines": 8
    },
    {
      "File": "take.js",
      "Lines": 32,
      "BlankLines": 2,
      "Comments": 22,
      "CodeLines": 8
    },
    {
      "File": "zipWith.js",
      "Lines": 27,
      "BlankLines": 2,
      "Comments": 17,
      "CodeLines": 8
    },
    {
      "File": "cloneDeepWith.js",
      "Lines": 40,
      "BlankLines": 3,
      "Comments": 29,
      "CodeLines": 8
    },
    {
      "File": "test/assignIn.js",
      "Lines": 9,
      "BlankLines": 1,
      "Comments": 0,
      "CodeLines": 8
    },
    {
      "File": "test/assignInWith.js",
      "Lines": 9,
      "BlankLines": 1,
      "Comments": 0,
      "CodeLines": 8
    },
    {
      "File": "dropWhile.js",
      "Lines": 30,
      "BlankLines": 2,
      "Comments": 21,
      "CodeLines": 7
    },
    {
      "File": "sortedUniqBy.js",
      "Lines": 23,
      "BlankLines": 2,
      "Comments": 14,
      "CodeLines": 7
    },
    {
      "File": "takeWhile.js",
      "Lines": 30,
      "BlankLines": 2,
      "Comments": 21,
      "CodeLines": 7
    },
    {
      "File": "defaultsDeep.js",
      "Lines": 26,
      "BlankLines": 2,
      "Comments": 17,
      "CodeLines": 7
    },
    {
      "File": "matches.js",
      "Lines": 37,
      "BlankLines": 3,
      "Comments": 27,
      "CodeLines": 7
    },
    {
      "File": "matchesProperty.js",
      "Lines": 35,
      "BlankLines": 3,
      "Comments": 25,
      "CodeLines": 7
    },
    {
      "File": "conforms.js",
      "Lines": 33,
      "BlankLines": 3,
      "Comments": 23,
      "CodeLines": 7
    },
    {
      "File": "defer.js",
      "Lines": 22,
      "BlankLines": 1,
      "Comments": 14,
      "CodeLines": 7
    },
    {
      "File": "cloneWith.js",
      "Lines": 40,
      "BlankLines": 3,
      "Comments": 30,
      "CodeLines": 7
    },
    {
      "File": "delay.js",
      "Lines": 23,
      "BlankLines": 1,
      "Comments": 15,
      "CodeLines": 7
    },
    {
      "File": "cloneDeep.js",
      "Lines": 28,
      "BlankLines": 3,
      "Comments": 18,
      "CodeLines": 7
    },
    {
      "File": "meanBy.js",
      "Lines": 28,
      "BlankLines": 3,
      "Comments": 18,
      "CodeLines": 7
    },
    {
      "File": ".internal/castSlice.js",
      "Lines": 18,
      "BlankLines": 2,
      "Comments": 9,
      "CodeLines": 7
    },
    {
      "File": ".internal/charsEndIndex.js",
      "Lines": 19,
      "BlankLines": 3,
      "Comments": 9,
      "CodeLines": 7
    },
    {
      "File": "dropRightWhile.js",
      "Lines": 30,
      "BlankLines": 2,
      "Comments": 21,
      "CodeLines": 7
    },
    {
      "File": "takeRightWhile.js",
      "Lines": 30,
      "BlankLines": 2,
      "Comments": 21,
      "CodeLines": 7
    },
    {
      "File": "sumBy.js",
      "Lines": 26,
      "BlankLines": 2,
      "Comments": 17,
      "CodeLines": 7
    },
    {
      "File": "isNumber.js",
      "Lines": 34,
      "BlankLines": 2,
      "Comments": 25,
      "CodeLines": 7
    },
    {
      "File": "sum.js",
      "Lines": 21,
      "BlankLines": 2,
      "Comments": 12,
      "CodeLines": 7
    },
    {
      "File": ".internal/cloneRegExp.js",
      "Lines": 17,
      "BlankLines": 2,
      "Comments": 8,
      "CodeLines": 7
    },
    {
      "File": "over.js",
      "Lines": 25,
      "BlankLines": 2,
      "Comments": 16,
      "CodeLines": 7
    },
    {
      "File": "overEvery.js",
      "Lines": 31,
      "BlankLines": 2,
      "Comments": 22,
      "CodeLines": 7
    },
    {
      "File": "isMatchWith.js",
      "Lines": 39,
      "BlankLines": 2,
      "Comments": 30,
      "CodeLines": 7
    },
    {
      "File": "pullAll.js",
      "Lines": 28,
      "BlankLines": 2,
      "Comments": 19,
      "CodeLines": 7
    },
    {
      "File": "overSome.js",
      "Lines": 31,
      "BlankLines": 2,
      "Comments": 22,
      "CodeLines": 7
    },
    {
      "File": ".internal/stringSize.js",
      "Lines": 16,
      "BlankLines": 2,
      "Comments": 7,
      "CodeLines": 7
    },
    {
      "File": "flatMapDeep.js",
      "Lines": 30,
      "BlankLines": 3,
      "Comments": 20,
      "CodeLines": 7
    },
    {
      "File": "flatMapDepth.js",
      "Lines": 29,
      "BlankLines": 2,
      "Comments": 20,
      "CodeLines": 7
    },
    {
      "File": "partition.js",
      "Lines": 32,
      "BlankLines": 2,
      "Comments": 23,
      "CodeLines": 7
    },
    {
      "File": "flattenDeep.js",
      "Lines": 24,
      "BlankLines": 3,
      "Comments": 14,
      "CodeLines": 7
    },
    {
      "File": "sortedUniq.js",
      "Lines": 24,
      "BlankLines": 2,
      "Comments": 15,
      "CodeLines": 7
    },
    {
      "File": "uniqBy.js",
      "Lines": 27,
      "BlankLines": 2,
      "Comments": 18,
      "CodeLines": 7
    },
    {
      "File": "uniq.js",
      "Lines": 26,
      "BlankLines": 2,
      "Comments": 17,
      "CodeLines": 7
    },
    {
      "File": "forEach.js",
      "Lines": 33,
      "BlankLines": 2,
      "Comments": 24,
      "CodeLines": 7
    },
    {
      "File": "union.js",
      "Lines": 24,
      "BlankLines": 2,
      "Comments": 15,
      "CodeLines": 7
    },
    {
      "File": "isEqualWith.js",
      "Lines": 39,
      "BlankLines": 2,
      "Comments": 30,
      "CodeLines": 7
    },
    {
      "File": "isBoolean.js",
      "Lines": 24,
      "BlankLines": 2,
      "Comments": 15,
      "CodeLines": 7
    },
    {
      "File": ".internal/baseConforms.js",
      "Lines": 16,
      "BlankLines": 2,
      "Comments": 7,
      "CodeLines": 7
    },
    {
      "File": "forEachRight.js",
      "Lines": 25,
      "BlankLines": 2,
      "Comments": 16,
      "CodeLines": 7
    },
    {
      "File": "toInteger.js",
      "Lines": 35,
      "BlankLines": 3,
      "Comments": 25,
      "CodeLines": 7
    },
    {
      "File": ".internal/initCloneObject.js",
      "Lines": 16,
      "BlankLines": 2,
      "Comments": 7,
      "CodeLines": 7
    },
    {
      "File": "functions.js",
      "Lines": 29,
      "BlankLines": 1,
      "Comments": 21,
      "CodeLines": 7
    },
    {
      "File": ".internal/isFlattenable.js",
      "Lines": 18,
      "BlankLines": 3,
      "Comments": 8,
      "CodeLines": 7
    },
    {
      "File": "pullAllWith.js",
      "Lines": 31,
      "BlankLines": 2,
      "Comments": 22,
      "CodeLines": 7
    },
    {
      "File": "pullAllBy.js",
      "Lines": 31,
      "BlankLines": 2,
      "Comments": 22,
      "CodeLines": 7
    },
    {
      "File": ".internal/isPrototype.js",
      "Lines": 18,
      "BlankLines": 3,
      "Comments": 8,
      "CodeLines": 7
    },
    {
      "File": "updateWith.js",
      "Lines": 30,
      "BlankLines": 2,
      "Comments": 22,
      "CodeLines": 6
    },
    {
      "File": "get.js",
      "Lines": 32,
      "BlankLines": 2,
      "Comments": 24,
      "CodeLines": 6
    },
    {
      "File": "defaultToAny.js",
      "Lines": 32,
      "BlankLines": 2,
      "Comments": 24,
      "CodeLines": 6
    },
    {
      "File": "head.js",
      "Lines": 24,
      "BlankLines": 1,
      "Comments": 17,
      "CodeLines": 6
    },
    {
      "File": "initial.js",
      "Lines": 20,
      "BlankLines": 2,
      "Comments": 12,
      "CodeLines": 6
    },
    {
      "File": "isArguments.js",
      "Lines": 23,
      "BlankLines": 2,
      "Comments": 15,
      "CodeLines": 6
    },
    {
      "File": ".internal/parent.js",
      "Lines": 16,
      "BlankLines": 2,
      "Comments": 8,
      "CodeLines": 6
    },
    {
      "File": "isArrayLikeObject.js",
      "Lines": 31,
      "BlankLines": 2,
      "Comments": 23,
      "CodeLines": 6
    },
    {
      "File": ".internal/arrayIncludes.js",
      "Lines": 17,
      "BlankLines": 2,
      "Comments": 9,
      "CodeLines": 6
    },
    {
      "File": "isElement.js",
      "Lines": 23,
      "BlankLines": 2,
      "Comments": 15,
      "CodeLines": 6
    },
    {
      "File": "setWith.js",
      "Lines": 30,
      "BlankLines": 2,
      "Comments": 22,
      "CodeLines": 6
    },
    {
      "File": "flatten.js",
      "Lines": 21,
      "BlankLines": 2,
      "Comments": 13,
      "CodeLines": 6
    },
    {
      "File": "flatMap.js",
      "Lines": 28,
      "BlankLines": 2,
      "Comments": 20,
      "CodeLines": 6
    },
    {
      "File": "isLength.js",
      "Lines": 33,
      "BlankLines": 2,
      "Comments": 25,
      "CodeLines": 6
    },
    {
      "File": ".internal/baseForOwn.js",
      "Lines": 16,
      "BlankLines": 2,
      "Comments": 8,
      "CodeLines": 6
    },
    {
      "File": "isMatch.js",
      "Lines": 34,
      "BlankLines": 2,
      "Comments": 26,
      "CodeLines": 6
    },
    {
      "File": "findLastKey.js",
      "Lines": 30,
      "BlankLines": 2,
      "Comments": 22,
      "CodeLines": 6
    },
    {
      "File": ".internal/createSet.js",
      "Lines": 17,
      "BlankLines": 3,
      "Comments": 8,
      "CodeLines": 6
    },
    {
      "File": ".internal/baseForOwnRight.js",
      "Lines": 16,
      "BlankLines": 2,
      "Comments": 8,
      "CodeLines": 6
    },
    {
      "File": ".internal/copySymbolsIn.js",
      "Lines": 16,
      "BlankLines": 2,
      "Comments": 8,
      "CodeLines": 6
    },
    {
      "File": ".internal/copySymbols.js",
      "Lines": 16,
      "BlankLines": 2,
      "Comments": 8,
      "CodeLines": 6
    },
    {
      "File": ".internal/baseUpdate.js",
      "Lines": 18,
      "BlankLines": 2,
      "Comments": 10,
      "CodeLines": 6
    },
    {
      "File": ".internal/cloneTypedArray.js",
      "Lines": 16,
      "BlankLines": 2,
      "Comments": 8,
      "CodeLines": 6
    },
    {
      "File": "values.js",
      "Lines": 33,
      "BlankLines": 2,
      "Comments": 25,
      "CodeLines": 6
    },
    {
      "File": "without.js",
      "Lines": 26,
      "BlankLines": 2,
      "Comments": 18,
      "CodeLines": 6
    },
    {
      "File": ".internal/cloneDataView.js",
      "Lines": 16,
      "BlankLines": 2,
      "Comments": 8,
      "CodeLines": 6
    },
    {
      "File": ".internal/cloneArrayBuffer.js",
      "Lines": 14,
      "BlankLines": 1,
      "Comments": 7,
      "CodeLines": 6
    },
    {
      "File": "xor.js",
      "Lines": 24,
      "BlankLines": 2,
      "Comments": 16,
      "CodeLines": 6
    },
    {
      "File": "zipObject.js",
      "Lines": 23,
      "BlankLines": 2,
      "Comments": 15,
      "CodeLines": 6
    },
    {
      "File": "zipObjectDeep.js",
      "Lines": 22,
      "BlankLines": 2,
      "Comments": 14,
      "CodeLines": 6
    },
    {
      "File": "mergeWith.js",
      "Lines": 37,
      "BlankLines": 2,
      "Comments": 29,
      "CodeLines": 6
    },
    {
      "File": ".internal/basePick.js",
      "Lines": 17,
      "BlankLines": 2,
      "Comments": 9,
      "CodeLines": 6
    },
    {
      "File": "isString.js",
      "Lines": 23,
      "BlankLines": 2,
      "Comments": 15,
      "CodeLines": 6
    },
    {
      "File": "isSymbol.js",
      "Lines": 23,
      "BlankLines": 2,
      "Comments": 15,
      "CodeLines": 6
    },
    {
      "File": "merge.js",
      "Lines": 37,
      "BlankLines": 2,
      "Comments": 29,
      "CodeLines": 6
    },
    {
      "File": "clone.js",
      "Lines": 35,
      "BlankLines": 3,
      "Comments": 26,
      "CodeLines": 6
    },
    {
      "File": "conformsTo.js",
      "Lines": 30,
      "BlankLines": 2,
      "Comments": 22,
      "CodeLines": 6
    },
    {
      "File": "isWeakMap.js",
      "Lines": 23,
      "BlankLines": 2,
      "Comments": 15,
      "CodeLines": 6
    },
    {
      "File": "isWeakSet.js",
      "Lines": 23,
      "BlankLines": 2,
      "Comments": 15,
      "CodeLines": 6
    },
    {
      "File": "create.js",
      "Lines": 39,
      "BlankLines": 1,
      "Comments": 32,
      "CodeLines": 6
    },
    {
      "File": "forOwn.js",
      "Lines": 31,
      "BlankLines": 1,
      "Comments": 25,
      "CodeLines": 5
    },
    {
      "File": "unset.js",
      "Lines": 33,
      "BlankLines": 2,
      "Comments": 26,
      "CodeLines": 5
    },
    {
      "File": "zip.js",
      "Lines": 22,
      "BlankLines": 2,
      "Comments": 15,
      "CodeLines": 5
    },
    {
      "File": "eqDeep.js",
      "Lines": 33,
      "BlankLines": 2,
      "Comments": 26,
      "CodeLines": 5
    },
    {
      "File": "update.js",
      "Lines": 32,
      "BlankLines": 2,
      "Comments": 25,
      "CodeLines": 5
    },
    {
      "File": "mean.js",
      "Lines": 19,
      "BlankLines": 2,
      "Comments": 12,
      "CodeLines": 5
    },
    {
      "File": ".internal/addMapEntry.js",
      "Lines": 15,
      "BlankLines": 1,
      "Comments": 9,
      "CodeLines": 5
    },
    {
      "File": "last.js",
      "Lines": 18,
      "BlankLines": 1,
      "Comments": 12,
      "CodeLines": 5
    },
    {
      "File": ".internal/castArrayLikeObject.js",
      "Lines": 14,
      "BlankLines": 2,
      "Comments": 7,
      "CodeLines": 5
    },
    {
      "File": ".internal/basePropertyDeep.js",
      "Lines": 14,
      "BlankLines": 2,
      "Comments": 7,
      "CodeLines": 5
    },
    {
      "File": "sortedLastIndexBy.js",
      "Lines": 26,
      "BlankLines": 2,
      "Comments": 19,
      "CodeLines": 5
    },
    {
      "File": "flowRight.js",
      "Lines": 28,
      "BlankLines": 2,
      "Comments": 21,
      "CodeLines": 5
    },
    {
      "File": "isObject.js",
      "Lines": 29,
      "BlankLines": 1,
      "Comments": 23,
      "CodeLines": 5
    },
    {
      "File": ".internal/root.js",
      "Lines": 13,
      "BlankLines": 4,
      "Comments": 4,
      "CodeLines": 5
    },
    {
      "File": "method.js",
      "Lines": 29,
      "BlankLines": 2,
      "Comments": 22,
      "CodeLines": 5
    },
    {
      "File": "methodOf.js",
      "Lines": 28,
      "BlankLines": 2,
      "Comments": 21,
      "CodeLines": 5
    },
    {
      "File": "sortedLastIndex.js",
      "Lines": 23,
      "BlankLines": 2,
      "Comments": 16,
      "CodeLines": 5
    },
    {
      "File": "nthArg.js",
      "Lines": 25,
      "BlankLines": 2,
      "Comments": 18,
      "CodeLines": 5
    },
    {
      "File": "once.js",
      "Lines": 23,
      "BlankLines": 2,
      "Comments": 16,
      "CodeLines": 5
    },
    {
      "File": "sortedIndexBy.js",
      "Lines": 26,
      "BlankLines": 2,
      "Comments": 19,
      "CodeLines": 5
    },
    {
      "File": ".internal/cloneSymbol.js",
      "Lines": 15,
      "BlankLines": 2,
      "Comments": 8,
      "CodeLines": 5
    },
    {
      "File": ".internal/addSetEntry.js",
      "Lines": 15,
      "BlankLines": 1,
      "Comments": 9,
      "CodeLines": 5
    },
    {
      "File": "sortedIndex.js",
      "Lines": 22,
      "BlankLines": 2,
      "Comments": 15,
      "CodeLines": 5
    },
    {
      "File": "set.js",
      "Lines": 34,
      "BlankLines": 2,
      "Comments": 27,
      "CodeLines": 5
    },
    {
      "File": "sample.js",
      "Lines": 18,
      "BlankLines": 1,
      "Comments": 12,
      "CodeLines": 5
    },
    {
      "File": ".internal/getHolder.js",
      "Lines": 13,
      "BlankLines": 1,
      "Comments": 7,
      "CodeLines": 5
    },
    {
      "File": "pick.js",
      "Lines": 22,
      "BlankLines": 2,
      "Comments": 15,
      "CodeLines": 5
    },
    {
      "File": "propertyOf.js",
      "Lines": 26,
      "BlankLines": 2,
      "Comments": 19,
      "CodeLines": 5
    },
    {
      "File": "isArrayLike.js",
      "Lines": 30,
      "BlankLines": 2,
      "Comments": 23,
      "CodeLines": 5
    },
    {
      "File": "pull.js",
      "Lines": 29,
      "BlankLines": 2,
      "Comments": 22,
      "CodeLines": 5
    },
    {
      "File": "replace.js",
      "Lines": 24,
      "BlankLines": 1,
      "Comments": 18,
      "CodeLines": 5
    },
    {
      "File": ".internal/isStrictComparable.js",
      "Lines": 15,
      "BlankLines": 2,
      "Comments": 8,
      "CodeLines": 5
    },
    {
      "File": "has.js",
      "Lines": 28,
      "BlankLines": 2,
      "Comments": 21,
      "CodeLines": 5
    },
    {
      "File": ".internal/baseValues.js",
      "Lines": 15,
      "BlankLines": 1,
      "Comments": 10,
      "CodeLines": 4
    },
    {
      "File": ".internal/cacheHas.js",
      "Lines": 13,
      "BlankLines": 1,
      "Comments": 8,
      "CodeLines": 4
    },
    {
      "File": ".internal/asciiToArray.js",
      "Lines": 12,
      "BlankLines": 1,
      "Comments": 7,
      "CodeLines": 4
    },
    {
      "File": ".internal/baseProperty.js",
      "Lines": 12,
      "BlankLines": 1,
      "Comments": 7,
      "CodeLines": 4
    },
    {
      "File": "hasIn.js",
      "Lines": 24,
      "BlankLines": 1,
      "Comments": 19,
      "CodeLines": 4
    },
    {
      "File": ".internal/asciiSize.js",
      "Lines": 12,
      "BlankLines": 1,
      "Comments": 7,
      "CodeLines": 4
    },
    {
      "File": "defaultTo.js",
      "Lines": 23,
      "BlankLines": 1,
      "Comments": 18,
      "CodeLines": 4
    },
    {
      "File": "isFunction.js",
      "Lines": 32,
      "BlankLines": 1,
      "Comments": 27,
      "CodeLines": 4
    },
    {
      "File": "capitalize.js",
      "Lines": 20,
      "BlankLines": 3,
      "Comments": 13,
      "CodeLines": 4
    },
    {
      "File": "at.js",
      "Lines": 21,
      "BlankLines": 2,
      "Comments": 15,
      "CodeLines": 4
    },
    {
      "File": "eq.js",
      "Lines": 35,
      "BlankLines": 1,
      "Comments": 30,
      "CodeLines": 4
    },
    {
      "File": "isNil.js",
      "Lines": 23,
      "BlankLines": 1,
      "Comments": 18,
      "CodeLines": 4
    },
    {
      "File": "isNull.js",
      "Lines": 20,
      "BlankLines": 1,
      "Comments": 15,
      "CodeLines": 4
    },
    {
      "File": "isUndefined.js",
      "Lines": 20,
      "BlankLines": 1,
      "Comments": 15,
      "CodeLines": 4
    },
    {
      "File": ".internal/baseInRange.js",
      "Lines": 14,
      "BlankLines": 1,
      "Comments": 9,
      "CodeLines": 4
    },
    {
      "File": ".internal/basePropertyOf.js",
      "Lines": 12,
      "BlankLines": 1,
      "Comments": 7,
      "CodeLines": 4
    },
    {
      "File": ".internal/baseIsNaN.js",
      "Lines": 12,
      "BlankLines": 1,
      "Comments": 7,
      "CodeLines": 4
    },
    {
      "File": "isObjectLike.js",
      "Lines": 27,
      "BlankLines": 1,
      "Comments": 22,
      "CodeLines": 4
    },
    {
      "File": "divide.js",
      "Lines": 18,
      "BlankLines": 2,
      "Comments": 13,
      "CodeLines": 3
    },
    {
      "File": "subtract.js",
      "Lines": 18,
      "BlankLines": 2,
      "Comments": 13,
      "CodeLines": 3
    },
    {
      "File": "rangeRight.js",
      "Lines": 39,
      "BlankLines": 2,
      "Comments": 34,
      "CodeLines": 3
    },
    {
      "File": "multiply.js",
      "Lines": 18,
      "BlankLines": 2,
      "Comments": 13,
      "CodeLines": 3
    },
    {
      "File": "round.js",
      "Lines": 24,
      "BlankLines": 2,
      "Comments": 19,
      "CodeLines": 3
    },
    {
      "File": "ceil.js",
      "Lines": 24,
      "BlankLines": 2,
      "Comments": 19,
      "CodeLines": 3
    },
    {
      "File": "add.js",
      "Lines": 18,
      "BlankLines": 2,
      "Comments": 13,
      "CodeLines": 3
    },
    {
      "File": "lowerFirst.js",
      "Lines": 20,
      "BlankLines": 2,
      "Comments": 15,
      "CodeLines": 3
    },
    {
      "File": "upperFirst.js",
      "Lines": 21,
      "BlankLines": 2,
      "Comments": 16,
      "CodeLines": 3
    },
    {
      "File": "range.js",
      "Lines": 44,
      "BlankLines": 2,
      "Comments": 39,
      "CodeLines": 3
    },
    {
      "File": "floor.js",
      "Lines": 24,
      "BlankLines": 2,
      "Comments": 19,
      "CodeLines": 3
    },
    {
      "File": ".internal/reEscape.js",
      "Lines": 4,
      "BlankLines": 1,
      "Comments": 1,
      "CodeLines": 2
    },
    {
      "File": ".internal/reEvaluate.js",
      "Lines": 4,
      "BlankLines": 1,
      "Comments": 1,
      "CodeLines": 2
    },
    {
      "File": ".internal/reInterpolate.js",
      "Lines": 4,
      "BlankLines": 1,
      "Comments": 1,
      "CodeLines": 2
    },
    {
      "File": ".internal/freeGlobal.js",
      "Lines": 4,
      "BlankLines": 1,
      "Comments": 1,
      "CodeLines": 2
    },
    {
      "File": ".internal/metaMap.js",
      "Lines": 1,
      "BlankLines": 0,
      "Comments": 0,
      "CodeLines": 1
    },
    {
      "File": "each.js",
      "Lines": 1,
      "BlankLines": 0,
      "Comments": 0,
      "CodeLines": 1
    },
    {
      "File": "eachRight.js",
      "Lines": 1,
      "BlankLines": 0,
      "Comments": 0,
      "CodeLines": 1
    },
    {
      "File": "first.js",
      "Lines": 1,
      "BlankLines": 0,
      "Comments": 0,
      "CodeLines": 1
    }
  ]
}