{
  "TotalLines": 1799,
  "TotalBlankLines": 381,
  "TotalComments": 119,
  "TotalCodeLines": 1299,
  "Results": [
    {
      "File": "main.go",
      "Lines": 850,
      "BlankLines": 182,
      "Comments": 74,
      "CodeLines": 594
    },
    {
      "File": "index.html",
      "Lines": 568,
      "BlankLines": 111,
      "Comments": 22,
      "CodeLines": 435
    },
    {
      "File": "connectiondb.go",
      "Lines": 221,
      "BlankLines": 57,
      "Comments": 16,
      "CodeLines": 148
    },
    {
      "File": "test.go",
      "Lines": 160,
      "BlankLines": 31,
      "Comments": 7,
      "CodeLines": 122
    }
  ]
}