{
  "TotalLines": 466,
  "TotalBlankLines": 86,
  "TotalComments": 11,
  "TotalCodeLines": 369,
  "Results": [
    {
      "File": "pom.xml",
      "Lines": 97,
      "BlankLines": 3,
      "Comments": 0,
      "CodeLines": 94
    },
    {
      "File": "src/main/java/foo/security/hotspots/ZipSlip.java",
      "Lines": 60,
      "BlankLines": 11,
      "Comments": 1,
      "CodeLines": 48
    },
    {
      "File": "src/main/java/foo/security/injection/DatabaseHelper.java",
      "Lines": 49,
      "BlankLines": 8,
      "Comments": 2,
      "CodeLines": 39
    },
    {
      "File": "src/main/java/foo/security/injection/Servlet.java",
      "Lines": 49,
      "BlankLines": 12,
      "Comments": 0,
      "CodeLines": 37
    },
    {
      "File": "src/main/java/foo/security/hotspots/HashingFileAndMd5.java",
      "Lines": 28,
      "BlankLines": 5,
      "Comments": 0,
      "CodeLines": 23
    },
    {
      "File": "src/main/java/foo/security/injection/SQLInjectionVulnerabilityCollectionMultipleFiles.java",
      "Lines": 32,
      "BlankLines": 8,
      "Comments": 2,
      "CodeLines": 22
    },
    {
      "File": "src/main/java/foo/security/injection/BusinessThingsUtils.java",
      "Lines": 20,
      "BlankLines": 6,
      "Comments": 0,
      "CodeLines": 14
    },
    {
      "File": "src/main/java/foo/security/injection/CommandInjectionVulnerability.java",
      "Lines": 21,
      "BlankLines": 7,
      "Comments": 0,
      "CodeLines": 14
    },
    {
      "File": "src/main/java/foo/security/crypto/KeyPairUtil.java",
      "Lines": 20,
      "BlankLines": 6,
      "Comments": 0,
      "CodeLines": 14
    },
    {
      "File": "src/main/java/foo/security/injection/RegexInjectionVulnerability.java",
      "Lines": 16,
      "BlankLines": 3,
      "Comments": 0,
      "CodeLines": 13
    },
    {
      "File": "src/main/java/foo/security/hotspots/CSRFProtectionSpring.java",
      "Lines": 13,
      "BlankLines": 3,
      "Comments": 0,
      "CodeLines": 10
    },
    {
      "File": "src/main/java/foo/security/hotspots/WritingCookieServlet.java",
      "Lines": 12,
      "BlankLines": 3,
      "Comments": 0,
      "CodeLines": 9
    },
    {
      "File": "src/main/java/foo/Foo.java",
      "Lines": 15,
      "BlankLines": 3,
      "Comments": 3,
      "CodeLines": 9
    },
    {
      "File": "src/main/java/foo/security/injection/UserFiles.java",
      "Lines": 16,
      "BlankLines": 4,
      "Comments": 3,
      "CodeLines": 9
    },
    {
      "File": "src/test/java/foo/FooTest.java",
      "Lines": 12,
      "BlankLines": 3,
      "Comments": 0,
      "CodeLines": 9
    },
    {
      "File": "src/main/java/foo/security/hotspots/ArchiverException.java",
      "Lines": 6,
      "BlankLines": 1,
      "Comments": 0,
      "CodeLines": 5
    }
  ]
}