{
  "TotalLines": 515,
  "TotalBlankLines": 36,
  "TotalComments": 46,
  "TotalCodeLines": 433,
  "Results": [
    {
      "File": "static/cloudformation/dev-stack.yaml",
      "Lines": 353,
      "BlankLines": 23,
      "Comments": 28,
      "CodeLines": 302
    },
    {
      "File": "static/values.yaml",
      "Lines": 60,
      "BlankLines": 8,
      "Comments": 10,
      "CodeLines": 42
    },
    {
      "File": "contentspec.yaml",
      "Lines": 50,
      "BlankLines": 3,
      "Comments": 8,
      "CodeLines": 39
    },
    {
      "File": "static/assets/eks_cluster.yaml",
      "Lines": 32,
      "BlankLines": 2,
      "Comments": 0,
      "CodeLines": 30
    },
    {
      "File": "static/assets/ingress.yaml",
      "Lines": 20,
      "BlankLines": 0,
      "Comments": 0,
      "CodeLines": 20
    }
  ]
}