{
  "TotalLines": 253355,
  "TotalBlankLines": 11170,
  "TotalComments": 10281,
  "TotalCodeLines": 231904,
  "Results": [
    {
      "File": "APITestMobility/bin/log4net.xml",
      "Lines": 32464,
      "BlankLines": 51,
      "Comments": 0,
      "CodeLines": 32413
    },
    {
      "File": "APITestMobility/bin/nunit.framework.xml",
      "Lines": 19945,
      "BlankLines": 36,
      "Comments": 0,
      "CodeLines": 19909
    },
    {
      "File": "APITestMobility/bin/WebDriver.xml",
      "Lines": 11912,
      "BlankLines": 4,
      "Comments": 0,
      "CodeLines": 11908
    },
    {
      "File": "TestAPIMobilité/bin/System.Web.Mvc.xml",
      "Lines": 11484,
      "BlankLines": 0,
      "Comments": 0,
      "CodeLines": 11484
    },
    {
      "File": "APITestMobility/bin/System.Web.Mvc.xml",
      "Lines": 11484,
      "BlankLines": 0,
      "Comments": 0,
      "CodeLines": 11484
    },
    {
      "File": "TestAPIMobilité/bin/Newtonsoft.Json.xml",
      "Lines": 10912,
      "BlankLines": 0,
      "Comments": 0,
      "CodeLines": 10912
    },
    {
      "File": "APITestMobility/bin/Newtonsoft.Json.xml",
      "Lines": 10912,
      "BlankLines": 0,
      "Comments": 0,
      "CodeLines": 10912
    },
    {
      "File": "TestAPIMobilité/Content/bootstrap.css",
      "Lines": 6757,
      "BlankLines": 7,
      "Comments": 8,
      "CodeLines": 6742
    },
    {
      "File": "ToolsQA/Feature/hybride/Pickup/Pickup.feature.cs",
      "Lines": 6951,
      "BlankLines": 219,
      "Comments": 9,
      "CodeLines": 6723
    },
    {
      "File": "TestAPIMobilité/Scripts/jquery-3.3.1.js",
      "Lines": 10364,
      "BlankLines": 1950,
      "Comments": 1725,
      "CodeLines": 6689
    },
    {
      "File": "TestAPIMobilité/bin/System.Web.Http.xml",
      "Lines": 6663,
      "BlankLines": 0,
      "Comments": 0,
      "CodeLines": 6663
    },
    {
      "File": "APITestMobility/bin/System.Web.Http.xml",
      "Lines": 6663,
      "BlankLines": 0,
      "Comments": 0,
      "CodeLines": 6663
    },
    {
      "File": "ToolsQA/PageObjects/Hybride/Pickup/Customer_PickupParcelPage.cs",
      "Lines": 8032,
      "BlankLines": 1014,
      "Comments": 456,
      "CodeLines": 6562
    },
    {
      "File": "ToolsQA/PageObjects/Hybride/Pickup/Customer_PickupParcelPage_PDA.cs",
      "Lines": 8176,
      "BlankLines": 1354,
      "Comments": 1048,
      "CodeLines": 5774
    },
    {
      "File": "TestAPIMobilité/bin/System.Web.Razor.xml",
      "Lines": 5741,
      "BlankLines": 0,
      "Comments": 0,
      "CodeLines": 5741
    },
    {
      "File": "APITestMobility/bin/System.Web.Razor.xml",
      "Lines": 5741,
      "BlankLines": 0,
      "Comments": 0,
      "CodeLines": 5741
    },
    {
      "File": "TestAPIMobilité/Scripts/jquery-3.3.1.slim.js",
      "Lines": 8269,
      "BlankLines": 1567,
      "Comments": 1396,
      "CodeLines": 5306
    },
    {
      "File": "ToolsQA/Feature/hybride/Dropoff/Dropoff.feature.cs",
      "Lines": 4158,
      "BlankLines": 138,
      "Comments": 9,
      "CodeLines": 4011
    },
    {
      "File": "ToolsQA/Feature/hybride/Reception/Reception.feature.cs",
      "Lines": 3302,
      "BlankLines": 120,
      "Comments": 9,
      "CodeLines": 3173
    },
    {
      "File": "TestAPIMobilité/bin/System.Web.WebPages.xml",
      "Lines": 2705,
      "BlankLines": 0,
      "Comments": 0,
      "CodeLines": 2705
    },
    {
      "File": "APITestMobility/bin/System.Web.WebPages.xml",
      "Lines": 2705,
      "BlankLines": 0,
      "Comments": 0,
      "CodeLines": 2705
    },
    {
      "File": "APITestMobility/bin/WebDriver.Support.xml",
      "Lines": 2205,
      "BlankLines": 1,
      "Comments": 0,
      "CodeLines": 2204
    },
    {
      "File": "ToolsQA/Feature/hybride/Collection/Collection.feature.cs",
      "Lines": 2292,
      "BlankLines": 103,
      "Comments": 9,
      "CodeLines": 2180
    },
    {
      "File": "APITestMobility/bin/Feature/Hybride/Collection/Collection.feature.cs",
      "Lines": 2292,
      "BlankLines": 103,
      "Comments": 9,
      "CodeLines": 2180
    },
    {
      "File": "TestAPIMobilité/bin/System.Net.Http.Formatting.xml",
      "Lines": 2093,
      "BlankLines": 0,
      "Comments": 0,
      "CodeLines": 2093
    },
    {
      "File": "APITestMobility/bin/System.Net.Http.Formatting.xml",
      "Lines": 2093,
      "BlankLines": 0,
      "Comments": 0,
      "CodeLines": 2093
    },
    {
      "File": "ToolsQA/PageObjects/Hybride/Dropoff/Customer_DropoffParcelPage.cs",
      "Lines": 2318,
      "BlankLines": 342,
      "Comments": 216,
      "CodeLines": 1760
    },
    {
      "File": "TestAPIMobilité/Scripts/bootstrap.js",
      "Lines": 2377,
      "BlankLines": 582,
      "Comments": 199,
      "CodeLines": 1596
    },
    {
      "File": "ToolsQA/PageObjects/Hybride/Reception/Driver_ReceptionParcelPage.cs",
      "Lines": 1994,
      "BlankLines": 246,
      "Comments": 241,
      "CodeLines": 1507
    },
    {
      "File": "ToolsQA/Feature/hybride/ParcelToBePrepared/ParcelToBePrepared.feature.cs",
      "Lines": 1518,
      "BlankLines": 73,
      "Comments": 9,
      "CodeLines": 1436
    },
    {
      "File": "ToolsQA/Feature/hybride/Swap/Swap.feature.cs",
      "Lines": 1161,
      "BlankLines": 57,
      "Comments": 9,
      "CodeLines": 1095
    },
    {
      "File": "ToolsQA/PageObjects/Hybride/Collection/Driver_CollectionParcelPage.cs",
      "Lines": 1408,
      "BlankLines": 223,
      "Comments": 102,
      "CodeLines": 1083
    },
    {
      "File": "ToolsQA/Feature/hybride/MCO/MCO_RM1_2019.feature.cs",
      "Lines": 982,
      "BlankLines": 40,
      "Comments": 9,
      "CodeLines": 933
    },
    {
      "File": "ToolsQA/Feature/hybride/MCO/MCO_RM1_20191.feature.cs",
      "Lines": 983,
      "BlankLines": 41,
      "Comments": 9,
      "CodeLines": 933
    },
    {
      "File": "ToolsQA/Feature/hybride/Rangement/Rangement.feature.cs",
      "Lines": 931,
      "BlankLines": 42,
      "Comments": 9,
      "CodeLines": 880
    },
    {
      "File": "ToolsQA/Feature/hybride/MassCollection/MassCollection.feature.cs",
      "Lines": 916,
      "BlankLines": 48,
      "Comments": 9,
      "CodeLines": 859
    },
    {
      "File": "TestAPIMobilité/bin/System.Web.Helpers.xml",
      "Lines": 838,
      "BlankLines": 0,
      "Comments": 0,
      "CodeLines": 838
    },
    {
      "File": "APITestMobility/bin/System.Web.Helpers.xml",
      "Lines": 838,
      "BlankLines": 0,
      "Comments": 0,
      "CodeLines": 838
    },
    {
      "File": "ToolsQA/Feature/hybride/Inventory/Inventory.feature.cs",
      "Lines": 784,
      "BlankLines": 43,
      "Comments": 9,
      "CodeLines": 732
    },
    {
      "File": "TestAPIMobilité/bin/System.Web.Optimization.xml",
      "Lines": 665,
      "BlankLines": 0,
      "Comments": 0,
      "CodeLines": 665
    },
    {
      "File": "ToolsQA/Feature/hybride/Information/Information.feature.cs",
      "Lines": 676,
      "BlankLines": 42,
      "Comments": 9,
      "CodeLines": 625
    },
    {
      "File": "TestAPIMobilité/Scripts/jquery-3.3.1.intellisense.js",
      "Lines": 2670,
      "BlankLines": 8,
      "Comments": 2048,
      "CodeLines": 614
    },
    {
      "File": "TestAPIMobilité/Scripts/modernizr-2.8.3.js",
      "Lines": 1406,
      "BlankLines": 287,
      "Comments": 510,
      "CodeLines": 609
    },
    {
      "File": "ToolsQA/Feature/hybride/MCO/MCO_RM3_2018.feature.cs",
      "Lines": 639,
      "BlankLines": 28,
      "Comments": 9,
      "CodeLines": 602
    },
    {
      "File": "TestAPIMobilité/Content/bootstrap-theme.css",
      "Lines": 587,
      "BlankLines": 0,
      "Comments": 6,
      "CodeLines": 581
    },
    {
      "File": "ToolsQA/Feature/hybride/Holidays/Holidays.feature.cs",
      "Lines": 452,
      "BlankLines": 30,
      "Comments": 9,
      "CodeLines": 413
    },
    {
      "File": "ToolsQA/PageObjects/Hybride/ToDoList/ParcelToBePreparedPage.cs",
      "Lines": 465,
      "BlankLines": 49,
      "Comments": 28,
      "CodeLines": 388
    },
    {
      "File": "ToolsQA/Feature/hybride/Chronofresh/Chronofresh.feature.cs",
      "Lines": 421,
      "BlankLines": 25,
      "Comments": 9,
      "CodeLines": 387
    },
    {
      "File": "TestAPIMobilité/Areas/HelpPage/SampleGeneration/ObjectGenerator.cs",
      "Lines": 455,
      "BlankLines": 50,
      "Comments": 22,
      "CodeLines": 383
    },
    {
      "File": "TestAPIMobilité/Areas/HelpPage/ModelDescriptions/ModelDescriptionGenerator.cs",
      "Lines": 450,
      "BlankLines": 52,
      "Comments": 16,
      "CodeLines": 382
    },
    {
      "File": "ToolsQA/PageObjects/Hybride/MyShop/SchedulesPage.cs",
      "Lines": 469,
      "BlankLines": 60,
      "Comments": 40,
      "CodeLines": 369
    },
    {
      "File": "ToolsQA/PageObjects/Hybride/MyShop/MassCollectionPage.cs",
      "Lines": 413,
      "BlankLines": 45,
      "Comments": 34,
      "CodeLines": 334
    },
    {
      "File": "TestAPIMobilité/Areas/HelpPage/SampleGeneration/HelpPageSampleGenerator.cs",
      "Lines": 443,
      "BlankLines": 35,
      "Comments": 95,
      "CodeLines": 313
    },
    {
      "File": "ToolsQA/Feature/Facturation/Relais/ControleDesRIB.feature.cs",
      "Lines": 341,
      "BlankLines": 21,
      "Comments": 9,
      "CodeLines": 311
    },
    {
      "File": "APITestMobility/bin/System.Web.WebPages.Razor.xml",
      "Lines": 291,
      "BlankLines": 0,
      "Comments": 0,
      "CodeLines": 291
    },
    {
      "File": "TestAPIMobilité/bin/System.Web.WebPages.Razor.xml",
      "Lines": 291,
      "BlankLines": 0,
      "Comments": 0,
      "CodeLines": 291
    },
    {
      "File": "ToolsQA/Feature/hybride/MaterielManagement/MaterielManagement.feature.cs",
      "Lines": 320,
      "BlankLines": 21,
      "Comments": 9,
      "CodeLines": 290
    },
    {
      "File": "TestAPIMobilité/Areas/HelpPage/HelpPageConfigurationExtensions.cs",
      "Lines": 467,
      "BlankLines": 43,
      "Comments": 137,
      "CodeLines": 287
    },
    {
      "File": "ToolsQA/PageObjects/Hybride/MyShop/HolidaysPage.cs",
      "Lines": 367,
      "BlankLines": 42,
      "Comments": 42,
      "CodeLines": 283
    },
    {
      "File": "ToolsQA/OracleDatabase/Dropoff/GetParameterFromDB_Dropoff.cs",
      "Lines": 450,
      "BlankLines": 46,
      "Comments": 143,
      "CodeLines": 261
    },
    {
      "File": "ToolsQA/OracleDatabase/Inventory/GetParameterFromDB_Inventory.cs",
      "Lines": 450,
      "BlankLines": 47,
      "Comments": 143,
      "CodeLines": 260
    },
    {
      "File": "ToolsQA/PageObjects/Hybride/Rangement/RangementPage.cs",
      "Lines": 305,
      "BlankLines": 40,
      "Comments": 14,
      "CodeLines": 251
    },
    {
      "File": "ToolsQA/Feature/hybride/Synchronisation/Synchronisation.feature.cs",
      "Lines": 272,
      "BlankLines": 23,
      "Comments": 9,
      "CodeLines": 240
    },
    {
      "File": "ToolsQA/Feature/hybride/MCO/MCO_RM1_2019.feature.xlsx.cs",
      "Lines": 269,
      "BlankLines": 27,
      "Comments": 9,
      "CodeLines": 233
    },
    {
      "File": "ToolsQA/AppStepDefinitions/Hybride/Pickup.cs",
      "Lines": 239,
      "BlankLines": 10,
      "Comments": 0,
      "CodeLines": 229
    },
    {
      "File": "ToolsQA/Feature/hybride/C2C/C2C.feature.cs",
      "Lines": 253,
      "BlankLines": 15,
      "Comments": 9,
      "CodeLines": 229
    },
    {
      "File": "ToolsQA/Feature/hybride/Schedules/Schedules.feature.cs",
      "Lines": 240,
      "BlankLines": 18,
      "Comments": 9,
      "CodeLines": 213
    },
    {
      "File": "ToolsQA/Feature/hybride/Pickup/Pickup.feature.xlsx.cs",
      "Lines": 245,
      "BlankLines": 25,
      "Comments": 9,
      "CodeLines": 211
    },
    {
      "File": "ToolsQA/PageObjects/Hybride/MyShop/MaterielManagementPage.cs",
      "Lines": 249,
      "BlankLines": 24,
      "Comments": 15,
      "CodeLines": 210
    },
    {
      "File": "ToolsQA/Feature/hybride/RechercheColis/RechercheColis1.feature.cs",
      "Lines": 225,
      "BlankLines": 17,
      "Comments": 9,
      "CodeLines": 199
    },
    {
      "File": "ToolsQA/Feature/hybride/RechercheColis/RechercheColis.feature.cs",
      "Lines": 224,
      "BlankLines": 16,
      "Comments": 9,
      "CodeLines": 199
    },
    {
      "File": "ToolsQA/PageObjects/Facturation/configuration/listeDeTransporteurs.cs",
      "Lines": 264,
      "BlankLines": 59,
      "Comments": 9,
      "CodeLines": 196
    },
    {
      "File": "ToolsQA/PageObjects/Hybride/ToDoList/InventoryPage.cs",
      "Lines": 230,
      "BlankLines": 28,
      "Comments": 13,
      "CodeLines": 189
    },
    {
      "File": "ToolsQA/OracleDatabase/Pickup/GetParameterFromDB_Pickup.cs",
      "Lines": 314,
      "BlankLines": 29,
      "Comments": 96,
      "CodeLines": 189
    },
    {
      "File": "ToolsQA/AppStepDefinitions/Hybride/Dropoff.cs",
      "Lines": 199,
      "BlankLines": 10,
      "Comments": 6,
      "CodeLines": 183
    },
    {
      "File": "ToolsQA/AppStepDefinitions/Hybride/Common_hybride.cs",
      "Lines": 210,
      "BlankLines": 22,
      "Comments": 8,
      "CodeLines": 180
    },
    {
      "File": "ToolsQA/Feature/Facturation/Marquage/Marquage.feature.cs",
      "Lines": 204,
      "BlankLines": 15,
      "Comments": 9,
      "CodeLines": 180
    },
    {
      "File": "ToolsQA/PageObjects/Facturation/marquage/figerLesActivites.cs",
      "Lines": 230,
      "BlankLines": 52,
      "Comments": 0,
      "CodeLines": 178
    },
    {
      "File": "ToolsQA/AppStepDefinitions/Hybride/Reception.cs",
      "Lines": 198,
      "BlankLines": 28,
      "Comments": 0,
      "CodeLines": 170
    },
    {
      "File": "ToolsQA/PageObjects/Hybride/Stuart/Stuart_DropoffPage.cs",
      "Lines": 219,
      "BlankLines": 39,
      "Comments": 10,
      "CodeLines": 170
    },
    {
      "File": "ToolsQA/PageObjects/Hybride/MenuPage.cs",
      "Lines": 226,
      "BlankLines": 41,
      "Comments": 18,
      "CodeLines": 167
    },
    {
      "File": "ToolsQA/Feature/hybride/Reception/Reception.feature.xlsx.cs",
      "Lines": 197,
      "BlankLines": 21,
      "Comments": 9,
      "CodeLines": 167
    },
    {
      "File": "ToolsQA/Feature/hybride/Collection/Collection.feature.xlsx.cs",
      "Lines": 197,
      "BlankLines": 21,
      "Comments": 9,
      "CodeLines": 167
    },
    {
      "File": "ToolsQA/AppStepDefinitions/Hybride/Collection.cs",
      "Lines": 166,
      "BlankLines": 3,
      "Comments": 1,
      "CodeLines": 162
    },
    {
      "File": "ToolsQA/OracleDatabase/Pickup/ComparisonByCountry_Pickup.cs",
      "Lines": 167,
      "BlankLines": 3,
      "Comments": 12,
      "CodeLines": 152
    },
    {
      "File": "ToolsQA/Feature/hybride/Dropoff/Dropoff.feature.xlsx.cs",
      "Lines": 173,
      "BlankLines": 19,
      "Comments": 9,
      "CodeLines": 145
    },
    {
      "File": "ToolsQA/Feature/hybride/Chronofresh/Chronofresh.feature.xlsx.cs",
      "Lines": 173,
      "BlankLines": 19,
      "Comments": 9,
      "CodeLines": 145
    },
    {
      "File": "ToolsQA/Feature/hybride/MaterielManagement/MaterielManagement.feature.xlsx.cs",
      "Lines": 173,
      "BlankLines": 19,
      "Comments": 9,
      "CodeLines": 145
    },
    {
      "File": "ToolsQA/Feature/hybride/Swap/Swap.feature.xlsx.cs",
      "Lines": 173,
      "BlankLines": 19,
      "Comments": 9,
      "CodeLines": 145
    },
    {
      "File": "ToolsQA/Feature/hybride/Stuart/Stuart.feature.cs",
      "Lines": 166,
      "BlankLines": 14,
      "Comments": 9,
      "CodeLines": 143
    },
    {
      "File": "ToolsQA/PageObjects/Hybride/Stuart/Stuart_PickupPage.cs",
      "Lines": 175,
      "BlankLines": 29,
      "Comments": 11,
      "CodeLines": 135
    },
    {
      "File": "ToolsQA/MongoDB/ConsultationMongo.cs",
      "Lines": 185,
      "BlankLines": 18,
      "Comments": 33,
      "CodeLines": 134
    },
    {
      "File": "TestAPIMobilité/bin/System.Web.Http.WebHost.xml",
      "Lines": 134,
      "BlankLines": 0,
      "Comments": 0,
      "CodeLines": 134
    },
    {
      "File": "APITestMobility/bin/System.Web.Http.WebHost.xml",
      "Lines": 134,
      "BlankLines": 0,
      "Comments": 0,
      "CodeLines": 134
    },
    {
      "File": "TestAPIMobilité/Areas/HelpPage/XmlDocumentationProvider.cs",
      "Lines": 161,
      "BlankLines": 19,
      "Comments": 10,
      "CodeLines": 132
    },
    {
      "File": "ToolsQA/PageObjects/Facturation/HomePage_factu.cs",
      "Lines": 196,
      "BlankLines": 52,
      "Comments": 13,
      "CodeLines": 131
    },
    {
      "File": "ToolsQA/AppStepDefinitions/Hybride/Swap.cs",
      "Lines": 133,
      "BlankLines": 6,
      "Comments": 0,
      "CodeLines": 127
    },
    {
      "File": "ToolsQA/Feature/hybride/Holidays/Holidays.feature.xlsx.cs",
      "Lines": 149,
      "BlankLines": 17,
      "Comments": 9,
      "CodeLines": 123
    },
    {
      "File": "ToolsQA/Feature/hybride/Inventory/Inventory.feature.xlsx.cs",
      "Lines": 149,
      "BlankLines": 17,
      "Comments": 9,
      "CodeLines": 123
    },
    {
      "File": "ToolsQA/Feature/hybride/MCO/MCO_RM3_2018.feature.xlsx.cs",
      "Lines": 149,
      "BlankLines": 17,
      "Comments": 9,
      "CodeLines": 123
    },
    {
      "File": "ToolsQA/Feature/hybride/MassCollection/MassCollection.feature.xlsx.cs",
      "Lines": 149,
      "BlankLines": 17,
      "Comments": 9,
      "CodeLines": 123
    },
    {
      "File": "ToolsQA/PageObjects/Hybride/HomePage_hybride.cs",
      "Lines": 155,
      "BlankLines": 27,
      "Comments": 6,
      "CodeLines": 122
    },
    {
      "File": "ToolsQA/PageObjects/Hybride/MyDevice/InformationPage.cs",
      "Lines": 156,
      "BlankLines": 22,
      "Comments": 13,
      "CodeLines": 121
    },
    {
      "File": "TestAPIMobilité/Areas/HelpPage/HelpPage.css",
      "Lines": 134,
      "BlankLines": 21,
      "Comments": 0,
      "CodeLines": 113
    },
    {
      "File": "ToolsQA/Feature/hybride/Rangement/Rangement.feature.xlsx.cs",
      "Lines": 137,
      "BlankLines": 16,
      "Comments": 9,
      "CodeLines": 112
    },
    {
      "File": "ToolsQA/Feature/hybride/ParcelToBePrepared/ParcelToBePrepared.feature.xlsx.cs",
      "Lines": 137,
      "BlankLines": 16,
      "Comments": 9,
      "CodeLines": 112
    },
    {
      "File": "ToolsQA/Feature/hybride/RechercheColis/RechercheColis.feature.xlsx.cs",
      "Lines": 137,
      "BlankLines": 16,
      "Comments": 9,
      "CodeLines": 112
    },
    {
      "File": "ToolsQA/OracleDatabase/Dropoff/ComparisonByCountry_Dropoff.cs",
      "Lines": 137,
      "BlankLines": 3,
      "Comments": 24,
      "CodeLines": 110
    },
    {
      "File": "ToolsQA/Feature/hybride/PaymentSummary/PaymentSummary.feature.cs",
      "Lines": 128,
      "BlankLines": 14,
      "Comments": 9,
      "CodeLines": 105
    },
    {
      "File": "ToolsQA/Feature/hybride/PaymentSummary/PaymentSummary1.feature.cs",
      "Lines": 129,
      "BlankLines": 15,
      "Comments": 9,
      "CodeLines": 105
    },
    {
      "File": "TestAPIMobilité/Areas/HelpPage/SampleGeneration/HelpPageSampleKey.cs",
      "Lines": 172,
      "BlankLines": 18,
      "Comments": 51,
      "CodeLines": 103
    },
    {
      "File": "ToolsQA/Feature/hybride/ParcelsList/ParcelsList.feature.cs",
      "Lines": 126,
      "BlankLines": 14,
      "Comments": 9,
      "CodeLines": 103
    },
    {
      "File": "ToolsQA/Feature/hybride/C2C/C2C.feature.xlsx.cs",
      "Lines": 125,
      "BlankLines": 15,
      "Comments": 9,
      "CodeLines": 101
    },
    {
      "File": "ToolsQA/Feature/hybride/Pickup/Pickup_MCO_RM3_2018.feature.xlsx.cs",
      "Lines": 125,
      "BlankLines": 15,
      "Comments": 9,
      "CodeLines": 101
    },
    {
      "File": "ToolsQA/Feature/hybride/Information/Information.feature.xlsx.cs",
      "Lines": 125,
      "BlankLines": 15,
      "Comments": 9,
      "CodeLines": 101
    },
    {
      "File": "ToolsQA/Feature/hybride/Schedules/Schedules.feature.xlsx.cs",
      "Lines": 125,
      "BlankLines": 15,
      "Comments": 9,
      "CodeLines": 101
    },
    {
      "File": "ToolsQA/AppStepDefinitions/Hybride/Rangement.cs",
      "Lines": 107,
      "BlankLines": 9,
      "Comments": 0,
      "CodeLines": 98
    },
    {
      "File": "ToolsQA/Feature/Facturation/ExtraActivites/ExtraActivites.feature.cs",
      "Lines": 117,
      "BlankLines": 12,
      "Comments": 9,
      "CodeLines": 96
    },
    {
      "File": "ToolsQA/OracleDatabase/Reception/GetParameterFromDB_Reception.cs",
      "Lines": 168,
      "BlankLines": 19,
      "Comments": 54,
      "CodeLines": 95
    },
    {
      "File": "ToolsQA/OracleDatabase/Collection/GetParameterFromDB_Collection.cs",
      "Lines": 170,
      "BlankLines": 20,
      "Comments": 55,
      "CodeLines": 95
    },
    {
      "File": "ToolsQA/Feature/Facturation/Compensation/Compensation.feature.cs",
      "Lines": 114,
      "BlankLines": 12,
      "Comments": 9,
      "CodeLines": 93
    },
    {
      "File": "ToolsQA/Feature/hybride/PaymentSummary/PaymentSummary.feature.xlsx.cs",
      "Lines": 113,
      "BlankLines": 14,
      "Comments": 9,
      "CodeLines": 90
    },
    {
      "File": "ToolsQA/Feature/hybride/RechercheColis/RechercheColis.feature.xlsx.feature.cs",
      "Lines": 114,
      "BlankLines": 15,
      "Comments": 9,
      "CodeLines": 90
    },
    {
      "File": "ToolsQA/Feature/hybride/Synchronisation/synchronization.feature.xlsx.cs",
      "Lines": 113,
      "BlankLines": 14,
      "Comments": 9,
      "CodeLines": 90
    },
    {
      "File": "ToolsQA/Feature/hybride/Stuart/Stuart.feature.xlsx.cs",
      "Lines": 113,
      "BlankLines": 14,
      "Comments": 9,
      "CodeLines": 90
    },
    {
      "File": "ToolsQA/Feature/hybride/ParcelsList/ParcelsList.feature.xlsx.cs",
      "Lines": 113,
      "BlankLines": 14,
      "Comments": 9,
      "CodeLines": 90
    },
    {
      "File": "ToolsQA/AppStepDefinitions/Hybride/ToDoList/ParcelToBePrepared.cs",
      "Lines": 97,
      "BlankLines": 8,
      "Comments": 0,
      "CodeLines": 89
    },
    {
      "File": "ToolsQA/Browser/Browser.cs",
      "Lines": 124,
      "BlankLines": 18,
      "Comments": 20,
      "CodeLines": 86
    },
    {
      "File": "ToolsQA/AppStepDefinitions/Hybride/MyShop/Holidays.cs",
      "Lines": 102,
      "BlankLines": 10,
      "Comments": 7,
      "CodeLines": 85
    },
    {
      "File": "ToolsQA/PageObjects/Hybride/ProfilesPage.cs",
      "Lines": 106,
      "BlankLines": 21,
      "Comments": 0,
      "CodeLines": 85
    },
    {
      "File": "ToolsQA/AppStepDefinitions/Hybride/MyShop/MaterielManagement.cs",
      "Lines": 96,
      "BlankLines": 12,
      "Comments": 0,
      "CodeLines": 84
    },
    {
      "File": "ToolsQA/AppStepDefinitions/Hybride/ToDoList/Inventory.cs",
      "Lines": 89,
      "BlankLines": 5,
      "Comments": 1,
      "CodeLines": 83
    },
    {
      "File": "ToolsQA/PageObjects/Hybride/MyShop/ParcelsListPage.cs",
      "Lines": 94,
      "BlankLines": 17,
      "Comments": 0,
      "CodeLines": 77
    },
    {
      "File": "ToolsQA/Feature/Facturation/Transporteur/ListeDesTransporteurs/ListeTransporteurs.feature.cs",
      "Lines": 96,
      "BlankLines": 11,
      "Comments": 9,
      "CodeLines": 76
    },
    {
      "File": "ToolsQA/OracleDatabase/Inventory/ComparisonByCountry_Inventory.cs",
      "Lines": 85,
      "BlankLines": 4,
      "Comments": 8,
      "CodeLines": 73
    },
    {
      "File": "ToolsQA/PageObjects/Hybride/MyShop/PaymentSummaryPage.cs",
      "Lines": 84,
      "BlankLines": 12,
      "Comments": 0,
      "CodeLines": 72
    },
    {
      "File": "ToolsQA/Feature/Facturation/FacturationSansAutofacturation/Facturation.feature.cs",
      "Lines": 92,
      "BlankLines": 11,
      "Comments": 9,
      "CodeLines": 72
    },
    {
      "File": "ToolsQA/Feature/Facturation/Relais/ControleDesRIB.feature.xlsx.cs",
      "Lines": 92,
      "BlankLines": 12,
      "Comments": 9,
      "CodeLines": 71
    },
    {
      "File": "ToolsQA/Feature/Facturation/Transporteur/ListeDesTransporteurs/ListeTransporteurs.feature.xlsx.cs",
      "Lines": 92,
      "BlankLines": 12,
      "Comments": 9,
      "CodeLines": 71
    },
    {
      "File": "ToolsQA/PageObjects/Hybride/LoginPage_hybride.cs",
      "Lines": 77,
      "BlankLines": 8,
      "Comments": 1,
      "CodeLines": 68
    },
    {
      "File": "ToolsQA/AppStepDefinitions/Hybride/MyShop/MassCollection.cs",
      "Lines": 74,
      "BlankLines": 7,
      "Comments": 0,
      "CodeLines": 67
    },
    {
      "File": "ConsoleApp1/Program.cs",
      "Lines": 80,
      "BlankLines": 15,
      "Comments": 1,
      "CodeLines": 64
    },
    {
      "File": "APITestMobility/bin/System.Web.WebPages.Deployment.xml",
      "Lines": 59,
      "BlankLines": 0,
      "Comments": 0,
      "CodeLines": 59
    },
    {
      "File": "TestAPIMobilité/bin/System.Web.WebPages.Deployment.xml",
      "Lines": 59,
      "BlankLines": 0,
      "Comments": 0,
      "CodeLines": 59
    },
    {
      "File": "APITestMobility/Bash/RunBash.cs",
      "Lines": 68,
      "BlankLines": 8,
      "Comments": 1,
      "CodeLines": 59
    },
    {
      "File": "TestAPIMobilité/Areas/HelpPage/Models/HelpPageApiModel.cs",
      "Lines": 107,
      "BlankLines": 14,
      "Comments": 36,
      "CodeLines": 57
    },
    {
      "File": "ToolsQA/AppStepDefinitions/Hybride/MyDevice/Information.cs",
      "Lines": 59,
      "BlankLines": 4,
      "Comments": 0,
      "CodeLines": 55
    },
    {
      "File": "TestAPIMobilité/Areas/HelpPage/App_Start/HelpPageConfig.cs",
      "Lines": 112,
      "BlankLines": 15,
      "Comments": 43,
      "CodeLines": 54
    },
    {
      "File": "TestAPIMobilité/Areas/HelpPage/Views/Help/DisplayTemplates/HelpPageApiModel.cshtml",
      "Lines": 66,
      "BlankLines": 13,
      "Comments": 0,
      "CodeLines": 53
    },
    {
      "File": "ToolsQA/AppStepDefinitions/Hybride/MyShop/ParcelsList.cs",
      "Lines": 54,
      "BlankLines": 2,
      "Comments": 0,
      "CodeLines": 52
    },
    {
      "File": "ToolsQA/AppStepDefinitions/Hybride/MyShop/Schedules.cs",
      "Lines": 56,
      "BlankLines": 5,
      "Comments": 0,
      "CodeLines": 51
    },
    {
      "File": "ToolsQA/PageObjects/Hybride/Driver_ReceptionCollectionPage.cs",
      "Lines": 62,
      "BlankLines": 11,
      "Comments": 0,
      "CodeLines": 51
    },
    {
      "File": "TestAPIMobilité/Areas/HelpPage/Controllers/HelpController.cs",
      "Lines": 62,
      "BlankLines": 9,
      "Comments": 3,
      "CodeLines": 50
    },
    {
      "File": "ToolsQA/PageObjects/Hybride/Stuart/Stuart_PickupDropoff.cs",
      "Lines": 58,
      "BlankLines": 8,
      "Comments": 0,
      "CodeLines": 50
    },
    {
      "File": "ToolsQA/PageObjects/Hybride/Customer_PickupDropoffPage.cs",
      "Lines": 59,
      "BlankLines": 10,
      "Comments": 0,
      "CodeLines": 49
    },
    {
      "File": "ToolsQA/TestDataAccess/ExcelFile.cs",
      "Lines": 75,
      "BlankLines": 12,
      "Comments": 15,
      "CodeLines": 48
    },
    {
      "File": "TestAPIMobilité/Areas/HelpPage/Views/Help/DisplayTemplates/Parameters.cshtml",
      "Lines": 48,
      "BlankLines": 2,
      "Comments": 0,
      "CodeLines": 46
    },
    {
      "File": "ToolsQA/OracleDatabase/Reception/ComparisonByCountry_Reception.cs",
      "Lines": 51,
      "BlankLines": 4,
      "Comments": 2,
      "CodeLines": 45
    },
    {
      "File": "ToolsQA/OracleDatabase/oracleRequest.cs",
      "Lines": 68,
      "BlankLines": 7,
      "Comments": 17,
      "CodeLines": 44
    },
    {
      "File": "ToolsQA/AppStepDefinitions/Hybride/MyShop/PaymentSummarySteps.cs",
      "Lines": 48,
      "BlankLines": 4,
      "Comments": 0,
      "CodeLines": 44
    },
    {
      "File": "ToolsQA/AppStepDefinitions/Facturation/Configuration/listeDesTransporteur.cs",
      "Lines": 51,
      "BlankLines": 7,
      "Comments": 0,
      "CodeLines": 44
    },
    {
      "File": "ToolsQA/AppStepDefinitions/Hybride/Stuart.cs",
      "Lines": 44,
      "BlankLines": 2,
      "Comments": 0,
      "CodeLines": 42
    },
    {
      "File": "TestAPIMobilité/Views/Shared/_Layout.cshtml",
      "Lines": 43,
      "BlankLines": 1,
      "Comments": 0,
      "CodeLines": 42
    },
    {
      "File": "APITestMobility/bin/Microsoft.CodeDom.Providers.DotNetCompilerPlatform.xml",
      "Lines": 40,
      "BlankLines": 0,
      "Comments": 0,
      "CodeLines": 40
    },
    {
      "File": "TestAPIMobilité/bin/Microsoft.CodeDom.Providers.DotNetCompilerPlatform.xml",
      "Lines": 40,
      "BlankLines": 0,
      "Comments": 0,
      "CodeLines": 40
    },
    {
      "File": "ToolsQA/PageObjects/Hybride/ToDoList/ToDoListPage.cs",
      "Lines": 51,
      "BlankLines": 12,
      "Comments": 0,
      "CodeLines": 39
    },
    {
      "File": "TestAPIMobilité/Areas/HelpPage/Views/Help/DisplayTemplates/ApiGroup.cshtml",
      "Lines": 40,
      "BlankLines": 2,
      "Comments": 0,
      "CodeLines": 38
    },
    {
      "File": "ToolsQA/PageObjects/Facturation/LoginPage_factu.cs",
      "Lines": 49,
      "BlankLines": 7,
      "Comments": 6,
      "CodeLines": 36
    },
    {
      "File": "APITestMobility/Controllers/APITestController.cs",
      "Lines": 172,
      "BlankLines": 28,
      "Comments": 108,
      "CodeLines": 36
    },
    {
      "File": "TestAPIMobilité/Areas/HelpPage/Views/Help/Index.cshtml",
      "Lines": 38,
      "BlankLines": 3,
      "Comments": 0,
      "CodeLines": 35
    },
    {
      "File": "ToolsQA/OracleDatabase/Collection/ComparisonByCountry_Collection.cs",
      "Lines": 44,
      "BlankLines": 5,
      "Comments": 7,
      "CodeLines": 32
    },
    {
      "File": "APITestMobility/App_Start/SwaggerConfig.cs",
      "Lines": 262,
      "BlankLines": 33,
      "Comments": 198,
      "CodeLines": 31
    },
    {
      "File": "ToolsQA/AppStepDefinitions/Facturation/Common_factu.cs",
      "Lines": 52,
      "BlankLines": 5,
      "Comments": 16,
      "CodeLines": 31
    },
    {
      "File": "TestAPIMobilité/Areas/HelpPage/ApiDescriptionExtensions.cs",
      "Lines": 38,
      "BlankLines": 2,
      "Comments": 5,
      "CodeLines": 31
    },
    {
      "File": "ToolsQA/PageObjects/Facturation/configuration/regimesTarifaires.cs",
      "Lines": 35,
      "BlankLines": 4,
      "Comments": 0,
      "CodeLines": 31
    },
    {
      "File": "ToolsQA/PageObjects/Facturation/marquage/statistiquesGlobales.cs",
      "Lines": 31,
      "BlankLines": 1,
      "Comments": 0,
      "CodeLines": 30
    },
    {
      "File": "ToolsQA/PageObjects/Facturation/relais/compensations.cs",
      "Lines": 31,
      "BlankLines": 2,
      "Comments": 0,
      "CodeLines": 29
    },
    {
      "File": "ToolsQA/PageObjects/Facturation/relais/commissionsVerseesParGroupeDeFactu.cs",
      "Lines": 31,
      "BlankLines": 2,
      "Comments": 0,
      "CodeLines": 29
    },
    {
      "File": "ToolsQA/PageObjects/Facturation/relais/situationADatedunPudo.cs",
      "Lines": 31,
      "BlankLines": 2,
      "Comments": 0,
      "CodeLines": 29
    },
    {
      "File": "ToolsQA/PageObjects/Facturation/relais/rejetsBancaires.cs",
      "Lines": 31,
      "BlankLines": 2,
      "Comments": 0,
      "CodeLines": 29
    },
    {
      "File": "ToolsQA/PageObjects/Facturation/relais/pudoNonAssujettiALaTva.cs",
      "Lines": 31,
      "BlankLines": 2,
      "Comments": 0,
      "CodeLines": 29
    },
    {
      "File": "ToolsQA/PageObjects/Facturation/relais/partenaireSansCommissionementAuto.cs",
      "Lines": 31,
      "BlankLines": 2,
      "Comments": 0,
      "CodeLines": 29
    },
    {
      "File": "ToolsQA/PageObjects/Facturation/relais/paiementDesCommissions.cs",
      "Lines": 31,
      "BlankLines": 2,
      "Comments": 0,
      "CodeLines": 29
    },
    {
      "File": "ToolsQA/PageObjects/Facturation/relais/facuresDesCommissions.cs",
      "Lines": 31,
      "BlankLines": 2,
      "Comments": 0,
      "CodeLines": 29
    },
    {
      "File": "ToolsQA/PageObjects/Facturation/relais/extraActivites.cs",
      "Lines": 31,
      "BlankLines": 2,
      "Comments": 0,
      "CodeLines": 29
    },
    {
      "File": "TestAPIMobilité/Controllers/ValuesController.cs",
      "Lines": 39,
      "BlankLines": 5,
      "Comments": 5,
      "CodeLines": 29
    },
    {
      "File": "ToolsQA/PageObjects/Facturation/relais/controlerDesRib.cs",
      "Lines": 31,
      "BlankLines": 2,
      "Comments": 0,
      "CodeLines": 29
    },
    {
      "File": "ToolsQA/PageObjects/Facturation/configuration/chargeurs.cs",
      "Lines": 32,
      "BlankLines": 3,
      "Comments": 0,
      "CodeLines": 29
    },
    {
      "File": "ToolsQA/PageObjects/Facturation/relais/commissionsVerseesParPeriode.cs",
      "Lines": 31,
      "BlankLines": 2,
      "Comments": 0,
      "CodeLines": 29
    },
    {
      "File": "ToolsQA/PageObjects/Facturation/relais/suspendreDesPaiements.cs",
      "Lines": 31,
      "BlankLines": 2,
      "Comments": 0,
      "CodeLines": 29
    },
    {
      "File": "ToolsQA/PageObjects/Facturation/relais/commissionsParActivite.cs",
      "Lines": 30,
      "BlankLines": 1,
      "Comments": 0,
      "CodeLines": 29
    },
    {
      "File": "ToolsQA/PageObjects/Facturation/marquage/statitiquesParChargeurs.cs",
      "Lines": 30,
      "BlankLines": 1,
      "Comments": 0,
      "CodeLines": 29
    },
    {
      "File": "ToolsQA/PageObjects/Facturation/configuration/grilleTarifaire.cs",
      "Lines": 33,
      "BlankLines": 4,
      "Comments": 0,
      "CodeLines": 29
    },
    {
      "File": "ToolsQA/PageObjects/Facturation/configuration/groupesDeChargeurs.cs",
      "Lines": 33,
      "BlankLines": 4,
      "Comments": 0,
      "CodeLines": 29
    },
    {
      "File": "ToolsQA/PageObjects/Facturation/transporteur/Extraire_elementsDeFacturation.cs",
      "Lines": 30,
      "BlankLines": 1,
      "Comments": 0,
      "CodeLines": 29
    },
    {
      "File": "ToolsQA/PageObjects/Facturation/configuration/groupesDeFacturation.cs",
      "Lines": 33,
      "BlankLines": 4,
      "Comments": 0,
      "CodeLines": 29
    },
    {
      "File": "ToolsQA/PageObjects/Facturation/configuration/listeDesActivites.cs",
      "Lines": 33,
      "BlankLines": 4,
      "Comments": 0,
      "CodeLines": 29
    },
    {
      "File": "TestAPIMobilité/Areas/HelpPage/Views/Help/DisplayTemplates/Samples.cshtml",
      "Lines": 29,
      "BlankLines": 1,
      "Comments": 0,
      "CodeLines": 28
    },
    {
      "File": "ToolsQA/PageObjects/Facturation/marquage/statistiquesDesPrestations.cs",
      "Lines": 29,
      "BlankLines": 1,
      "Comments": 0,
      "CodeLines": 28
    },
    {
      "File": "ToolsQA/PageObjects/Facturation/transporteur/Consulter_elementsDeFacturation.cs",
      "Lines": 29,
      "BlankLines": 1,
      "Comments": 0,
      "CodeLines": 28
    },
    {
      "File": "TestAPIMobilité/Areas/HelpPage/SampleGeneration/TextSample.cs",
      "Lines": 36,
      "BlankLines": 5,
      "Comments": 3,
      "CodeLines": 28
    },
    {
      "File": "TestAPIMobilité/Areas/HelpPage/ModelDescriptions/ModelNameHelper.cs",
      "Lines": 35,
      "BlankLines": 4,
      "Comments": 3,
      "CodeLines": 28
    },
    {
      "File": "TestAPIMobilité/Areas/HelpPage/SampleGeneration/ImageSample.cs",
      "Lines": 40,
      "BlankLines": 5,
      "Comments": 7,
      "CodeLines": 28
    },
    {
      "File": "TestAPIMobilité/Areas/HelpPage/SampleGeneration/InvalidSample.cs",
      "Lines": 36,
      "BlankLines": 5,
      "Comments": 3,
      "CodeLines": 28
    },
    {
      "File": "TestAPIMobilité/Areas/HelpPage/Views/Help/DisplayTemplates/ModelDescriptionLink.cshtml",
      "Lines": 25,
      "BlankLines": 0,
      "Comments": 0,
      "CodeLines": 25
    },
    {
      "File": "TestAPIMobilité/Views/Home/Index.cshtml",
      "Lines": 24,
      "BlankLines": 0,
      "Comments": 0,
      "CodeLines": 24
    },
    {
      "File": "ToolsQA/AppStepDefinitions/Facturation/Configuration/configuration.cs",
      "Lines": 26,
      "BlankLines": 3,
      "Comments": 0,
      "CodeLines": 23
    },
    {
      "File": "TestAPIMobilité/Global.asax.cs",
      "Lines": 23,
      "BlankLines": 1,
      "Comments": 0,
      "CodeLines": 22
    },
    {
      "File": "TestAPIMobilité/Areas/HelpPage/HelpPageAreaRegistration.cs",
      "Lines": 25,
      "BlankLines": 3,
      "Comments": 0,
      "CodeLines": 22
    },
    {
      "File": "TestAPIMobilité/Areas/HelpPage/Views/Help/DisplayTemplates/EnumTypeModelDescription.cshtml",
      "Lines": 23,
      "BlankLines": 2,
      "Comments": 0,
      "CodeLines": 21
    },
    {
      "File": "TestAPIMobilité/App_Start/RouteConfig.cs",
      "Lines": 23,
      "BlankLines": 2,
      "Comments": 0,
      "CodeLines": 21
    },
    {
      "File": "TestAPIMobilité/Areas/HelpPage/Views/Help/Api.cshtml",
      "Lines": 22,
      "BlankLines": 2,
      "Comments": 0,
      "CodeLines": 20
    },
    {
      "File": "TestAPIMobilité/App_Start/BundleConfig.cs",
      "Lines": 27,
      "BlankLines": 4,
      "Comments": 3,
      "CodeLines": 20
    },
    {
      "File": "APITestMobility/App_Start/RouteConfig.cs",
      "Lines": 23,
      "BlankLines": 4,
      "Comments": 0,
      "CodeLines": 19
    },
    {
      "File": "TestAPIMobilité/App_Start/WebApiConfig.cs",
      "Lines": 24,
      "BlankLines": 3,
      "Comments": 2,
      "CodeLines": 19
    },
    {
      "File": "APITestMobility/App_Start/WebApiConfig.cs",
      "Lines": 24,
      "BlankLines": 3,
      "Comments": 2,
      "CodeLines": 19
    },
    {
      "File": "TestAPIMobilité/Areas/HelpPage/Views/Help/ResourceModel.cshtml",
      "Lines": 19,
      "BlankLines": 1,
      "Comments": 0,
      "CodeLines": 18
    },
    {
      "File": "APITestMobility/Global.asax.cs",
      "Lines": 18,
      "BlankLines": 1,
      "Comments": 0,
      "CodeLines": 17
    },
    {
      "File": "TestAPIMobilité/Controllers/HomeController.cs",
      "Lines": 18,
      "BlankLines": 2,
      "Comments": 0,
      "CodeLines": 16
    },
    {
      "File": "TestAPIMobilité/Areas/HelpPage/ModelDescriptions/ParameterDescription.cs",
      "Lines": 20,
      "BlankLines": 5,
      "Comments": 0,
      "CodeLines": 15
    },
    {
      "File": "ConsoleApp1/Properties/AssemblyInfo.cs",
      "Lines": 36,
      "BlankLines": 4,
      "Comments": 17,
      "CodeLines": 15
    },
    {
      "File": "APITestMobility/Properties/AssemblyInfo.cs",
      "Lines": 35,
      "BlankLines": 4,
      "Comments": 16,
      "CodeLines": 15
    },
    {
      "File": "TestAPIMobilité/Properties/AssemblyInfo.cs",
      "Lines": 35,
      "BlankLines": 4,
      "Comments": 16,
      "CodeLines": 15
    },
    {
      "File": "ToolsQA/Properties/AssemblyInfo.cs",
      "Lines": 36,
      "BlankLines": 4,
      "Comments": 17,
      "CodeLines": 15
    },
    {
      "File": "ToolsQA/Browser/CustomRemoteWebDriver.cs",
      "Lines": 36,
      "BlankLines": 7,
      "Comments": 15,
      "CodeLines": 14
    },
    {
      "File": "ToolsQA/MongoDB/Dropoff/Comparaison.cs",
      "Lines": 18,
      "BlankLines": 4,
      "Comments": 0,
      "CodeLines": 14
    },
    {
      "File": "TestAPIMobilité/Views/Shared/Error.cshtml",
      "Lines": 14,
      "BlankLines": 0,
      "Comments": 0,
      "CodeLines": 14
    },
    {
      "File": "TestAPIMobilité/Content/Site.css",
      "Lines": 17,
      "BlankLines": 2,
      "Comments": 2,
      "CodeLines": 13
    },
    {
      "File": "TestAPIMobilité/Areas/HelpPage/ModelDescriptions/ModelNameAttribute.cs",
      "Lines": 17,
      "BlankLines": 2,
      "Comments": 3,
      "CodeLines": 12
    },
    {
      "File": "TestAPIMobilité/Areas/HelpPage/ModelDescriptions/EnumTypeModelDescription.cs",
      "Lines": 14,
      "BlankLines": 2,
      "Comments": 0,
      "CodeLines": 12
    },
    {
      "File": "TestAPIMobilité/App_Start/FilterConfig.cs",
      "Lines": 13,
      "BlankLines": 1,
      "Comments": 0,
      "CodeLines": 12
    },
    {
      "File": "TestAPIMobilité/Areas/HelpPage/Views/Help/DisplayTemplates/InvalidSample.cshtml",
      "Lines": 12,
      "BlankLines": 1,
      "Comments": 0,
      "CodeLines": 11
    },
    {
      "File": "TestAPIMobilité/Areas/HelpPage/ModelDescriptions/ComplexTypeModelDescription.cs",
      "Lines": 13,
      "BlankLines": 2,
      "Comments": 0,
      "CodeLines": 11
    },
    {
      "File": "TestAPIMobilité/Areas/HelpPage/Views/Shared/_Layout.cshtml",
      "Lines": 11,
      "BlankLines": 0,
      "Comments": 0,
      "CodeLines": 11
    },
    {
      "File": "APITestMobility/Models/TestModel.cs",
      "Lines": 12,
      "BlankLines": 1,
      "Comments": 0,
      "CodeLines": 11
    },
    {
      "File": "TestAPIMobilité/Areas/HelpPage/ModelDescriptions/ModelDescription.cs",
      "Lines": 15,
      "BlankLines": 3,
      "Comments": 3,
      "CodeLines": 9
    },
    {
      "File": "TestAPIMobilité/Areas/HelpPage/ModelDescriptions/IModelDocumentationProvider.cs",
      "Lines": 11,
      "BlankLines": 2,
      "Comments": 0,
      "CodeLines": 9
    },
    {
      "File": "APITestMobility/bin/APITestMobility.xml",
      "Lines": 8,
      "BlankLines": 0,
      "Comments": 0,
      "CodeLines": 8
    },
    {
      "File": "TestAPIMobilité/Areas/HelpPage/ModelDescriptions/ParameterAnnotation.cs",
      "Lines": 10,
      "BlankLines": 2,
      "Comments": 0,
      "CodeLines": 8
    },
    {
      "File": "TestAPIMobilité/Areas/HelpPage/ModelDescriptions/EnumValueDescription.cs",
      "Lines": 10,
      "BlankLines": 2,
      "Comments": 0,
      "CodeLines": 8
    },
    {
      "File": "TestAPIMobilité/Areas/HelpPage/ModelDescriptions/KeyValuePairModelDescription.cs",
      "Lines": 8,
      "BlankLines": 1,
      "Comments": 0,
      "CodeLines": 7
    },
    {
      "File": "TestAPIMobilité/Areas/HelpPage/SampleGeneration/SampleDirection.cs",
      "Lines": 10,
      "BlankLines": 0,
      "Comments": 3,
      "CodeLines": 7
    },
    {
      "File": "TestAPIMobilité/Areas/HelpPage/ModelDescriptions/CollectionModelDescription.cs",
      "Lines": 6,
      "BlankLines": 0,
      "Comments": 0,
      "CodeLines": 6
    },
    {
      "File": "TestAPIMobilité/Areas/HelpPage/Views/Help/DisplayTemplates/CollectionModelDescription.cshtml",
      "Lines": 5,
      "BlankLines": 0,
      "Comments": 0,
      "CodeLines": 5
    },
    {
      "File": "TestAPIMobilité/Areas/HelpPage/ModelDescriptions/SimpleTypeModelDescription.cs",
      "Lines": 5,
      "BlankLines": 0,
      "Comments": 0,
      "CodeLines": 5
    },
    {
      "File": "TestAPIMobilité/Areas/HelpPage/ModelDescriptions/DictionaryModelDescription.cs",
      "Lines": 5,
      "BlankLines": 0,
      "Comments": 0,
      "CodeLines": 5
    },
    {
      "File": "TestAPIMobilité/Areas/HelpPage/Views/Help/DisplayTemplates/TextSample.cshtml",
      "Lines": 5,
      "BlankLines": 1,
      "Comments": 0,
      "CodeLines": 4
    },
    {
      "File": "TestAPIMobilité/Views/_ViewStart.cshtml",
      "Lines": 3,
      "BlankLines": 0,
      "Comments": 0,
      "CodeLines": 3
    },
    {
      "File": "TestAPIMobilité/Areas/HelpPage/Views/Help/DisplayTemplates/DictionaryModelDescription.cshtml",
      "Lines": 3,
      "BlankLines": 0,
      "Comments": 0,
      "CodeLines": 3
    },
    {
      "File": "TestAPIMobilité/Areas/HelpPage/Views/Help/DisplayTemplates/KeyValuePairModelDescription.cshtml",
      "Lines": 3,
      "BlankLines": 0,
      "Comments": 0,
      "CodeLines": 3
    },
    {
      "File": "TestAPIMobilité/Areas/HelpPage/Views/_ViewStart.cshtml",
      "Lines": 3,
      "BlankLines": 0,
      "Comments": 0,
      "CodeLines": 3
    },
    {
      "File": "TestAPIMobilité/Areas/HelpPage/Views/Help/DisplayTemplates/ImageSample.cshtml",
      "Lines": 3,
      "BlankLines": 1,
      "Comments": 0,
      "CodeLines": 2
    },
    {
      "File": "TestAPIMobilité/Areas/HelpPage/Views/Help/DisplayTemplates/ComplexTypeModelDescription.cshtml",
      "Lines": 2,
      "BlankLines": 0,
      "Comments": 0,
      "CodeLines": 2
    },
    {
      "File": "TestAPIMobilité/Areas/HelpPage/Views/Help/DisplayTemplates/SimpleTypeModelDescription.cshtml",
      "Lines": 2,
      "BlankLines": 0,
      "Comments": 0,
      "CodeLines": 2
    },
    {
      "File": "TestAPIMobilité/Scripts/bootstrap.min.js",
      "Lines": 6,
      "BlankLines": 0,
      "Comments": 5,
      "CodeLines": 1
    },
    {
      "File": "TestAPIMobilité/Scripts/jquery-3.3.1.min.js",
      "Lines": 2,
      "BlankLines": 0,
      "Comments": 1,
      "CodeLines": 1
    },
    {
      "File": "TestAPIMobilité/Scripts/jquery-3.3.1.slim.min.js",
      "Lines": 2,
      "BlankLines": 0,
      "Comments": 1,
      "CodeLines": 1
    },
    {
      "File": "TestAPIMobilité/Content/bootstrap.min.css",
      "Lines": 5,
      "BlankLines": 0,
      "Comments": 5,
      "CodeLines": 0
    },
    {
      "File": "APITestMobility/obj/Debug/TemporaryGeneratedFile_E7A71F73-0F8D-4B9B-B56E-8E70B10BC5D3.cs",
      "Lines": 0,
      "BlankLines": 0,
      "Comments": 0,
      "CodeLines": 0
    },
    {
      "File": "APITestMobility/obj/Debug/TemporaryGeneratedFile_5937a670-0e60-4077-877b-f7221da3dda1.cs",
      "Lines": 0,
      "BlankLines": 0,
      "Comments": 0,
      "CodeLines": 0
    },
    {
      "File": "APITestMobility/obj/Debug/TemporaryGeneratedFile_036C0B5B-1481-4323-8D20-8F5ADCB23D92.cs",
      "Lines": 0,
      "BlankLines": 0,
      "Comments": 0,
      "CodeLines": 0
    },
    {
      "File": "ConsoleApp1/obj/Debug/TemporaryGeneratedFile_036C0B5B-1481-4323-8D20-8F5ADCB23D92.cs",
      "Lines": 0,
      "BlankLines": 0,
      "Comments": 0,
      "CodeLines": 0
    },
    {
      "File": "ConsoleApp1/obj/Debug/TemporaryGeneratedFile_5937a670-0e60-4077-877b-f7221da3dda1.cs",
      "Lines": 0,
      "BlankLines": 0,
      "Comments": 0,
      "CodeLines": 0
    },
    {
      "File": "ConsoleApp1/obj/Debug/TemporaryGeneratedFile_E7A71F73-0F8D-4B9B-B56E-8E70B10BC5D3.cs",
      "Lines": 0,
      "BlankLines": 0,
      "Comments": 0,
      "CodeLines": 0
    },
    {
      "File": "TestAPIMobilité/obj/Debug/TemporaryGeneratedFile_036C0B5B-1481-4323-8D20-8F5ADCB23D92.cs",
      "Lines": 0,
      "BlankLines": 0,
      "Comments": 0,
      "CodeLines": 0
    },
    {
      "File": "TestAPIMobilité/obj/Debug/TemporaryGeneratedFile_5937a670-0e60-4077-877b-f7221da3dda1.cs",
      "Lines": 0,
      "BlankLines": 0,
      "Comments": 0,
      "CodeLines": 0
    },
    {
      "File": "TestAPIMobilité/Content/bootstrap-theme.min.css",
      "Lines": 5,
      "BlankLines": 0,
      "Comments": 5,
      "CodeLines": 0
    },
    {
      "File": "TestAPIMobilité/obj/Debug/TemporaryGeneratedFile_E7A71F73-0F8D-4B9B-B56E-8E70B10BC5D3.cs",
      "Lines": 0,
      "BlankLines": 0,
      "Comments": 0,
      "CodeLines": 0
    }
  ]
}