{
  "TotalLines": 840,
  "TotalBlankLines": 66,
  "TotalComments": 23,
  "TotalCodeLines": 751,
  "Results": [
    {
      "File": "DCE/db/main.go",
      "Lines": 366,
      "BlankLines": 51,
      "Comments": 15,
      "CodeLines": 300
    },
    {
      "File": "Openshift/dist/deploy-pgsql.yaml",
      "Lines": 84,
      "BlankLines": 0,
      "Comments": 1,
      "CodeLines": 83
    },
    {
      "File": "Openshift/dist/values.yaml",
      "Lines": 74,
      "BlankLines": 13,
      "Comments": 0,
      "CodeLines": 61
    },
    {
      "File": "FLUX/manifests/sonarqube-dce.yaml",
      "Lines": 66,
      "BlankLines": 1,
      "Comments": 6,
      "CodeLines": 59
    },
    {
      "File": "DCE/db/dist/pgsql.yaml",
      "Lines": 55,
      "BlankLines": 0,
      "Comments": 0,
      "CodeLines": 55
    },
    {
      "File": "Openshift/dist/pgsql.yaml",
      "Lines": 55,
      "BlankLines": 0,
      "Comments": 0,
      "CodeLines": 55
    },
    {
      "File": "Openshift/dist/pvcsonar.yaml",
      "Lines": 35,
      "BlankLines": 0,
      "Comments": 0,
      "CodeLines": 35
    },
    {
      "File": "DCE/db/dist/pgservice.yaml",
      "Lines": 16,
      "BlankLines": 0,
      "Comments": 0,
      "CodeLines": 16
    },
    {
      "File": "Openshift/dist/pgsqlsvc.yaml",
      "Lines": 16,
      "BlankLines": 0,
      "Comments": 0,
      "CodeLines": 16
    },
    {
      "File": "Openshift/dist/config_map_initdb.yaml",
      "Lines": 13,
      "BlankLines": 0,
      "Comments": 1,
      "CodeLines": 12
    },
    {
      "File": "FLUX/manifests/sonarqube-dce-auth-jwt.yaml",
      "Lines": 11,
      "BlankLines": 0,
      "Comments": 0,
      "CodeLines": 11
    },
    {
      "File": "Openshift/dist/pvcdb.yaml",
      "Lines": 11,
      "BlankLines": 0,
      "Comments": 0,
      "CodeLines": 11
    },
    {
      "File": "Openshift/dist/sc.yaml",
      "Lines": 11,
      "BlankLines": 0,
      "Comments": 0,
      "CodeLines": 11
    },
    {
      "File": "DCE/db/dist/pgsecret.yaml",
      "Lines": 10,
      "BlankLines": 0,
      "Comments": 0,
      "CodeLines": 10
    },
    {
      "File": "DCE/db/dist/pgsal-configmap.yaml",
      "Lines": 8,
      "BlankLines": 0,
      "Comments": 0,
      "CodeLines": 8
    },
    {
      "File": "FLUX/manifests/helm-repository.yaml",
      "Lines": 9,
      "BlankLines": 1,
      "Comments": 0,
      "CodeLines": 8
    }
  ]
}