{
  "TotalLines": 580,
  "TotalBlankLines": 66,
  "TotalComments": 74,
  "TotalCodeLines": 440,
  "Results": [
    {
      "File": "comp-maven/pom.xml",
      "Lines": 85,
      "BlankLines": 7,
      "Comments": 4,
      "CodeLines": 74
    },
    {
      "File": "comp-maven/src/main/java/coverage_metrics/CoverageMetrics.java",
      "Lines": 102,
      "BlankLines": 17,
      "Comments": 15,
      "CodeLines": 70
    },
    {
      "File": ".github/workflows/dotnet-scan.yaml",
      "Lines": 60,
      "BlankLines": 2,
      "Comments": 0,
      "CodeLines": 58
    },
    {
      "File": ".github/workflows/maven-scan.yaml",
      "Lines": 57,
      "BlankLines": 3,
      "Comments": 0,
      "CodeLines": 54
    },
    {
      "File": "comp-cli/src/person.py",
      "Lines": 67,
      "BlankLines": 16,
      "Comments": 4,
      "CodeLines": 47
    },
    {
      "File": "comp-cli/setup.py",
      "Lines": 61,
      "BlankLines": 2,
      "Comments": 21,
      "CodeLines": 38
    },
    {
      "File": ".github/workflows/cli-scan.yaml",
      "Lines": 41,
      "BlankLines": 5,
      "Comments": 0,
      "CodeLines": 36
    },
    {
      "File": "comp-maven/src/test/java/coverage_metrics/CoverageMetricsTest.java",
      "Lines": 24,
      "BlankLines": 4,
      "Comments": 0,
      "CodeLines": 20
    },
    {
      "File": "comp-dotnet/project/Program.cs",
      "Lines": 13,
      "BlankLines": 1,
      "Comments": 0,
      "CodeLines": 12
    },
    {
      "File": "comp-dotnet/project/MyClass.cs",
      "Lines": 11,
      "BlankLines": 1,
      "Comments": 0,
      "CodeLines": 10
    },
    {
      "File": "comp-dotnet/project/obj/Debug/netcoreapp2.2/dotnet-sample.AssemblyInfo.cs",
      "Lines": 22,
      "BlankLines": 4,
      "Comments": 9,
      "CodeLines": 9
    },
    {
      "File": "comp-cli/test/test_person.py",
      "Lines": 11,
      "BlankLines": 3,
      "Comments": 0,
      "CodeLines": 8
    },
    {
      "File": "comp-dotnet/project/obj/Debug/netcoreapp2.2/.NETCoreApp,Version=v2.2.AssemblyAttributes.cs",
      "Lines": 4,
      "BlankLines": 0,
      "Comments": 1,
      "CodeLines": 3
    },
    {
      "File": "comp-cli/src/version.py",
      "Lines": 22,
      "BlankLines": 1,
      "Comments": 20,
      "CodeLines": 1
    }
  ]
}