{
  "TotalLines": 80,
  "TotalBlankLines": 13,
  "TotalComments": 0,
  "TotalCodeLines": 67,
  "Results": [
    {
      "File": ".github/workflows/build.yml",
      "Lines": 40,
      "BlankLines": 4,
      "Comments": 0,
      "CodeLines": 36
    },
    {
      "File": "functions.cpp",
      "Lines": 23,
      "BlankLines": 5,
      "Comments": 0,
      "CodeLines": 18
    },
    {
      "File": "main.cpp",
      "Lines": 13,
      "BlankLines": 2,
      "Comments": 0,
      "CodeLines": 11
    },
    {
      "File": "functions.h",
      "Lines": 4,
      "BlankLines": 2,
      "Comments": 0,
      "CodeLines": 2
    }
  ]
}