{
  "TotalLines": 220,
  "TotalBlankLines": 27,
  "TotalComments": 1,
  "TotalCodeLines": 192,
  "Results": [
    {
      "File": "ENCOURS/JDDEnCours.cs",
      "Lines": 130,
      "BlankLines": 16,
      "Comments": 1,
      "CodeLines": 113
    },
    {
      "File": "ENCOURS/EnCours.cs",
      "Lines": 72,
      "BlankLines": 10,
      "Comments": 0,
      "CodeLines": 62
    },
    {
      "File": "ENCOURS/ModelJDD.cs",
      "Lines": 18,
      "BlankLines": 1,
      "Comments": 0,
      "CodeLines": 17
    }
  ]
}