{
  "TotalLines": 149,
  "TotalBlankLines": 7,
  "TotalComments": 11,
  "TotalCodeLines": 131,
  "Results": [
    {
      "File": "SUGGESTION.App-release.yml",
      "Lines": 52,
      "BlankLines": 7,
      "Comments": 11,
      "CodeLines": 34
    },
    {
      "File": "PROD/common-vars.yml",
      "Lines": 15,
      "BlankLines": 0,
      "Comments": 0,
      "CodeLines": 15
    },
    {
      "File": "QUA/common-vars.yml",
      "Lines": 15,
      "BlankLines": 0,
      "Comments": 0,
      "CodeLines": 15
    },
    {
      "File": "UAT/common-vars.yml",
      "Lines": 15,
      "BlankLines": 0,
      "Comments": 0,
      "CodeLines": 15
    },
    {
      "File": "TEST/common-vars.yml",
      "Lines": 11,
      "BlankLines": 0,
      "Comments": 0,
      "CodeLines": 11
    },
    {
      "File": "PROD/SuggestionConsumer-vars.yml",
      "Lines": 9,
      "BlankLines": 0,
      "Comments": 0,
      "CodeLines": 9
    },
    {
      "File": "QUA/SuggestionConsumer-vars.yml",
      "Lines": 9,
      "BlankLines": 0,
      "Comments": 0,
      "CodeLines": 9
    },
    {
      "File": "TEST/SuggestionConsumer-vars.yml",
      "Lines": 9,
      "BlankLines": 0,
      "Comments": 0,
      "CodeLines": 9
    },
    {
      "File": "UAT/SuggestionConsumer-vars.yml",
      "Lines": 9,
      "BlankLines": 0,
      "Comments": 0,
      "CodeLines": 9
    },
    {
      "File": "global-vars.yml",
      "Lines": 5,
      "BlankLines": 0,
      "Comments": 0,
      "CodeLines": 5
    }
  ]
}