{
  "TotalLines": 1634,
  "TotalBlankLines": 169,
  "TotalComments": 154,
  "TotalCodeLines": 1311,
  "Results": [
    {
      "File": "server/libs/utils/response-util/errortypes.js",
      "Lines": 164,
      "BlankLines": 13,
      "Comments": 14,
      "CodeLines": 137
    },
    {
      "File": "server/app/routes/customers/customers.test.js",
      "Lines": 72,
      "BlankLines": 7,
      "Comments": 7,
      "CodeLines": 58
    },
    {
      "File": "server/libs/services/express-service/helpers/express_session_config.js",
      "Lines": 63,
      "BlankLines": 4,
      "Comments": 6,
      "CodeLines": 53
    },
    {
      "File": "server/app/routes/authentication/postgres-user-pass/login-user/helpers/check-credentials.js",
      "Lines": 58,
      "BlankLines": 5,
      "Comments": 8,
      "CodeLines": 45
    },
    {
      "File": "server/libs/utils/passport-util/strategies/default/index.js",
      "Lines": 50,
      "BlankLines": 5,
      "Comments": 7,
      "CodeLines": 38
    },
    {
      "File": "server/libs/utils/passport-util/protect-middleware.js",
      "Lines": 42,
      "BlankLines": 3,
      "Comments": 2,
      "CodeLines": 37
    },
    {
      "File": "server/app/routes/authentication/postgres-user-pass/register-user/validator.js",
      "Lines": 42,
      "BlankLines": 3,
      "Comments": 3,
      "CodeLines": 36
    },
    {
      "File": "azure-pipelines.yml",
      "Lines": 47,
      "BlankLines": 9,
      "Comments": 2,
      "CodeLines": 36
    },
    {
      "File": "bitbucket-pipelines.yml",
      "Lines": 41,
      "BlankLines": 5,
      "Comments": 0,
      "CodeLines": 36
    },
    {
      "File": "server/libs/utils/response-util/index.js",
      "Lines": 42,
      "BlankLines": 5,
      "Comments": 3,
      "CodeLines": 34
    },
    {
      "File": "server/app/routes/authentication/postgres-user-pass/login-user/validator.js",
      "Lines": 40,
      "BlankLines": 3,
      "Comments": 3,
      "CodeLines": 34
    },
    {
      "File": "server/app/routes/authentication/all-purpose/check-jwt-token/validator.js",
      "Lines": 36,
      "BlankLines": 3,
      "Comments": 1,
      "CodeLines": 32
    },
    {
      "File": ".gitlab-ci.yml",
      "Lines": 35,
      "BlankLines": 3,
      "Comments": 1,
      "CodeLines": 31
    },
    {
      "File": "server/app/routes/authentication/postgres-user-pass/register-user/helpers/insert-new-database-user.js",
      "Lines": 38,
      "BlankLines": 3,
      "Comments": 5,
      "CodeLines": 30
    },
    {
      "File": "server/app/routes/customers/create-one-customer/tests/response.test.js",
      "Lines": 36,
      "BlankLines": 3,
      "Comments": 3,
      "CodeLines": 30
    },
    {
      "File": "server/libs/utils/serve-frontend-util/index.js",
      "Lines": 35,
      "BlankLines": 5,
      "Comments": 1,
      "CodeLines": 29
    },
    {
      "File": "server/app/routes/customers/update-one-customer/validator.js",
      "Lines": 33,
      "BlankLines": 3,
      "Comments": 1,
      "CodeLines": 29
    },
    {
      "File": "server/app/routes/customers/create-one-customer/validator.js",
      "Lines": 34,
      "BlankLines": 3,
      "Comments": 3,
      "CodeLines": 28
    },
    {
      "File": "server/app/routes/authentication/postgres-user-pass/register-user/controller.js",
      "Lines": 35,
      "BlankLines": 3,
      "Comments": 6,
      "CodeLines": 26
    },
    {
      "File": "server/app/routes/customers/delete-one-customer/validator.js",
      "Lines": 31,
      "BlankLines": 3,
      "Comments": 3,
      "CodeLines": 25
    },
    {
      "File": "server/app/routes/customers/get-one-customer/validator.js",
      "Lines": 27,
      "BlankLines": 3,
      "Comments": 1,
      "CodeLines": 23
    },
    {
      "File": ".github/workflows/build.yml",
      "Lines": 31,
      "BlankLines": 3,
      "Comments": 5,
      "CodeLines": 23
    },
    {
      "File": "server/libs/services/express-service/index.js",
      "Lines": 23,
      "BlankLines": 2,
      "Comments": 0,
      "CodeLines": 21
    },
    {
      "File": ".eslintrc.js",
      "Lines": 21,
      "BlankLines": 0,
      "Comments": 0,
      "CodeLines": 21
    },
    {
      "File": "server/app/routes/authentication/postgres-user-pass/login-user/controller.js",
      "Lines": 25,
      "BlankLines": 2,
      "Comments": 2,
      "CodeLines": 21
    },
    {
      "File": "server/libs/utils/passport-util/user-object.js",
      "Lines": 24,
      "BlankLines": 4,
      "Comments": 0,
      "CodeLines": 20
    },
    {
      "File": "server/app/routes/customers/delete-one-customer/tests/response.test.js",
      "Lines": 26,
      "BlankLines": 3,
      "Comments": 3,
      "CodeLines": 20
    },
    {
      "File": "server/app/routes/customers/get-one-customer/tests/response.test.js",
      "Lines": 26,
      "BlankLines": 3,
      "Comments": 3,
      "CodeLines": 20
    },
    {
      "File": "server/app/routes/customers/index.js",
      "Lines": 29,
      "BlankLines": 5,
      "Comments": 5,
      "CodeLines": 19
    },
    {
      "File": "server/libs/services/knex-service/index.js",
      "Lines": 28,
      "BlankLines": 4,
      "Comments": 5,
      "CodeLines": 19
    },
    {
      "File": "server/app/routes/customers/get-all-customers/tests/response.test.js",
      "Lines": 25,
      "BlankLines": 3,
      "Comments": 3,
      "CodeLines": 19
    },
    {
      "File": "server/app/routes/customers/update-one-customer/tests/response.test.js",
      "Lines": 24,
      "BlankLines": 3,
      "Comments": 3,
      "CodeLines": 18
    },
    {
      "File": "server/app/routes/customers/get-all-customers/validator.js",
      "Lines": 21,
      "BlankLines": 3,
      "Comments": 1,
      "CodeLines": 17
    },
    {
      "File": "server/app/routes/authentication/index.js",
      "Lines": 30,
      "BlankLines": 7,
      "Comments": 7,
      "CodeLines": 16
    },
    {
      "File": "server/libs/services/redis-service/index.js",
      "Lines": 20,
      "BlankLines": 4,
      "Comments": 0,
      "CodeLines": 16
    },
    {
      "File": "server/app/routes/authentication/postgres-user-pass/register-user/helpers/generate-password-hash.js",
      "Lines": 17,
      "BlankLines": 1,
      "Comments": 1,
      "CodeLines": 15
    },
    {
      "File": "server/app/routes/authentication/postgres-user-pass/register-user/helpers/generate-random-salt.js",
      "Lines": 17,
      "BlankLines": 1,
      "Comments": 1,
      "CodeLines": 15
    },
    {
      "File": "server/libs/services/knex-service/connection-type/postgresdb.js",
      "Lines": 14,
      "BlankLines": 0,
      "Comments": 0,
      "CodeLines": 14
    },
    {
      "File": "server/start.js",
      "Lines": 21,
      "BlankLines": 4,
      "Comments": 4,
      "CodeLines": 13
    },
    {
      "File": "server/libs/utils/x-api-key-middleware-util/index.js",
      "Lines": 14,
      "BlankLines": 2,
      "Comments": 0,
      "CodeLines": 12
    },
    {
      "File": "server/libs/services/express-service/helpers/custom_logging_config.js",
      "Lines": 13,
      "BlankLines": 1,
      "Comments": 0,
      "CodeLines": 12
    },
    {
      "File": "server/app/routes/authentication/postgres-user-pass/login-user/helpers/issue-jwt-token.js",
      "Lines": 13,
      "BlankLines": 1,
      "Comments": 1,
      "CodeLines": 11
    },
    {
      "File": "server/libs/utils/serve-not-found-api-routes-util/controller.js",
      "Lines": 13,
      "BlankLines": 1,
      "Comments": 1,
      "CodeLines": 11
    },
    {
      "File": "server/app/index.js",
      "Lines": 14,
      "BlankLines": 1,
      "Comments": 2,
      "CodeLines": 11
    },
    {
      "File": "server/libs/services/express-service/helpers/body_parser_config.js",
      "Lines": 12,
      "BlankLines": 2,
      "Comments": 0,
      "CodeLines": 10
    },
    {
      "File": "server/app/routes/customers/get-one-customer/controller.js",
      "Lines": 11,
      "BlankLines": 1,
      "Comments": 1,
      "CodeLines": 9
    },
    {
      "File": "server/app/routes/customers/get-all-customers/controller.js",
      "Lines": 11,
      "BlankLines": 1,
      "Comments": 1,
      "CodeLines": 9
    },
    {
      "File": "server/app/routes/index.js",
      "Lines": 19,
      "BlankLines": 5,
      "Comments": 5,
      "CodeLines": 9
    },
    {
      "File": "server/app/routes/customers/update-one-customer/controller.js",
      "Lines": 11,
      "BlankLines": 1,
      "Comments": 1,
      "CodeLines": 9
    },
    {
      "File": "server/app/routes/customers/create-one-customer/controller.js",
      "Lines": 11,
      "BlankLines": 1,
      "Comments": 1,
      "CodeLines": 9
    },
    {
      "File": "server/app/routes/customers/delete-one-customer/controller.js",
      "Lines": 11,
      "BlankLines": 1,
      "Comments": 1,
      "CodeLines": 9
    },
    {
      "File": "server/app/routes/authentication/all-purpose/check-jwt-token/controller.js",
      "Lines": 11,
      "BlankLines": 1,
      "Comments": 2,
      "CodeLines": 8
    },
    {
      "File": "scripts/database/postgres-create-table-users.sql",
      "Lines": 7,
      "BlankLines": 0,
      "Comments": 0,
      "CodeLines": 7
    },
    {
      "File": "server/libs/utils/serve-not-found-api-routes-util/index.js",
      "Lines": 9,
      "BlankLines": 1,
      "Comments": 1,
      "CodeLines": 7
    },
    {
      "File": "server/libs/services/aws-sdk-service/index.js",
      "Lines": 6,
      "BlankLines": 0,
      "Comments": 0,
      "CodeLines": 6
    },
    {
      "File": "server/libs/utils/passport-util/index.js",
      "Lines": 22,
      "BlankLines": 3,
      "Comments": 14,
      "CodeLines": 5
    },
    {
      "File": "server/libs/utils/pretty-print-cli-util/index.js",
      "Lines": 3,
      "BlankLines": 0,
      "Comments": 0,
      "CodeLines": 3
    },
    {
      "File": "scripts/database/postgres-create-schema.sql",
      "Lines": 0,
      "BlankLines": 0,
      "Comments": 0,
      "CodeLines": 0
    }
  ]
}