{
  "TotalLines": 1410,
  "TotalBlankLines": 152,
  "TotalComments": 18,
  "TotalCodeLines": 1240,
  "Results": [
    {
      "File": "dsvpwa/attacks.py",
      "Lines": 393,
      "BlankLines": 77,
      "Comments": 1,
      "CodeLines": 315
    },
    {
      "File": "dsvpwa/handlers.py",
      "Lines": 241,
      "BlankLines": 39,
      "Comments": 0,
      "CodeLines": 202
    },
    {
      "File": "db/attacks.xml",
      "Lines": 133,
      "BlankLines": 0,
      "Comments": 0,
      "CodeLines": 133
    },
    {
      "File": "static/css/custom.css",
      "Lines": 98,
      "BlankLines": 16,
      "Comments": 0,
      "CodeLines": 82
    },
    {
      "File": "templates/documents.html",
      "Lines": 57,
      "BlankLines": 0,
      "Comments": 0,
      "CodeLines": 57
    },
    {
      "File": "templates/diagnostics.html",
      "Lines": 53,
      "BlankLines": 0,
      "Comments": 0,
      "CodeLines": 53
    },
    {
      "File": "templates/users.html",
      "Lines": 53,
      "BlankLines": 0,
      "Comments": 0,
      "CodeLines": 53
    },
    {
      "File": "templates/post.html",
      "Lines": 53,
      "BlankLines": 0,
      "Comments": 0,
      "CodeLines": 53
    },
    {
      "File": "templates/guestbook.html",
      "Lines": 53,
      "BlankLines": 0,
      "Comments": 0,
      "CodeLines": 53
    },
    {
      "File": "dsvpwa.py",
      "Lines": 56,
      "BlankLines": 11,
      "Comments": 1,
      "CodeLines": 44
    },
    {
      "File": "dsvpwa/server.py",
      "Lines": 46,
      "BlankLines": 7,
      "Comments": 0,
      "CodeLines": 39
    },
    {
      "File": "templates/index.html",
      "Lines": 38,
      "BlankLines": 0,
      "Comments": 0,
      "CodeLines": 38
    },
    {
      "File": "templates/main.html",
      "Lines": 38,
      "BlankLines": 0,
      "Comments": 0,
      "CodeLines": 38
    },
    {
      "File": "templates/login.html",
      "Lines": 33,
      "BlankLines": 0,
      "Comments": 0,
      "CodeLines": 33
    },
    {
      "File": "db/users.xml",
      "Lines": 31,
      "BlankLines": 0,
      "Comments": 0,
      "CodeLines": 31
    },
    {
      "File": "static/js/custom.js",
      "Lines": 10,
      "BlankLines": 1,
      "Comments": 0,
      "CodeLines": 9
    },
    {
      "File": "dsvpwa/__init__.py",
      "Lines": 7,
      "BlankLines": 1,
      "Comments": 0,
      "CodeLines": 6
    },
    {
      "File": "static/js/bootstrap.bundle.min.js",
      "Lines": 6,
      "BlankLines": 0,
      "Comments": 5,
      "CodeLines": 1
    },
    {
      "File": "static/js/jquery.min.js",
      "Lines": 1,
      "BlankLines": 0,
      "Comments": 1,
      "CodeLines": 0
    },
    {
      "File": "static/css/fontawesome-all.min.css",
      "Lines": 4,
      "BlankLines": 0,
      "Comments": 4,
      "CodeLines": 0
    },
    {
      "File": "static/css/bootstrap.min.css",
      "Lines": 6,
      "BlankLines": 0,
      "Comments": 6,
      "CodeLines": 0
    }
  ]
}