{
  "TotalLines": 130,
  "TotalBlankLines": 18,
  "TotalComments": 9,
  "TotalCodeLines": 103,
  "Results": [
    {
      "File": "azure-pipelines-1.yml",
      "Lines": 41,
      "BlankLines": 6,
      "Comments": 3,
      "CodeLines": 32
    },
    {
      "File": "pkt_dwh_ssis_export_files-build.yml",
      "Lines": 41,
      "BlankLines": 6,
      "Comments": 3,
      "CodeLines": 32
    },
    {
      "File": "pkt_dwh_start_sql_job-build.yml",
      "Lines": 41,
      "BlankLines": 6,
      "Comments": 3,
      "CodeLines": 32
    },
    {
      "File": "appsettings.xml",
      "Lines": 7,
      "BlankLines": 0,
      "Comments": 0,
      "CodeLines": 7
    }
  ]
}