{
  "TotalLines": 30181,
  "TotalBlankLines": 3255,
  "TotalComments": 5435,
  "TotalCodeLines": 21491,
  "Results": [
    {
      "File": "Source/LastSyncIntegration/Scripts/jquery-1.11.1.js",
      "Lines": 10308,
      "BlankLines": 1752,
      "Comments": 1718,
      "CodeLines": 6838
    },
    {
      "File": "Source/LastSyncIntegration/Content/bootstrap.css",
      "Lines": 6584,
      "BlankLines": 6,
      "Comments": 8,
      "CodeLines": 6570
    },
    {
      "File": "Source/LastSyncIntegration/Scripts/bootstrap.js",
      "Lines": 2317,
      "BlankLines": 577,
      "Comments": 192,
      "CodeLines": 1548
    },
    {
      "File": "Source/LastSyncIntegration/Scripts/jquery-1.11.1.intellisense.js",
      "Lines": 2657,
      "BlankLines": 8,
      "Comments": 2037,
      "CodeLines": 612
    },
    {
      "File": "Source/LastSyncIntegration/Scripts/modernizr-2.6.2.js",
      "Lines": 1416,
      "BlankLines": 286,
      "Comments": 524,
      "CodeLines": 606
    },
    {
      "File": "Source/LastSyncIntegration/App_Data/XmlDocument.xml",
      "Lines": 582,
      "BlankLines": 0,
      "Comments": 0,
      "CodeLines": 582
    },
    {
      "File": "Source/LastSyncIntegration/Content/bootstrap-theme.css",
      "Lines": 476,
      "BlankLines": 1,
      "Comments": 6,
      "CodeLines": 469
    },
    {
      "File": "Source/LastSyncIntegration/Areas/HelpPage/SampleGeneration/ObjectGenerator.cs",
      "Lines": 455,
      "BlankLines": 50,
      "Comments": 22,
      "CodeLines": 383
    },
    {
      "File": "Source/LastSyncIntegration/Areas/HelpPage/ModelDescriptions/ModelDescriptionGenerator.cs",
      "Lines": 450,
      "BlankLines": 52,
      "Comments": 16,
      "CodeLines": 382
    },
    {
      "File": "Source/LastSyncIntegration/Areas/HelpPage/SampleGeneration/HelpPageSampleGenerator.cs",
      "Lines": 443,
      "BlankLines": 35,
      "Comments": 95,
      "CodeLines": 313
    },
    {
      "File": "Source/LastSyncIntegration/Areas/HelpPage/HelpPageConfigurationExtensions.cs",
      "Lines": 467,
      "BlankLines": 43,
      "Comments": 137,
      "CodeLines": 287
    },
    {
      "File": "Source/LastSyncIntegration/Scripts/respond.matchmedia.addListener.js",
      "Lines": 272,
      "BlankLines": 2,
      "Comments": 4,
      "CodeLines": 266
    },
    {
      "File": "Source/LastSyncIntegration/Scripts/respond.js",
      "Lines": 223,
      "BlankLines": 1,
      "Comments": 3,
      "CodeLines": 219
    },
    {
      "File": "Source/LastSyncIntegration.Tests/LastSyncControllerUnitTest.cs",
      "Lines": 244,
      "BlankLines": 37,
      "Comments": 36,
      "CodeLines": 171
    },
    {
      "File": "Source/LastSyncIntegration/Areas/HelpPage/XmlDocumentationProvider.cs",
      "Lines": 161,
      "BlankLines": 19,
      "Comments": 10,
      "CodeLines": 132
    },
    {
      "File": "Source/LastSyncIntegration/Project_Readme.html",
      "Lines": 150,
      "BlankLines": 19,
      "Comments": 0,
      "CodeLines": 131
    },
    {
      "File": "Source/LastSyncIntegration/Areas/HelpPage/HelpPage.css",
      "Lines": 134,
      "BlankLines": 21,
      "Comments": 0,
      "CodeLines": 113
    },
    {
      "File": "Source/LastSyncIntegration/Areas/HelpPage/SampleGeneration/HelpPageSampleKey.cs",
      "Lines": 172,
      "BlankLines": 18,
      "Comments": 51,
      "CodeLines": 103
    },
    {
      "File": "Source/LastSyncIntegration.Tests/Service/LastSyncServiceUnitTest.cs",
      "Lines": 134,
      "BlankLines": 17,
      "Comments": 21,
      "CodeLines": 96
    },
    {
      "File": "Source/LastSyncIntegration/Areas/HelpPage/Models/HelpPageApiModel.cs",
      "Lines": 107,
      "BlankLines": 14,
      "Comments": 36,
      "CodeLines": 57
    },
    {
      "File": "Source/LastSyncIntegration/Controllers/LastSyncController.cs",
      "Lines": 81,
      "BlankLines": 7,
      "Comments": 17,
      "CodeLines": 57
    },
    {
      "File": "Source/LastSyncIntegration.Data/Dal/Types/Type_SynchroDeviceType.generated.cs",
      "Lines": 72,
      "BlankLines": 16,
      "Comments": 0,
      "CodeLines": 56
    },
    {
      "File": "Source/LastSyncIntegration/Areas/HelpPage/Views/Help/DisplayTemplates/HelpPageApiModel.cshtml",
      "Lines": 66,
      "BlankLines": 13,
      "Comments": 0,
      "CodeLines": 53
    },
    {
      "File": "Source/LastSyncIntegration/Areas/HelpPage/Controllers/HelpController.cs",
      "Lines": 62,
      "BlankLines": 9,
      "Comments": 3,
      "CodeLines": 50
    },
    {
      "File": "Source/LastSyncIntegration/Areas/HelpPage/App_Start/HelpPageConfig.cs",
      "Lines": 106,
      "BlankLines": 15,
      "Comments": 42,
      "CodeLines": 49
    },
    {
      "File": "Source/LastSyncIntegration.Data/Dal/Types/Type_TabSynchroDeviceType.generated.cs",
      "Lines": 60,
      "BlankLines": 14,
      "Comments": 0,
      "CodeLines": 46
    },
    {
      "File": "Source/LastSyncIntegration/Areas/HelpPage/Views/Help/DisplayTemplates/Parameters.cshtml",
      "Lines": 48,
      "BlankLines": 2,
      "Comments": 0,
      "CodeLines": 46
    },
    {
      "File": "Source/LastSyncIntegration/Global.asax.cs",
      "Lines": 55,
      "BlankLines": 9,
      "Comments": 3,
      "CodeLines": 43
    },
    {
      "File": "Source/LastSyncIntegration.Service/LastSyncService.cs",
      "Lines": 46,
      "BlankLines": 5,
      "Comments": 0,
      "CodeLines": 41
    },
    {
      "File": "Source/LastSyncIntegration/Infrastructure/DI/WindsorWebApiDependencyResolver.cs",
      "Lines": 50,
      "BlankLines": 10,
      "Comments": 0,
      "CodeLines": 40
    },
    {
      "File": "Source/LastSyncIntegration/Areas/HelpPage/Views/Help/DisplayTemplates/ApiGroup.cshtml",
      "Lines": 40,
      "BlankLines": 2,
      "Comments": 0,
      "CodeLines": 38
    },
    {
      "File": "Source/LastSyncIntegration/Infrastructure/DI/WindsorFullInstaller.cs",
      "Lines": 48,
      "BlankLines": 2,
      "Comments": 8,
      "CodeLines": 38
    },
    {
      "File": "Source/LastSyncIntegration.Tests/IsUpAndRunningControllerUnitTest.cs",
      "Lines": 51,
      "BlankLines": 6,
      "Comments": 9,
      "CodeLines": 36
    },
    {
      "File": "Source/LastSyncIntegration/Areas/HelpPage/Views/Help/Index.cshtml",
      "Lines": 38,
      "BlankLines": 3,
      "Comments": 0,
      "CodeLines": 35
    },
    {
      "File": "Source/LastSyncIntegration/Infrastructure/DI/WindsorDependencyScope.cs",
      "Lines": 40,
      "BlankLines": 6,
      "Comments": 0,
      "CodeLines": 34
    },
    {
      "File": "Source/LastSyncIntegration.Data/DataAccess.cs",
      "Lines": 38,
      "BlankLines": 5,
      "Comments": 1,
      "CodeLines": 32
    },
    {
      "File": "Source/LastSyncIntegration/Views/Shared/_Layout.cshtml",
      "Lines": 32,
      "BlankLines": 1,
      "Comments": 0,
      "CodeLines": 31
    },
    {
      "File": "Source/LastSyncIntegration/Areas/HelpPage/ApiDescriptionExtensions.cs",
      "Lines": 38,
      "BlankLines": 2,
      "Comments": 5,
      "CodeLines": 31
    },
    {
      "File": "Source/LastSyncIntegration.Tests/Data/DataAccessUnitTest.cs",
      "Lines": 42,
      "BlankLines": 5,
      "Comments": 8,
      "CodeLines": 29
    },
    {
      "File": "Source/LastSyncIntegration/App_Start/SwaggerConfig.cs",
      "Lines": 249,
      "BlankLines": 30,
      "Comments": 191,
      "CodeLines": 28
    },
    {
      "File": "Source/LastSyncIntegration/Areas/HelpPage/SampleGeneration/TextSample.cs",
      "Lines": 36,
      "BlankLines": 5,
      "Comments": 3,
      "CodeLines": 28
    },
    {
      "File": "Source/LastSyncIntegration/Areas/HelpPage/ModelDescriptions/ModelNameHelper.cs",
      "Lines": 35,
      "BlankLines": 4,
      "Comments": 3,
      "CodeLines": 28
    },
    {
      "File": "Source/LastSyncIntegration.Data/Dal/Procedures/Proc_SetLastSyncDtm8.generated.cs",
      "Lines": 35,
      "BlankLines": 3,
      "Comments": 4,
      "CodeLines": 28
    },
    {
      "File": "Source/LastSyncIntegration/Areas/HelpPage/SampleGeneration/ImageSample.cs",
      "Lines": 40,
      "BlankLines": 5,
      "Comments": 7,
      "CodeLines": 28
    },
    {
      "File": "Source/LastSyncIntegration/Areas/HelpPage/Views/Help/DisplayTemplates/Samples.cshtml",
      "Lines": 29,
      "BlankLines": 1,
      "Comments": 0,
      "CodeLines": 28
    },
    {
      "File": "Source/LastSyncIntegration/Areas/HelpPage/SampleGeneration/InvalidSample.cs",
      "Lines": 36,
      "BlankLines": 5,
      "Comments": 3,
      "CodeLines": 28
    },
    {
      "File": "Source/LastSyncIntegration/Controllers/IsUpAndRunningController.cs",
      "Lines": 41,
      "BlankLines": 4,
      "Comments": 10,
      "CodeLines": 27
    },
    {
      "File": "Source/LastSyncIntegration/Infrastructure/DI/WindsorControllerFactory.cs",
      "Lines": 31,
      "BlankLines": 4,
      "Comments": 0,
      "CodeLines": 27
    },
    {
      "File": "Source/LastSyncIntegration/Areas/HelpPage/Views/Help/DisplayTemplates/ModelDescriptionLink.cshtml",
      "Lines": 25,
      "BlankLines": 0,
      "Comments": 0,
      "CodeLines": 25
    },
    {
      "File": "Source/LastSyncIntegration/Properties/AssemblyInfo.cs",
      "Lines": 46,
      "BlankLines": 5,
      "Comments": 19,
      "CodeLines": 22
    },
    {
      "File": "Source/LastSyncIntegration/Areas/HelpPage/HelpPageAreaRegistration.cs",
      "Lines": 25,
      "BlankLines": 3,
      "Comments": 0,
      "CodeLines": 22
    },
    {
      "File": "Source/LastSyncIntegration/App_Start/BundleConfig.cs",
      "Lines": 28,
      "BlankLines": 4,
      "Comments": 3,
      "CodeLines": 21
    },
    {
      "File": "Source/LastSyncIntegration/App_Start/RouteConfig.cs",
      "Lines": 23,
      "BlankLines": 2,
      "Comments": 0,
      "CodeLines": 21
    },
    {
      "File": "Source/LastSyncIntegration/Areas/HelpPage/Views/Help/DisplayTemplates/EnumTypeModelDescription.cshtml",
      "Lines": 23,
      "BlankLines": 2,
      "Comments": 0,
      "CodeLines": 21
    },
    {
      "File": "Source/LastSyncIntegration/Models/ErrorResult.cs",
      "Lines": 44,
      "BlankLines": 4,
      "Comments": 19,
      "CodeLines": 21
    },
    {
      "File": "Source/LastSyncIntegration.Tests/RunningVersionControllerUnitTest.cs",
      "Lines": 26,
      "BlankLines": 3,
      "Comments": 3,
      "CodeLines": 20
    },
    {
      "File": "Source/LastSyncIntegration/Areas/HelpPage/Views/Help/Api.cshtml",
      "Lines": 22,
      "BlankLines": 2,
      "Comments": 0,
      "CodeLines": 20
    },
    {
      "File": "Source/LastSyncIntegration/App_Start/WebApiConfig.cs",
      "Lines": 24,
      "BlankLines": 3,
      "Comments": 2,
      "CodeLines": 19
    },
    {
      "File": "Source/LastSyncIntegration/Areas/HelpPage/Views/Help/ResourceModel.cshtml",
      "Lines": 19,
      "BlankLines": 1,
      "Comments": 0,
      "CodeLines": 18
    },
    {
      "File": "Source/LastSyncIntegration.Service/LastSyncDto.cs",
      "Lines": 37,
      "BlankLines": 4,
      "Comments": 15,
      "CodeLines": 18
    },
    {
      "File": "Source/LastSyncIntegration.Tests/Properties/AssemblyInfo.cs",
      "Lines": 35,
      "BlankLines": 4,
      "Comments": 16,
      "CodeLines": 15
    },
    {
      "File": "Source/LastSyncIntegration/Areas/HelpPage/ModelDescriptions/ParameterDescription.cs",
      "Lines": 20,
      "BlankLines": 5,
      "Comments": 0,
      "CodeLines": 15
    },
    {
      "File": "Source/LastSyncIntegration.Service/Properties/AssemblyInfo.cs",
      "Lines": 36,
      "BlankLines": 4,
      "Comments": 17,
      "CodeLines": 15
    },
    {
      "File": "Source/LastSyncIntegration.Data/Properties/AssemblyInfo.cs",
      "Lines": 36,
      "BlankLines": 4,
      "Comments": 17,
      "CodeLines": 15
    },
    {
      "File": "Source/LastSyncIntegration/Views/Shared/Error.cshtml",
      "Lines": 14,
      "BlankLines": 0,
      "Comments": 0,
      "CodeLines": 14
    },
    {
      "File": "Source/LastSyncIntegration/Content/Site.css",
      "Lines": 17,
      "BlankLines": 2,
      "Comments": 2,
      "CodeLines": 13
    },
    {
      "File": "Source/LastSyncIntegration/App_Start/FilterConfig.cs",
      "Lines": 13,
      "BlankLines": 1,
      "Comments": 0,
      "CodeLines": 12
    },
    {
      "File": "Source/LastSyncIntegration/Areas/HelpPage/ModelDescriptions/ModelNameAttribute.cs",
      "Lines": 17,
      "BlankLines": 2,
      "Comments": 3,
      "CodeLines": 12
    },
    {
      "File": "Source/LastSyncIntegration/Areas/HelpPage/ModelDescriptions/EnumTypeModelDescription.cs",
      "Lines": 14,
      "BlankLines": 2,
      "Comments": 0,
      "CodeLines": 12
    },
    {
      "File": "Source/LastSyncIntegration/Controllers/RunningVersionController.cs",
      "Lines": 19,
      "BlankLines": 1,
      "Comments": 6,
      "CodeLines": 12
    },
    {
      "File": "Source/LastSyncIntegration/Controllers/HomeController.cs",
      "Lines": 12,
      "BlankLines": 1,
      "Comments": 0,
      "CodeLines": 11
    },
    {
      "File": "Source/LastSyncIntegration/Areas/HelpPage/Views/Help/DisplayTemplates/InvalidSample.cshtml",
      "Lines": 12,
      "BlankLines": 1,
      "Comments": 0,
      "CodeLines": 11
    },
    {
      "File": "Source/LastSyncIntegration/Areas/HelpPage/ModelDescriptions/ComplexTypeModelDescription.cs",
      "Lines": 13,
      "BlankLines": 2,
      "Comments": 0,
      "CodeLines": 11
    },
    {
      "File": "Source/LastSyncIntegration/Scripts/npm.js",
      "Lines": 12,
      "BlankLines": 0,
      "Comments": 1,
      "CodeLines": 11
    },
    {
      "File": "Source/LastSyncIntegration/Areas/HelpPage/Views/Shared/_Layout.cshtml",
      "Lines": 11,
      "BlankLines": 0,
      "Comments": 0,
      "CodeLines": 11
    },
    {
      "File": "Source/LastSyncIntegration.Service/BusinessException.cs",
      "Lines": 15,
      "BlankLines": 1,
      "Comments": 4,
      "CodeLines": 10
    },
    {
      "File": "Source/LastSyncIntegration/Areas/HelpPage/ModelDescriptions/ModelDescription.cs",
      "Lines": 15,
      "BlankLines": 3,
      "Comments": 3,
      "CodeLines": 9
    },
    {
      "File": "Source/LastSyncIntegration.Data/IDataAccess.cs",
      "Lines": 22,
      "BlankLines": 2,
      "Comments": 11,
      "CodeLines": 9
    },
    {
      "File": "Source/LastSyncIntegration.Service/ILastSyncService.cs",
      "Lines": 19,
      "BlankLines": 2,
      "Comments": 8,
      "CodeLines": 9
    },
    {
      "File": "Source/LastSyncIntegration/Areas/HelpPage/ModelDescriptions/IModelDocumentationProvider.cs",
      "Lines": 11,
      "BlankLines": 2,
      "Comments": 0,
      "CodeLines": 9
    },
    {
      "File": "Source/LastSyncIntegration/Areas/HelpPage/ModelDescriptions/ParameterAnnotation.cs",
      "Lines": 10,
      "BlankLines": 2,
      "Comments": 0,
      "CodeLines": 8
    },
    {
      "File": "Source/LastSyncIntegration/Scripts/_references.js",
      "Lines": 8,
      "BlankLines": 0,
      "Comments": 0,
      "CodeLines": 8
    },
    {
      "File": "Source/LastSyncIntegration/Areas/HelpPage/ModelDescriptions/EnumValueDescription.cs",
      "Lines": 10,
      "BlankLines": 2,
      "Comments": 0,
      "CodeLines": 8
    },
    {
      "File": "Source/LastSyncIntegration/Areas/HelpPage/ModelDescriptions/KeyValuePairModelDescription.cs",
      "Lines": 8,
      "BlankLines": 1,
      "Comments": 0,
      "CodeLines": 7
    },
    {
      "File": "Source/LastSyncIntegration.Tests/ConfigHelper.cs",
      "Lines": 8,
      "BlankLines": 1,
      "Comments": 0,
      "CodeLines": 7
    },
    {
      "File": "Source/LastSyncIntegration/Areas/HelpPage/SampleGeneration/SampleDirection.cs",
      "Lines": 10,
      "BlankLines": 0,
      "Comments": 3,
      "CodeLines": 7
    },
    {
      "File": "Source/LastSyncIntegration/Areas/HelpPage/ModelDescriptions/CollectionModelDescription.cs",
      "Lines": 6,
      "BlankLines": 0,
      "Comments": 0,
      "CodeLines": 6
    },
    {
      "File": "Source/LastSyncIntegration/Areas/HelpPage/ModelDescriptions/DictionaryModelDescription.cs",
      "Lines": 5,
      "BlankLines": 0,
      "Comments": 0,
      "CodeLines": 5
    },
    {
      "File": "Source/LastSyncIntegration/Areas/HelpPage/ModelDescriptions/SimpleTypeModelDescription.cs",
      "Lines": 5,
      "BlankLines": 0,
      "Comments": 0,
      "CodeLines": 5
    },
    {
      "File": "Source/LastSyncIntegration/Areas/HelpPage/Views/Help/DisplayTemplates/CollectionModelDescription.cshtml",
      "Lines": 5,
      "BlankLines": 0,
      "Comments": 0,
      "CodeLines": 5
    },
    {
      "File": "Source/LastSyncIntegration/Areas/HelpPage/Views/Help/DisplayTemplates/TextSample.cshtml",
      "Lines": 5,
      "BlankLines": 1,
      "Comments": 0,
      "CodeLines": 4
    },
    {
      "File": "Source/LastSyncIntegration/Areas/HelpPage/Views/_ViewStart.cshtml",
      "Lines": 3,
      "BlankLines": 0,
      "Comments": 0,
      "CodeLines": 3
    },
    {
      "File": "Source/LastSyncIntegration/Views/_ViewStart.cshtml",
      "Lines": 3,
      "BlankLines": 0,
      "Comments": 0,
      "CodeLines": 3
    },
    {
      "File": "Source/LastSyncIntegration/Areas/HelpPage/Views/Help/DisplayTemplates/DictionaryModelDescription.cshtml",
      "Lines": 3,
      "BlankLines": 0,
      "Comments": 0,
      "CodeLines": 3
    },
    {
      "File": "Source/LastSyncIntegration/Scripts/jquery-1.11.1.min.js",
      "Lines": 4,
      "BlankLines": 0,
      "Comments": 1,
      "CodeLines": 3
    },
    {
      "File": "Source/LastSyncIntegration/Areas/HelpPage/Views/Help/DisplayTemplates/KeyValuePairModelDescription.cshtml",
      "Lines": 3,
      "BlankLines": 0,
      "Comments": 0,
      "CodeLines": 3
    },
    {
      "File": "Source/LastSyncIntegration/Areas/HelpPage/Views/Help/DisplayTemplates/SimpleTypeModelDescription.cshtml",
      "Lines": 2,
      "BlankLines": 0,
      "Comments": 0,
      "CodeLines": 2
    },
    {
      "File": "Source/LastSyncIntegration/Areas/HelpPage/Views/Help/DisplayTemplates/ComplexTypeModelDescription.cshtml",
      "Lines": 2,
      "BlankLines": 0,
      "Comments": 0,
      "CodeLines": 2
    },
    {
      "File": "Source/LastSyncIntegration/Areas/HelpPage/Views/Help/DisplayTemplates/ImageSample.cshtml",
      "Lines": 3,
      "BlankLines": 1,
      "Comments": 0,
      "CodeLines": 2
    },
    {
      "File": "Source/LastSyncIntegration.Data/Dal/Dao-Generator.cs",
      "Lines": 27,
      "BlankLines": 11,
      "Comments": 15,
      "CodeLines": 1
    },
    {
      "File": "Source/LastSyncIntegration.Data/Dal/Dao-Generator1.cs",
      "Lines": 27,
      "BlankLines": 11,
      "Comments": 15,
      "CodeLines": 1
    },
    {
      "File": "Source/LastSyncIntegration/Scripts/bootstrap.min.js",
      "Lines": 6,
      "BlankLines": 0,
      "Comments": 5,
      "CodeLines": 1
    },
    {
      "File": "Source/LastSyncIntegration/Scripts/respond.min.js",
      "Lines": 4,
      "BlankLines": 1,
      "Comments": 3,
      "CodeLines": 0
    },
    {
      "File": "Source/LastSyncIntegration/Scripts/respond.matchmedia.addListener.min.js",
      "Lines": 4,
      "BlankLines": 1,
      "Comments": 3,
      "CodeLines": 0
    },
    {
      "File": "Source/LastSyncIntegration/Content/bootstrap-theme.min.css",
      "Lines": 4,
      "BlankLines": 0,
      "Comments": 4,
      "CodeLines": 0
    },
    {
      "File": "Source/LastSyncIntegration/Content/bootstrap.min.css",
      "Lines": 4,
      "BlankLines": 0,
      "Comments": 4,
      "CodeLines": 0
    }
  ]
}