{
  "TotalLines": 16231,
  "TotalBlankLines": 2062,
  "TotalComments": 2507,
  "TotalCodeLines": 11662,
  "Results": [
    {
      "File": "sonar/projects/projects.py",
      "Lines": 1306,
      "BlankLines": 151,
      "Comments": 163,
      "CodeLines": 992
    },
    {
      "File": "sonar/findings/issues.py",
      "Lines": 839,
      "BlankLines": 96,
      "Comments": 102,
      "CodeLines": 641
    },
    {
      "File": "sonar/platform.py",
      "Lines": 758,
      "BlankLines": 87,
      "Comments": 74,
      "CodeLines": 597
    },
    {
      "File": "sonar/portfolios.py",
      "Lines": 702,
      "BlankLines": 84,
      "Comments": 48,
      "CodeLines": 570
    },
    {
      "File": "sonar/qualityprofiles.py",
      "Lines": 678,
      "BlankLines": 85,
      "Comments": 89,
      "CodeLines": 504
    },
    {
      "File": "sonar/utilities.py",
      "Lines": 568,
      "BlankLines": 110,
      "Comments": 27,
      "CodeLines": 431
    },
    {
      "File": "sonar/sif.py",
      "Lines": 458,
      "BlankLines": 50,
      "Comments": 23,
      "CodeLines": 385
    },
    {
      "File": "sonar/applications.py",
      "Lines": 492,
      "BlankLines": 62,
      "Comments": 73,
      "CodeLines": 357
    },
    {
      "File": "sonar/tasks.py",
      "Lines": 460,
      "BlankLines": 53,
      "Comments": 59,
      "CodeLines": 348
    },
    {
      "File": "sonar/settings.py",
      "Lines": 426,
      "BlankLines": 65,
      "Comments": 29,
      "CodeLines": 332
    },
    {
      "File": "sonar/qualitygates.py",
      "Lines": 444,
      "BlankLines": 52,
      "Comments": 62,
      "CodeLines": 330
    },
    {
      "File": "sonar/findings/hotspots.py",
      "Lines": 435,
      "BlankLines": 47,
      "Comments": 63,
      "CodeLines": 325
    },
    {
      "File": "sonar/users.py",
      "Lines": 442,
      "BlankLines": 57,
      "Comments": 64,
      "CodeLines": 321
    },
    {
      "File": "sonar/projects/branches.py",
      "Lines": 426,
      "BlankLines": 56,
      "Comments": 71,
      "CodeLines": 299
    },
    {
      "File": "tools/findings_export.py",
      "Lines": 357,
      "BlankLines": 43,
      "Comments": 23,
      "CodeLines": 291
    },
    {
      "File": "sonar/findings/findings.py",
      "Lines": 356,
      "BlankLines": 37,
      "Comments": 53,
      "CodeLines": 266
    },
    {
      "File": "sonar/groups.py",
      "Lines": 359,
      "BlankLines": 52,
      "Comments": 64,
      "CodeLines": 243
    },
    {
      "File": "sonar/permissions/permissions.py",
      "Lines": 361,
      "BlankLines": 57,
      "Comments": 68,
      "CodeLines": 236
    },
    {
      "File": "sonar/rules.py",
      "Lines": 286,
      "BlankLines": 40,
      "Comments": 21,
      "CodeLines": 225
    },
    {
      "File": "sonar/dce/app_nodes.py",
      "Lines": 254,
      "BlankLines": 24,
      "Comments": 21,
      "CodeLines": 209
    },
    {
      "File": "tools/measures_export.py",
      "Lines": 263,
      "BlankLines": 31,
      "Comments": 23,
      "CodeLines": 209
    },
    {
      "File": "sonar/devops.py",
      "Lines": 286,
      "BlankLines": 43,
      "Comments": 46,
      "CodeLines": 197
    },
    {
      "File": "sonar/syncer.py",
      "Lines": 231,
      "BlankLines": 23,
      "Comments": 21,
      "CodeLines": 187
    },
    {
      "File": "sonar/permissions/permission_templates.py",
      "Lines": 247,
      "BlankLines": 40,
      "Comments": 20,
      "CodeLines": 187
    },
    {
      "File": "tools/housekeeper.py",
      "Lines": 229,
      "BlankLines": 21,
      "Comments": 23,
      "CodeLines": 185
    },
    {
      "File": "sonar/measures.py",
      "Lines": 254,
      "BlankLines": 34,
      "Comments": 45,
      "CodeLines": 175
    },
    {
      "File": "sonar/findings/changelog.py",
      "Lines": 203,
      "BlankLines": 31,
      "Comments": 20,
      "CodeLines": 152
    },
    {
      "File": "tools/config.py",
      "Lines": 191,
      "BlankLines": 18,
      "Comments": 22,
      "CodeLines": 151
    },
    {
      "File": "sonar/audit/rules.py",
      "Lines": 206,
      "BlankLines": 36,
      "Comments": 20,
      "CodeLines": 150
    },
    {
      "File": "tools/findings_sync.py",
      "Lines": 188,
      "BlankLines": 18,
      "Comments": 29,
      "CodeLines": 141
    },
    {
      "File": "tools/support.py",
      "Lines": 179,
      "BlankLines": 19,
      "Comments": 23,
      "CodeLines": 137
    },
    {
      "File": "sonar/metrics.py",
      "Lines": 206,
      "BlankLines": 27,
      "Comments": 44,
      "CodeLines": 135
    },
    {
      "File": "tools/loc.py",
      "Lines": 178,
      "BlankLines": 21,
      "Comments": 22,
      "CodeLines": 135
    },
    {
      "File": "sonar/components.py",
      "Lines": 189,
      "BlankLines": 32,
      "Comments": 26,
      "CodeLines": 131
    },
    {
      "File": "tools/audit.py",
      "Lines": 170,
      "BlankLines": 20,
      "Comments": 22,
      "CodeLines": 128
    },
    {
      "File": "sonar/permissions/project_permissions.py",
      "Lines": 165,
      "BlankLines": 20,
      "Comments": 23,
      "CodeLines": 122
    },
    {
      "File": "sonar/sqobject.py",
      "Lines": 139,
      "BlankLines": 17,
      "Comments": 28,
      "CodeLines": 94
    },
    {
      "File": "sonar/webhooks.py",
      "Lines": 155,
      "BlankLines": 32,
      "Comments": 34,
      "CodeLines": 89
    },
    {
      "File": "sonar/dce/search_nodes.py",
      "Lines": 113,
      "BlankLines": 16,
      "Comments": 21,
      "CodeLines": 76
    },
    {
      "File": "sonar/permissions/quality_permissions.py",
      "Lines": 105,
      "BlankLines": 10,
      "Comments": 20,
      "CodeLines": 75
    },
    {
      "File": "tools/projects_import.py",
      "Lines": 105,
      "BlankLines": 10,
      "Comments": 22,
      "CodeLines": 73
    },
    {
      "File": "sonar/projects/pull_requests.py",
      "Lines": 114,
      "BlankLines": 21,
      "Comments": 23,
      "CodeLines": 70
    },
    {
      "File": "sonar/custom_measures.py",
      "Lines": 94,
      "BlankLines": 14,
      "Comments": 22,
      "CodeLines": 58
    },
    {
      "File": "sonar/languages.py",
      "Lines": 101,
      "BlankLines": 15,
      "Comments": 31,
      "CodeLines": 55
    },
    {
      "File": "sonar/aggregations.py",
      "Lines": 90,
      "BlankLines": 13,
      "Comments": 23,
      "CodeLines": 54
    },
    {
      "File": "sonar/tokens.py",
      "Lines": 94,
      "BlankLines": 12,
      "Comments": 29,
      "CodeLines": 53
    },
    {
      "File": "setup.py",
      "Lines": 74,
      "BlankLines": 2,
      "Comments": 19,
      "CodeLines": 53
    },
    {
      "File": "sonar/audit/config.py",
      "Lines": 84,
      "BlankLines": 15,
      "Comments": 19,
      "CodeLines": 50
    },
    {
      "File": "sonar/permissions/global_permissions.py",
      "Lines": 74,
      "BlankLines": 10,
      "Comments": 19,
      "CodeLines": 45
    },
    {
      "File": ".github/workflows/build.yml",
      "Lines": 121,
      "BlankLines": 11,
      "Comments": 67,
      "CodeLines": 43
    },
    {
      "File": "tools/projects_export.py",
      "Lines": 67,
      "BlankLines": 8,
      "Comments": 22,
      "CodeLines": 37
    },
    {
      "File": "sonar/audit/problem.py",
      "Lines": 68,
      "BlankLines": 11,
      "Comments": 20,
      "CodeLines": 37
    },
    {
      "File": "sonar/options.py",
      "Lines": 71,
      "BlankLines": 13,
      "Comments": 22,
      "CodeLines": 36
    },
    {
      "File": "sonar/permissions/template_permissions.py",
      "Lines": 59,
      "BlankLines": 5,
      "Comments": 21,
      "CodeLines": 33
    },
    {
      "File": "sonar/permissions/qualityprofile_permissions.py",
      "Lines": 58,
      "BlankLines": 6,
      "Comments": 19,
      "CodeLines": 33
    },
    {
      "File": "tools/cust_measures.py",
      "Lines": 65,
      "BlankLines": 9,
      "Comments": 24,
      "CodeLines": 32
    },
    {
      "File": "sonar/permissions/qualitygate_permissions.py",
      "Lines": 50,
      "BlankLines": 7,
      "Comments": 19,
      "CodeLines": 24
    },
    {
      "File": "api-doc/source/conf.py",
      "Lines": 67,
      "BlankLines": 16,
      "Comments": 30,
      "CodeLines": 21
    },
    {
      "File": "sonar/permissions/aggregation_permissions.py",
      "Lines": 52,
      "BlankLines": 7,
      "Comments": 26,
      "CodeLines": 19
    },
    {
      "File": "sonar/exceptions.py",
      "Lines": 51,
      "BlankLines": 10,
      "Comments": 25,
      "CodeLines": 16
    },
    {
      "File": "sonar/audit/types.py",
      "Lines": 39,
      "BlankLines": 5,
      "Comments": 19,
      "CodeLines": 15
    },
    {
      "File": "sonar/audit/severities.py",
      "Lines": 37,
      "BlankLines": 5,
      "Comments": 19,
      "CodeLines": 13
    },
    {
      "File": "test/file-with-ambiguous-issues.py",
      "Lines": 40,
      "BlankLines": 7,
      "Comments": 23,
      "CodeLines": 10
    },
    {
      "File": "sonar/dce/nodes.py",
      "Lines": 37,
      "BlankLines": 6,
      "Comments": 21,
      "CodeLines": 10
    },
    {
      "File": "sonar/audit/__init__.py",
      "Lines": 27,
      "BlankLines": 1,
      "Comments": 19,
      "CodeLines": 7
    },
    {
      "File": "sonar/permissions/portfolio_permissions.py",
      "Lines": 27,
      "BlankLines": 3,
      "Comments": 21,
      "CodeLines": 3
    },
    {
      "File": "sonar/permissions/application_permissions.py",
      "Lines": 27,
      "BlankLines": 3,
      "Comments": 21,
      "CodeLines": 3
    },
    {
      "File": "sonar/version.py",
      "Lines": 20,
      "BlankLines": 0,
      "Comments": 19,
      "CodeLines": 1
    },
    {
      "File": "tools/__init__.py",
      "Lines": 19,
      "BlankLines": 0,
      "Comments": 19,
      "CodeLines": 0
    },
    {
      "File": "sonar/dce/__init__.py",
      "Lines": 19,
      "BlankLines": 0,
      "Comments": 19,
      "CodeLines": 0
    },
    {
      "File": "sonar/__init__.py",
      "Lines": 19,
      "BlankLines": 0,
      "Comments": 19,
      "CodeLines": 0
    },
    {
      "File": "sonar/findings/__init__.py",
      "Lines": 19,
      "BlankLines": 0,
      "Comments": 19,
      "CodeLines": 0
    },
    {
      "File": "sonar/permissions/__init__.py",
      "Lines": 19,
      "BlankLines": 0,
      "Comments": 19,
      "CodeLines": 0
    },
    {
      "File": "sonar/projects/__init__.py",
      "Lines": 19,
      "BlankLines": 0,
      "Comments": 19,
      "CodeLines": 0
    }
  ]
}