{
  "TotalLines": 2603,
  "TotalBlankLines": 300,
  "TotalComments": 489,
  "TotalCodeLines": 1814,
  "Results": [
    {
      "File": "slog-handler-guide/indenthandler4/indent_handler.go",
      "Lines": 208,
      "BlankLines": 21,
      "Comments": 31,
      "CodeLines": 156
    },
    {
      "File": "slog-handler-guide/indenthandler2/indent_handler_test.go",
      "Lines": 157,
      "BlankLines": 10,
      "Comments": 4,
      "CodeLines": 143
    },
    {
      "File": "slog-handler-guide/indenthandler2/indent_handler.go",
      "Lines": 164,
      "BlankLines": 17,
      "Comments": 25,
      "CodeLines": 122
    },
    {
      "File": "slog-handler-guide/indenthandler3/indent_handler.go",
      "Lines": 162,
      "BlankLines": 15,
      "Comments": 27,
      "CodeLines": 120
    },
    {
      "File": "outyet/main.go",
      "Lines": 129,
      "BlankLines": 14,
      "Comments": 19,
      "CodeLines": 96
    },
    {
      "File": "slog-handler-guide/indenthandler4/indent_handler_test.go",
      "Lines": 107,
      "BlankLines": 10,
      "Comments": 5,
      "CodeLines": 92
    },
    {
      "File": "slog-handler-guide/indenthandler3/indent_handler_test.go",
      "Lines": 107,
      "BlankLines": 10,
      "Comments": 5,
      "CodeLines": 92
    },
    {
      "File": "slog-handler-guide/indenthandler1/indent_handler.go",
      "Lines": 126,
      "BlankLines": 14,
      "Comments": 24,
      "CodeLines": 88
    },
    {
      "File": "gotypes/typeandvalue/main.go",
      "Lines": 134,
      "BlankLines": 12,
      "Comments": 45,
      "CodeLines": 77
    },
    {
      "File": "gotypes/nilfunc/main.go",
      "Lines": 104,
      "BlankLines": 15,
      "Comments": 18,
      "CodeLines": 71
    },
    {
      "File": "gotypes/skeleton/main.go",
      "Lines": 117,
      "BlankLines": 10,
      "Comments": 40,
      "CodeLines": 67
    },
    {
      "File": ".golangci.yaml",
      "Lines": 70,
      "BlankLines": 4,
      "Comments": 8,
      "CodeLines": 58
    },
    {
      "File": "outyet/main_test.go",
      "Lines": 87,
      "BlankLines": 18,
      "Comments": 13,
      "CodeLines": 56
    },
    {
      "File": "template/main.go",
      "Lines": 85,
      "BlankLines": 11,
      "Comments": 19,
      "CodeLines": 55
    },
    {
      "File": "gotypes/hugeparam/main.go",
      "Lines": 82,
      "BlankLines": 9,
      "Comments": 20,
      "CodeLines": 53
    },
    {
      "File": "gotypes/implements/main.go",
      "Lines": 77,
      "BlankLines": 10,
      "Comments": 17,
      "CodeLines": 50
    },
    {
      "File": "gotypes/doc/main.go",
      "Lines": 89,
      "BlankLines": 9,
      "Comments": 30,
      "CodeLines": 50
    },
    {
      "File": "helloserver/server.go",
      "Lines": 75,
      "BlankLines": 12,
      "Comments": 14,
      "CodeLines": 49
    },
    {
      "File": "gotypes/defsuses/main.go",
      "Lines": 68,
      "BlankLines": 9,
      "Comments": 13,
      "CodeLines": 46
    },
    {
      "File": "gotypes/lookup/lookup.go",
      "Lines": 77,
      "BlankLines": 10,
      "Comments": 24,
      "CodeLines": 43
    },
    {
      "File": "slog-handler-guide/indenthandler4/indent_handler_norace_test.go",
      "Lines": 46,
      "BlankLines": 4,
      "Comments": 1,
      "CodeLines": 41
    },
    {
      "File": "hello/hello.go",
      "Lines": 72,
      "BlankLines": 9,
      "Comments": 24,
      "CodeLines": 39
    },
    {
      "File": "slog-handler-guide/indenthandler1/indent_handler_test.go",
      "Lines": 40,
      "BlankLines": 5,
      "Comments": 1,
      "CodeLines": 34
    },
    {
      "File": "gotypes/pkginfo/main.go",
      "Lines": 64,
      "BlankLines": 11,
      "Comments": 22,
      "CodeLines": 31
    },
    {
      "File": "hello/reverse/reverse_test.go",
      "Lines": 22,
      "BlankLines": 3,
      "Comments": 3,
      "CodeLines": 16
    },
    {
      "File": "appengine-hello/app.yaml",
      "Lines": 23,
      "BlankLines": 5,
      "Comments": 3,
      "CodeLines": 15
    },
    {
      "File": "appengine-hello/static/index.html",
      "Lines": 24,
      "BlankLines": 6,
      "Comments": 5,
      "CodeLines": 13
    },
    {
      "File": "appengine-hello/app.go",
      "Lines": 22,
      "BlankLines": 4,
      "Comments": 7,
      "CodeLines": 11
    },
    {
      "File": "hello/reverse/example_test.go",
      "Lines": 16,
      "BlankLines": 4,
      "Comments": 4,
      "CodeLines": 8
    },
    {
      "File": "hello/reverse/reverse.go",
      "Lines": 15,
      "BlankLines": 2,
      "Comments": 5,
      "CodeLines": 8
    },
    {
      "File": "appengine-hello/static/script.js",
      "Lines": 13,
      "BlankLines": 2,
      "Comments": 5,
      "CodeLines": 6
    },
    {
      "File": "gotypes/hello/hello.go",
      "Lines": 10,
      "BlankLines": 3,
      "Comments": 2,
      "CodeLines": 5
    },
    {
      "File": "appengine-hello/static/style.css",
      "Lines": 8,
      "BlankLines": 1,
      "Comments": 5,
      "CodeLines": 2
    },
    {
      "File": "gotypes/gen.go",
      "Lines": 3,
      "BlankLines": 1,
      "Comments": 1,
      "CodeLines": 1
    }
  ]
}