{
  "TotalLines": 226169,
  "TotalBlankLines": 454,
  "TotalComments": 55907,
  "TotalCodeLines": 169808,
  "Results": [
    {
      "File": "mvs/assist_no_instructionlimit_install.jcl",
      "Lines": 30566,
      "BlankLines": 0,
      "Comments": 126,
      "CodeLines": 30440
    },
    {
      "File": "sysgen/usermods/TNIP800.jcl",
      "Lines": 20393,
      "BlankLines": 0,
      "Comments": 78,
      "CodeLines": 20315
    },
    {
      "File": "sysgen/usermods/ZP60041.jcl",
      "Lines": 16458,
      "BlankLines": 2,
      "Comments": 973,
      "CodeLines": 15483
    },
    {
      "File": "sysgen/jcl/ZP60041.jcl",
      "Lines": 16463,
      "BlankLines": 2,
      "Comments": 978,
      "CodeLines": 15483
    },
    {
      "File": "sysgen/usermods/ZP60026.jcl",
      "Lines": 11871,
      "BlankLines": 0,
      "Comments": 544,
      "CodeLines": 11327
    },
    {
      "File": "sysgen/usermods/ZP60014.jcl",
      "Lines": 11140,
      "BlankLines": 0,
      "Comments": 325,
      "CodeLines": 10815
    },
    {
      "File": "sysgen/usermods/TMVS816.jcl",
      "Lines": 10439,
      "BlankLines": 0,
      "Comments": 362,
      "CodeLines": 10077
    },
    {
      "File": "sysgen/usermods/ZP60039.jcl",
      "Lines": 11207,
      "BlankLines": 0,
      "Comments": 1280,
      "CodeLines": 9927
    },
    {
      "File": "sysgen/usermods/ZP60009.jcl",
      "Lines": 7679,
      "BlankLines": 0,
      "Comments": 638,
      "CodeLines": 7041
    },
    {
      "File": "sysgen/usermods/ZP60030.jcl",
      "Lines": 4943,
      "BlankLines": 0,
      "Comments": 118,
      "CodeLines": 4825
    },
    {
      "File": "sysgen/usermods/ZP60011.jcl",
      "Lines": 4457,
      "BlankLines": 0,
      "Comments": 160,
      "CodeLines": 4297
    },
    {
      "File": "sysgen/usermods/ZP60007.jcl",
      "Lines": 4239,
      "BlankLines": 0,
      "Comments": 163,
      "CodeLines": 4076
    },
    {
      "File": "sysgen/usermods/ZP60037.jcl",
      "Lines": 4016,
      "BlankLines": 0,
      "Comments": 147,
      "CodeLines": 3869
    },
    {
      "File": "sysgen/jcl/vtoc.jcl",
      "Lines": 7568,
      "BlankLines": 0,
      "Comments": 4295,
      "CodeLines": 3273
    },
    {
      "File": "sysgen/usermods/ZP60028.jcl",
      "Lines": 3151,
      "BlankLines": 0,
      "Comments": 134,
      "CodeLines": 3017
    },
    {
      "File": "sysgen/usermods/ZP60008.jcl",
      "Lines": 3077,
      "BlankLines": 0,
      "Comments": 126,
      "CodeLines": 2951
    },
    {
      "File": "mvs/testmvscompilers.jcl",
      "Lines": 15849,
      "BlankLines": 373,
      "Comments": 13006,
      "CodeLines": 2470
    },
    {
      "File": "sysgen/usermods/ZP60036.jcl",
      "Lines": 2148,
      "BlankLines": 0,
      "Comments": 220,
      "CodeLines": 1928
    },
    {
      "File": "sysgen/usermods/ZP60013.jcl",
      "Lines": 1961,
      "BlankLines": 0,
      "Comments": 575,
      "CodeLines": 1386
    },
    {
      "File": "sysgen/usermods/ZP60018.jcl",
      "Lines": 954,
      "BlankLines": 0,
      "Comments": 119,
      "CodeLines": 835
    },
    {
      "File": "mainframeadventures/covid19/REPCNTRY.cbl",
      "Lines": 560,
      "BlankLines": 0,
      "Comments": 114,
      "CodeLines": 446
    },
    {
      "File": "sysgen/usermods/ZP60033.jcl",
      "Lines": 503,
      "BlankLines": 0,
      "Comments": 81,
      "CodeLines": 422
    },
    {
      "File": "sysgen/usermods/WM00017.jcl",
      "Lines": 490,
      "BlankLines": 0,
      "Comments": 75,
      "CodeLines": 415
    },
    {
      "File": "sysgen/jcl/sysgen05.jcl",
      "Lines": 799,
      "BlankLines": 0,
      "Comments": 403,
      "CodeLines": 396
    },
    {
      "File": "mainframeadventures/pmmsschd/PMMSSCHD.cbl",
      "Lines": 531,
      "BlankLines": 0,
      "Comments": 149,
      "CodeLines": 382
    },
    {
      "File": "sysgen/jcl/sysgen02.jcl",
      "Lines": 291,
      "BlankLines": 0,
      "Comments": 77,
      "CodeLines": 214
    },
    {
      "File": "sysgen/jcl/sysgen04.jcl",
      "Lines": 2472,
      "BlankLines": 0,
      "Comments": 2268,
      "CodeLines": 204
    },
    {
      "File": "mainframeadventures/pmmsschd/PMMSSREP.cbl",
      "Lines": 215,
      "BlankLines": 0,
      "Comments": 41,
      "CodeLines": 174
    },
    {
      "File": "sysgen/jcl/sysgen00.jcl",
      "Lines": 329,
      "BlankLines": 9,
      "Comments": 152,
      "CodeLines": 168
    },
    {
      "File": "sysgen/jcl/date.jcl",
      "Lines": 179,
      "BlankLines": 1,
      "Comments": 15,
      "CodeLines": 163
    },
    {
      "File": "mainframeadventures/pmmsschd/PMMSTREP.jcl",
      "Lines": 173,
      "BlankLines": 0,
      "Comments": 15,
      "CodeLines": 158
    },
    {
      "File": "sysgen/jcl/smpjob00.jcl",
      "Lines": 344,
      "BlankLines": 0,
      "Comments": 189,
      "CodeLines": 155
    },
    {
      "File": "sysgen/usermods/ZP60032.jcl",
      "Lines": 204,
      "BlankLines": 0,
      "Comments": 58,
      "CodeLines": 146
    },
    {
      "File": "sysgen/usermods/DYNPROC.jcl",
      "Lines": 3578,
      "BlankLines": 0,
      "Comments": 3434,
      "CodeLines": 144
    },
    {
      "File": "mvs/cobol.jcl",
      "Lines": 158,
      "BlankLines": 0,
      "Comments": 18,
      "CodeLines": 140
    },
    {
      "File": "sysgen/usermods/SYZJ2001.jcl",
      "Lines": 495,
      "BlankLines": 0,
      "Comments": 369,
      "CodeLines": 126
    },
    {
      "File": "mvs/acker360.jcl",
      "Lines": 114,
      "BlankLines": 0,
      "Comments": 20,
      "CodeLines": 94
    },
    {
      "File": "sysgen/usermods/ZP60006.jcl",
      "Lines": 152,
      "BlankLines": 0,
      "Comments": 68,
      "CodeLines": 84
    },
    {
      "File": "sysgen/usermods/ZP60029.jcl",
      "Lines": 236,
      "BlankLines": 0,
      "Comments": 152,
      "CodeLines": 84
    },
    {
      "File": "MainframeJCL/MVS/RRS.jcl",
      "Lines": 88,
      "BlankLines": 1,
      "Comments": 8,
      "CodeLines": 79
    },
    {
      "File": "mainframeadventures/covid19/TOTCNTRY.cbl",
      "Lines": 116,
      "BlankLines": 0,
      "Comments": 38,
      "CodeLines": 78
    },
    {
      "File": "sysgen/usermods/ZP60012.jcl",
      "Lines": 146,
      "BlankLines": 0,
      "Comments": 77,
      "CodeLines": 69
    },
    {
      "File": "sysgen/jcl/mvs00.jcl",
      "Lines": 163,
      "BlankLines": 9,
      "Comments": 92,
      "CodeLines": 62
    },
    {
      "File": "sysgen/jcl/smpjob03.jcl",
      "Lines": 94,
      "BlankLines": 0,
      "Comments": 32,
      "CodeLines": 62
    },
    {
      "File": "sysgen/usermods/SLB0002.jcl",
      "Lines": 121,
      "BlankLines": 0,
      "Comments": 59,
      "CodeLines": 62
    },
    {
      "File": "sysgen/usermods/ZP60027.jcl",
      "Lines": 121,
      "BlankLines": 0,
      "Comments": 64,
      "CodeLines": 57
    },
    {
      "File": "sysgen/usermods/ZP60002.jcl",
      "Lines": 113,
      "BlankLines": 0,
      "Comments": 70,
      "CodeLines": 43
    },
    {
      "File": "MainframeJCL/ACF2/ACFDEF.jcl",
      "Lines": 50,
      "BlankLines": 1,
      "Comments": 7,
      "CodeLines": 42
    },
    {
      "File": "mvs/linkJES2.jcl",
      "Lines": 55,
      "BlankLines": 0,
      "Comments": 14,
      "CodeLines": 41
    },
    {
      "File": "MainframeJCL/SMF/SMFALC.jcl",
      "Lines": 47,
      "BlankLines": 0,
      "Comments": 8,
      "CodeLines": 39
    },
    {
      "File": "sysgen/jcl/finalize.jcl",
      "Lines": 102,
      "BlankLines": 11,
      "Comments": 53,
      "CodeLines": 38
    },
    {
      "File": "mvs/cobasm.jcl",
      "Lines": 81,
      "BlankLines": 0,
      "Comments": 43,
      "CodeLines": 38
    },
    {
      "File": "sysgen/usermods/ZP60019.jcl",
      "Lines": 104,
      "BlankLines": 0,
      "Comments": 68,
      "CodeLines": 36
    },
    {
      "File": "sysgen/usermods/JLM0003.jcl",
      "Lines": 163,
      "BlankLines": 0,
      "Comments": 128,
      "CodeLines": 35
    },
    {
      "File": "mvs/WTOMOSHE.jcl",
      "Lines": 50,
      "BlankLines": 0,
      "Comments": 15,
      "CodeLines": 35
    },
    {
      "File": "mvs/smfheader.jcl",
      "Lines": 35,
      "BlankLines": 0,
      "Comments": 0,
      "CodeLines": 35
    },
    {
      "File": "sysgen/jcl/mvs01.jcl",
      "Lines": 115,
      "BlankLines": 18,
      "Comments": 62,
      "CodeLines": 35
    },
    {
      "File": "sysgen/jcl/brexx.jcl",
      "Lines": 166,
      "BlankLines": 0,
      "Comments": 134,
      "CodeLines": 32
    },
    {
      "File": "MainframeJCL/RACF/RASREACH.jcl",
      "Lines": 41,
      "BlankLines": 0,
      "Comments": 9,
      "CodeLines": 32
    },
    {
      "File": ".github/workflows/sq.yml",
      "Lines": 63,
      "BlankLines": 14,
      "Comments": 19,
      "CodeLines": 30
    },
    {
      "File": "sysgen/jcl/sysgen06.jcl",
      "Lines": 44,
      "BlankLines": 0,
      "Comments": 16,
      "CodeLines": 28
    },
    {
      "File": "sysgen/usermods/TTSO801.jcl",
      "Lines": 98,
      "BlankLines": 0,
      "Comments": 71,
      "CodeLines": 27
    },
    {
      "File": "sysgen/usermods/ZP60021.jcl",
      "Lines": 88,
      "BlankLines": 0,
      "Comments": 61,
      "CodeLines": 27
    },
    {
      "File": "MainframeJCL/BATCH/BATSYSV.jcl",
      "Lines": 32,
      "BlankLines": 0,
      "Comments": 6,
      "CodeLines": 26
    },
    {
      "File": "MainframeJCL/CICS/CICSGCD0.jcl",
      "Lines": 46,
      "BlankLines": 0,
      "Comments": 21,
      "CodeLines": 25
    },
    {
      "File": "sysgen/usermods/ZP60022.jcl",
      "Lines": 84,
      "BlankLines": 0,
      "Comments": 60,
      "CodeLines": 24
    },
    {
      "File": "sysgen/usermods/JLM0004.jcl",
      "Lines": 152,
      "BlankLines": 0,
      "Comments": 129,
      "CodeLines": 23
    },
    {
      "File": "MainframeJCL/RACF/RALIST01.jcl",
      "Lines": 30,
      "BlankLines": 0,
      "Comments": 7,
      "CodeLines": 23
    },
    {
      "File": "mvs/ADCD_New_user.jcl",
      "Lines": 47,
      "BlankLines": 9,
      "Comments": 17,
      "CodeLines": 21
    },
    {
      "File": "MainframeJCL/IPCS/IPCSCICS.jcl",
      "Lines": 40,
      "BlankLines": 0,
      "Comments": 20,
      "CodeLines": 20
    },
    {
      "File": "sysgen/usermods/ZP60016.jcl",
      "Lines": 99,
      "BlankLines": 0,
      "Comments": 79,
      "CodeLines": 20
    },
    {
      "File": "sysgen/usermods/ZP60004.jcl",
      "Lines": 85,
      "BlankLines": 0,
      "Comments": 65,
      "CodeLines": 20
    },
    {
      "File": "MainframeJCL/CICS/CICSLOGR.jcl",
      "Lines": 27,
      "BlankLines": 0,
      "Comments": 8,
      "CodeLines": 19
    },
    {
      "File": "sysgen/usermods/ZP60003.jcl",
      "Lines": 85,
      "BlankLines": 0,
      "Comments": 66,
      "CodeLines": 19
    },
    {
      "File": "MainframeJCL/CICS/CICSSTAT.jcl",
      "Lines": 44,
      "BlankLines": 0,
      "Comments": 26,
      "CodeLines": 18
    },
    {
      "File": "MainframeJCL/OMVS/USSUNZIP.jcl",
      "Lines": 33,
      "BlankLines": 0,
      "Comments": 16,
      "CodeLines": 17
    },
    {
      "File": "MainframeJCL/CICS/upgrade/WUIREP.jcl",
      "Lines": 48,
      "BlankLines": 1,
      "Comments": 30,
      "CodeLines": 17
    },
    {
      "File": "sysgen/usermods/ZP60020.jcl",
      "Lines": 81,
      "BlankLines": 0,
      "Comments": 64,
      "CodeLines": 17
    },
    {
      "File": "sysgen/jcl/smpjob05.jcl",
      "Lines": 32,
      "BlankLines": 1,
      "Comments": 15,
      "CodeLines": 16
    },
    {
      "File": "sysgen/usermods/ZP60038.jcl",
      "Lines": 964,
      "BlankLines": 0,
      "Comments": 948,
      "CodeLines": 16
    },
    {
      "File": "sysgen/usermods/ZP60015.jcl",
      "Lines": 101,
      "BlankLines": 0,
      "Comments": 86,
      "CodeLines": 15
    },
    {
      "File": "MainframeJCL/IPCS/IPCS.jcl",
      "Lines": 29,
      "BlankLines": 0,
      "Comments": 15,
      "CodeLines": 14
    },
    {
      "File": "MainframeJCL/SMPE/SMPZEDIT.jcl",
      "Lines": 24,
      "BlankLines": 0,
      "Comments": 11,
      "CodeLines": 13
    },
    {
      "File": "sysgen/usermods/TJES801.jcl",
      "Lines": 81,
      "BlankLines": 1,
      "Comments": 67,
      "CodeLines": 13
    },
    {
      "File": "MainframeJCL/VSAM/VSAMDEF.jcl",
      "Lines": 20,
      "BlankLines": 0,
      "Comments": 7,
      "CodeLines": 13
    },
    {
      "File": "MainframeJCL/CICS/upgrade/CMASREP.jcl",
      "Lines": 41,
      "BlankLines": 0,
      "Comments": 29,
      "CodeLines": 12
    },
    {
      "File": "MainframeJCL/SMPE/SMPZCOPY.jcl",
      "Lines": 38,
      "BlankLines": 0,
      "Comments": 26,
      "CodeLines": 12
    },
    {
      "File": "MainframeJCL/GDG/GDGCOPY.jcl",
      "Lines": 64,
      "BlankLines": 0,
      "Comments": 52,
      "CodeLines": 12
    },
    {
      "File": "MainframeJCL/MVS/SMSALC.jcl",
      "Lines": 20,
      "BlankLines": 0,
      "Comments": 8,
      "CodeLines": 12
    },
    {
      "File": "MainframeJCL/MVS/RRSDEL.jcl",
      "Lines": 22,
      "BlankLines": 0,
      "Comments": 10,
      "CodeLines": 12
    },
    {
      "File": "sysgen/usermods/SYZM001.jcl",
      "Lines": 51,
      "BlankLines": 0,
      "Comments": 40,
      "CodeLines": 11
    },
    {
      "File": "MainframeJCL/RACF/TSOADD.jcl",
      "Lines": 20,
      "BlankLines": 0,
      "Comments": 9,
      "CodeLines": 11
    },
    {
      "File": "sysgen/usermods/ZP60005.jcl",
      "Lines": 82,
      "BlankLines": 0,
      "Comments": 71,
      "CodeLines": 11
    },
    {
      "File": "sysgen/usermods/ZUM0007.jcl",
      "Lines": 54,
      "BlankLines": 0,
      "Comments": 44,
      "CodeLines": 10
    },
    {
      "File": "sysgen/jcl/fdz1d02.jcl",
      "Lines": 60,
      "BlankLines": 0,
      "Comments": 50,
      "CodeLines": 10
    },
    {
      "File": "sysgen/usermods/TIST801.jcl",
      "Lines": 65,
      "BlankLines": 0,
      "Comments": 55,
      "CodeLines": 10
    },
    {
      "File": "sysgen/usermods/AY12275.jcl",
      "Lines": 57,
      "BlankLines": 0,
      "Comments": 48,
      "CodeLines": 9
    },
    {
      "File": "mvs/sort.jcl",
      "Lines": 36,
      "BlankLines": 0,
      "Comments": 28,
      "CodeLines": 8
    },
    {
      "File": "MainframeJCL/SMPE/SMPLIST.jcl",
      "Lines": 21,
      "BlankLines": 0,
      "Comments": 14,
      "CodeLines": 7
    },
    {
      "File": "MainframeJCL/CICS/RDODEF00.jcl",
      "Lines": 25,
      "BlankLines": 0,
      "Comments": 18,
      "CodeLines": 7
    },
    {
      "File": "sysgen/usermods/ZP60017.jcl",
      "Lines": 70,
      "BlankLines": 0,
      "Comments": 64,
      "CodeLines": 6
    },
    {
      "File": "sysgen/usermods/ZP60031.jcl",
      "Lines": 75,
      "BlankLines": 0,
      "Comments": 69,
      "CodeLines": 6
    },
    {
      "File": "MainframeJCL/GDG/GDGDEF.jcl",
      "Lines": 19,
      "BlankLines": 0,
      "Comments": 13,
      "CodeLines": 6
    },
    {
      "File": "MainframeJCL/IDCAMS/ALTER.jcl",
      "Lines": 14,
      "BlankLines": 0,
      "Comments": 8,
      "CodeLines": 6
    },
    {
      "File": "MainframeJCL/ADRDSSU/RESTREN.jcl",
      "Lines": 15,
      "BlankLines": 0,
      "Comments": 9,
      "CodeLines": 6
    },
    {
      "File": "MainframeJCL/VSAM/VSAMNAME.jcl",
      "Lines": 13,
      "BlankLines": 0,
      "Comments": 7,
      "CodeLines": 6
    },
    {
      "File": "sysgen/usermods/TMVS804.jcl",
      "Lines": 67,
      "BlankLines": 0,
      "Comments": 61,
      "CodeLines": 6
    },
    {
      "File": "MainframeJCL/ADRDSSU/MOVE.jcl",
      "Lines": 15,
      "BlankLines": 0,
      "Comments": 9,
      "CodeLines": 6
    },
    {
      "File": "MainframeJCL/FTP/FTPCSV.jcl",
      "Lines": 19,
      "BlankLines": 0,
      "Comments": 14,
      "CodeLines": 5
    },
    {
      "File": "MainframeJCL/MVS/PAGEADD.jcl",
      "Lines": 16,
      "BlankLines": 0,
      "Comments": 11,
      "CodeLines": 5
    },
    {
      "File": "mvs/smfdump.jcl",
      "Lines": 18,
      "BlankLines": 0,
      "Comments": 13,
      "CodeLines": 5
    },
    {
      "File": "MainframeJCL/ADRDSSU/RESNSMS.jcl",
      "Lines": 16,
      "BlankLines": 0,
      "Comments": 11,
      "CodeLines": 5
    },
    {
      "File": "sysgen/usermods/ZUM0008.jcl",
      "Lines": 48,
      "BlankLines": 0,
      "Comments": 43,
      "CodeLines": 5
    },
    {
      "File": "MainframeJCL/SMPE/SMPRPT1.jcl",
      "Lines": 16,
      "BlankLines": 0,
      "Comments": 11,
      "CodeLines": 5
    },
    {
      "File": "sysgen/usermods/VS49603.jcl",
      "Lines": 56,
      "BlankLines": 0,
      "Comments": 51,
      "CodeLines": 5
    },
    {
      "File": "MainframeJCL/SMPE/SMPAPPLY.jcl",
      "Lines": 20,
      "BlankLines": 0,
      "Comments": 15,
      "CodeLines": 5
    },
    {
      "File": "MainframeJCL/OMVS/OMVMOUNT.jcl",
      "Lines": 16,
      "BlankLines": 0,
      "Comments": 12,
      "CodeLines": 4
    },
    {
      "File": "mvs/defragvolume.jcl",
      "Lines": 18,
      "BlankLines": 1,
      "Comments": 13,
      "CodeLines": 4
    },
    {
      "File": "MainframeJCL/MVS/SABUILD.jcl",
      "Lines": 16,
      "BlankLines": 0,
      "Comments": 12,
      "CodeLines": 4
    },
    {
      "File": "sysgen/jcl/ispf.jcl",
      "Lines": 22,
      "BlankLines": 0,
      "Comments": 18,
      "CodeLines": 4
    },
    {
      "File": "MainframeJCL/IPCS/SSLTRACE.jcl",
      "Lines": 20,
      "BlankLines": 0,
      "Comments": 16,
      "CodeLines": 4
    },
    {
      "File": "MainframeJCL/FTP/FTPGET.jcl",
      "Lines": 13,
      "BlankLines": 0,
      "Comments": 9,
      "CodeLines": 4
    },
    {
      "File": "MainframeJCL/EMC/EMCSNAP.jcl",
      "Lines": 17,
      "BlankLines": 0,
      "Comments": 13,
      "CodeLines": 4
    },
    {
      "File": "MainframeJCL/SMPE/SMPEPATH.jcl",
      "Lines": 16,
      "BlankLines": 0,
      "Comments": 12,
      "CodeLines": 4
    },
    {
      "File": "MainframeJCL/SMPE/SMPRPT2.jcl",
      "Lines": 17,
      "BlankLines": 0,
      "Comments": 13,
      "CodeLines": 4
    },
    {
      "File": "MainframeJCL/SMPE/SMPZDEL.jcl",
      "Lines": 15,
      "BlankLines": 0,
      "Comments": 11,
      "CodeLines": 4
    },
    {
      "File": "MainframeJCL/SMPE/SMPRECV.jcl",
      "Lines": 18,
      "BlankLines": 0,
      "Comments": 15,
      "CodeLines": 3
    },
    {
      "File": "MainframeJCL/SMF/SMFCLR.jcl",
      "Lines": 14,
      "BlankLines": 0,
      "Comments": 11,
      "CodeLines": 3
    },
    {
      "File": "MainframeJCL/BATCH/BATXMIT.jcl",
      "Lines": 11,
      "BlankLines": 0,
      "Comments": 8,
      "CodeLines": 3
    },
    {
      "File": "MainframeJCL/FTP/FTPPUT.jcl",
      "Lines": 14,
      "BlankLines": 0,
      "Comments": 11,
      "CodeLines": 3
    },
    {
      "File": "MainframeJCL/IDCAMS/ALIAS00.jcl",
      "Lines": 17,
      "BlankLines": 0,
      "Comments": 14,
      "CodeLines": 3
    },
    {
      "File": "MainframeJCL/IDCAMS/ALIASDEF.jcl",
      "Lines": 15,
      "BlankLines": 0,
      "Comments": 12,
      "CodeLines": 3
    },
    {
      "File": "MainframeJCL/IEBCOPY/IEBCOPYM.jcl",
      "Lines": 12,
      "BlankLines": 0,
      "Comments": 9,
      "CodeLines": 3
    },
    {
      "File": "MainframeJCL/OMVS/USSCP.jcl",
      "Lines": 11,
      "BlankLines": 0,
      "Comments": 8,
      "CodeLines": 3
    },
    {
      "File": "MainframeJCL/SORT/ICESORT.jcl",
      "Lines": 22,
      "BlankLines": 0,
      "Comments": 19,
      "CodeLines": 3
    },
    {
      "File": "MainframeJCL/SMPE/SMPZRNA.jcl",
      "Lines": 13,
      "BlankLines": 0,
      "Comments": 10,
      "CodeLines": 3
    },
    {
      "File": "MainframeJCL/RMF/RMFREP.jcl",
      "Lines": 32,
      "BlankLines": 0,
      "Comments": 29,
      "CodeLines": 3
    },
    {
      "File": "MainframeJCL/IPOUPDTE/PDSUPD.jcl",
      "Lines": 11,
      "BlankLines": 0,
      "Comments": 9,
      "CodeLines": 2
    },
    {
      "File": "MainframeJCL/CICS/CICSEXIT.jcl",
      "Lines": 46,
      "BlankLines": 0,
      "Comments": 44,
      "CodeLines": 2
    },
    {
      "File": "MainframeJCL/SMF/SMFMERGE.jcl",
      "Lines": 17,
      "BlankLines": 0,
      "Comments": 15,
      "CodeLines": 2
    },
    {
      "File": "MainframeJCL/SMPE/SMPHOLDR.jcl",
      "Lines": 16,
      "BlankLines": 0,
      "Comments": 14,
      "CodeLines": 2
    },
    {
      "File": "MainframeJCL/SMF/SMFCICS.jcl",
      "Lines": 15,
      "BlankLines": 0,
      "Comments": 13,
      "CodeLines": 2
    },
    {
      "File": "MainframeJCL/RMF/RMFSORT.jcl",
      "Lines": 25,
      "BlankLines": 0,
      "Comments": 23,
      "CodeLines": 2
    },
    {
      "File": "MainframeJCL/SMPE/SMPREST.jcl",
      "Lines": 15,
      "BlankLines": 0,
      "Comments": 13,
      "CodeLines": 2
    },
    {
      "File": "mvs/smf_icetool_type99.jcl",
      "Lines": 25,
      "BlankLines": 0,
      "Comments": 23,
      "CodeLines": 2
    },
    {
      "File": "MainframeJCL/OMVS/OMVSPACE.jcl",
      "Lines": 10,
      "BlankLines": 0,
      "Comments": 8,
      "CodeLines": 2
    },
    {
      "File": "MainframeJCL/BATCH/BATESP.jcl",
      "Lines": 10,
      "BlankLines": 0,
      "Comments": 8,
      "CodeLines": 2
    },
    {
      "File": "MainframeJCL/MVS/VTOCPRNT.jcl",
      "Lines": 9,
      "BlankLines": 0,
      "Comments": 7,
      "CodeLines": 2
    },
    {
      "File": "MainframeJCL/MVS/VTOCLIST.jcl",
      "Lines": 10,
      "BlankLines": 0,
      "Comments": 8,
      "CodeLines": 2
    },
    {
      "File": "MainframeJCL/MVS/SMSCONV.jcl",
      "Lines": 11,
      "BlankLines": 0,
      "Comments": 9,
      "CodeLines": 2
    },
    {
      "File": "MainframeJCL/MVS/SADMP.jcl",
      "Lines": 37,
      "BlankLines": 0,
      "Comments": 35,
      "CodeLines": 2
    },
    {
      "File": "sysgen/usermods/ZP60034.jcl",
      "Lines": 568,
      "BlankLines": 0,
      "Comments": 566,
      "CodeLines": 2
    },
    {
      "File": "sysgen/usermods/ZP60035.jcl",
      "Lines": 2055,
      "BlankLines": 0,
      "Comments": 2053,
      "CodeLines": 2
    },
    {
      "File": "MainframeJCL/VSAM/VSAMREP.jcl",
      "Lines": 15,
      "BlankLines": 0,
      "Comments": 13,
      "CodeLines": 2
    },
    {
      "File": "MainframeJCL/BATCH/BATHSM.jcl",
      "Lines": 13,
      "BlankLines": 0,
      "Comments": 11,
      "CodeLines": 2
    },
    {
      "File": "mvs/smf_icetool.jcl",
      "Lines": 31,
      "BlankLines": 0,
      "Comments": 29,
      "CodeLines": 2
    },
    {
      "File": "MainframeJCL/BATCH/BATISP.jcl",
      "Lines": 12,
      "BlankLines": 0,
      "Comments": 10,
      "CodeLines": 2
    },
    {
      "File": "MainframeJCL/IEBCOPY/IEBCOPY1.jcl",
      "Lines": 11,
      "BlankLines": 0,
      "Comments": 9,
      "CodeLines": 2
    },
    {
      "File": "MainframeJCL/BATCH/BATTSO.jcl",
      "Lines": 12,
      "BlankLines": 0,
      "Comments": 10,
      "CodeLines": 2
    },
    {
      "File": "MainframeJCL/IDCAMS/ALIASDEL.jcl",
      "Lines": 11,
      "BlankLines": 0,
      "Comments": 9,
      "CodeLines": 2
    },
    {
      "File": "MainframeJCL/SORT/SORTCOPY.jcl",
      "Lines": 18,
      "BlankLines": 0,
      "Comments": 16,
      "CodeLines": 2
    },
    {
      "File": "MainframeJCL/SMPE/SMPEGIM.jcl",
      "Lines": 12,
      "BlankLines": 0,
      "Comments": 10,
      "CodeLines": 2
    },
    {
      "File": "sysgen/usermods/ZP60001.jcl",
      "Lines": 174,
      "BlankLines": 0,
      "Comments": 172,
      "CodeLines": 2
    },
    {
      "File": "MainframeJCL/CICS/CSDCOPY.jcl",
      "Lines": 14,
      "BlankLines": 0,
      "Comments": 12,
      "CodeLines": 2
    },
    {
      "File": "MainframeJCL/SUPERC/LOGSR.jcl",
      "Lines": 13,
      "BlankLines": 0,
      "Comments": 11,
      "CodeLines": 2
    },
    {
      "File": "MainframeJCL/IEBCOPY/IEBCOPYC.jcl",
      "Lines": 25,
      "BlankLines": 0,
      "Comments": 24,
      "CodeLines": 1
    },
    {
      "File": "MainframeJCL/IDCAMS/REPRO.jcl",
      "Lines": 11,
      "BlankLines": 0,
      "Comments": 10,
      "CodeLines": 1
    },
    {
      "File": "MainframeJCL/CICS/CICSGIN0.jcl",
      "Lines": 20,
      "BlankLines": 0,
      "Comments": 19,
      "CodeLines": 1
    },
    {
      "File": "MainframeJCL/SORT/SORTMERG.jcl",
      "Lines": 10,
      "BlankLines": 0,
      "Comments": 9,
      "CodeLines": 1
    },
    {
      "File": "MainframeJCL/DASD/DASDINIR.jcl",
      "Lines": 11,
      "BlankLines": 0,
      "Comments": 10,
      "CodeLines": 1
    },
    {
      "File": "MainframeJCL/SUPERC/SRPROC.jcl",
      "Lines": 13,
      "BlankLines": 0,
      "Comments": 12,
      "CodeLines": 1
    },
    {
      "File": "MainframeJCL/GDG/GDGLIMIT.jcl",
      "Lines": 8,
      "BlankLines": 0,
      "Comments": 7,
      "CodeLines": 1
    },
    {
      "File": "MainframeJCL/BATCH/BATREXX.jcl",
      "Lines": 14,
      "BlankLines": 0,
      "Comments": 13,
      "CodeLines": 1
    },
    {
      "File": "MainframeJCL/CICS/CICSASM.jcl",
      "Lines": 64,
      "BlankLines": 0,
      "Comments": 63,
      "CodeLines": 1
    },
    {
      "File": "MainframeJCL/IEBCOPY/IEBCOPYR.jcl",
      "Lines": 23,
      "BlankLines": 0,
      "Comments": 22,
      "CodeLines": 1
    },
    {
      "File": "MainframeJCL/OMVS/OMVSCOPY.jcl",
      "Lines": 15,
      "BlankLines": 0,
      "Comments": 14,
      "CodeLines": 1
    },
    {
      "File": "MainframeJCL/ADRDSSU/TAPEREST.jcl",
      "Lines": 12,
      "BlankLines": 0,
      "Comments": 11,
      "CodeLines": 1
    },
    {
      "File": "MainframeJCL/ADRDSSU/TAPEBKP.jcl",
      "Lines": 17,
      "BlankLines": 0,
      "Comments": 16,
      "CodeLines": 1
    },
    {
      "File": "MainframeJCL/ADRDSSU/PRINTVOL.jcl",
      "Lines": 8,
      "BlankLines": 0,
      "Comments": 7,
      "CodeLines": 1
    },
    {
      "File": "MainframeJCL/ADRDSSU/PDSPRINT.jcl",
      "Lines": 9,
      "BlankLines": 0,
      "Comments": 8,
      "CodeLines": 1
    },
    {
      "File": "MainframeJCL/ADRDSSU/DEFRAG.jcl",
      "Lines": 6,
      "BlankLines": 0,
      "Comments": 5,
      "CodeLines": 1
    },
    {
      "File": "MainframeJCL/JES2/HASPCADD.jcl",
      "Lines": 8,
      "BlankLines": 0,
      "Comments": 8,
      "CodeLines": 0
    },
    {
      "File": "sysgen/usermods/UZ61025.jcl",
      "Lines": 28,
      "BlankLines": 0,
      "Comments": 28,
      "CodeLines": 0
    },
    {
      "File": "sysgen/usermods/JLM0002.jcl",
      "Lines": 238,
      "BlankLines": 0,
      "Comments": 238,
      "CodeLines": 0
    },
    {
      "File": "sysgen/usermods/JLM0001.jcl",
      "Lines": 1106,
      "BlankLines": 0,
      "Comments": 1106,
      "CodeLines": 0
    },
    {
      "File": "sysgen/jcl/sysgen03.jcl",
      "Lines": 19,
      "BlankLines": 0,
      "Comments": 19,
      "CodeLines": 0
    },
    {
      "File": "sysgen/jcl/sysgen01.jcl",
      "Lines": 710,
      "BlankLines": 0,
      "Comments": 710,
      "CodeLines": 0
    },
    {
      "File": "sysgen/jcl/stage2.jcl",
      "Lines": 13069,
      "BlankLines": 0,
      "Comments": 13069,
      "CodeLines": 0
    },
    {
      "File": "sysgen/jcl/smpmount.jcl",
      "Lines": 11,
      "BlankLines": 0,
      "Comments": 11,
      "CodeLines": 0
    },
    {
      "File": "sysgen/jcl/smpjob07.jcl",
      "Lines": 142,
      "BlankLines": 0,
      "Comments": 142,
      "CodeLines": 0
    },
    {
      "File": "sysgen/jcl/smpjob06.jcl",
      "Lines": 33,
      "BlankLines": 0,
      "Comments": 33,
      "CodeLines": 0
    },
    {
      "File": "sysgen/jcl/smpjob04.jcl",
      "Lines": 14,
      "BlankLines": 0,
      "Comments": 14,
      "CodeLines": 0
    },
    {
      "File": "sysgen/jcl/smpjob02.jcl",
      "Lines": 18,
      "BlankLines": 0,
      "Comments": 18,
      "CodeLines": 0
    },
    {
      "File": "sysgen/jcl/smpjob01.jcl",
      "Lines": 15,
      "BlankLines": 0,
      "Comments": 15,
      "CodeLines": 0
    },
    {
      "File": "sysgen/jcl/smp4p44.jcl",
      "Lines": 176,
      "BlankLines": 0,
      "Comments": 176,
      "CodeLines": 0
    },
    {
      "File": "sysgen/jcl/null.jcl",
      "Lines": 1,
      "BlankLines": 0,
      "Comments": 1,
      "CodeLines": 0
    },
    {
      "File": "sysgen/jcl/mvs02.jcl",
      "Lines": 44,
      "BlankLines": 0,
      "Comments": 44,
      "CodeLines": 0
    },
    {
      "File": "mvs/catalogrep.jcl",
      "Lines": 108,
      "BlankLines": 0,
      "Comments": 108,
      "CodeLines": 0
    },
    {
      "File": "mvs/assemblerjob_submit.jcl",
      "Lines": 10,
      "BlankLines": 0,
      "Comments": 10,
      "CodeLines": 0
    },
    {
      "File": "mvs/SMFreport66.jcl",
      "Lines": 68,
      "BlankLines": 0,
      "Comments": 68,
      "CodeLines": 0
    },
    {
      "File": "mvs/SMFreport65.jcl",
      "Lines": 110,
      "BlankLines": 0,
      "Comments": 110,
      "CodeLines": 0
    },
    {
      "File": "middle/SCRIPT03.jcl",
      "Lines": 17,
      "BlankLines": 0,
      "Comments": 17,
      "CodeLines": 0
    },
    {
      "File": "middle/SCRIPT02.jcl",
      "Lines": 8,
      "BlankLines": 0,
      "Comments": 8,
      "CodeLines": 0
    },
    {
      "File": "middle/SCRIPT01.jcl",
      "Lines": 8,
      "BlankLines": 0,
      "Comments": 8,
      "CodeLines": 0
    },
    {
      "File": "mainframeadventures/pmmsschd/DUMMYJCL.jcl",
      "Lines": 8,
      "BlankLines": 0,
      "Comments": 8,
      "CodeLines": 0
    },
    {
      "File": "mainframeadventures/pmmsschd/$EXECSCH.jcl",
      "Lines": 16,
      "BlankLines": 0,
      "Comments": 16,
      "CodeLines": 0
    },
    {
      "File": "mainframeadventures/pmmsschd/$EXECRP2.jcl",
      "Lines": 13,
      "BlankLines": 0,
      "Comments": 13,
      "CodeLines": 0
    },
    {
      "File": "mainframeadventures/pmmsschd/$EXECRP1.jcl",
      "Lines": 13,
      "BlankLines": 0,
      "Comments": 13,
      "CodeLines": 0
    },
    {
      "File": "mainframeadventures/covid19/$EXECTOT.jcl",
      "Lines": 64,
      "BlankLines": 0,
      "Comments": 64,
      "CodeLines": 0
    },
    {
      "File": "MainframeJCL/TERSE/UNPACK.jcl",
      "Lines": 8,
      "BlankLines": 0,
      "Comments": 8,
      "CodeLines": 0
    },
    {
      "File": "MainframeJCL/TERSE/PACK.jcl",
      "Lines": 10,
      "BlankLines": 0,
      "Comments": 10,
      "CodeLines": 0
    },
    {
      "File": "MainframeJCL/SMF/SMFDUMP.jcl",
      "Lines": 36,
      "BlankLines": 0,
      "Comments": 36,
      "CodeLines": 0
    },
    {
      "File": "MainframeJCL/OMVS/USSPAX.jcl",
      "Lines": 8,
      "BlankLines": 0,
      "Comments": 8,
      "CodeLines": 0
    },
    {
      "File": "MainframeJCL/MVS/SAICKDSF.jcl",
      "Lines": 12,
      "BlankLines": 0,
      "Comments": 12,
      "CodeLines": 0
    },
    {
      "File": "MainframeJCL/JES2/HASPFMT.jcl",
      "Lines": 8,
      "BlankLines": 0,
      "Comments": 8,
      "CodeLines": 0
    },
    {
      "File": "MainframeJCL/JES2/HASPCKPT.jcl",
      "Lines": 11,
      "BlankLines": 0,
      "Comments": 11,
      "CodeLines": 0
    },
    {
      "File": "MainframeJCL/IEFBR14/IEFBR141.jcl",
      "Lines": 13,
      "BlankLines": 0,
      "Comments": 13,
      "CodeLines": 0
    },
    {
      "File": "MainframeJCL/IEFBR14/IEFBR140.jcl",
      "Lines": 15,
      "BlankLines": 0,
      "Comments": 15,
      "CodeLines": 0
    },
    {
      "File": "MainframeJCL/IEFBR14/IEFBR14.jcl",
      "Lines": 9,
      "BlankLines": 0,
      "Comments": 9,
      "CodeLines": 0
    },
    {
      "File": "MainframeJCL/IEBCOPY/PDSE.jcl",
      "Lines": 12,
      "BlankLines": 0,
      "Comments": 12,
      "CodeLines": 0
    },
    {
      "File": "MainframeJCL/CICS/CICSTAB.jcl",
      "Lines": 95,
      "BlankLines": 0,
      "Comments": 95,
      "CodeLines": 0
    },
    {
      "File": "MainframeJCL/BATCH/BATOMVS.jcl",
      "Lines": 6,
      "BlankLines": 0,
      "Comments": 6,
      "CodeLines": 0
    },
    {
      "File": "MainframeJCL/BATCH/BATMVSC.jcl",
      "Lines": 17,
      "BlankLines": 0,
      "Comments": 17,
      "CodeLines": 0
    }
  ]
}