{
  "TotalLines": 32682,
  "TotalBlankLines": 6197,
  "TotalComments": 5701,
  "TotalCodeLines": 20784,
  "Results": [
    {
      "File": "src/zcl_demo_abap_dynamic_prog.clas.abap",
      "Lines": 3123,
      "BlankLines": 710,
      "Comments": 752,
      "CodeLines": 1661
    },
    {
      "File": "src/zcl_demo_abap_string_proc.clas.abap",
      "Lines": 2240,
      "BlankLines": 420,
      "Comments": 432,
      "CodeLines": 1388
    },
    {
      "File": "src/zcl_demo_abap_internal_tables.clas.abap",
      "Lines": 1892,
      "BlankLines": 521,
      "Comments": 280,
      "CodeLines": 1091
    },
    {
      "File": "src/zcl_demo_abap_date_time.clas.abap",
      "Lines": 1596,
      "BlankLines": 257,
      "Comments": 301,
      "CodeLines": 1038
    },
    {
      "File": "src/zcl_demo_abap_constructor_expr.clas.abap",
      "Lines": 1968,
      "BlankLines": 450,
      "Comments": 506,
      "CodeLines": 1012
    },
    {
      "File": "src/zcl_demo_abap_xml_json.clas.abap",
      "Lines": 1584,
      "BlankLines": 283,
      "Comments": 302,
      "CodeLines": 999
    },
    {
      "File": "src/zcl_demo_abap_unit_test.clas.testclasses.abap",
      "Lines": 1384,
      "BlankLines": 304,
      "Comments": 128,
      "CodeLines": 952
    },
    {
      "File": "src/zcl_demo_abap_rap_ext_num_u.clas.abap",
      "Lines": 1121,
      "BlankLines": 149,
      "Comments": 45,
      "CodeLines": 927
    },
    {
      "File": "src/zcl_demo_abap_dtype_dobj.clas.abap",
      "Lines": 2042,
      "BlankLines": 447,
      "Comments": 720,
      "CodeLines": 875
    },
    {
      "File": "src/zcl_demo_abap_sql.clas.abap",
      "Lines": 1618,
      "BlankLines": 368,
      "Comments": 403,
      "CodeLines": 847
    },
    {
      "File": "src/zcl_demo_abap_rap_ext_num_m.clas.abap",
      "Lines": 1006,
      "BlankLines": 126,
      "Comments": 39,
      "CodeLines": 841
    },
    {
      "File": "src/zcl_demo_abap_cloud_excursion.clas.abap",
      "Lines": 1123,
      "BlankLines": 168,
      "Comments": 191,
      "CodeLines": 764
    },
    {
      "File": "src/zcl_demo_abap_prog_flow_logic.clas.abap",
      "Lines": 1325,
      "BlankLines": 317,
      "Comments": 291,
      "CodeLines": 717
    },
    {
      "File": "src/zcl_demo_abap_aux.clas.abap",
      "Lines": 718,
      "BlankLines": 16,
      "Comments": 7,
      "CodeLines": 695
    },
    {
      "File": "src/zbp_demo_abap_rap_ro_u.clas.locals_imp.abap",
      "Lines": 1030,
      "BlankLines": 199,
      "Comments": 138,
      "CodeLines": 693
    },
    {
      "File": "src/zcl_demo_abap_structures.clas.abap",
      "Lines": 1180,
      "BlankLines": 271,
      "Comments": 260,
      "CodeLines": 649
    },
    {
      "File": "src/zcl_demo_abap_objects.clas.abap",
      "Lines": 1111,
      "BlankLines": 267,
      "Comments": 307,
      "CodeLines": 537
    },
    {
      "File": "src/zcl_demo_abap_rap_draft_ln_m.clas.abap",
      "Lines": 514,
      "BlankLines": 72,
      "Comments": 33,
      "CodeLines": 409
    },
    {
      "File": "src/zcl_demo_abap_unit_test.clas.abap",
      "Lines": 678,
      "BlankLines": 185,
      "Comments": 138,
      "CodeLines": 355
    },
    {
      "File": "src/zcl_demo_abap_objects.clas.locals_imp.abap",
      "Lines": 556,
      "BlankLines": 146,
      "Comments": 64,
      "CodeLines": 346
    },
    {
      "File": "src/zcl_demo_abap_dynamic_prog.clas.locals_imp.abap",
      "Lines": 437,
      "BlankLines": 101,
      "Comments": 61,
      "CodeLines": 275
    },
    {
      "File": "src/zcl_demo_abap_cds_ve.clas.abap",
      "Lines": 481,
      "BlankLines": 94,
      "Comments": 123,
      "CodeLines": 264
    },
    {
      "File": "src/zcl_demo_abap_amdp.clas.abap",
      "Lines": 371,
      "BlankLines": 60,
      "Comments": 66,
      "CodeLines": 245
    },
    {
      "File": "src/zcl_demo_abap_rap_m_as.clas.abap",
      "Lines": 318,
      "BlankLines": 32,
      "Comments": 51,
      "CodeLines": 235
    },
    {
      "File": "src/zdemo_abap_flsch.tabl.xml",
      "Lines": 199,
      "BlankLines": 0,
      "Comments": 0,
      "CodeLines": 199
    },
    {
      "File": "src/zdemo_abap_fli.tabl.xml",
      "Lines": 182,
      "BlankLines": 0,
      "Comments": 0,
      "CodeLines": 182
    },
    {
      "File": "src/zbp_demo_abap_rap_draft_m.clas.locals_imp.abap",
      "Lines": 240,
      "BlankLines": 58,
      "Comments": 15,
      "CodeLines": 167
    },
    {
      "File": "src/zcl_demo_abap_sql_group_by.clas.abap",
      "Lines": 181,
      "BlankLines": 40,
      "Comments": 3,
      "CodeLines": 138
    },
    {
      "File": "src/zdemo_abap_draft.tabl.xml",
      "Lines": 117,
      "BlankLines": 0,
      "Comments": 0,
      "CodeLines": 117
    },
    {
      "File": "src/zcl_demo_abap_date_time.clas.locals_imp.abap",
      "Lines": 133,
      "BlankLines": 15,
      "Comments": 6,
      "CodeLines": 112
    },
    {
      "File": "src/zdemo_abap_tabca.tabl.xml",
      "Lines": 99,
      "BlankLines": 0,
      "Comments": 0,
      "CodeLines": 99
    },
    {
      "File": "src/zbp_demo_abap_rap_ro_m.clas.locals_imp.abap",
      "Lines": 124,
      "BlankLines": 24,
      "Comments": 6,
      "CodeLines": 94
    },
    {
      "File": "src/zdemo_abap_tab1.tabl.xml",
      "Lines": 91,
      "BlankLines": 0,
      "Comments": 0,
      "CodeLines": 91
    },
    {
      "File": "src/zdemo_abap_rapt1.tabl.xml",
      "Lines": 91,
      "BlankLines": 0,
      "Comments": 0,
      "CodeLines": 91
    },
    {
      "File": "src/zdemo_abap_rapt2.tabl.xml",
      "Lines": 84,
      "BlankLines": 0,
      "Comments": 0,
      "CodeLines": 84
    },
    {
      "File": "src/zdemo_abap_carr.tabl.xml",
      "Lines": 84,
      "BlankLines": 0,
      "Comments": 0,
      "CodeLines": 84
    },
    {
      "File": "src/zdemo_abap_tab2.tabl.xml",
      "Lines": 82,
      "BlankLines": 0,
      "Comments": 0,
      "CodeLines": 82
    },
    {
      "File": "src/zbp_demo_abap_rap_ro_m_as.clas.locals_imp.abap",
      "Lines": 109,
      "BlankLines": 27,
      "Comments": 2,
      "CodeLines": 80
    },
    {
      "File": "src/zcl_demo_abap_rap_evt_handler.clas.locals_imp.abap",
      "Lines": 75,
      "BlankLines": 10,
      "Comments": 8,
      "CodeLines": 57
    },
    {
      "File": "src/zcl_demo_abap_unit_test.clas.locals_imp.abap",
      "Lines": 73,
      "BlankLines": 18,
      "Comments": 2,
      "CodeLines": 53
    },
    {
      "File": "src/zdemo_abap_st_carrhtml.xslt.source.xml",
      "Lines": 48,
      "BlankLines": 2,
      "Comments": 0,
      "CodeLines": 46
    },
    {
      "File": "src/ezdemo_abap_lock.enqu.xml",
      "Lines": 44,
      "BlankLines": 0,
      "Comments": 0,
      "CodeLines": 44
    },
    {
      "File": "src/zdemo_abap_rap_ro_u.bdef.xml",
      "Lines": 39,
      "BlankLines": 0,
      "Comments": 0,
      "CodeLines": 39
    },
    {
      "File": "src/zdemo_abap_rap_ro_m_as.bdef.xml",
      "Lines": 39,
      "BlankLines": 0,
      "Comments": 0,
      "CodeLines": 39
    },
    {
      "File": "src/zdemo_abap_rap_ro_m.bdef.xml",
      "Lines": 39,
      "BlankLines": 0,
      "Comments": 0,
      "CodeLines": 39
    },
    {
      "File": "src/zdemo_abap_rap_draft_m.bdef.xml",
      "Lines": 39,
      "BlankLines": 0,
      "Comments": 0,
      "CodeLines": 39
    },
    {
      "File": "src/zcl_demo_abap_objects_friend.clas.abap",
      "Lines": 46,
      "BlankLines": 9,
      "Comments": 6,
      "CodeLines": 31
    },
    {
      "File": "src/zdemo_abap_objects_interface.intf.abap",
      "Lines": 39,
      "BlankLines": 7,
      "Comments": 2,
      "CodeLines": 30
    },
    {
      "File": "src/zdemo_abap_get_data_itf.intf.abap",
      "Lines": 31,
      "BlankLines": 3,
      "Comments": 2,
      "CodeLines": 26
    },
    {
      "File": "src/zcl_demo_abap_constructor_expr.clas.locals_imp.abap",
      "Lines": 27,
      "BlankLines": 4,
      "Comments": 2,
      "CodeLines": 21
    },
    {
      "File": "src/zdemo_abap_st_strhtml.xslt.source.xml",
      "Lines": 20,
      "BlankLines": 0,
      "Comments": 0,
      "CodeLines": 20
    },
    {
      "File": "src/zcl_demo_abap_rap_evt_handler.clas.abap",
      "Lines": 23,
      "BlankLines": 3,
      "Comments": 0,
      "CodeLines": 20
    },
    {
      "File": ".abapgit.xml",
      "Lines": 20,
      "BlankLines": 0,
      "Comments": 0,
      "CodeLines": 20
    },
    {
      "File": "src/zdemo_abap_rap_calc_sd.srvd.xml",
      "Lines": 19,
      "BlankLines": 0,
      "Comments": 0,
      "CodeLines": 19
    },
    {
      "File": "src/zdemo_abap_xslt_fl.xslt.source.xml",
      "Lines": 20,
      "BlankLines": 1,
      "Comments": 0,
      "CodeLines": 19
    },
    {
      "File": "src/zbp_demo_abap_rap_ro_u.clas.xml",
      "Lines": 18,
      "BlankLines": 0,
      "Comments": 0,
      "CodeLines": 18
    },
    {
      "File": "src/zcl_demo_abap_rap_evt_handler.clas.xml",
      "Lines": 18,
      "BlankLines": 0,
      "Comments": 0,
      "CodeLines": 18
    },
    {
      "File": "src/zbp_demo_abap_rap_ro_m_as.clas.xml",
      "Lines": 18,
      "BlankLines": 0,
      "Comments": 0,
      "CodeLines": 18
    },
    {
      "File": "src/zbp_demo_abap_rap_draft_m.clas.xml",
      "Lines": 18,
      "BlankLines": 0,
      "Comments": 0,
      "CodeLines": 18
    },
    {
      "File": "src/zbp_demo_abap_rap_ro_m.clas.xml",
      "Lines": 18,
      "BlankLines": 0,
      "Comments": 0,
      "CodeLines": 18
    },
    {
      "File": "src/zcl_demo_abap_unit_test.clas.xml",
      "Lines": 17,
      "BlankLines": 0,
      "Comments": 0,
      "CodeLines": 17
    },
    {
      "File": "src/zcl_demo_abap_xml_json.clas.xml",
      "Lines": 16,
      "BlankLines": 0,
      "Comments": 0,
      "CodeLines": 16
    },
    {
      "File": "src/zcl_demo_abap_rap_ext_num_u.clas.xml",
      "Lines": 16,
      "BlankLines": 0,
      "Comments": 0,
      "CodeLines": 16
    },
    {
      "File": "src/zcl_demo_abap_string_proc.clas.xml",
      "Lines": 16,
      "BlankLines": 0,
      "Comments": 0,
      "CodeLines": 16
    },
    {
      "File": "src/zcl_demo_abap_date_time.clas.xml",
      "Lines": 16,
      "BlankLines": 0,
      "Comments": 0,
      "CodeLines": 16
    },
    {
      "File": "src/zcl_demo_abap_dynamic_prog.clas.xml",
      "Lines": 16,
      "BlankLines": 0,
      "Comments": 0,
      "CodeLines": 16
    },
    {
      "File": "src/zcl_demo_abap_constructor_expr.clas.xml",
      "Lines": 16,
      "BlankLines": 0,
      "Comments": 0,
      "CodeLines": 16
    },
    {
      "File": "src/zcl_demo_abap_sql_group_by.clas.xml",
      "Lines": 16,
      "BlankLines": 0,
      "Comments": 0,
      "CodeLines": 16
    },
    {
      "File": "src/zcl_demo_abap_sql.clas.xml",
      "Lines": 16,
      "BlankLines": 0,
      "Comments": 0,
      "CodeLines": 16
    },
    {
      "File": "src/zcl_demo_abap_dtype_dobj.clas.xml",
      "Lines": 16,
      "BlankLines": 0,
      "Comments": 0,
      "CodeLines": 16
    },
    {
      "File": "src/zcl_demo_abap_internal_tables.clas.xml",
      "Lines": 16,
      "BlankLines": 0,
      "Comments": 0,
      "CodeLines": 16
    },
    {
      "File": "src/zcl_demo_abap_rap_m_as.clas.xml",
      "Lines": 16,
      "BlankLines": 0,
      "Comments": 0,
      "CodeLines": 16
    },
    {
      "File": "src/zcl_demo_abap_cloud_excursion.clas.xml",
      "Lines": 16,
      "BlankLines": 0,
      "Comments": 0,
      "CodeLines": 16
    },
    {
      "File": "src/zcl_demo_abap_objects.clas.xml",
      "Lines": 16,
      "BlankLines": 0,
      "Comments": 0,
      "CodeLines": 16
    },
    {
      "File": "src/zcl_demo_abap_objects_friend.clas.xml",
      "Lines": 16,
      "BlankLines": 0,
      "Comments": 0,
      "CodeLines": 16
    },
    {
      "File": "src/zcl_demo_abap_cds_ve.clas.xml",
      "Lines": 16,
      "BlankLines": 0,
      "Comments": 0,
      "CodeLines": 16
    },
    {
      "File": "src/zcl_demo_abap_prog_flow_logic.clas.xml",
      "Lines": 16,
      "BlankLines": 0,
      "Comments": 0,
      "CodeLines": 16
    },
    {
      "File": "src/zcl_demo_abap_aux.clas.xml",
      "Lines": 16,
      "BlankLines": 0,
      "Comments": 0,
      "CodeLines": 16
    },
    {
      "File": "src/zcl_demo_abap_rap_draft_ln_m.clas.xml",
      "Lines": 16,
      "BlankLines": 0,
      "Comments": 0,
      "CodeLines": 16
    },
    {
      "File": "src/zcl_demo_abap_amdp.clas.xml",
      "Lines": 16,
      "BlankLines": 0,
      "Comments": 0,
      "CodeLines": 16
    },
    {
      "File": "src/zcl_demo_abap_structures.clas.xml",
      "Lines": 16,
      "BlankLines": 0,
      "Comments": 0,
      "CodeLines": 16
    },
    {
      "File": "src/zcl_demo_abap_rap_ext_num_m.clas.xml",
      "Lines": 16,
      "BlankLines": 0,
      "Comments": 0,
      "CodeLines": 16
    },
    {
      "File": "src/zdemo_abap_objects_interface.intf.xml",
      "Lines": 15,
      "BlankLines": 0,
      "Comments": 0,
      "CodeLines": 15
    },
    {
      "File": "src/zdemo_abap_get_data_itf.intf.xml",
      "Lines": 15,
      "BlankLines": 0,
      "Comments": 0,
      "CodeLines": 15
    },
    {
      "File": "src/zbp_demo_abap_rap_draft_m.clas.abap",
      "Lines": 20,
      "BlankLines": 3,
      "Comments": 3,
      "CodeLines": 14
    },
    {
      "File": "src/zbp_demo_abap_rap_ro_u.clas.abap",
      "Lines": 20,
      "BlankLines": 3,
      "Comments": 3,
      "CodeLines": 14
    },
    {
      "File": "src/zbp_demo_abap_rap_ro_m.clas.abap",
      "Lines": 20,
      "BlankLines": 3,
      "Comments": 3,
      "CodeLines": 14
    },
    {
      "File": "src/zdemo_abap_rap_ro_m_as.ddls.xml",
      "Lines": 13,
      "BlankLines": 0,
      "Comments": 0,
      "CodeLines": 13
    },
    {
      "File": "src/zdemo_abap_cds_ve_assoc_e.ddls.xml",
      "Lines": 13,
      "BlankLines": 0,
      "Comments": 0,
      "CodeLines": 13
    },
    {
      "File": "src/zdemo_abap_rap_ch_u.ddls.xml",
      "Lines": 13,
      "BlankLines": 0,
      "Comments": 0,
      "CodeLines": 13
    },
    {
      "File": "src/zdemo_abap_table_function.ddls.xml",
      "Lines": 13,
      "BlankLines": 0,
      "Comments": 0,
      "CodeLines": 13
    },
    {
      "File": "src/zdemo_abap_rap_draft_m.ddls.xml",
      "Lines": 13,
      "BlankLines": 0,
      "Comments": 0,
      "CodeLines": 13
    },
    {
      "File": "src/zdemo_abap_cds_ve_sel.ddls.xml",
      "Lines": 13,
      "BlankLines": 0,
      "Comments": 0,
      "CodeLines": 13
    },
    {
      "File": "src/zdemo_abap_rap_ro_m.ddls.xml",
      "Lines": 13,
      "BlankLines": 0,
      "Comments": 0,
      "CodeLines": 13
    },
    {
      "File": "src/zdemo_abap_cds_ve_joins.ddls.xml",
      "Lines": 13,
      "BlankLines": 0,
      "Comments": 0,
      "CodeLines": 13
    },
    {
      "File": "src/zdemo_abap_flsch_ve.ddls.xml",
      "Lines": 13,
      "BlankLines": 0,
      "Comments": 0,
      "CodeLines": 13
    },
    {
      "File": "src/zdemo_abap_fli_ve.ddls.xml",
      "Lines": 13,
      "BlankLines": 0,
      "Comments": 0,
      "CodeLines": 13
    },
    {
      "File": "src/zdemo_abap_rap_ro_u.ddls.xml",
      "Lines": 13,
      "BlankLines": 0,
      "Comments": 0,
      "CodeLines": 13
    },
    {
      "File": "src/zdemo_abap_rap_ch_m.ddls.xml",
      "Lines": 13,
      "BlankLines": 0,
      "Comments": 0,
      "CodeLines": 13
    },
    {
      "File": "src/zdemo_abap_cds_ve_assoc.ddls.xml",
      "Lines": 13,
      "BlankLines": 0,
      "Comments": 0,
      "CodeLines": 13
    },
    {
      "File": "src/zdemo_abap_cds_ve_agg_exp.ddls.xml",
      "Lines": 13,
      "BlankLines": 0,
      "Comments": 0,
      "CodeLines": 13
    },
    {
      "File": "src/zdemo_abap_abstract_ent.ddls.xml",
      "Lines": 13,
      "BlankLines": 0,
      "Comments": 0,
      "CodeLines": 13
    },
    {
      "File": "src/zdemo_abap_carr_ve.ddls.xml",
      "Lines": 13,
      "BlankLines": 0,
      "Comments": 0,
      "CodeLines": 13
    },
    {
      "File": "src/zdemo_abap_st_strhtml.xslt.xml",
      "Lines": 12,
      "BlankLines": 0,
      "Comments": 0,
      "CodeLines": 12
    },
    {
      "File": "src/zdemo_abap_st_carrhtml.xslt.xml",
      "Lines": 12,
      "BlankLines": 0,
      "Comments": 0,
      "CodeLines": 12
    },
    {
      "File": "src/zdemo_abap_xslt_fl.xslt.xml",
      "Lines": 12,
      "BlankLines": 0,
      "Comments": 0,
      "CodeLines": 12
    },
    {
      "File": "src/package.devc.xml",
      "Lines": 10,
      "BlankLines": 0,
      "Comments": 0,
      "CodeLines": 10
    },
    {
      "File": "src/zcl_demo_abap_prog_flow_logic.clas.locals_def.abap",
      "Lines": 11,
      "BlankLines": 3,
      "Comments": 0,
      "CodeLines": 8
    },
    {
      "File": "src/zbp_demo_abap_rap_ro_m_as.clas.abap",
      "Lines": 7,
      "BlankLines": 1,
      "Comments": 0,
      "CodeLines": 6
    },
    {
      "File": "src/zcl_demo_abap_unit_test.clas.locals_def.abap",
      "Lines": 4,
      "BlankLines": 0,
      "Comments": 0,
      "CodeLines": 4
    }
  ]
}