{
  "TotalLines": 7419,
  "TotalBlankLines": 621,
  "TotalComments": 780,
  "TotalCodeLines": 6018,
  "Results": [
    {
      "File": "ToolsQA/Feature/hybride/MCO/MCO_RM1_2019.feature.cs",
      "Lines": 982,
      "BlankLines": 40,
      "Comments": 9,
      "CodeLines": 933
    },
    {
      "File": "ToolsQA/Feature/hybride/MCO/MCO_RM1_20191.feature.cs",
      "Lines": 983,
      "BlankLines": 41,
      "Comments": 9,
      "CodeLines": 933
    },
    {
      "File": "ToolsQA/Feature/hybride/MCO/MCO_RM3_2018.feature.cs",
      "Lines": 639,
      "BlankLines": 28,
      "Comments": 9,
      "CodeLines": 602
    },
    {
      "File": "ToolsQA/OracleDatabase/Dropoff/GetParameterFromDB_Dropoff.cs",
      "Lines": 450,
      "BlankLines": 46,
      "Comments": 143,
      "CodeLines": 261
    },
    {
      "File": "ToolsQA/OracleDatabase/Inventory/GetParameterFromDB_Inventory.cs",
      "Lines": 450,
      "BlankLines": 47,
      "Comments": 143,
      "CodeLines": 260
    },
    {
      "File": "ToolsQA/Feature/hybride/MCO/MCO_RM1_2019.feature.xlsx.cs",
      "Lines": 269,
      "BlankLines": 27,
      "Comments": 9,
      "CodeLines": 233
    },
    {
      "File": "ToolsQA/Feature/Configuration/Configuration.feature.cs",
      "Lines": 220,
      "BlankLines": 20,
      "Comments": 9,
      "CodeLines": 191
    },
    {
      "File": "ToolsQA/Feature/Configuration/Configuration1.feature.cs",
      "Lines": 221,
      "BlankLines": 21,
      "Comments": 9,
      "CodeLines": 191
    },
    {
      "File": "ToolsQA/OracleDatabase/Pickup/GetParameterFromDB_Pickup.cs",
      "Lines": 314,
      "BlankLines": 29,
      "Comments": 96,
      "CodeLines": 189
    },
    {
      "File": "ToolsQA/PageObjects/Configuration_page.cs",
      "Lines": 213,
      "BlankLines": 35,
      "Comments": 3,
      "CodeLines": 175
    },
    {
      "File": "ToolsQA/OracleDatabase/Pickup/ComparisonByCountry_Pickup.cs",
      "Lines": 167,
      "BlankLines": 3,
      "Comments": 12,
      "CodeLines": 152
    },
    {
      "File": "ToolsQA/Feature/Configuration/Configuration.feature.xlsx.feature.cs",
      "Lines": 174,
      "BlankLines": 20,
      "Comments": 9,
      "CodeLines": 145
    },
    {
      "File": "ToolsQA/Feature/hybride/Configuration/Configuration.feature.xlsx.cs",
      "Lines": 173,
      "BlankLines": 19,
      "Comments": 9,
      "CodeLines": 145
    },
    {
      "File": "ToolsQA/Feature/Configuration/Configuration.feature.xlsx.cs",
      "Lines": 173,
      "BlankLines": 19,
      "Comments": 9,
      "CodeLines": 145
    },
    {
      "File": "ToolsQA/Feature/Regles/Regles.feature.cs",
      "Lines": 151,
      "BlankLines": 16,
      "Comments": 9,
      "CodeLines": 126
    },
    {
      "File": "ToolsQA/Feature/hybride/MCO/MCO_RM3_2018.feature.xlsx.cs",
      "Lines": 149,
      "BlankLines": 17,
      "Comments": 9,
      "CodeLines": 123
    },
    {
      "File": "ToolsQA/AppStepDefinitions/Configuration.cs",
      "Lines": 123,
      "BlankLines": 9,
      "Comments": 0,
      "CodeLines": 114
    },
    {
      "File": "ToolsQA/OracleDatabase/Dropoff/ComparisonByCountry_Dropoff.cs",
      "Lines": 137,
      "BlankLines": 3,
      "Comments": 24,
      "CodeLines": 110
    },
    {
      "File": "ToolsQA/AppStepDefinitions/Common_hybride.cs",
      "Lines": 125,
      "BlankLines": 18,
      "Comments": 9,
      "CodeLines": 98
    },
    {
      "File": "ToolsQA/OracleDatabase/Reception/GetParameterFromDB_Reception.cs",
      "Lines": 168,
      "BlankLines": 19,
      "Comments": 54,
      "CodeLines": 95
    },
    {
      "File": "ToolsQA/OracleDatabase/Collection/GetParameterFromDB_Collection.cs",
      "Lines": 170,
      "BlankLines": 20,
      "Comments": 55,
      "CodeLines": 95
    },
    {
      "File": "ToolsQA/Browser/Browser.cs",
      "Lines": 124,
      "BlankLines": 18,
      "Comments": 20,
      "CodeLines": 86
    },
    {
      "File": "ToolsQA/PageObjects/Regle_page.cs",
      "Lines": 103,
      "BlankLines": 25,
      "Comments": 4,
      "CodeLines": 74
    },
    {
      "File": "ToolsQA/OracleDatabase/Inventory/ComparisonByCountry_Inventory.cs",
      "Lines": 85,
      "BlankLines": 4,
      "Comments": 8,
      "CodeLines": 73
    },
    {
      "File": "ToolsQA/Feature/Figer/Figer.feature.cs",
      "Lines": 87,
      "BlankLines": 12,
      "Comments": 9,
      "CodeLines": 66
    },
    {
      "File": "ToolsQA/AppStepDefinitions/Regles.cs",
      "Lines": 69,
      "BlankLines": 4,
      "Comments": 4,
      "CodeLines": 61
    },
    {
      "File": "ToolsQA/PageObjects/Application_page.cs",
      "Lines": 57,
      "BlankLines": 8,
      "Comments": 0,
      "CodeLines": 49
    },
    {
      "File": "ToolsQA/TestDataAccess/ExcelFile.cs",
      "Lines": 75,
      "BlankLines": 12,
      "Comments": 15,
      "CodeLines": 48
    },
    {
      "File": "ToolsQA/PageObjects/LoginPage_hybride.cs",
      "Lines": 56,
      "BlankLines": 6,
      "Comments": 4,
      "CodeLines": 46
    },
    {
      "File": "ToolsQA/OracleDatabase/Reception/ComparisonByCountry_Reception.cs",
      "Lines": 51,
      "BlankLines": 4,
      "Comments": 2,
      "CodeLines": 45
    },
    {
      "File": "ToolsQA/OracleDatabase/oracleRequest.cs",
      "Lines": 68,
      "BlankLines": 7,
      "Comments": 17,
      "CodeLines": 44
    },
    {
      "File": "ToolsQA/PageObjects/Hybride/HomePage_hybride.cs",
      "Lines": 42,
      "BlankLines": 6,
      "Comments": 0,
      "CodeLines": 36
    },
    {
      "File": "ToolsQA/OracleDatabase/Collection/ComparisonByCountry_Collection.cs",
      "Lines": 44,
      "BlankLines": 5,
      "Comments": 7,
      "CodeLines": 32
    },
    {
      "File": "ToolsQA/Properties/AssemblyInfo.cs",
      "Lines": 36,
      "BlankLines": 4,
      "Comments": 17,
      "CodeLines": 15
    },
    {
      "File": "ToolsQA/Browser/CustomRemoteWebDriver.cs",
      "Lines": 36,
      "BlankLines": 7,
      "Comments": 15,
      "CodeLines": 14
    },
    {
      "File": "ToolsQA/AppStepDefinitions/Figer.cs",
      "Lines": 35,
      "BlankLines": 2,
      "Comments": 20,
      "CodeLines": 13
    }
  ]
}