{
  "TotalLines": 1081,
  "TotalBlankLines": 157,
  "TotalComments": 44,
  "TotalCodeLines": 880,
  "Results": [
    {
      "File": "sam/template.yaml",
      "Lines": 118,
      "BlankLines": 9,
      "Comments": 9,
      "CodeLines": 100
    },
    {
      "File": "serverless/native/rspec3649/resources.yml",
      "Lines": 105,
      "BlankLines": 6,
      "Comments": 3,
      "CodeLines": 96
    },
    {
      "File": "serverless/wsgi/simpledb/simpledb.py",
      "Lines": 104,
      "BlankLines": 18,
      "Comments": 3,
      "CodeLines": 83
    },
    {
      "File": "serverless/wsgi/rds/rds.py",
      "Lines": 93,
      "BlankLines": 14,
      "Comments": 4,
      "CodeLines": 75
    },
    {
      "File": "serverless/wsgi/rds/serverless.yml",
      "Lines": 62,
      "BlankLines": 4,
      "Comments": 0,
      "CodeLines": 58
    },
    {
      "File": "serverless/native/serverless.yml",
      "Lines": 62,
      "BlankLines": 10,
      "Comments": 0,
      "CodeLines": 52
    },
    {
      "File": "serverless/native/rspec5147/resources.yml",
      "Lines": 48,
      "BlankLines": 1,
      "Comments": 0,
      "CodeLines": 47
    },
    {
      "File": "serverless/native/handler.py",
      "Lines": 60,
      "BlankLines": 16,
      "Comments": 3,
      "CodeLines": 41
    },
    {
      "File": "serverless/native/rspec5147/dynamo/compliant.py",
      "Lines": 54,
      "BlankLines": 11,
      "Comments": 3,
      "CodeLines": 40
    },
    {
      "File": "serverless/native/rspec5147/handler.py",
      "Lines": 38,
      "BlankLines": 7,
      "Comments": 0,
      "CodeLines": 31
    },
    {
      "File": "serverless/wsgi/simpledb/serverless.yml",
      "Lines": 34,
      "BlankLines": 5,
      "Comments": 0,
      "CodeLines": 29
    },
    {
      "File": "serverless/native/rspec3649/handler.py",
      "Lines": 34,
      "BlankLines": 6,
      "Comments": 0,
      "CodeLines": 28
    },
    {
      "File": "sam/src/index.py",
      "Lines": 28,
      "BlankLines": 2,
      "Comments": 2,
      "CodeLines": 24
    },
    {
      "File": "serverless/native/rspec5147/dynamo/noncompliant.py",
      "Lines": 37,
      "BlankLines": 9,
      "Comments": 6,
      "CodeLines": 22
    },
    {
      "File": "serverless/native/rspec3649/redshift/compliant.py",
      "Lines": 29,
      "BlankLines": 6,
      "Comments": 2,
      "CodeLines": 21
    },
    {
      "File": "serverless/native/rspec3649/athena/noncompliant.py",
      "Lines": 27,
      "BlankLines": 5,
      "Comments": 2,
      "CodeLines": 20
    },
    {
      "File": "serverless/native/rspec3649/athena/compliant.py",
      "Lines": 27,
      "BlankLines": 5,
      "Comments": 2,
      "CodeLines": 20
    },
    {
      "File": "serverless/native/rspec3649/redshift/noncompliant.py",
      "Lines": 22,
      "BlankLines": 5,
      "Comments": 2,
      "CodeLines": 15
    },
    {
      "File": "serverless/native/sub/handler.py",
      "Lines": 22,
      "BlankLines": 6,
      "Comments": 1,
      "CodeLines": 15
    },
    {
      "File": "sam/src/default.py",
      "Lines": 14,
      "BlankLines": 1,
      "Comments": 1,
      "CodeLines": 12
    },
    {
      "File": "sam/src/sub/index.py",
      "Lines": 14,
      "BlankLines": 1,
      "Comments": 1,
      "CodeLines": 12
    },
    {
      "File": "serverless/native/rspec3649/athena/database.py",
      "Lines": 11,
      "BlankLines": 2,
      "Comments": 0,
      "CodeLines": 9
    },
    {
      "File": "serverless/wsgi/rds/api.py",
      "Lines": 9,
      "BlankLines": 2,
      "Comments": 0,
      "CodeLines": 7
    },
    {
      "File": "serverless/native/sub/external.yml",
      "Lines": 6,
      "BlankLines": 0,
      "Comments": 0,
      "CodeLines": 6
    },
    {
      "File": "serverless/wsgi/simpledb/api.py",
      "Lines": 8,
      "BlankLines": 2,
      "Comments": 0,
      "CodeLines": 6
    },
    {
      "File": "serverless/native/rspec3649/redshift/database.py",
      "Lines": 8,
      "BlankLines": 2,
      "Comments": 0,
      "CodeLines": 6
    },
    {
      "File": "serverless/native/rspec5147/dynamo/database.py",
      "Lines": 7,
      "BlankLines": 2,
      "Comments": 0,
      "CodeLines": 5
    }
  ]
}