{
  "TotalLines": 14357,
  "TotalBlankLines": 1505,
  "TotalComments": 978,
  "TotalCodeLines": 11874,
  "Results": [
    {
      "File": "src/nnn.c",
      "Lines": 8991,
      "BlankLines": 1353,
      "Comments": 637,
      "CodeLines": 7001
    },
    {
      "File": "src/icons-in-terminal.h",
      "Lines": 3736,
      "BlankLines": 3,
      "Comments": 0,
      "CodeLines": 3733
    },
    {
      "File": "src/icons.h",
      "Lines": 445,
      "BlankLines": 45,
      "Comments": 70,
      "CodeLines": 330
    },
    {
      "File": "src/icons-hash.c",
      "Lines": 291,
      "BlankLines": 35,
      "Comments": 26,
      "CodeLines": 230
    },
    {
      "File": "src/nnn.h",
      "Lines": 289,
      "BlankLines": 8,
      "Comments": 94,
      "CodeLines": 187
    },
    {
      "File": "misc/packagecore/packagecore.yaml",
      "Lines": 141,
      "BlankLines": 0,
      "Comments": 20,
      "CodeLines": 121
    },
    {
      "File": "src/qsort.h",
      "Lines": 186,
      "BlankLines": 11,
      "Comments": 87,
      "CodeLines": 88
    },
    {
      "File": "misc/haiku/nm.cpp",
      "Lines": 83,
      "BlankLines": 14,
      "Comments": 1,
      "CodeLines": 68
    },
    {
      "File": "src/dbg.h",
      "Lines": 91,
      "BlankLines": 12,
      "Comments": 29,
      "CodeLines": 50
    },
    {
      "File": "misc/macos-legacy/mach_gettime.c",
      "Lines": 42,
      "BlankLines": 9,
      "Comments": 2,
      "CodeLines": 31
    },
    {
      "File": "misc/haiku/haiku_interop.h",
      "Lines": 14,
      "BlankLines": 2,
      "Comments": 0,
      "CodeLines": 12
    },
    {
      "File": "misc/macos-legacy/mach_gettime.h",
      "Lines": 28,
      "BlankLines": 8,
      "Comments": 8,
      "CodeLines": 12
    },
    {
      "File": "misc/test/plot-bench.py",
      "Lines": 20,
      "BlankLines": 5,
      "Comments": 4,
      "CodeLines": 11
    }
  ]
}