{
  "TotalLines": 52410,
  "TotalBlankLines": 9778,
  "TotalComments": 1018,
  "TotalCodeLines": 41614,
  "Results": [
    {
      "File": "dist/css/theme.css",
      "Lines": 20733,
      "BlankLines": 3566,
      "Comments": 156,
      "CodeLines": 17011
    },
    {
      "File": "dist/vendors/fontawesome/js/all.js",
      "Lines": 4466,
      "BlankLines": 381,
      "Comments": 61,
      "CodeLines": 4024
    },
    {
      "File": "dist/vendors/fontawesome/css/all.css",
      "Lines": 4616,
      "BlankLines": 1500,
      "Comments": 6,
      "CodeLines": 3110
    },
    {
      "File": "dist/vendors/fontawesome/css/fontawesome.css",
      "Lines": 4582,
      "BlankLines": 1497,
      "Comments": 6,
      "CodeLines": 3079
    },
    {
      "File": "dist/vendors/fontawesome/js/fontawesome.js",
      "Lines": 2483,
      "BlankLines": 315,
      "Comments": 43,
      "CodeLines": 2125
    },
    {
      "File": "dist/vendors/fontawesome/css/v4-shims.css",
      "Lines": 2172,
      "BlankLines": 612,
      "Comments": 4,
      "CodeLines": 1556
    },
    {
      "File": "dist/vendors/fontawesome/js/solid.js",
      "Lines": 1130,
      "BlankLines": 22,
      "Comments": 10,
      "CodeLines": 1098
    },
    {
      "File": "pkg/devops/getbitbucket/getbitbucket.go",
      "Lines": 1155,
      "BlankLines": 197,
      "Comments": 19,
      "CodeLines": 939
    },
    {
      "File": "pkg/devops/getbitbucketdc/getbitbucketdc.go",
      "Lines": 1097,
      "BlankLines": 182,
      "Comments": 5,
      "CodeLines": 910
    },
    {
      "File": "golc.go",
      "Lines": 1178,
      "BlankLines": 204,
      "Comments": 86,
      "CodeLines": 888
    },
    {
      "File": "pkg/devops/getgithub/getgithub.go",
      "Lines": 1084,
      "BlankLines": 153,
      "Comments": 58,
      "CodeLines": 873
    },
    {
      "File": "dist/vendors/fontawesome/js/conflict-detection.js",
      "Lines": 998,
      "BlankLines": 145,
      "Comments": 179,
      "CodeLines": 674
    },
    {
      "File": "pkg/devops/getbitbucket/v2/getbitbucket.go",
      "Lines": 801,
      "BlankLines": 141,
      "Comments": 18,
      "CodeLines": 642
    },
    {
      "File": "pkg/devops/getazure/getazure.go",
      "Lines": 728,
      "BlankLines": 131,
      "Comments": 31,
      "CodeLines": 566
    },
    {
      "File": "dist/vendors/fontawesome/js/brands.js",
      "Lines": 585,
      "BlankLines": 22,
      "Comments": 10,
      "CodeLines": 553
    },
    {
      "File": "pkg/devops/getgitlab/getgitlab.go",
      "Lines": 757,
      "BlankLines": 147,
      "Comments": 79,
      "CodeLines": 531
    },
    {
      "File": "ResultsAll.go",
      "Lines": 550,
      "BlankLines": 98,
      "Comments": 26,
      "CodeLines": 426
    },
    {
      "File": "dist/js/theme.js",
      "Lines": 487,
      "BlankLines": 74,
      "Comments": 25,
      "CodeLines": 388
    },
    {
      "File": "dist/vendors/fontawesome/css/svg-with-js.css",
      "Lines": 371,
      "BlankLines": 55,
      "Comments": 4,
      "CodeLines": 312
    },
    {
      "File": "dist/vendors/fontawesome/js/regular.js",
      "Lines": 280,
      "BlankLines": 22,
      "Comments": 10,
      "CodeLines": 248
    },
    {
      "File": "assets/languages.go",
      "Lines": 187,
      "BlankLines": 3,
      "Comments": 0,
      "CodeLines": 184
    },
    {
      "File": "pkg/goloc/goloc.go",
      "Lines": 228,
      "BlankLines": 39,
      "Comments": 12,
      "CodeLines": 177
    },
    {
      "File": "pkg/sorter/language_sorter.go",
      "Lines": 170,
      "BlankLines": 29,
      "Comments": 0,
      "CodeLines": 141
    },
    {
      "File": "pkg/scanner/scanner.go",
      "Lines": 212,
      "BlankLines": 29,
      "Comments": 56,
      "CodeLines": 127
    },
    {
      "File": "pkg/sorter/file_sorter.go",
      "Lines": 122,
      "BlankLines": 23,
      "Comments": 0,
      "CodeLines": 99
    },
    {
      "File": "pkg/devops/getgitlab/getgitlab1.go",
      "Lines": 125,
      "BlankLines": 26,
      "Comments": 4,
      "CodeLines": 95
    },
    {
      "File": "pkg/reporter/json/json_reporter.go",
      "Lines": 111,
      "BlankLines": 17,
      "Comments": 1,
      "CodeLines": 93
    },
    {
      "File": "pkg/sorter/sorter.go",
      "Lines": 101,
      "BlankLines": 10,
      "Comments": 0,
      "CodeLines": 91
    },
    {
      "File": "pkg/analyzer/analyzer.go",
      "Lines": 95,
      "BlankLines": 17,
      "Comments": 0,
      "CodeLines": 78
    },
    {
      "File": "pkg/getter/getter.go",
      "Lines": 97,
      "BlankLines": 19,
      "Comments": 3,
      "CodeLines": 75
    },
    {
      "File": "pkg/reporter/prompt/prompt_reporter.go",
      "Lines": 85,
      "BlankLines": 13,
      "Comments": 0,
      "CodeLines": 72
    },
    {
      "File": "pkg/gogit/gogit.go",
      "Lines": 92,
      "BlankLines": 20,
      "Comments": 4,
      "CodeLines": 68
    },
    {
      "File": "pkg/utils/filetest.go",
      "Lines": 78,
      "BlankLines": 13,
      "Comments": 4,
      "CodeLines": 61
    },
    {
      "File": "pkg/scanner/summary.go",
      "Lines": 67,
      "BlankLines": 7,
      "Comments": 0,
      "CodeLines": 60
    },
    {
      "File": "dist/vendors/fontawesome/js/v4-shims.js",
      "Lines": 68,
      "BlankLines": 11,
      "Comments": 4,
      "CodeLines": 53
    },
    {
      "File": "pkg/utils/logger.go",
      "Lines": 50,
      "BlankLines": 10,
      "Comments": 4,
      "CodeLines": 36
    },
    {
      "File": "pkg/utils/annalyse.go",
      "Lines": 44,
      "BlankLines": 7,
      "Comments": 2,
      "CodeLines": 35
    },
    {
      "File": "pkg/utils/display_format.go",
      "Lines": 33,
      "BlankLines": 4,
      "Comments": 0,
      "CodeLines": 29
    },
    {
      "File": "assets/assets.go",
      "Lines": 20,
      "BlankLines": 2,
      "Comments": 0,
      "CodeLines": 18
    },
    {
      "File": "pkg/filesystem/filesystem.go",
      "Lines": 19,
      "BlankLines": 4,
      "Comments": 0,
      "CodeLines": 15
    },
    {
      "File": "dist/vendors/fontawesome/css/solid.css",
      "Lines": 16,
      "BlankLines": 1,
      "Comments": 4,
      "CodeLines": 11
    },
    {
      "File": "dist/vendors/fontawesome/css/regular.css",
      "Lines": 15,
      "BlankLines": 1,
      "Comments": 4,
      "CodeLines": 10
    },
    {
      "File": "dist/vendors/fontawesome/css/brands.css",
      "Lines": 15,
      "BlankLines": 1,
      "Comments": 4,
      "CodeLines": 10
    },
    {
      "File": "pkg/utils/convert_to_map.go",
      "Lines": 11,
      "BlankLines": 3,
      "Comments": 0,
      "CodeLines": 8
    },
    {
      "File": "pkg/goloc/language/language.go",
      "Lines": 10,
      "BlankLines": 3,
      "Comments": 0,
      "CodeLines": 7
    },
    {
      "File": "pkg/reporter/reporter.go",
      "Lines": 8,
      "BlankLines": 2,
      "Comments": 0,
      "CodeLines": 6
    },
    {
      "File": "dist/css/theme.min.css",
      "Lines": 2,
      "BlankLines": 0,
      "Comments": 1,
      "CodeLines": 1
    },
    {
      "File": "dist/vendors/chartjs/chart.js",
      "Lines": 20,
      "BlankLines": 0,
      "Comments": 19,
      "CodeLines": 1
    },
    {
      "File": "dist/vendors/fontawesome/css/all.min.css",
      "Lines": 4,
      "BlankLines": 0,
      "Comments": 4,
      "CodeLines": 0
    },
    {
      "File": "dist/vendors/fontawesome/css/v4-shims.min.css",
      "Lines": 4,
      "BlankLines": 0,
      "Comments": 4,
      "CodeLines": 0
    },
    {
      "File": "dist/vendors/fontawesome/css/fontawesome.min.css",
      "Lines": 4,
      "BlankLines": 0,
      "Comments": 4,
      "CodeLines": 0
    },
    {
      "File": "dist/vendors/fontawesome/js/solid.min.js",
      "Lines": 4,
      "BlankLines": 0,
      "Comments": 4,
      "CodeLines": 0
    },
    {
      "File": "dist/vendors/fontawesome/css/solid.min.css",
      "Lines": 4,
      "BlankLines": 0,
      "Comments": 4,
      "CodeLines": 0
    },
    {
      "File": "dist/vendors/fontawesome/js/all.min.js",
      "Lines": 4,
      "BlankLines": 0,
      "Comments": 4,
      "CodeLines": 0
    },
    {
      "File": "dist/vendors/fontawesome/css/regular.min.css",
      "Lines": 4,
      "BlankLines": 0,
      "Comments": 4,
      "CodeLines": 0
    },
    {
      "File": "dist/vendors/fontawesome/css/brands.min.css",
      "Lines": 4,
      "BlankLines": 0,
      "Comments": 4,
      "CodeLines": 0
    },
    {
      "File": "dist/vendors/fontawesome/js/brands.min.js",
      "Lines": 4,
      "BlankLines": 0,
      "Comments": 4,
      "CodeLines": 0
    },
    {
      "File": "dist/vendors/fontawesome/js/conflict-detection.min.js",
      "Lines": 4,
      "BlankLines": 0,
      "Comments": 4,
      "CodeLines": 0
    },
    {
      "File": "dist/vendors/fontawesome/css/svg-with-js.min.css",
      "Lines": 4,
      "BlankLines": 0,
      "Comments": 4,
      "CodeLines": 0
    },
    {
      "File": "dist/vendors/fontawesome/js/fontawesome.min.js",
      "Lines": 4,
      "BlankLines": 0,
      "Comments": 4,
      "CodeLines": 0
    },
    {
      "File": "dist/vendors/fontawesome/js/regular.min.js",
      "Lines": 4,
      "BlankLines": 0,
      "Comments": 4,
      "CodeLines": 0
    },
    {
      "File": "dist/vendors/fontawesome/js/v4-shims.min.js",
      "Lines": 4,
      "BlankLines": 0,
      "Comments": 4,
      "CodeLines": 0
    }
  ]
}