{
  "TotalLines": 236,
  "TotalBlankLines": 31,
  "TotalComments": 2,
  "TotalCodeLines": 203,
  "Results": [
    {
      "File": "pom.xml",
      "Lines": 69,
      "BlankLines": 4,
      "Comments": 0,
      "CodeLines": 65
    },
    {
      "File": "app-k8s/spring-demo.yaml",
      "Lines": 42,
      "BlankLines": 0,
      "Comments": 0,
      "CodeLines": 42
    },
    {
      "File": "src/test/java/com/sonarsource/springdemo/AppControllerTest.java",
      "Lines": 36,
      "BlankLines": 8,
      "Comments": 0,
      "CodeLines": 28
    },
    {
      "File": "src/main/java/com/sonarsource/springdemo/AppController.java",
      "Lines": 24,
      "BlankLines": 6,
      "Comments": 0,
      "CodeLines": 18
    },
    {
      "File": "src/main/java/com/sonarsource/springdemo/DataUtils.java",
      "Lines": 19,
      "BlankLines": 4,
      "Comments": 0,
      "CodeLines": 15
    },
    {
      "File": "src/test/java/com/sonarsource/springdemo/JavaSpringWebAppApplicationTests.java",
      "Lines": 19,
      "BlankLines": 5,
      "Comments": 0,
      "CodeLines": 14
    },
    {
      "File": "src/main/java/com/sonarsource/springdemo/JavaSpringWebAppApplication.java",
      "Lines": 13,
      "BlankLines": 4,
      "Comments": 0,
      "CodeLines": 9
    },
    {
      "File": "src/main/resources/data-h2.sql",
      "Lines": 7,
      "BlankLines": 0,
      "Comments": 1,
      "CodeLines": 6
    },
    {
      "File": "src/test/resources/data-h2.sql",
      "Lines": 7,
      "BlankLines": 0,
      "Comments": 1,
      "CodeLines": 6
    }
  ]
}