{
  "TotalLines": 91196,
  "TotalBlankLines": 13622,
  "TotalComments": 15682,
  "TotalCodeLines": 61892,
  "Results": [
    {
      "File": "web/app/plugins/wp-optimize-premium/js/select2/select2.js",
      "Lines": 6047,
      "BlankLines": 1179,
      "Comments": 304,
      "CodeLines": 4564
    },
    {
      "File": "web/app/plugins/wp-optimize-premium/js/handlebars/handlebars.js",
      "Lines": 5009,
      "BlankLines": 842,
      "Comments": 571,
      "CodeLines": 3596
    },
    {
      "File": "web/app/themes/kaza-pickup/app/custom-fields-block.php",
      "Lines": 2911,
      "BlankLines": 58,
      "Comments": 57,
      "CodeLines": 2796
    },
    {
      "File": "web/app/plugins/wp-optimize-premium/js/tablesorter/jquery.tablesorter.widgets.js",
      "Lines": 3178,
      "BlankLines": 125,
      "Comments": 478,
      "CodeLines": 2575
    },
    {
      "File": "web/app/plugins/wp-optimize-premium/js/tablesorter/jquery.tablesorter.js",
      "Lines": 2916,
      "BlankLines": 138,
      "Comments": 426,
      "CodeLines": 2352
    },
    {
      "File": "web/app/plugins/wp-optimize-premium/css/wp-optimize-admin.css",
      "Lines": 2360,
      "BlankLines": 485,
      "Comments": 38,
      "CodeLines": 1837
    },
    {
      "File": "web/app/themes/kaza-pickup/app/custom-fields.php",
      "Lines": 1388,
      "BlankLines": 11,
      "Comments": 12,
      "CodeLines": 1365
    },
    {
      "File": "web/app/plugins/wp-optimize-premium/css/jquery-ui.custom.css",
      "Lines": 1340,
      "BlankLines": 44,
      "Comments": 78,
      "CodeLines": 1218
    },
    {
      "File": "web/app/plugins/wp-optimize-premium/optimizations/images.php",
      "Lines": 2234,
      "BlankLines": 457,
      "Comments": 567,
      "CodeLines": 1210
    },
    {
      "File": "web/app/plugins/wp-optimize-premium/wp-optimize.php",
      "Lines": 2039,
      "BlankLines": 360,
      "Comments": 495,
      "CodeLines": 1184
    },
    {
      "File": "web/app/plugins/wp-optimize-premium/js/jquery-timepicker/jquery.timepicker.js",
      "Lines": 1398,
      "BlankLines": 218,
      "Comments": 68,
      "CodeLines": 1112
    },
    {
      "File": "web/app/plugins/wp-optimize-premium/vendor/yahnis-elsts/plugin-update-checker/vendor/ParsedownLegacy.php",
      "Lines": 1535,
      "BlankLines": 347,
      "Comments": 97,
      "CodeLines": 1091
    },
    {
      "File": "web/app/plugins/wp-optimize-premium/vendor/yahnis-elsts/plugin-update-checker/vendor/Parsedown.php",
      "Lines": 1537,
      "BlankLines": 345,
      "Comments": 102,
      "CodeLines": 1090
    },
    {
      "File": "web/app/plugins/wp-optimize-premium/js/wpoadmin.js",
      "Lines": 1780,
      "BlankLines": 283,
      "Comments": 408,
      "CodeLines": 1089
    },
    {
      "File": "web/app/plugins/wp-optimize-premium/js/handlebars/handlebars.runtime.js",
      "Lines": 1591,
      "BlankLines": 333,
      "Comments": 243,
      "CodeLines": 1015
    },
    {
      "File": "web/app/plugins/wp-optimize-premium/js/wpo-premium.js",
      "Lines": 1622,
      "BlankLines": 242,
      "Comments": 376,
      "CodeLines": 1004
    },
    {
      "File": "web/app/plugins/wp-optimize-premium/includes/class-updraft-smush-manager.php",
      "Lines": 1380,
      "BlankLines": 256,
      "Comments": 327,
      "CodeLines": 797
    },
    {
      "File": "web/app/plugins/wp-optimize-premium/css/smush.css",
      "Lines": 904,
      "BlankLines": 156,
      "Comments": 37,
      "CodeLines": 711
    },
    {
      "File": "web/app/plugins/wp-optimize-premium/js/wposmush.js",
      "Lines": 1106,
      "BlankLines": 168,
      "Comments": 241,
      "CodeLines": 697
    },
    {
      "File": "web/app/plugins/wp-optimize-premium/vendor/davidanderson684/simba-plugin-manager-updater/class-udm-updater.php",
      "Lines": 920,
      "BlankLines": 161,
      "Comments": 167,
      "CodeLines": 592
    },
    {
      "File": "web/app/plugins/wp-optimize-premium/cache/file-based-page-cache-functions.php",
      "Lines": 885,
      "BlankLines": 157,
      "Comments": 210,
      "CodeLines": 518
    },
    {
      "File": "web/app/plugins/wp-optimize-premium/cache/class-wpo-page-cache.php",
      "Lines": 870,
      "BlankLines": 171,
      "Comments": 228,
      "CodeLines": 471
    },
    {
      "File": "web/app/plugins/wp-optimize-premium/cache/class-wpo-cache-preloader.php",
      "Lines": 880,
      "BlankLines": 158,
      "Comments": 261,
      "CodeLines": 461
    },
    {
      "File": "web/app/plugins/wp-optimize-premium/css/admin.css",
      "Lines": 560,
      "BlankLines": 111,
      "Comments": 10,
      "CodeLines": 439
    },
    {
      "File": "web/app/plugins/wp-optimize-premium/vendor/yahnis-elsts/plugin-update-checker/Puc/v4p7/UpdateChecker.php",
      "Lines": 926,
      "BlankLines": 124,
      "Comments": 376,
      "CodeLines": 426
    },
    {
      "File": "web/app/plugins/wp-optimize-premium/js/jquery.blockUI.js",
      "Lines": 620,
      "BlankLines": 95,
      "Comments": 100,
      "CodeLines": 425
    },
    {
      "File": "web/app/plugins/wp-optimize-premium/css/select2/select2.css",
      "Lines": 481,
      "BlankLines": 56,
      "Comments": 0,
      "CodeLines": 425
    },
    {
      "File": "web/app/plugins/wp-optimize-premium/premium.php",
      "Lines": 657,
      "BlankLines": 100,
      "Comments": 175,
      "CodeLines": 382
    },
    {
      "File": "web/app/plugins/wp-optimize-premium/css/wpo-premium.css",
      "Lines": 477,
      "BlankLines": 92,
      "Comments": 11,
      "CodeLines": 374
    },
    {
      "File": "web/app/plugins/wp-optimize-premium/optimizations/transient.php",
      "Lines": 484,
      "BlankLines": 64,
      "Comments": 55,
      "CodeLines": 365
    },
    {
      "File": "web/app/plugins/wp-optimize-premium/includes/wp-optimize-database-information.php",
      "Lines": 560,
      "BlankLines": 105,
      "Comments": 135,
      "CodeLines": 320
    },
    {
      "File": "web/app/themes/kaza-pickup/resources/assets/styles/components/_hero.scss",
      "Lines": 376,
      "BlankLines": 62,
      "Comments": 8,
      "CodeLines": 306
    },
    {
      "File": "web/app/themes/kaza-pickup/resources/assets/styles/layouts/_header.scss",
      "Lines": 359,
      "BlankLines": 50,
      "Comments": 5,
      "CodeLines": 304
    },
    {
      "File": "web/app/plugins/wp-optimize-premium/includes/class-wp-optimizer.php",
      "Lines": 540,
      "BlankLines": 134,
      "Comments": 110,
      "CodeLines": 296
    },
    {
      "File": "web/app/plugins/wp-optimize-premium/js/cache.js",
      "Lines": 414,
      "BlankLines": 54,
      "Comments": 64,
      "CodeLines": 296
    },
    {
      "File": "web/app/themes/kaza-pickup/resources/assets/scripts/components/contact-page.js",
      "Lines": 328,
      "BlankLines": 21,
      "Comments": 16,
      "CodeLines": 291
    },
    {
      "File": "web/app/plugins/wp-optimize-premium/includes/class-updraft-smush-manager-commands.php",
      "Lines": 488,
      "BlankLines": 95,
      "Comments": 104,
      "CodeLines": 289
    },
    {
      "File": "web/app/plugins/wp-optimize-premium/minify/class-wp-optimize-minify-cache-functions.php",
      "Lines": 452,
      "BlankLines": 47,
      "Comments": 119,
      "CodeLines": 286
    },
    {
      "File": "web/app/plugins/wp-optimize-premium/vendor/team-updraft/common-libs/src/updraft-tasks/class-updraft-task.php",
      "Lines": 693,
      "BlankLines": 124,
      "Comments": 291,
      "CodeLines": 278
    },
    {
      "File": "web/app/themes/kaza-pickup/resources/assets/styles/components/_card.scss",
      "Lines": 328,
      "BlankLines": 52,
      "Comments": 11,
      "CodeLines": 265
    },
    {
      "File": "web/app/plugins/wp-optimize-premium/includes/class-wp-optimize-images-trash-manager.php",
      "Lines": 562,
      "BlankLines": 107,
      "Comments": 190,
      "CodeLines": 265
    },
    {
      "File": "Envoy.blade.php",
      "Lines": 344,
      "BlankLines": 63,
      "Comments": 17,
      "CodeLines": 264
    },
    {
      "File": "web/app/plugins/wp-optimize-premium/includes/class-commands.php",
      "Lines": 471,
      "BlankLines": 81,
      "Comments": 128,
      "CodeLines": 262
    },
    {
      "File": "web/app/plugins/wp-optimize-premium/includes/wp-optimize-notices.php",
      "Lines": 381,
      "BlankLines": 37,
      "Comments": 85,
      "CodeLines": 259
    },
    {
      "File": "web/app/plugins/wp-optimize-premium/vendor/composer/ClassLoader.php",
      "Lines": 445,
      "BlankLines": 44,
      "Comments": 148,
      "CodeLines": 253
    },
    {
      "File": "web/app/plugins/wp-optimize-premium/vendor/yahnis-elsts/plugin-update-checker/vendor/readme-parser.php",
      "Lines": 341,
      "BlankLines": 58,
      "Comments": 39,
      "CodeLines": 244
    },
    {
      "File": "web/app/plugins/wp-optimize-premium/includes/class-updraft-smush-task.php",
      "Lines": 459,
      "BlankLines": 91,
      "Comments": 127,
      "CodeLines": 241
    },
    {
      "File": "web/app/plugins/wp-optimize-premium/includes/class-wp-optimize-options.php",
      "Lines": 416,
      "BlankLines": 76,
      "Comments": 106,
      "CodeLines": 234
    },
    {
      "File": "web/app/plugins/wp-optimize-premium/js/wpo-images-view.js",
      "Lines": 377,
      "BlankLines": 49,
      "Comments": 94,
      "CodeLines": 234
    },
    {
      "File": "web/app/plugins/wp-optimize-premium/js/jquery.tablesorter.pager.js",
      "Lines": 432,
      "BlankLines": 66,
      "Comments": 133,
      "CodeLines": 233
    },
    {
      "File": "web/app/plugins/wp-optimize-premium/js/serialize-json/jquery.serializejson.js",
      "Lines": 344,
      "BlankLines": 50,
      "Comments": 68,
      "CodeLines": 226
    },
    {
      "File": "web/app/plugins/wp-optimize-premium/vendor/yahnis-elsts/plugin-update-checker/Puc/v4p7/Vcs/GitHubApi.php",
      "Lines": 413,
      "BlankLines": 49,
      "Comments": 141,
      "CodeLines": 223
    },
    {
      "File": "web/app/plugins/wp-optimize-premium/includes/class-wp-optimization.php",
      "Lines": 469,
      "BlankLines": 89,
      "Comments": 167,
      "CodeLines": 213
    },
    {
      "File": "web/app/plugins/wp-optimize-premium/templates/settings/settings-auto-cleanup.php",
      "Lines": 324,
      "BlankLines": 23,
      "Comments": 88,
      "CodeLines": 213
    },
    {
      "File": "web/app/themes/kaza-pickup/resources/assets/scripts/components/parcel-box.js",
      "Lines": 264,
      "BlankLines": 38,
      "Comments": 15,
      "CodeLines": 211
    },
    {
      "File": "web/app/plugins/wp-optimize-premium/includes/class-wp-optimize-cron-scheduler.php",
      "Lines": 345,
      "BlankLines": 50,
      "Comments": 91,
      "CodeLines": 204
    },
    {
      "File": "web/app/plugins/wp-optimize-premium/vendor/team-updraft/common-libs/src/updraft-semaphore/class-updraft-semaphore.php",
      "Lines": 373,
      "BlankLines": 64,
      "Comments": 115,
      "CodeLines": 194
    },
    {
      "File": "web/app/plugins/wp-optimize-premium/templates/images/smush.php",
      "Lines": 200,
      "BlankLines": 8,
      "Comments": 0,
      "CodeLines": 192
    },
    {
      "File": "web/app/plugins/wp-optimize-premium/vendor/team-updraft/common-libs/src/updraft-tasks/class-updraft-task-manager.php",
      "Lines": 385,
      "BlankLines": 82,
      "Comments": 113,
      "CodeLines": 190
    },
    {
      "File": "web/app/themes/kaza-pickup/resources/assets/styles/helpers/_mixins.scss",
      "Lines": 236,
      "BlankLines": 34,
      "Comments": 14,
      "CodeLines": 188
    },
    {
      "File": "web/app/plugins/wp-optimize-premium/vendor/yahnis-elsts/plugin-update-checker/Puc/v4p7/Plugin/Ui.php",
      "Lines": 277,
      "BlankLines": 23,
      "Comments": 68,
      "CodeLines": 186
    },
    {
      "File": "web/app/plugins/wp-optimize-premium/js/wpo-lazy-load.js",
      "Lines": 347,
      "BlankLines": 53,
      "Comments": 109,
      "CodeLines": 185
    },
    {
      "File": "web/app/themes/kaza-pickup/resources/assets/styles/components/_block-step.scss",
      "Lines": 227,
      "BlankLines": 37,
      "Comments": 5,
      "CodeLines": 185
    },
    {
      "File": "web/app/plugins/wp-optimize-premium/templates/minify/css-settings-tab.php",
      "Lines": 192,
      "BlankLines": 8,
      "Comments": 0,
      "CodeLines": 184
    },
    {
      "File": "web/app/plugins/wp-optimize-premium/includes/class-wp-optimize-browser-cache.php",
      "Lines": 283,
      "BlankLines": 47,
      "Comments": 55,
      "CodeLines": 181
    },
    {
      "File": "web/app/themes/kaza-pickup/resources/assets/styles/components/_block-parcel-box.scss",
      "Lines": 217,
      "BlankLines": 39,
      "Comments": 5,
      "CodeLines": 173
    },
    {
      "File": "web/app/plugins/wp-optimize-premium/vendor/yahnis-elsts/plugin-update-checker/Puc/v4p7/Factory.php",
      "Lines": 297,
      "BlankLines": 31,
      "Comments": 96,
      "CodeLines": 170
    },
    {
      "File": "web/app/plugins/wp-optimize-premium/includes/class-wp-optimize-tasks-queue.php",
      "Lines": 349,
      "BlankLines": 78,
      "Comments": 106,
      "CodeLines": 165
    },
    {
      "File": "web/app/plugins/wp-optimize-premium/vendor/yahnis-elsts/plugin-update-checker/Puc/v4p7/Vcs/GitLabApi.php",
      "Lines": 297,
      "BlankLines": 47,
      "Comments": 85,
      "CodeLines": 165
    },
    {
      "File": "web/app/themes/kaza-pickup/resources/assets/styles/helpers/_editor-mixins.scss",
      "Lines": 199,
      "BlankLines": 30,
      "Comments": 8,
      "CodeLines": 161
    },
    {
      "File": "web/app/themes/kaza-pickup/app/custom-medias.php",
      "Lines": 237,
      "BlankLines": 43,
      "Comments": 33,
      "CodeLines": 161
    },
    {
      "File": "web/app/plugins/wp-optimize-premium/vendor/yahnis-elsts/plugin-update-checker/Puc/v4p7/Vcs/BitBucketApi.php",
      "Lines": 265,
      "BlankLines": 34,
      "Comments": 71,
      "CodeLines": 160
    },
    {
      "File": "web/app/themes/kaza-pickup/resources/assets/scripts/components/tabs-image.js",
      "Lines": 200,
      "BlankLines": 28,
      "Comments": 14,
      "CodeLines": 158
    },
    {
      "File": "web/app/plugins/wp-optimize-premium/includes/class-wp-optimize-htaccess.php",
      "Lines": 336,
      "BlankLines": 49,
      "Comments": 132,
      "CodeLines": 155
    },
    {
      "File": "web/app/plugins/wp-optimize-premium/includes/class-wp-optimize-gzip-compression.php",
      "Lines": 268,
      "BlankLines": 43,
      "Comments": 71,
      "CodeLines": 154
    },
    {
      "File": "web/app/plugins/wp-optimize-premium/vendor/yahnis-elsts/plugin-update-checker/Puc/v4p7/Plugin/UpdateChecker.php",
      "Lines": 396,
      "BlankLines": 44,
      "Comments": 201,
      "CodeLines": 151
    },
    {
      "File": "web/app/themes/kaza-pickup/resources/assets/styles/components/_block-tabs-image.scss",
      "Lines": 182,
      "BlankLines": 26,
      "Comments": 5,
      "CodeLines": 151
    },
    {
      "File": "web/app/plugins/wp-optimize-premium/optimizations/spam.php",
      "Lines": 257,
      "BlankLines": 56,
      "Comments": 52,
      "CodeLines": 149
    },
    {
      "File": "web/app/plugins/wp-optimize-premium/js/modernizr/modernizr-custom.js",
      "Lines": 430,
      "BlankLines": 71,
      "Comments": 210,
      "CodeLines": 149
    },
    {
      "File": "web/app/themes/kaza-pickup/resources/assets/styles/components/_block-parcel-locker.scss",
      "Lines": 183,
      "BlankLines": 31,
      "Comments": 5,
      "CodeLines": 147
    },
    {
      "File": "web/app/plugins/wp-optimize-premium/includes/class-updraft-resmushit-task.php",
      "Lines": 207,
      "BlankLines": 38,
      "Comments": 29,
      "CodeLines": 140
    },
    {
      "File": "web/app/plugins/wp-optimize-premium/vendor/yahnis-elsts/plugin-update-checker/Puc/v4p7/Vcs/PluginUpdateChecker.php",
      "Lines": 213,
      "BlankLines": 31,
      "Comments": 43,
      "CodeLines": 139
    },
    {
      "File": "web/app/plugins/wp-optimize-premium/vendor/yahnis-elsts/plugin-update-checker/Puc/v4p7/DebugBar/Panel.php",
      "Lines": 165,
      "BlankLines": 26,
      "Comments": 2,
      "CodeLines": 137
    },
    {
      "File": "web/app/themes/kaza-pickup/resources/assets/styles/components/_section-release.scss",
      "Lines": 168,
      "BlankLines": 26,
      "Comments": 5,
      "CodeLines": 137
    },
    {
      "File": "web/app/plugins/wp-optimize-premium/templates/minify/js-settings-tab.php",
      "Lines": 141,
      "BlankLines": 5,
      "Comments": 0,
      "CodeLines": 136
    },
    {
      "File": "web/app/plugins/wp-optimize-premium/optimizations/commentmeta.php",
      "Lines": 212,
      "BlankLines": 46,
      "Comments": 31,
      "CodeLines": 135
    },
    {
      "File": "web/app/plugins/wp-optimize-premium/includes/class-semaphore.php",
      "Lines": 216,
      "BlankLines": 33,
      "Comments": 49,
      "CodeLines": 134
    },
    {
      "File": "bitbucket-pipelines.yml",
      "Lines": 134,
      "BlankLines": 0,
      "Comments": 0,
      "CodeLines": 134
    },
    {
      "File": "web/app/plugins/axeptio-cookies/inc/admin.php",
      "Lines": 152,
      "BlankLines": 20,
      "Comments": 1,
      "CodeLines": 131
    },
    {
      "File": "web/app/plugins/wp-optimize-premium/cache/class-cache-commands.php",
      "Lines": 246,
      "BlankLines": 45,
      "Comments": 73,
      "CodeLines": 128
    },
    {
      "File": "web/app/themes/kaza-pickup/resources/assets/scripts/components/header.js",
      "Lines": 178,
      "BlankLines": 22,
      "Comments": 28,
      "CodeLines": 128
    },
    {
      "File": "web/app/plugins/wp-optimize-premium/includes/class-wp-optimize-lazy-load.php",
      "Lines": 268,
      "BlankLines": 58,
      "Comments": 82,
      "CodeLines": 128
    },
    {
      "File": "web/app/plugins/wp-optimize-premium/includes/class-updraft-nitrosmush-task.php",
      "Lines": 193,
      "BlankLines": 37,
      "Comments": 29,
      "CodeLines": 127
    },
    {
      "File": "web/app/plugins/wp-optimize-premium/optimizations/trash.php",
      "Lines": 218,
      "BlankLines": 48,
      "Comments": 44,
      "CodeLines": 126
    },
    {
      "File": "web/app/plugins/wp-optimize-premium/vendor/yahnis-elsts/plugin-update-checker/Puc/v4p7/Vcs/Api.php",
      "Lines": 302,
      "BlankLines": 37,
      "Comments": 140,
      "CodeLines": 125
    },
    {
      "File": "web/app/plugins/wp-optimize-premium/vendor/yahnis-elsts/plugin-update-checker/Puc/v4p7/Scheduler.php",
      "Lines": 231,
      "BlankLines": 28,
      "Comments": 80,
      "CodeLines": 123
    },
    {
      "File": "web/app/plugins/wp-optimize-premium/cache/class-wpo-cache-config.php",
      "Lines": 254,
      "BlankLines": 44,
      "Comments": 89,
      "CodeLines": 121
    },
    {
      "File": "web/app/plugins/wp-optimize-premium/vendor/yahnis-elsts/plugin-update-checker/Puc/v4p7/DebugBar/Extension.php",
      "Lines": 177,
      "BlankLines": 27,
      "Comments": 29,
      "CodeLines": 121
    },
    {
      "File": "web/app/themes/kaza-pickup/resources/assets/scripts/components/text-flipper.js",
      "Lines": 153,
      "BlankLines": 23,
      "Comments": 13,
      "CodeLines": 117
    },
    {
      "File": "web/app/themes/kaza-pickup/app/setup.php",
      "Lines": 230,
      "BlankLines": 25,
      "Comments": 88,
      "CodeLines": 117
    },
    {
      "File": "web/app/plugins/wp-optimize-premium/vendor/yahnis-elsts/plugin-update-checker/Puc/v4p7/StateStore.php",
      "Lines": 207,
      "BlankLines": 33,
      "Comments": 60,
      "CodeLines": 114
    },
    {
      "File": "web/app/themes/kaza-pickup/build/webpack.common.js",
      "Lines": 158,
      "BlankLines": 17,
      "Comments": 27,
      "CodeLines": 114
    },
    {
      "File": "web/app/plugins/wp-optimize-premium/cache/class-wpo-cache-rules.php",
      "Lines": 218,
      "BlankLines": 30,
      "Comments": 75,
      "CodeLines": 113
    },
    {
      "File": "web/app/themes/kaza-pickup/app/filters.php",
      "Lines": 174,
      "BlankLines": 25,
      "Comments": 36,
      "CodeLines": 113
    },
    {
      "File": "web/app/plugins/wp-optimize-premium/templates/minify/font-settings-tab.php",
      "Lines": 115,
      "BlankLines": 2,
      "Comments": 0,
      "CodeLines": 113
    },
    {
      "File": "web/app/plugins/wp-optimize-premium/templates/settings/status-box-contents.php",
      "Lines": 137,
      "BlankLines": 25,
      "Comments": 1,
      "CodeLines": 111
    },
    {
      "File": "web/app/plugins/wp-optimize-premium/vendor/team-updraft/common-libs/src/updraft-tasks/class-updraft-tasks-activation.php",
      "Lines": 194,
      "BlankLines": 34,
      "Comments": 49,
      "CodeLines": 111
    },
    {
      "File": "web/app/plugins/wp-optimize-premium/minify/class-wp-optimize-minify-config.php",
      "Lines": 180,
      "BlankLines": 20,
      "Comments": 49,
      "CodeLines": 111
    },
    {
      "File": "web/app/plugins/wp-optimize-premium/vendor/yahnis-elsts/plugin-update-checker/Puc/v4p7/Plugin/Package.php",
      "Lines": 184,
      "BlankLines": 24,
      "Comments": 49,
      "CodeLines": 111
    },
    {
      "File": "web/app/plugins/wp-optimize-premium/minify/class-wp-optimize-minify-admin.php",
      "Lines": 159,
      "BlankLines": 16,
      "Comments": 35,
      "CodeLines": 108
    },
    {
      "File": "web/app/plugins/wp-optimize-premium/css/wp-optimize-notices.css",
      "Lines": 136,
      "BlankLines": 27,
      "Comments": 2,
      "CodeLines": 107
    },
    {
      "File": "web/app/themes/kaza-pickup/resources/assets/styles/components/_block-testimonials.scss",
      "Lines": 136,
      "BlankLines": 24,
      "Comments": 5,
      "CodeLines": 107
    },
    {
      "File": "web/app/plugins/wp-optimize-premium/includes/class-wp-optimize-cli-command.php",
      "Lines": 185,
      "BlankLines": 37,
      "Comments": 41,
      "CodeLines": 107
    },
    {
      "File": "web/app/plugins/wp-optimize-premium/optimizations/unapproved.php",
      "Lines": 167,
      "BlankLines": 35,
      "Comments": 26,
      "CodeLines": 106
    },
    {
      "File": "web/app/themes/kaza-pickup/resources/assets/styles/layouts/_footer.scss",
      "Lines": 128,
      "BlankLines": 18,
      "Comments": 5,
      "CodeLines": 105
    },
    {
      "File": "config/application.php",
      "Lines": 189,
      "BlankLines": 22,
      "Comments": 64,
      "CodeLines": 103
    },
    {
      "File": "web/app/plugins/wp-optimize-premium/optimizations/revisions.php",
      "Lines": 161,
      "BlankLines": 36,
      "Comments": 22,
      "CodeLines": 103
    },
    {
      "File": "web/app/plugins/wp-optimize-premium/vendor/yahnis-elsts/plugin-update-checker/Puc/v4p7/UpgraderStatus.php",
      "Lines": 199,
      "BlankLines": 17,
      "Comments": 80,
      "CodeLines": 102
    },
    {
      "File": "web/app/plugins/wp-optimize-premium/optimizations/autodraft.php",
      "Lines": 179,
      "BlankLines": 43,
      "Comments": 35,
      "CodeLines": 101
    },
    {
      "File": "web/app/plugins/wp-optimize-premium/includes/class-wp-optimization-images-shutdown.php",
      "Lines": 213,
      "BlankLines": 41,
      "Comments": 73,
      "CodeLines": 99
    },
    {
      "File": "web/app/plugins/wp-optimize-premium/templates/settings/may-also-like.php",
      "Lines": 94,
      "BlankLines": 2,
      "Comments": 0,
      "CodeLines": 92
    },
    {
      "File": "web/app/plugins/wp-optimize-premium/templates/admin-metabox-smush.php",
      "Lines": 99,
      "BlankLines": 8,
      "Comments": 0,
      "CodeLines": 91
    },
    {
      "File": "web/app/themes/kaza-pickup/app/helpers.php",
      "Lines": 174,
      "BlankLines": 16,
      "Comments": 67,
      "CodeLines": 91
    },
    {
      "File": "web/app/plugins/wp-optimize-premium/optimizations/repairtables.php",
      "Lines": 159,
      "BlankLines": 38,
      "Comments": 30,
      "CodeLines": 91
    },
    {
      "File": "web/app/plugins/wp-optimize-premium/vendor/team-updraft/common-libs/src/updraft-tasks/class-updraft-task-manager-commands.php",
      "Lines": 188,
      "BlankLines": 43,
      "Comments": 55,
      "CodeLines": 90
    },
    {
      "File": "web/app/themes/kaza-pickup/resources/assets/scripts/components/section-article.js",
      "Lines": 132,
      "BlankLines": 19,
      "Comments": 24,
      "CodeLines": 89
    },
    {
      "File": "web/app/themes/kaza-pickup/resources/assets/scripts/components/section-release.js",
      "Lines": 132,
      "BlankLines": 19,
      "Comments": 24,
      "CodeLines": 89
    },
    {
      "File": "web/app/themes/kaza-pickup/resources/assets/scripts/routes/common.js",
      "Lines": 127,
      "BlankLines": 20,
      "Comments": 19,
      "CodeLines": 88
    },
    {
      "File": "web/app/plugins/wp-optimize-premium/includes/class-wp-optimize-queue-task.php",
      "Lines": 190,
      "BlankLines": 37,
      "Comments": 65,
      "CodeLines": 88
    },
    {
      "File": "web/app/themes/kaza-pickup/resources/assets/styles/components/_section-article.scss",
      "Lines": 107,
      "BlankLines": 15,
      "Comments": 5,
      "CodeLines": 87
    },
    {
      "File": "web/app/plugins/wp-optimize-premium/optimizations/optimizetables.php",
      "Lines": 146,
      "BlankLines": 38,
      "Comments": 21,
      "CodeLines": 87
    },
    {
      "File": "web/app/plugins/wp-optimize-premium/includes/class-wp-optimize-images-trash-manager-commands.php",
      "Lines": 175,
      "BlankLines": 40,
      "Comments": 48,
      "CodeLines": 87
    },
    {
      "File": "web/app/plugins/wp-optimize-premium/templates/images/unused.php",
      "Lines": 96,
      "BlankLines": 10,
      "Comments": 0,
      "CodeLines": 86
    },
    {
      "File": "web/app/themes/kaza-pickup/resources/assets/scripts/components/text-marquee.js",
      "Lines": 139,
      "BlankLines": 20,
      "Comments": 33,
      "CodeLines": 86
    },
    {
      "File": "web/app/plugins/wp-optimize-premium/templates/database/tables-body.php",
      "Lines": 114,
      "BlankLines": 22,
      "Comments": 6,
      "CodeLines": 86
    },
    {
      "File": "web/app/plugins/wp-optimize-premium/includes/updraft-notices.php",
      "Lines": 153,
      "BlankLines": 38,
      "Comments": 29,
      "CodeLines": 86
    },
    {
      "File": "web/app/themes/kaza-pickup/resources/assets/styles/components/_block-number-highlight.scss",
      "Lines": 107,
      "BlankLines": 17,
      "Comments": 5,
      "CodeLines": 85
    },
    {
      "File": "web/app/plugins/wp-optimize-premium/templates/cache/page-cache.php",
      "Lines": 100,
      "BlankLines": 16,
      "Comments": 0,
      "CodeLines": 84
    },
    {
      "File": "web/app/themes/kaza-pickup/resources/assets/styles/components/_block-content-repeat-image.scss",
      "Lines": 104,
      "BlankLines": 17,
      "Comments": 5,
      "CodeLines": 82
    },
    {
      "File": "web/app/plugins/wp-optimize-premium/optimizations/pingbacks.php",
      "Lines": 133,
      "BlankLines": 26,
      "Comments": 25,
      "CodeLines": 82
    },
    {
      "File": "web/app/themes/kaza-pickup/resources/assets/styles/components/_block-content-image.scss",
      "Lines": 102,
      "BlankLines": 15,
      "Comments": 5,
      "CodeLines": 82
    },
    {
      "File": "docker-compose.yml",
      "Lines": 89,
      "BlankLines": 8,
      "Comments": 0,
      "CodeLines": 81
    },
    {
      "File": "web/app/plugins/wp-optimize-premium/optimizations/trackbacks.php",
      "Lines": 127,
      "BlankLines": 25,
      "Comments": 21,
      "CodeLines": 81
    },
    {
      "File": "web/app/plugins/wp-optimize-premium/includes/class-updraft-logger.php",
      "Lines": 223,
      "BlankLines": 48,
      "Comments": 95,
      "CodeLines": 80
    },
    {
      "File": "web/app/plugins/wp-optimize-premium/includes/class-wp-optimize-transients-cache.php",
      "Lines": 162,
      "BlankLines": 25,
      "Comments": 57,
      "CodeLines": 80
    },
    {
      "File": "web/app/themes/kaza-pickup/resources/views/components/block-parcel-locker.blade.php",
      "Lines": 89,
      "BlankLines": 9,
      "Comments": 0,
      "CodeLines": 80
    },
    {
      "File": "web/app/plugins/wp-optimize-premium/optimizations/postmeta.php",
      "Lines": 133,
      "BlankLines": 26,
      "Comments": 28,
      "CodeLines": 79
    },
    {
      "File": "web/app/plugins/wp-optimize-premium/minify/class-wp-optimize-minify-print.php",
      "Lines": 164,
      "BlankLines": 16,
      "Comments": 69,
      "CodeLines": 79
    },
    {
      "File": "web/app/plugins/wp-optimize-premium/cache/file-based-page-cache.php",
      "Lines": 124,
      "BlankLines": 25,
      "Comments": 21,
      "CodeLines": 78
    },
    {
      "File": "web/app/themes/kaza-pickup/resources/assets/styles/components/_block-brand-list.scss",
      "Lines": 96,
      "BlankLines": 14,
      "Comments": 5,
      "CodeLines": 77
    },
    {
      "File": "web/app/themes/kaza-pickup/build/webpack.prod.js",
      "Lines": 96,
      "BlankLines": 8,
      "Comments": 11,
      "CodeLines": 77
    },
    {
      "File": "web/app/plugins/wp-optimize-premium/vendor/yahnis-elsts/plugin-update-checker/Puc/v4p7/Plugin/Info.php",
      "Lines": 130,
      "BlankLines": 20,
      "Comments": 34,
      "CodeLines": 76
    },
    {
      "File": "web/app/themes/kaza-pickup/app/Controllers/Hero.php",
      "Lines": 92,
      "BlankLines": 16,
      "Comments": 0,
      "CodeLines": 76
    },
    {
      "File": "web/app/themes/kaza-pickup/build/webpack.dev.js",
      "Lines": 89,
      "BlankLines": 8,
      "Comments": 6,
      "CodeLines": 75
    },
    {
      "File": "web/app/plugins/wp-optimize-premium/vendor/yahnis-elsts/plugin-update-checker/Puc/v4p7/Vcs/ThemeUpdateChecker.php",
      "Lines": 118,
      "BlankLines": 22,
      "Comments": 21,
      "CodeLines": 75
    },
    {
      "File": "web/app/themes/kaza-pickup/resources/assets/scripts/components/progress-step.js",
      "Lines": 94,
      "BlankLines": 13,
      "Comments": 7,
      "CodeLines": 74
    },
    {
      "File": "web/app/themes/kaza-pickup/resources/assets/styles/components/_page-contact.scss",
      "Lines": 94,
      "BlankLines": 15,
      "Comments": 5,
      "CodeLines": 74
    },
    {
      "File": "web/app/themes/kaza-pickup/resources/assets/styles/components/_block-other-services.scss",
      "Lines": 93,
      "BlankLines": 15,
      "Comments": 5,
      "CodeLines": 73
    },
    {
      "File": "web/app/plugins/wp-optimize-premium/includes/class-updraft-slack-logger.php",
      "Lines": 192,
      "BlankLines": 23,
      "Comments": 98,
      "CodeLines": 71
    },
    {
      "File": "web/app/plugins/wp-optimize-premium/includes/class-updraft-email-logger.php",
      "Lines": 198,
      "BlankLines": 29,
      "Comments": 98,
      "CodeLines": 71
    },
    {
      "File": "web/app/plugins/wp-optimize-premium/templates/settings/settings-logging.php",
      "Lines": 90,
      "BlankLines": 18,
      "Comments": 1,
      "CodeLines": 71
    },
    {
      "File": "web/app/plugins/wp-optimize-premium/minify/class-wp-optimize-minify-commands.php",
      "Lines": 118,
      "BlankLines": 12,
      "Comments": 36,
      "CodeLines": 70
    },
    {
      "File": "web/app/themes/kaza-pickup/resources/views/partials/footer.blade.php",
      "Lines": 75,
      "BlankLines": 5,
      "Comments": 0,
      "CodeLines": 70
    },
    {
      "File": "web/app/plugins/wp-optimize-premium/optimizations/orphanedtables.php",
      "Lines": 133,
      "BlankLines": 31,
      "Comments": 32,
      "CodeLines": 70
    },
    {
      "File": "web/app/plugins/wp-optimize-premium/templates/database/optimizations-table.php",
      "Lines": 87,
      "BlankLines": 14,
      "Comments": 4,
      "CodeLines": 69
    },
    {
      "File": "web/app/plugins/wp-optimize-premium/includes/class-updraft-abstract-logger.php",
      "Lines": 177,
      "BlankLines": 25,
      "Comments": 84,
      "CodeLines": 68
    },
    {
      "File": "web/app/plugins/wp-optimize-premium/includes/class-updraft-syslog-logger.php",
      "Lines": 172,
      "BlankLines": 21,
      "Comments": 84,
      "CodeLines": 67
    },
    {
      "File": "web/app/themes/kaza-pickup/resources/views/components/hero-contact.blade.php",
      "Lines": 76,
      "BlankLines": 10,
      "Comments": 0,
      "CodeLines": 66
    },
    {
      "File": "web/app/plugins/wp-optimize-premium/includes/class-updraft-ring-logger.php",
      "Lines": 193,
      "BlankLines": 22,
      "Comments": 105,
      "CodeLines": 66
    },
    {
      "File": "web/app/themes/kaza-pickup/resources/views/components/hero-slider.blade.php",
      "Lines": 71,
      "BlankLines": 6,
      "Comments": 0,
      "CodeLines": 65
    },
    {
      "File": "web/app/themes/kaza-pickup/resources/views/components/hero-simple.blade.php",
      "Lines": 77,
      "BlankLines": 12,
      "Comments": 0,
      "CodeLines": 65
    },
    {
      "File": "web/app/plugins/wp-optimize-premium/templates/take-a-backup.php",
      "Lines": 98,
      "BlankLines": 15,
      "Comments": 18,
      "CodeLines": 65
    },
    {
      "File": "web/app/themes/kaza-pickup/resources/assets/styles/layouts/_base.scss",
      "Lines": 84,
      "BlankLines": 11,
      "Comments": 10,
      "CodeLines": 63
    },
    {
      "File": "web/app/themes/kaza-pickup/build/utils/constant.js",
      "Lines": 79,
      "BlankLines": 8,
      "Comments": 9,
      "CodeLines": 62
    },
    {
      "File": "web/app/plugins/wp-optimize-premium/js/jquery-timepicker/jquery.timepicker.css",
      "Lines": 72,
      "BlankLines": 11,
      "Comments": 0,
      "CodeLines": 61
    },
    {
      "File": "web/app/themes/kaza-pickup/resources/assets/styles/components/_block-citation.scss",
      "Lines": 77,
      "BlankLines": 11,
      "Comments": 5,
      "CodeLines": 61
    },
    {
      "File": "web/app/plugins/wp-optimize-premium/templates/cache/gzip-compression.php",
      "Lines": 70,
      "BlankLines": 9,
      "Comments": 1,
      "CodeLines": 60
    },
    {
      "File": "web/app/themes/kaza-pickup/resources/assets/styles/components/_block-video.scss",
      "Lines": 75,
      "BlankLines": 10,
      "Comments": 5,
      "CodeLines": 60
    },
    {
      "File": "web/app/plugins/wp-optimize-premium/includes/class-updraft-file-logger.php",
      "Lines": 176,
      "BlankLines": 26,
      "Comments": 91,
      "CodeLines": 59
    },
    {
      "File": "web/app/plugins/wp-optimize-premium/vendor/yahnis-elsts/plugin-update-checker/Puc/v4p7/Metadata.php",
      "Lines": 132,
      "BlankLines": 16,
      "Comments": 60,
      "CodeLines": 56
    },
    {
      "File": "web/app/plugins/wp-optimize-premium/vendor/yahnis-elsts/plugin-update-checker/Puc/v4p7/Plugin/Update.php",
      "Lines": 110,
      "BlankLines": 13,
      "Comments": 41,
      "CodeLines": 56
    },
    {
      "File": "web/app/plugins/wp-optimize-premium/vendor/yahnis-elsts/plugin-update-checker/Puc/v4p7/Theme/UpdateChecker.php",
      "Lines": 141,
      "BlankLines": 18,
      "Comments": 67,
      "CodeLines": 56
    },
    {
      "File": "web/app/themes/kaza-pickup/resources/assets/styles/components/_block-text-column.scss",
      "Lines": 73,
      "BlankLines": 12,
      "Comments": 5,
      "CodeLines": 56
    },
    {
      "File": "web/app/plugins/wp-optimize-premium/vendor/composer/autoload_real.php",
      "Lines": 70,
      "BlankLines": 14,
      "Comments": 1,
      "CodeLines": 55
    },
    {
      "File": "web/app/plugins/wp-optimize-premium/vendor/yahnis-elsts/plugin-update-checker/Puc/v4p7/OAuthSignature.php",
      "Lines": 100,
      "BlankLines": 16,
      "Comments": 29,
      "CodeLines": 55
    },
    {
      "File": "web/app/plugins/wp-optimize-premium/vendor/yahnis-elsts/plugin-update-checker/css/puc-debug-bar.css",
      "Lines": 70,
      "BlankLines": 14,
      "Comments": 1,
      "CodeLines": 55
    },
    {
      "File": "web/app/themes/kaza-pickup/resources/views/partials/content-contact.blade.php",
      "Lines": 58,
      "BlankLines": 4,
      "Comments": 0,
      "CodeLines": 54
    },
    {
      "File": "web/app/themes/kaza-pickup/resources/assets/styles/components/_image.scss",
      "Lines": 71,
      "BlankLines": 9,
      "Comments": 8,
      "CodeLines": 54
    },
    {
      "File": "web/app/themes/kaza-pickup/resources/assets/styles/components/_block-our-offers.scss",
      "Lines": 68,
      "BlankLines": 9,
      "Comments": 5,
      "CodeLines": 54
    },
    {
      "File": "web/app/plugins/wp-optimize-premium/includes/class-wp-optimize-install-or-update-notice.php",
      "Lines": 114,
      "BlankLines": 19,
      "Comments": 42,
      "CodeLines": 53
    },
    {
      "File": "web/app/themes/kaza-pickup/app/Controllers/PressePage.php",
      "Lines": 70,
      "BlankLines": 11,
      "Comments": 7,
      "CodeLines": 52
    },
    {
      "File": "web/app/themes/kaza-pickup/app/Walkers/NavigationWalker.php",
      "Lines": 153,
      "BlankLines": 16,
      "Comments": 86,
      "CodeLines": 51
    },
    {
      "File": "web/app/plugins/wp-optimize-premium/optimizations/attachments.php",
      "Lines": 109,
      "BlankLines": 27,
      "Comments": 31,
      "CodeLines": 51
    },
    {
      "File": "web/app/plugins/wp-optimize-premium/templates/notices/horizontal-notice.php",
      "Lines": 54,
      "BlankLines": 2,
      "Comments": 1,
      "CodeLines": 51
    },
    {
      "File": "web/app/themes/kaza-pickup/resources/views/components/block-tabs-image.blade.php",
      "Lines": 55,
      "BlankLines": 4,
      "Comments": 0,
      "CodeLines": 51
    },
    {
      "File": "web/app/themes/kaza-pickup/resources/views/components/hero-encart.blade.php",
      "Lines": 54,
      "BlankLines": 4,
      "Comments": 0,
      "CodeLines": 50
    },
    {
      "File": "web/app/themes/kaza-pickup/resources/views/components/block-parcel-box.blade.php",
      "Lines": 55,
      "BlankLines": 5,
      "Comments": 0,
      "CodeLines": 50
    },
    {
      "File": "web/app/themes/kaza-pickup/resources/views/components/release-presse.blade.php",
      "Lines": 57,
      "BlankLines": 7,
      "Comments": 0,
      "CodeLines": 50
    },
    {
      "File": "web/app/themes/kaza-pickup/app/Controllers/BlockParcelLocker.php",
      "Lines": 64,
      "BlankLines": 9,
      "Comments": 5,
      "CodeLines": 50
    },
    {
      "File": "web/app/plugins/wp-optimize-premium/cache/class-wpo-detect-cache-plugins.php",
      "Lines": 97,
      "BlankLines": 16,
      "Comments": 31,
      "CodeLines": 50
    },
    {
      "File": "web/app/themes/kaza-pickup/resources/assets/scripts/application.js",
      "Lines": 66,
      "BlankLines": 6,
      "Comments": 12,
      "CodeLines": 48
    },
    {
      "File": "web/app/plugins/wp-optimize-premium/vendor/yahnis-elsts/plugin-update-checker/Puc/v4p7/Theme/Update.php",
      "Lines": 84,
      "BlankLines": 12,
      "Comments": 24,
      "CodeLines": 48
    },
    {
      "File": "web/app/themes/kaza-pickup/resources/assets/styles/layouts/_wp-block.scss",
      "Lines": 70,
      "BlankLines": 14,
      "Comments": 8,
      "CodeLines": 48
    },
    {
      "File": "web/app/plugins/wp-optimize-premium/templates/notices/install-or-update-notice.php",
      "Lines": 53,
      "BlankLines": 6,
      "Comments": 0,
      "CodeLines": 47
    },
    {
      "File": "web/app/plugins/wp-optimize-premium/minify/class-wp-optimize-minify.php",
      "Lines": 91,
      "BlankLines": 12,
      "Comments": 32,
      "CodeLines": 47
    },
    {
      "File": "web/app/plugins/wp-optimize-premium/vendor/team-updraft/common-libs/src/updraft-tasks/class-updraft-task-options.php",
      "Lines": 127,
      "BlankLines": 29,
      "Comments": 51,
      "CodeLines": 47
    },
    {
      "File": "web/app/plugins/wp-optimize-premium/templates/database/tables.php",
      "Lines": 57,
      "BlankLines": 9,
      "Comments": 1,
      "CodeLines": 47
    },
    {
      "File": "web/app/plugins/wp-optimize-premium/templates/cache/browser-cache.php",
      "Lines": 57,
      "BlankLines": 9,
      "Comments": 1,
      "CodeLines": 47
    },
    {
      "File": "web/app/themes/kaza-pickup/resources/assets/scripts/components/testimonials-slider.js",
      "Lines": 68,
      "BlankLines": 12,
      "Comments": 10,
      "CodeLines": 46
    },
    {
      "File": "web/app/plugins/wp-optimize-premium/js/queue.js",
      "Lines": 142,
      "BlankLines": 18,
      "Comments": 79,
      "CodeLines": 45
    },
    {
      "File": "web/app/themes/kaza-pickup/resources/assets/styles/components/_block-text-options.scss",
      "Lines": 58,
      "BlankLines": 8,
      "Comments": 5,
      "CodeLines": 45
    },
    {
      "File": "web/app/themes/kaza-pickup/resources/assets/styles/components/_block-brand-list-slider.scss",
      "Lines": 58,
      "BlankLines": 9,
      "Comments": 5,
      "CodeLines": 44
    },
    {
      "File": "web/app/themes/kaza-pickup/resources/assets/styles/components/_block-text-flipper.scss",
      "Lines": 60,
      "BlankLines": 11,
      "Comments": 5,
      "CodeLines": 44
    },
    {
      "File": "web/app/plugins/wp-optimize-premium/vendor/yahnis-elsts/plugin-update-checker/Puc/v4p7/Theme/Package.php",
      "Lines": 65,
      "BlankLines": 9,
      "Comments": 13,
      "CodeLines": 43
    },
    {
      "File": "web/app/themes/kaza-pickup/resources/functions.php",
      "Lines": 92,
      "BlankLines": 8,
      "Comments": 41,
      "CodeLines": 43
    },
    {
      "File": "web/app/plugins/wp-optimize-premium/includes/class-updraft-simple-history-logger.php",
      "Lines": 140,
      "BlankLines": 17,
      "Comments": 80,
      "CodeLines": 43
    },
    {
      "File": "web/app/plugins/wp-optimize-premium/vendor/team-updraft/common-libs/src/updraft-tasks/class-updraft-task-meta.php",
      "Lines": 94,
      "BlankLines": 21,
      "Comments": 31,
      "CodeLines": 42
    },
    {
      "File": "web/app/themes/kaza-pickup/resources/assets/scripts/routes/mixins.js",
      "Lines": 68,
      "BlankLines": 8,
      "Comments": 18,
      "CodeLines": 42
    },
    {
      "File": "web/app/themes/kaza-pickup/resources/assets/styles/components/_block-simple-cta.scss",
      "Lines": 53,
      "BlankLines": 7,
      "Comments": 5,
      "CodeLines": 41
    },
    {
      "File": "web/app/themes/kaza-pickup/phpcs.xml",
      "Lines": 71,
      "BlankLines": 15,
      "Comments": 15,
      "CodeLines": 41
    },
    {
      "File": "web/app/plugins/wp-optimize-premium/vendor/yahnis-elsts/plugin-update-checker/Puc/v4p7/InstalledPackage.php",
      "Lines": 103,
      "BlankLines": 14,
      "Comments": 49,
      "CodeLines": 40
    },
    {
      "File": "web/app/themes/kaza-pickup/resources/views/components/block-content-repeat-image.blade.php",
      "Lines": 45,
      "BlankLines": 5,
      "Comments": 0,
      "CodeLines": 40
    },
    {
      "File": "web/app/plugins/wp-optimize-premium/templates/admin-page-header-tabs.php",
      "Lines": 46,
      "BlankLines": 7,
      "Comments": 0,
      "CodeLines": 39
    },
    {
      "File": "web/app/themes/kaza-pickup/resources/assets/styles/components/_block-arguments.scss",
      "Lines": 52,
      "BlankLines": 8,
      "Comments": 5,
      "CodeLines": 39
    },
    {
      "File": "web/app/themes/kaza-pickup/resources/views/partials/header.blade.php",
      "Lines": 43,
      "BlankLines": 4,
      "Comments": 0,
      "CodeLines": 39
    },
    {
      "File": "web/app/plugins/wp-optimize-premium/optimizations/orphandata.php",
      "Lines": 67,
      "BlankLines": 16,
      "Comments": 12,
      "CodeLines": 39
    },
    {
      "File": "web/app/plugins/wp-optimize-premium/includes/class-updraft-php-logger.php",
      "Lines": 130,
      "BlankLines": 16,
      "Comments": 75,
      "CodeLines": 39
    },
    {
      "File": "web/app/plugins/wp-optimize-premium/templates/cache/page-cache-preload.php",
      "Lines": 53,
      "BlankLines": 14,
      "Comments": 0,
      "CodeLines": 39
    },
    {
      "File": "web/app/themes/kaza-pickup/app/Controllers/BlockTestimonials.php",
      "Lines": 52,
      "BlankLines": 9,
      "Comments": 5,
      "CodeLines": 38
    },
    {
      "File": "web/app/plugins/wp-optimize-premium/vendor/yahnis-elsts/plugin-update-checker/js/debug-bar.js",
      "Lines": 51,
      "BlankLines": 8,
      "Comments": 5,
      "CodeLines": 38
    },
    {
      "File": "web/app/themes/kaza-pickup/resources/views/components/card-testimonial.blade.php",
      "Lines": 41,
      "BlankLines": 3,
      "Comments": 0,
      "CodeLines": 38
    },
    {
      "File": "web/app/plugins/wp-optimize-premium/vendor/yahnis-elsts/plugin-update-checker/Puc/v4p7/Autoloader.php",
      "Lines": 49,
      "BlankLines": 10,
      "Comments": 2,
      "CodeLines": 37
    },
    {
      "File": "web/app/themes/kaza-pickup/resources/assets/styles/config/_variables.scss",
      "Lines": 50,
      "BlankLines": 5,
      "Comments": 9,
      "CodeLines": 36
    },
    {
      "File": "web/app/plugins/wp-optimize-premium/templates/images/lazyload.php",
      "Lines": 43,
      "BlankLines": 7,
      "Comments": 0,
      "CodeLines": 36
    },
    {
      "File": "web/app/themes/kaza-pickup/resources/views/components/block-content-image.blade.php",
      "Lines": 41,
      "BlankLines": 5,
      "Comments": 0,
      "CodeLines": 36
    },
    {
      "File": "web/app/themes/kaza-pickup/build/utils/config.js",
      "Lines": 40,
      "BlankLines": 3,
      "Comments": 1,
      "CodeLines": 36
    },
    {
      "File": "web/app/plugins/wp-optimize-premium/vendor/yahnis-elsts/plugin-update-checker/Puc/v4p7/Utils.php",
      "Lines": 69,
      "BlankLines": 9,
      "Comments": 24,
      "CodeLines": 36
    },
    {
      "File": "web/app/plugins/wp-optimize-premium/includes/class-wp-optimize-images-trash-task.php",
      "Lines": 55,
      "BlankLines": 13,
      "Comments": 7,
      "CodeLines": 35
    },
    {
      "File": "web/app/themes/kaza-pickup/resources/views/components/block-other-services.blade.php",
      "Lines": 37,
      "BlankLines": 2,
      "Comments": 0,
      "CodeLines": 35
    },
    {
      "File": "web/app/plugins/wp-optimize-premium/includes/class-wp-optimize-updates.php",
      "Lines": 70,
      "BlankLines": 9,
      "Comments": 26,
      "CodeLines": 35
    },
    {
      "File": "web/app/themes/kaza-pickup/resources/assets/scripts/util/Router.js",
      "Lines": 73,
      "BlankLines": 9,
      "Comments": 29,
      "CodeLines": 35
    },
    {
      "File": "web/app/plugins/wp-optimize-premium/templates/admin-page-header.php",
      "Lines": 46,
      "BlankLines": 11,
      "Comments": 1,
      "CodeLines": 34
    },
    {
      "File": "web/app/themes/kaza-pickup/resources/views/components/card-our-offers.blade.php",
      "Lines": 40,
      "BlankLines": 6,
      "Comments": 0,
      "CodeLines": 34
    },
    {
      "File": "web/app/plugins/wp-optimize-premium/cache/extensions/woocommerce-wpml.php",
      "Lines": 70,
      "BlankLines": 11,
      "Comments": 25,
      "CodeLines": 34
    },
    {
      "File": "web/app/themes/kaza-pickup/resources/assets/styles/components/_form.scss",
      "Lines": 42,
      "BlankLines": 2,
      "Comments": 6,
      "CodeLines": 34
    },
    {
      "File": "web/app/themes/kaza-pickup/app/Controllers/BlockStep.php",
      "Lines": 45,
      "BlankLines": 7,
      "Comments": 5,
      "CodeLines": 33
    },
    {
      "File": "web/app/themes/kaza-pickup/resources/views/partials/comments.blade.php",
      "Lines": 38,
      "BlankLines": 5,
      "Comments": 0,
      "CodeLines": 33
    },
    {
      "File": "web/app/plugins/wp-optimize-premium/templates/pages-menu.php",
      "Lines": 43,
      "BlankLines": 11,
      "Comments": 0,
      "CodeLines": 32
    },
    {
      "File": "web/app/themes/kaza-pickup/resources/views/components/block-text-flipper.blade.php",
      "Lines": 37,
      "BlankLines": 5,
      "Comments": 0,
      "CodeLines": 32
    },
    {
      "File": "web/app/plugins/wp-optimize-premium/templates/database/optimize-table.php",
      "Lines": 41,
      "BlankLines": 10,
      "Comments": 0,
      "CodeLines": 31
    },
    {
      "File": "web/app/themes/kaza-pickup/resources/views/layouts/main.blade.php",
      "Lines": 44,
      "BlankLines": 13,
      "Comments": 0,
      "CodeLines": 31
    },
    {
      "File": "web/app/themes/kaza-pickup/resources/assets/styles/helpers/_animation.scss",
      "Lines": 39,
      "BlankLines": 3,
      "Comments": 5,
      "CodeLines": 31
    },
    {
      "File": "web/app/themes/kaza-pickup/resources/views/components/block-testimonials.blade.php",
      "Lines": 36,
      "BlankLines": 5,
      "Comments": 0,
      "CodeLines": 31
    },
    {
      "File": "web/app/themes/kaza-pickup/app/Controllers/ContactPage.php",
      "Lines": 40,
      "BlankLines": 4,
      "Comments": 5,
      "CodeLines": 31
    },
    {
      "File": "web/app/plugins/axeptio-cookies/axeptio-cookies.php",
      "Lines": 56,
      "BlankLines": 5,
      "Comments": 20,
      "CodeLines": 31
    },
    {
      "File": "web/app/themes/kaza-pickup/app/Controllers/BlockOurOffers.php",
      "Lines": 42,
      "BlankLines": 7,
      "Comments": 5,
      "CodeLines": 30
    },
    {
      "File": "web/app/themes/kaza-pickup/app/Controllers/App.php",
      "Lines": 33,
      "BlankLines": 4,
      "Comments": 0,
      "CodeLines": 29
    },
    {
      "File": "web/app/plugins/wp-optimize-premium/vendor/yahnis-elsts/plugin-update-checker/Puc/v4p7/DebugBar/PluginPanel.php",
      "Lines": 38,
      "BlankLines": 6,
      "Comments": 3,
      "CodeLines": 29
    },
    {
      "File": "web/app/themes/kaza-pickup/resources/views/components/card-article.blade.php",
      "Lines": 32,
      "BlankLines": 3,
      "Comments": 0,
      "CodeLines": 29
    },
    {
      "File": "web/app/plugins/wp-optimize-premium/templates/cache/page-cache-advanced.php",
      "Lines": 43,
      "BlankLines": 14,
      "Comments": 0,
      "CodeLines": 29
    },
    {
      "File": "web/app/themes/kaza-pickup/resources/views/partials/content-presse.blade.php",
      "Lines": 31,
      "BlankLines": 2,
      "Comments": 0,
      "CodeLines": 29
    },
    {
      "File": "web/app/plugins/wp-optimize-premium/templates/settings/settings-general.php",
      "Lines": 30,
      "BlankLines": 2,
      "Comments": 0,
      "CodeLines": 28
    },
    {
      "File": "web/app/themes/kaza-pickup/resources/views/components/block-text-column.blade.php",
      "Lines": 33,
      "BlankLines": 5,
      "Comments": 0,
      "CodeLines": 28
    },
    {
      "File": "web/app/themes/kaza-pickup/resources/views/components/block-brand-list.blade.php",
      "Lines": 30,
      "BlankLines": 2,
      "Comments": 0,
      "CodeLines": 28
    },
    {
      "File": "web/app/themes/kaza-pickup/app/Controllers/BlockTabsImage.php",
      "Lines": 40,
      "BlankLines": 7,
      "Comments": 5,
      "CodeLines": 28
    },
    {
      "File": "web/app/themes/kaza-pickup/app/Controllers/BlockParcelBox.php",
      "Lines": 40,
      "BlankLines": 7,
      "Comments": 5,
      "CodeLines": 28
    },
    {
      "File": "web/app/themes/kaza-pickup/resources/views/components/block-citation.blade.php",
      "Lines": 31,
      "BlankLines": 3,
      "Comments": 0,
      "CodeLines": 28
    },
    {
      "File": "web/app/themes/kaza-pickup/app/Controllers/BlockContentRepeatImage.php",
      "Lines": 39,
      "BlankLines": 6,
      "Comments": 5,
      "CodeLines": 28
    },
    {
      "File": "web/app/themes/kaza-pickup/resources/views/components/block-step.blade.php",
      "Lines": 31,
      "BlankLines": 3,
      "Comments": 0,
      "CodeLines": 28
    },
    {
      "File": "web/app/themes/kaza-pickup/resources/assets/styles/components/_button.scss",
      "Lines": 44,
      "BlankLines": 7,
      "Comments": 9,
      "CodeLines": 28
    },
    {
      "File": "web/app/themes/kaza-pickup/app/cookie-consent.php",
      "Lines": 34,
      "BlankLines": 6,
      "Comments": 0,
      "CodeLines": 28
    },
    {
      "File": "web/app/themes/kaza-pickup/resources/views/components/block-brand-list-slider.blade.php",
      "Lines": 28,
      "BlankLines": 1,
      "Comments": 0,
      "CodeLines": 27
    },
    {
      "File": "web/app/plugins/wp-optimize-premium/includes/class-updraft-log-levels.php",
      "Lines": 44,
      "BlankLines": 8,
      "Comments": 9,
      "CodeLines": 27
    },
    {
      "File": "web/app/themes/kaza-pickup/resources/assets/styles/helpers/_svg.scss",
      "Lines": 37,
      "BlankLines": 6,
      "Comments": 5,
      "CodeLines": 26
    },
    {
      "File": "web/app/themes/kaza-pickup/app/Controllers/BlockArguments.php",
      "Lines": 39,
      "BlankLines": 8,
      "Comments": 5,
      "CodeLines": 26
    },
    {
      "File": "web/app/plugins/wp-optimize-premium/templates/notices/thanks-for-using-main-dash.php",
      "Lines": 38,
      "BlankLines": 12,
      "Comments": 0,
      "CodeLines": 26
    },
    {
      "File": "web/app/themes/kaza-pickup/app/Controllers/BlockContentImage.php",
      "Lines": 37,
      "BlankLines": 7,
      "Comments": 5,
      "CodeLines": 25
    },
    {
      "File": "web/app/themes/kaza-pickup/resources/assets/scripts/components/video.js",
      "Lines": 42,
      "BlankLines": 7,
      "Comments": 10,
      "CodeLines": 25
    },
    {
      "File": "web/app/themes/kaza-pickup/resources/views/components/block-our-offers.blade.php",
      "Lines": 27,
      "BlankLines": 2,
      "Comments": 0,
      "CodeLines": 25
    },
    {
      "File": "web/app/themes/kaza-pickup/resources/assets/styles/layouts/_core-blocks.scss",
      "Lines": 35,
      "BlankLines": 5,
      "Comments": 5,
      "CodeLines": 25
    },
    {
      "File": "web/app/themes/kaza-pickup/app/Controllers/BlockTextFlipper.php",
      "Lines": 35,
      "BlankLines": 6,
      "Comments": 5,
      "CodeLines": 24
    },
    {
      "File": "web/app/themes/kaza-pickup/app/Controllers/BlockOtherServices.php",
      "Lines": 35,
      "BlankLines": 6,
      "Comments": 5,
      "CodeLines": 24
    },
    {
      "File": "web/app/themes/kaza-pickup/resources/views/components/block-text-options.blade.php",
      "Lines": 28,
      "BlankLines": 4,
      "Comments": 0,
      "CodeLines": 24
    },
    {
      "File": "web/app/plugins/wp-optimize-premium/vendor/yahnis-elsts/plugin-update-checker/Puc/v4p7/DebugBar/PluginExtension.php",
      "Lines": 33,
      "BlankLines": 5,
      "Comments": 4,
      "CodeLines": 24
    },
    {
      "File": "web/app/themes/kaza-pickup/app/Controllers/BlockBrandList.php",
      "Lines": 36,
      "BlankLines": 7,
      "Comments": 5,
      "CodeLines": 24
    },
    {
      "File": "web/app/themes/kaza-pickup/resources/views/components/block-number-highlight.blade.php",
      "Lines": 26,
      "BlankLines": 3,
      "Comments": 0,
      "CodeLines": 23
    },
    {
      "File": "web/app/themes/kaza-pickup/app/Controllers/BlockBrandListSlider.php",
      "Lines": 35,
      "BlankLines": 7,
      "Comments": 5,
      "CodeLines": 23
    },
    {
      "File": "web/app/themes/kaza-pickup/resources/assets/styles/application.scss",
      "Lines": 34,
      "BlankLines": 5,
      "Comments": 6,
      "CodeLines": 23
    },
    {
      "File": "web/app/plugins/wp-optimize-premium/cache/class-wpo-load-url-task.php",
      "Lines": 57,
      "BlankLines": 14,
      "Comments": 20,
      "CodeLines": 23
    },
    {
      "File": "web/app/themes/kaza-pickup/resources/views/components/step-item.blade.php",
      "Lines": 28,
      "BlankLines": 5,
      "Comments": 0,
      "CodeLines": 23
    },
    {
      "File": "web/app/themes/kaza-pickup/resources/assets/scripts/components/hero-encart.js",
      "Lines": 36,
      "BlankLines": 6,
      "Comments": 7,
      "CodeLines": 23
    },
    {
      "File": "web/app/plugins/wp-optimize-premium/templates/settings/settings-trackback-and-comments.php",
      "Lines": 36,
      "BlankLines": 14,
      "Comments": 0,
      "CodeLines": 22
    },
    {
      "File": "web/app/themes/kaza-pickup/resources/views/partials/hero.blade.php",
      "Lines": 26,
      "BlankLines": 4,
      "Comments": 0,
      "CodeLines": 22
    },
    {
      "File": "web/app/themes/kaza-pickup/resources/assets/scripts/components/hero-slider.js",
      "Lines": 35,
      "BlankLines": 6,
      "Comments": 7,
      "CodeLines": 22
    },
    {
      "File": "web/app/themes/kaza-pickup/resources/views/components/article-presse.blade.php",
      "Lines": 25,
      "BlankLines": 3,
      "Comments": 0,
      "CodeLines": 22
    },
    {
      "File": "web/app/themes/kaza-pickup/app/Controllers/BlockCitation.php",
      "Lines": 33,
      "BlankLines": 7,
      "Comments": 5,
      "CodeLines": 21
    },
    {
      "File": "web/app/plugins/wp-optimize-premium/cache/class-wpo-cache-premium.php",
      "Lines": 46,
      "BlankLines": 10,
      "Comments": 15,
      "CodeLines": 21
    },
    {
      "File": "web/app/themes/kaza-pickup/resources/assets/scripts/components/parcel-locker.js",
      "Lines": 33,
      "BlankLines": 5,
      "Comments": 7,
      "CodeLines": 21
    },
    {
      "File": "web/app/themes/kaza-pickup/resources/assets/styles/utils/_reset.scss",
      "Lines": 36,
      "BlankLines": 5,
      "Comments": 10,
      "CodeLines": 21
    },
    {
      "File": "web/app/plugins/wp-optimize-premium/includes/updraftcentral.php",
      "Lines": 41,
      "BlankLines": 6,
      "Comments": 14,
      "CodeLines": 21
    },
    {
      "File": "web/app/themes/kaza-pickup/resources/views/components/block-video.blade.php",
      "Lines": 21,
      "BlankLines": 1,
      "Comments": 0,
      "CodeLines": 20
    },
    {
      "File": "web/app/plugins/wp-optimize-premium/vendor/yahnis-elsts/plugin-update-checker/plugin-update-checker.php",
      "Lines": 34,
      "BlankLines": 4,
      "Comments": 10,
      "CodeLines": 20
    },
    {
      "File": "web/app/themes/kaza-pickup/resources/views/components/block-arguments.blade.php",
      "Lines": 23,
      "BlankLines": 3,
      "Comments": 0,
      "CodeLines": 20
    },
    {
      "File": "web/app/plugins/wp-optimize-premium/includes/class-updraftcentral-wp-optimize-commands.php",
      "Lines": 42,
      "BlankLines": 8,
      "Comments": 14,
      "CodeLines": 20
    },
    {
      "File": "web/app/themes/kaza-pickup/resources/views/components/card-parcel-box.blade.php",
      "Lines": 22,
      "BlankLines": 2,
      "Comments": 0,
      "CodeLines": 20
    },
    {
      "File": "web/app/themes/kaza-pickup/resources/views/partials/head.blade.php",
      "Lines": 22,
      "BlankLines": 2,
      "Comments": 0,
      "CodeLines": 20
    },
    {
      "File": "web/app/plugins/wp-optimize-premium/vendor/yahnis-elsts/plugin-update-checker/Puc/v4p7/Update.php",
      "Lines": 34,
      "BlankLines": 6,
      "Comments": 9,
      "CodeLines": 19
    },
    {
      "File": "web/app/themes/kaza-pickup/resources/assets/styles/helpers/_functions.scss",
      "Lines": 37,
      "BlankLines": 6,
      "Comments": 12,
      "CodeLines": 19
    },
    {
      "File": "web/app/themes/kaza-pickup/resources/assets/styles/layouts/_custom-block.scss",
      "Lines": 24,
      "BlankLines": 0,
      "Comments": 5,
      "CodeLines": 19
    },
    {
      "File": "web/app/themes/kaza-pickup/resources/views/layouts/app.blade.php",
      "Lines": 22,
      "BlankLines": 3,
      "Comments": 0,
      "CodeLines": 19
    },
    {
      "File": "web/app/plugins/wp-optimize-premium/templates/settings/settings.php",
      "Lines": 27,
      "BlankLines": 8,
      "Comments": 0,
      "CodeLines": 19
    },
    {
      "File": "web/app/plugins/wp-optimize-premium/vendor/davidanderson684/simba-plugin-manager-updater/updater.php",
      "Lines": 28,
      "BlankLines": 6,
      "Comments": 3,
      "CodeLines": 19
    },
    {
      "File": "web/app/plugins/wp-optimize-premium/vendor/yahnis-elsts/plugin-update-checker/Puc/v4p7/Vcs/Reference.php",
      "Lines": 49,
      "BlankLines": 7,
      "Comments": 24,
      "CodeLines": 18
    },
    {
      "File": "web/app/themes/kaza-pickup/resources/views/components/block-simple-cta.blade.php",
      "Lines": 21,
      "BlankLines": 3,
      "Comments": 0,
      "CodeLines": 18
    },
    {
      "File": "web/app/plugins/wp-optimize-premium/includes/backward-compatibility-functions.php",
      "Lines": 30,
      "BlankLines": 0,
      "Comments": 14,
      "CodeLines": 16
    },
    {
      "File": "web/app/themes/kaza-pickup/resources/views/blocks/video.blade.php",
      "Lines": 17,
      "BlankLines": 1,
      "Comments": 0,
      "CodeLines": 16
    },
    {
      "File": "web/app/plugins/wp-optimize-premium/optimizations/inactive-tags.php",
      "Lines": 32,
      "BlankLines": 10,
      "Comments": 6,
      "CodeLines": 16
    },
    {
      "File": "web/app/themes/kaza-pickup/resources/assets/styles/editor.scss",
      "Lines": 27,
      "BlankLines": 5,
      "Comments": 6,
      "CodeLines": 16
    },
    {
      "File": "web/app/themes/kaza-pickup/resources/assets/styles/config/_colors.scss",
      "Lines": 20,
      "BlankLines": 0,
      "Comments": 5,
      "CodeLines": 15
    },
    {
      "File": "web/app/themes/kaza-pickup/app/Controllers/BlockTextColumn.php",
      "Lines": 24,
      "BlankLines": 4,
      "Comments": 5,
      "CodeLines": 15
    },
    {
      "File": "web/app/themes/kaza-pickup/resources/views/blocks/parcel-locker.blade.php",
      "Lines": 16,
      "BlankLines": 1,
      "Comments": 0,
      "CodeLines": 15
    },
    {
      "File": "web/app/themes/kaza-pickup/resources/views/blocks/parcel-box.blade.php",
      "Lines": 16,
      "BlankLines": 1,
      "Comments": 0,
      "CodeLines": 15
    },
    {
      "File": "web/app/themes/kaza-pickup/resources/views/blocks/simple-cta.blade.php",
      "Lines": 16,
      "BlankLines": 1,
      "Comments": 0,
      "CodeLines": 15
    },
    {
      "File": "web/app/themes/kaza-pickup/resources/views/blocks/our-offers.blade.php",
      "Lines": 16,
      "BlankLines": 1,
      "Comments": 0,
      "CodeLines": 15
    },
    {
      "File": "web/app/themes/kaza-pickup/resources/views/blocks/step.blade.php",
      "Lines": 16,
      "BlankLines": 1,
      "Comments": 0,
      "CodeLines": 15
    },
    {
      "File": "web/app/themes/kaza-pickup/resources/views/blocks/other-services.blade.php",
      "Lines": 16,
      "BlankLines": 1,
      "Comments": 0,
      "CodeLines": 15
    },
    {
      "File": "web/app/themes/kaza-pickup/resources/views/components/svg.blade.php",
      "Lines": 17,
      "BlankLines": 2,
      "Comments": 0,
      "CodeLines": 15
    },
    {
      "File": "web/app/themes/kaza-pickup/resources/assets/styles/autoload/_uikit.scss",
      "Lines": 30,
      "BlankLines": 3,
      "Comments": 12,
      "CodeLines": 15
    },
    {
      "File": "web/app/themes/kaza-pickup/resources/views/blocks/text-options.blade.php",
      "Lines": 16,
      "BlankLines": 1,
      "Comments": 0,
      "CodeLines": 15
    },
    {
      "File": "web/app/themes/kaza-pickup/resources/views/blocks/arguments.blade.php",
      "Lines": 16,
      "BlankLines": 1,
      "Comments": 0,
      "CodeLines": 15
    },
    {
      "File": "web/app/themes/kaza-pickup/resources/views/blocks/tabs-image.blade.php",
      "Lines": 16,
      "BlankLines": 1,
      "Comments": 0,
      "CodeLines": 15
    },
    {
      "File": "web/app/themes/kaza-pickup/resources/views/blocks/text-flipper.blade.php",
      "Lines": 16,
      "BlankLines": 1,
      "Comments": 0,
      "CodeLines": 15
    },
    {
      "File": "web/app/themes/kaza-pickup/resources/views/blocks/number-highlight.blade.php",
      "Lines": 16,
      "BlankLines": 1,
      "Comments": 0,
      "CodeLines": 15
    },
    {
      "File": "web/app/themes/kaza-pickup/resources/views/blocks/content-repeat-image.blade.php",
      "Lines": 16,
      "BlankLines": 1,
      "Comments": 0,
      "CodeLines": 15
    },
    {
      "File": "web/app/themes/kaza-pickup/resources/views/blocks/brand-list-slider.blade.php",
      "Lines": 16,
      "BlankLines": 1,
      "Comments": 0,
      "CodeLines": 15
    },
    {
      "File": "web/app/themes/kaza-pickup/resources/views/blocks/content-image.blade.php",
      "Lines": 16,
      "BlankLines": 1,
      "Comments": 0,
      "CodeLines": 15
    },
    {
      "File": "web/app/themes/kaza-pickup/resources/views/blocks/citation.blade.php",
      "Lines": 16,
      "BlankLines": 1,
      "Comments": 0,
      "CodeLines": 15
    },
    {
      "File": "web/app/themes/kaza-pickup/resources/views/blocks/testimonials.blade.php",
      "Lines": 16,
      "BlankLines": 1,
      "Comments": 0,
      "CodeLines": 15
    },
    {
      "File": "web/app/themes/kaza-pickup/resources/views/blocks/text-column.blade.php",
      "Lines": 16,
      "BlankLines": 1,
      "Comments": 0,
      "CodeLines": 15
    },
    {
      "File": "web/app/themes/kaza-pickup/resources/views/blocks/brand-list.blade.php",
      "Lines": 16,
      "BlankLines": 1,
      "Comments": 0,
      "CodeLines": 15
    },
    {
      "File": "web/app/themes/kaza-pickup/resources/views/search.blade.php",
      "Lines": 18,
      "BlankLines": 4,
      "Comments": 0,
      "CodeLines": 14
    },
    {
      "File": "web/app/themes/kaza-pickup/resources/views/components/card-arguments.blade.php",
      "Lines": 16,
      "BlankLines": 2,
      "Comments": 0,
      "CodeLines": 14
    },
    {
      "File": "web/app/plugins/wp-optimize-premium/includes/class-updraft-logger-interface.php",
      "Lines": 115,
      "BlankLines": 11,
      "Comments": 90,
      "CodeLines": 14
    },
    {
      "File": "web/app/themes/kaza-pickup/app/Controllers/BlockTextOptions.php",
      "Lines": 24,
      "BlankLines": 5,
      "Comments": 5,
      "CodeLines": 14
    },
    {
      "File": "web/app/themes/kaza-pickup/app/admin.php",
      "Lines": 24,
      "BlankLines": 3,
      "Comments": 7,
      "CodeLines": 14
    },
    {
      "File": "web/app/themes/kaza-pickup/app/Controllers/BlockNumberHighlight.php",
      "Lines": 23,
      "BlankLines": 4,
      "Comments": 5,
      "CodeLines": 14
    },
    {
      "File": "web/app/themes/kaza-pickup/resources/views/index.blade.php",
      "Lines": 18,
      "BlankLines": 4,
      "Comments": 0,
      "CodeLines": 14
    },
    {
      "File": "web/app/themes/kaza-pickup/app/Controllers/BlockVideo.php",
      "Lines": 23,
      "BlankLines": 5,
      "Comments": 5,
      "CodeLines": 13
    },
    {
      "File": "web/app/themes/kaza-pickup/app/Controllers/BlockSimpleCta.php",
      "Lines": 22,
      "BlankLines": 4,
      "Comments": 5,
      "CodeLines": 13
    },
    {
      "File": "web/app/plugins/wp-optimize-premium/vendor/composer/autoload_static.php",
      "Lines": 19,
      "BlankLines": 5,
      "Comments": 1,
      "CodeLines": 13
    },
    {
      "File": "web/app/plugins/wp-optimize-premium/vendor/yahnis-elsts/plugin-update-checker/Puc/v4p7/DebugBar/ThemePanel.php",
      "Lines": 21,
      "BlankLines": 5,
      "Comments": 3,
      "CodeLines": 13
    },
    {
      "File": "web/app/themes/kaza-pickup/resources/views/partials/content-single.blade.php",
      "Lines": 13,
      "BlankLines": 0,
      "Comments": 0,
      "CodeLines": 13
    },
    {
      "File": "web/app/themes/kaza-pickup/resources/assets/styles/config/_fonts.scss",
      "Lines": 21,
      "BlankLines": 2,
      "Comments": 7,
      "CodeLines": 12
    },
    {
      "File": "config/environments/development.php",
      "Lines": 24,
      "BlankLines": 6,
      "Comments": 6,
      "CodeLines": 12
    },
    {
      "File": "web/app/themes/kaza-pickup/resources/assets/styles/autoload/_uikit-editor.scss",
      "Lines": 27,
      "BlankLines": 3,
      "Comments": 12,
      "CodeLines": 12
    },
    {
      "File": "web/app/themes/kaza-pickup/resources/views/template-contact-page.blade.php",
      "Lines": 14,
      "BlankLines": 2,
      "Comments": 0,
      "CodeLines": 12
    },
    {
      "File": "web/app/plugins/wp-optimize-premium/templates/handlebars/fortnightly.handlebars.html",
      "Lines": 12,
      "BlankLines": 0,
      "Comments": 0,
      "CodeLines": 12
    },
    {
      "File": "config/environments/staging.php",
      "Lines": 30,
      "BlankLines": 5,
      "Comments": 14,
      "CodeLines": 11
    },
    {
      "File": "web/app/themes/kaza-pickup/resources/views/components/media.blade.php",
      "Lines": 13,
      "BlankLines": 2,
      "Comments": 0,
      "CodeLines": 11
    },
    {
      "File": "web/app/themes/kaza-pickup/resources/views/partials/content-search.blade.php",
      "Lines": 11,
      "BlankLines": 0,
      "Comments": 0,
      "CodeLines": 11
    },
    {
      "File": "phpcs.xml",
      "Lines": 23,
      "BlankLines": 6,
      "Comments": 6,
      "CodeLines": 11
    },
    {
      "File": "config/environments/production.php",
      "Lines": 29,
      "BlankLines": 4,
      "Comments": 14,
      "CodeLines": 11
    },
    {
      "File": "web/app/themes/kaza-pickup/resources/assets/styles/critical.scss",
      "Lines": 20,
      "BlankLines": 4,
      "Comments": 5,
      "CodeLines": 11
    },
    {
      "File": "web/app/themes/kaza-pickup/resources/views/template-home-page.blade.php",
      "Lines": 11,
      "BlankLines": 1,
      "Comments": 0,
      "CodeLines": 10
    },
    {
      "File": "web/app/themes/kaza-pickup/resources/views/template-presse-page.blade.php",
      "Lines": 11,
      "BlankLines": 1,
      "Comments": 0,
      "CodeLines": 10
    },
    {
      "File": "web/app/themes/kaza-pickup/config/view.php",
      "Lines": 51,
      "BlankLines": 9,
      "Comments": 32,
      "CodeLines": 10
    },
    {
      "File": "web/app/themes/kaza-pickup/resources/views/404.blade.php",
      "Lines": 12,
      "BlankLines": 2,
      "Comments": 0,
      "CodeLines": 10
    },
    {
      "File": "web/app/themes/kaza-pickup/resources/assets/scripts/routes/constant.js",
      "Lines": 33,
      "BlankLines": 5,
      "Comments": 18,
      "CodeLines": 10
    },
    {
      "File": "web/app/themes/kaza-pickup/app/Assets/ExtendedJsonManifest.php",
      "Lines": 34,
      "BlankLines": 4,
      "Comments": 20,
      "CodeLines": 10
    },
    {
      "File": "web/app/plugins/wp-optimize-premium/index.html",
      "Lines": 9,
      "BlankLines": 0,
      "Comments": 0,
      "CodeLines": 9
    },
    {
      "File": "web/app/themes/kaza-pickup/resources/views/components/card-contact.blade.php",
      "Lines": 10,
      "BlankLines": 1,
      "Comments": 0,
      "CodeLines": 9
    },
    {
      "File": "docker-compose.override.example.yml",
      "Lines": 11,
      "BlankLines": 2,
      "Comments": 0,
      "CodeLines": 9
    },
    {
      "File": "web/app/themes/kaza-pickup/resources/views/partials/content.blade.php",
      "Lines": 9,
      "BlankLines": 0,
      "Comments": 0,
      "CodeLines": 9
    },
    {
      "File": "web/app/plugins/wp-optimize-premium/cache/extensions/analytics.php",
      "Lines": 12,
      "BlankLines": 3,
      "Comments": 0,
      "CodeLines": 9
    },
    {
      "File": "web/app/plugins/wp-optimize-premium/templates/cache/page-cache-woocommerce.php",
      "Lines": 9,
      "BlankLines": 0,
      "Comments": 0,
      "CodeLines": 9
    },
    {
      "File": "web/app/themes/kaza-pickup/resources/assets/styles/autoload/_mixins-uikit.scss",
      "Lines": 16,
      "BlankLines": 1,
      "Comments": 7,
      "CodeLines": 8
    },
    {
      "File": "web/app/plugins/wp-optimize-premium/vendor/yahnis-elsts/plugin-update-checker/Puc/v4p7/Vcs/BaseChecker.php",
      "Lines": 27,
      "BlankLines": 4,
      "Comments": 15,
      "CodeLines": 8
    },
    {
      "File": "web/app/plugins/wp-optimize-premium/templates/handlebars/monthly.handlebars.html",
      "Lines": 8,
      "BlankLines": 0,
      "Comments": 0,
      "CodeLines": 8
    },
    {
      "File": "web/app/plugins/wp-optimize-premium/templates/settings/support-and-faqs.php",
      "Lines": 9,
      "BlankLines": 1,
      "Comments": 0,
      "CodeLines": 8
    },
    {
      "File": "web/app/themes/kaza-pickup/app/custom-options.php",
      "Lines": 15,
      "BlankLines": 4,
      "Comments": 3,
      "CodeLines": 8
    },
    {
      "File": "web/app/plugins/axeptio-cookies/uninstall.php",
      "Lines": 15,
      "BlankLines": 4,
      "Comments": 3,
      "CodeLines": 8
    },
    {
      "File": "web/app/plugins/wp-optimize-premium/cache/php-5.3-functions.php",
      "Lines": 17,
      "BlankLines": 3,
      "Comments": 6,
      "CodeLines": 8
    },
    {
      "File": "web/app/plugins/wp-optimize-premium/vendor/team-updraft/common-libs/CI/php-compatibility.xml",
      "Lines": 13,
      "BlankLines": 0,
      "Comments": 6,
      "CodeLines": 7
    },
    {
      "File": "web/app/themes/kaza-pickup/resources/views/components/media-no-lazyload.blade.php",
      "Lines": 8,
      "BlankLines": 1,
      "Comments": 0,
      "CodeLines": 7
    },
    {
      "File": "web/app/plugins/wp-optimize-premium/templates/handlebars/weekly.handlebars.html",
      "Lines": 7,
      "BlankLines": 0,
      "Comments": 0,
      "CodeLines": 7
    },
    {
      "File": "web/app/themes/kaza-pickup/resources/assets/styles/fonts/_plutosans.scss",
      "Lines": 12,
      "BlankLines": 0,
      "Comments": 5,
      "CodeLines": 7
    },
    {
      "File": "web/app/themes/kaza-pickup/resources/views/page.blade.php",
      "Lines": 8,
      "BlankLines": 1,
      "Comments": 0,
      "CodeLines": 7
    },
    {
      "File": "web/app/themes/kaza-pickup/app/Controllers/FrontPage.php",
      "Lines": 10,
      "BlankLines": 4,
      "Comments": 0,
      "CodeLines": 6
    },
    {
      "File": "web/app/themes/kaza-pickup/resources/views/single.blade.php",
      "Lines": 7,
      "BlankLines": 1,
      "Comments": 0,
      "CodeLines": 6
    },
    {
      "File": "web/app/plugins/wp-optimize-premium/vendor/composer/autoload_files.php",
      "Lines": 10,
      "BlankLines": 3,
      "Comments": 1,
      "CodeLines": 6
    },
    {
      "File": "web/app/themes/kaza-pickup/resources/views/partials/entry-meta.blade.php",
      "Lines": 6,
      "BlankLines": 0,
      "Comments": 0,
      "CodeLines": 6
    },
    {
      "File": "web/app/plugins/wp-optimize-premium/templates/handlebars/action.handlebars.html",
      "Lines": 6,
      "BlankLines": 0,
      "Comments": 0,
      "CodeLines": 6
    },
    {
      "File": "web/app/plugins/wp-optimize-premium/vendor/composer/autoload_classmap.php",
      "Lines": 9,
      "BlankLines": 3,
      "Comments": 1,
      "CodeLines": 5
    },
    {
      "File": "web/app/themes/kaza-pickup/config/assets.php",
      "Lines": 31,
      "BlankLines": 5,
      "Comments": 21,
      "CodeLines": 5
    },
    {
      "File": "web/app/plugins/wp-optimize-premium/vendor/team-updraft/common-libs/CI/php-syntax-check.xml",
      "Lines": 7,
      "BlankLines": 0,
      "Comments": 2,
      "CodeLines": 5
    },
    {
      "File": "web/app/plugins/wp-optimize-premium/vendor/composer/autoload_psr4.php",
      "Lines": 9,
      "BlankLines": 3,
      "Comments": 1,
      "CodeLines": 5
    },
    {
      "File": "web/app/plugins/wp-optimize-premium/templates/handlebars/once.handlebars.html",
      "Lines": 5,
      "BlankLines": 0,
      "Comments": 0,
      "CodeLines": 5
    },
    {
      "File": "web/app/plugins/wp-optimize-premium/vendor/composer/autoload_namespaces.php",
      "Lines": 9,
      "BlankLines": 3,
      "Comments": 1,
      "CodeLines": 5
    },
    {
      "File": "web/app/themes/kaza-pickup/resources/assets/styles/config/_media-queries.scss",
      "Lines": 13,
      "BlankLines": 1,
      "Comments": 7,
      "CodeLines": 5
    },
    {
      "File": "web/app/plugins/wp-optimize-premium/templates/handlebars/schedule_types.handlebars.html",
      "Lines": 5,
      "BlankLines": 0,
      "Comments": 0,
      "CodeLines": 5
    },
    {
      "File": "web/app/themes/kaza-pickup/config/theme.php",
      "Lines": 32,
      "BlankLines": 5,
      "Comments": 22,
      "CodeLines": 5
    },
    {
      "File": "web/app/themes/kaza-pickup/resources/assets/styles/autoload/_variables-uikit.scss",
      "Lines": 10,
      "BlankLines": 0,
      "Comments": 6,
      "CodeLines": 4
    },
    {
      "File": "web/app/themes/kaza-pickup/resources/assets/styles/fonts/_plutosans-dpd.scss",
      "Lines": 9,
      "BlankLines": 0,
      "Comments": 5,
      "CodeLines": 4
    },
    {
      "File": "web/wp-config.php",
      "Lines": 9,
      "BlankLines": 0,
      "Comments": 5,
      "CodeLines": 4
    },
    {
      "File": "web/app/themes/kaza-pickup/resources/assets/styles/layouts/_common-components.scss",
      "Lines": 10,
      "BlankLines": 1,
      "Comments": 5,
      "CodeLines": 4
    },
    {
      "File": "web/app/plugins/wp-optimize-premium/templates/handlebars/optimizations.handlebars.html",
      "Lines": 4,
      "BlankLines": 0,
      "Comments": 0,
      "CodeLines": 4
    },
    {
      "File": "web/app/plugins/wp-optimize-premium/vendor/yahnis-elsts/plugin-update-checker/Puc/v4/Factory.php",
      "Lines": 6,
      "BlankLines": 2,
      "Comments": 0,
      "CodeLines": 4
    },
    {
      "File": "web/app/themes/kaza-pickup/resources/assets/styles/config/_ease.scss",
      "Lines": 9,
      "BlankLines": 1,
      "Comments": 5,
      "CodeLines": 3
    },
    {
      "File": "web/app/themes/kaza-pickup/resources/views/partials/page-header.blade.php",
      "Lines": 3,
      "BlankLines": 0,
      "Comments": 0,
      "CodeLines": 3
    },
    {
      "File": "web/index.php",
      "Lines": 6,
      "BlankLines": 0,
      "Comments": 3,
      "CodeLines": 3
    },
    {
      "File": "web/app/themes/kaza-pickup/resources/assets/styles/config/_selectors.scss",
      "Lines": 17,
      "BlankLines": 1,
      "Comments": 13,
      "CodeLines": 3
    },
    {
      "File": "web/app/plugins/wp-optimize-premium/vendor/autoload.php",
      "Lines": 7,
      "BlankLines": 3,
      "Comments": 1,
      "CodeLines": 3
    },
    {
      "File": "web/app/plugins/wp-optimize-premium/templates/info-message.php",
      "Lines": 3,
      "BlankLines": 0,
      "Comments": 0,
      "CodeLines": 3
    },
    {
      "File": "wp-cli.yml",
      "Lines": 3,
      "BlankLines": 0,
      "Comments": 0,
      "CodeLines": 3
    },
    {
      "File": "web/app/plugins/wp-optimize-premium/js/handlebars/handlebars.min.js",
      "Lines": 28,
      "BlankLines": 0,
      "Comments": 26,
      "CodeLines": 2
    },
    {
      "File": "web/app/plugins/wp-optimize-premium/templates/handlebars/daily.handlebars.html",
      "Lines": 2,
      "BlankLines": 0,
      "Comments": 0,
      "CodeLines": 2
    },
    {
      "File": "web/app/themes/kaza-pickup/resources/views/partials/content-page.blade.php",
      "Lines": 3,
      "BlankLines": 1,
      "Comments": 0,
      "CodeLines": 2
    },
    {
      "File": "web/app/plugins/wp-optimize-premium/js/tablesorter/jquery.tablesorter.widgets.min.js",
      "Lines": 4,
      "BlankLines": 1,
      "Comments": 1,
      "CodeLines": 2
    },
    {
      "File": "web/app/plugins/wp-optimize-premium/templates/handlebars/status.handlebars.html",
      "Lines": 2,
      "BlankLines": 0,
      "Comments": 0,
      "CodeLines": 2
    },
    {
      "File": "web/app/plugins/wp-optimize-premium/css/smush-3-0-16.min.css",
      "Lines": 2,
      "BlankLines": 0,
      "Comments": 1,
      "CodeLines": 1
    },
    {
      "File": "web/app/plugins/wp-optimize-premium/css/select2/select2.min.css",
      "Lines": 1,
      "BlankLines": 0,
      "Comments": 0,
      "CodeLines": 1
    },
    {
      "File": "web/app/plugins/wp-optimize-premium/css/wpo-premium-3-0-16.min.css",
      "Lines": 2,
      "BlankLines": 0,
      "Comments": 1,
      "CodeLines": 1
    },
    {
      "File": "web/app/plugins/wp-optimize-premium/css/wp-optimize-notices-3-0-16.min.css",
      "Lines": 2,
      "BlankLines": 0,
      "Comments": 1,
      "CodeLines": 1
    },
    {
      "File": "web/app/themes/kaza-pickup/resources/index.php",
      "Lines": 3,
      "BlankLines": 1,
      "Comments": 1,
      "CodeLines": 1
    },
    {
      "File": "web/app/plugins/wp-optimize-premium/css/wp-optimize-admin-3-0-16.min.css",
      "Lines": 2,
      "BlankLines": 0,
      "Comments": 1,
      "CodeLines": 1
    },
    {
      "File": "web/app/plugins/wp-optimize-premium/css/admin-3-0-16.min.css",
      "Lines": 2,
      "BlankLines": 0,
      "Comments": 1,
      "CodeLines": 1
    },
    {
      "File": "web/app/plugins/wp-optimize-premium/js/serialize-json/jquery.serializejson.min.js",
      "Lines": 10,
      "BlankLines": 0,
      "Comments": 9,
      "CodeLines": 1
    },
    {
      "File": "web/app/themes/kaza-pickup/resources/views/partials/sidebar.blade.php",
      "Lines": 1,
      "BlankLines": 0,
      "Comments": 0,
      "CodeLines": 1
    },
    {
      "File": "web/app/plugins/wp-optimize-premium/js/wposmush-3-0-16.min.js",
      "Lines": 0,
      "BlankLines": 0,
      "Comments": 0,
      "CodeLines": 0
    },
    {
      "File": "web/app/plugins/wp-optimize-premium/js/wpoadmin-3-0-16.min.js",
      "Lines": 0,
      "BlankLines": 0,
      "Comments": 0,
      "CodeLines": 0
    },
    {
      "File": "web/app/plugins/wp-optimize-premium/js/wpo-premium-3-0-16.min.js",
      "Lines": 0,
      "BlankLines": 0,
      "Comments": 0,
      "CodeLines": 0
    },
    {
      "File": "web/app/plugins/wp-optimize-premium/js/jquery-timepicker/jquery.timepicker.min.js",
      "Lines": 6,
      "BlankLines": 1,
      "Comments": 5,
      "CodeLines": 0
    },
    {
      "File": "web/app/plugins/wp-optimize-premium/js/wpo-lazy-load-3-0-16.min.js",
      "Lines": 0,
      "BlankLines": 0,
      "Comments": 0,
      "CodeLines": 0
    },
    {
      "File": "web/app/plugins/wp-optimize-premium/js/jquery.blockUI.min.js",
      "Lines": 0,
      "BlankLines": 0,
      "Comments": 0,
      "CodeLines": 0
    },
    {
      "File": "web/app/plugins/wp-optimize-premium/js/wpo-images-view-3-0-16.min.js",
      "Lines": 0,
      "BlankLines": 0,
      "Comments": 0,
      "CodeLines": 0
    },
    {
      "File": "web/app/themes/kaza-pickup/resources/style.css",
      "Lines": 12,
      "BlankLines": 0,
      "Comments": 12,
      "CodeLines": 0
    },
    {
      "File": "web/app/plugins/wp-optimize-premium/js/jquery.tablesorter.pager-3-0-16.min.js",
      "Lines": 0,
      "BlankLines": 0,
      "Comments": 0,
      "CodeLines": 0
    },
    {
      "File": "web/app/plugins/wp-optimize-premium/js/jquery-timepicker/jquery.timepicker.min.css",
      "Lines": 0,
      "BlankLines": 0,
      "Comments": 0,
      "CodeLines": 0
    },
    {
      "File": "web/app/plugins/wp-optimize-premium/css/tablesorter/theme.default.min.css",
      "Lines": 0,
      "BlankLines": 0,
      "Comments": 0,
      "CodeLines": 0
    },
    {
      "File": "web/app/plugins/wp-optimize-premium/js/tablesorter/jquery.tablesorter.min.js",
      "Lines": 0,
      "BlankLines": 0,
      "Comments": 0,
      "CodeLines": 0
    },
    {
      "File": "web/app/plugins/wp-optimize-premium/js/modernizr/modernizr-custom.min.js",
      "Lines": 0,
      "BlankLines": 0,
      "Comments": 0,
      "CodeLines": 0
    },
    {
      "File": "web/app/plugins/wp-optimize-premium/templates/handlebars-compiled-3-0-16.js",
      "Lines": 0,
      "BlankLines": 0,
      "Comments": 0,
      "CodeLines": 0
    },
    {
      "File": "web/app/plugins/wp-optimize-premium/js/queue-3-0-16.min.js",
      "Lines": 0,
      "BlankLines": 0,
      "Comments": 0,
      "CodeLines": 0
    },
    {
      "File": "web/app/plugins/wp-optimize-premium/js/select2/select2.min.js",
      "Lines": 1,
      "BlankLines": 0,
      "Comments": 1,
      "CodeLines": 0
    },
    {
      "File": "web/app/plugins/wp-optimize-premium/css/jquery-ui.custom-3-0-16.min.css",
      "Lines": 2,
      "BlankLines": 0,
      "Comments": 2,
      "CodeLines": 0
    },
    {
      "File": "web/app/plugins/wp-optimize-premium/js/handlebars/handlebars.runtime.min.js",
      "Lines": 26,
      "BlankLines": 0,
      "Comments": 26,
      "CodeLines": 0
    },
    {
      "File": "web/app/plugins/wp-optimize-premium/js/cache-3-0-16.min.js",
      "Lines": 0,
      "BlankLines": 0,
      "Comments": 0,
      "CodeLines": 0
    }
  ]
}