File,Lines,Blank Lines,Comments,Code Lines
pom.xml,118,0,0,118
src/main/java/demo/security/servlet/UserServlet.java,68,6,0,62
src/main/java/demo/security/servlet/Insecure.java,88,14,13,61
src/main/java/demo/security/util/Utils.java,52,9,0,43
.github/workflows/maven.yml,55,6,10,39
src/main/java/demo/security/util/DBUtils.java,37,5,0,32
src/main/java/demo/security/util/WebUtils.java,36,4,1,31
src/main/java/demo/security/servlet/HomeServlet.java,36,7,2,27
src/test/java/WebUtilsTest.java,33,8,0,25
src/main/java/demo/security/servlet/ScriptServlet.java,23,3,0,20
src/main/java/demo/security/servlet/FileServlet.java,19,3,0,16
src/main/java/demo/security/util/SessionHeader.java,13,0,0,13
src/test/java/AppTest.java,12,3,0,9
buildspec.yml,9,1,0,8
src/main/webapp/index.jsp,8,0,0,8
src/main/webapp/user.jsp,8,0,0,8
src/main/webapp/WEB-INF/web.xml,6,1,0,5
