File,Lines,Blank Lines,Comments,Code Lines
src/packages/System.Collections.NonGeneric.4.3.0/ref/netstandard1.3/ko/System.Collections.NonGeneric.xml,1877,0,0,1877
src/packages/System.Collections.NonGeneric.4.3.0/ref/netstandard1.3/ja/System.Collections.NonGeneric.xml,1877,0,0,1877
src/packages/System.Collections.NonGeneric.4.3.0/ref/netstandard1.3/zh-hant/System.Collections.NonGeneric.xml,1638,0,0,1638
src/packages/System.Collections.NonGeneric.4.3.0/ref/netstandard1.3/fr/System.Collections.NonGeneric.xml,1629,0,0,1629
src/packages/System.Collections.NonGeneric.4.3.0/ref/netstandard1.3/zh-hans/System.Collections.NonGeneric.xml,1625,0,0,1625
src/packages/System.Collections.NonGeneric.4.3.0/ref/netstandard1.3/es/System.Collections.NonGeneric.xml,1591,0,0,1591
src/packages/System.Collections.NonGeneric.4.3.0/ref/netstandard1.3/it/System.Collections.NonGeneric.xml,1583,0,0,1583
src/packages/System.Collections.NonGeneric.4.3.0/ref/netstandard1.3/de/System.Collections.NonGeneric.xml,1552,0,0,1552
src/packages/System.Collections.NonGeneric.4.3.0/ref/netstandard1.3/System.Collections.NonGeneric.xml,1542,0,0,1542
src/packages/System.Collections.NonGeneric.4.3.0/ref/netstandard1.3/ru/System.Collections.NonGeneric.xml,1514,0,0,1514
src/Program.cs,99,3,3,93
src/Model/Alphabet.cs,81,14,0,67
src/Flows/Recursion/Flow_00035.cs,69,12,5,52
.github/workflows/dotnet-desktop.yml,97,11,39,47
src/Model/Blot.cs,40,3,0,37
src/Model/IShoppingCart.cs,41,5,0,36
src/Flows/Points-To-Analysis/Flow_00046.cs,42,8,3,31
src/Flows/Points-To-Analysis/Flow_00047.cs,40,6,3,31
src/Flows/Points-To-Analysis/Flow_00048.cs,40,6,3,31
src/Flows/Points-To-Analysis/Flow_00036.cs,44,9,5,30
src/Flows/Miscellaneous/Flow_00074.cs,33,4,3,26
src/Model/BlotBag.cs,31,5,0,26
src/Model/Robot.cs,31,5,0,26
src/Flows/Miscellaneous/Flow_00078.cs,32,4,3,25
src/Flows/Miscellaneous/Flow_00043.cs,31,4,4,23
src/Flows/Path-Sensitivity/Flow_00027.cs,28,2,3,23
src/Flows/Path-Sensitivity/Flow_00015.cs,31,5,3,23
src/Flows/Path-Sensitivity/Flow_00014.cs,31,5,3,23
src/Flows/Miscellaneous/Flow_00044.cs,29,3,3,23
src/Flows/Exceptions/Flow_00038.cs,29,4,3,22
src/Model/Atlas.cs,25,4,0,21
src/Flows/Recursion/Flow_00017.cs,29,5,3,21
src/Flows/Reflection/Flow_00062.cs,34,8,5,21
src/Model/MProxy.cs,23,3,0,20
src/Flows/Context-Sensitivity/Flow_00010.cs,27,4,3,20
src/Flows/Aggregates/Flow_00049.cs,23,1,3,19
src/Flows/Polymorphism/Flow_00022.cs,30,8,3,19
src/Flows/Miscellaneous/Flow_00079.cs,25,3,3,19
src/Flows/Points-To-Analysis/Flow_00075.cs,28,6,3,19
src/Model/IWeatherService.cs,21,2,0,19
src/Flows/Aggregates/Flow_00005.cs,24,2,3,19
src/Flows/Aggregates/Flow_00006.cs,23,1,3,19
src/Flows/Aggregates/Flow_00054.cs,23,1,3,19
src/Flows/Loops/Flow_00016.cs,27,5,3,19
src/Flows/Aggregates/Flow_00050.cs,23,1,3,19
src/Flows/Aggregates/Flow_00051.cs,23,1,3,19
src/Flows/PassByReference/Flow_00013.cs,25,3,3,19
src/Flows/Aggregates/Flow_00053.cs,23,1,3,19
src/Flows/Unreachable Flow/Flow_00040.cs,24,2,3,19
src/Flows/String-Operations/Flow_00039.cs,26,4,3,19
src/Flows/Aggregates/Flow_00052.cs,23,1,3,19
src/Flows/Inline-Instantiations/Flow_00063.cs,24,3,3,18
src/Model/DataSource.cs,20,2,0,18
src/Model/Framework.cs,22,2,2,18
src/Flows/Polymorphism/Flow_00076.cs,24,3,3,18
src/Flows/Miscellaneous/Flow_00081.cs,22,1,3,18
src/Flows/PassByReference/Flow_00012.cs,24,3,3,18
src/Flows/Points-To-Analysis/Flow_00057.cs,25,4,3,18
src/Flows/Points-To-Analysis/Flow_00056.cs,25,4,3,18
src/Flows/Exceptions/Flow_00037.cs,22,1,3,18
src/Flows/Points-To-Analysis/Flow_00055.cs,25,4,3,18
src/Flows/Inline-Instantiations/Flow_00064.cs,22,2,3,17
src/Flows/Flow-Sensitivity/Flow_00071.cs,23,3,3,17
src/Flows/Nested-Calls/Flow_00018.cs,24,4,3,17
src/Flows/Points-To-Analysis/Flow_00033.cs,28,8,3,17
src/Flows/Points-To-Analysis/Flow_00065.cs,27,7,3,17
src/Flows/Miscellaneous/Flow_00073.cs,28,7,4,17
src/Flows/Flow-Sensitivity/Flow_00070.cs,23,3,3,17
src/Flows/Simple/Flow_00011.cs,21,2,3,16
src/Flows/PassByReference/Flow_00030.cs,23,4,3,16
src/Flows/Context-Sensitivity/Flow_00009.cs,21,2,3,16
src/Flows/Points-To-Analysis/Flow_00058.cs,23,4,3,16
src/Flows/Lambda-Functions/Flow_00077.cs,23,4,3,16
src/Flows/Flow-Sensitivity/Flow_00059.cs,22,3,3,16
src/Flows/Regular Expression/Flow_00042.cs,27,6,5,16
src/Flows/Flow-Sensitivity/Flow_00066.cs,22,3,3,16
src/Flows/PassByReference/Flow_00029.cs,22,3,3,16
src/Flows/Path-Sensitivity/Flow_00008.cs,19,1,3,15
src/Flows/Polymorphism/Flow_00021.cs,22,4,3,15
src/Flows/Path-Sensitivity/Flow_00007.cs,18,0,3,15
src/Properties/AssemblyInfo.cs,36,4,17,15
src/Flows/Miscellaneous/Flow_00080.cs,20,2,3,15
src/Flows/Flow-Sensitivity/Flow_00068.cs,22,4,3,15
src/Flows/Lambda-Functions/Flow_00060.cs,23,5,3,15
src/Flows/Lambda-Functions/Flow_00061.cs,22,4,3,15
src/Flows/Points-To-Analysis/Flow_00045.cs,23,5,3,15
src/Flows/Miscellaneous/Flow_00072.cs,23,4,4,15
src/Flows/Getter-Setter/Flow_00019.cs,21,4,3,14
src/Flows/Points-To-Analysis/Flow_00067.cs,20,3,3,14
src/Flows/Field-Sensitivity/Flow_00003.cs,19,2,3,14
src/Flows/Field-Sensitivity/Flow_00004.cs,19,2,3,14
src/Flows/Points-To-Analysis/Flow_00032.cs,20,3,3,14
src/Flows/Static-Variable/Flow_00031.cs,19,3,3,13
src/Model/Machine.cs,14,1,0,13
src/Flows/Field-Sensitivity/Flow_00069.cs,20,4,3,13
src/Flows/Getter-Setter/Flow_00020.cs,20,4,3,13
src/Flows/Flow-Sensitivity/Flow_00034.cs,17,2,3,12
src/Flows/String-Operations/Flow_00041.cs,17,2,3,12
src/Flows/Integer Casting/Flow_00028.cs,20,3,5,12
src/Flows/Multi-Source-Multi-Sink/Flow_00025.cs,16,2,2,12
src/Flows/Simple/Flow_00001.cs,15,1,3,11
src/Flows/Multi-Source-Multi-Sink/Flow_00023.cs,15,1,3,11
src/Flows/Multi-Source-Multi-Sink/Flow_00026.cs,15,1,3,11
src/Flows/Multi-Source-Multi-Sink/Flow_00024.cs,16,2,3,11
src/Flows/Simple/Flow_00002.cs,13,0,3,10
