File,Lines,Blank Lines,Comments,Code Lines
dsvpwa/attacks.py,393,77,1,315
dsvpwa/handlers.py,241,39,0,202
db/attacks.xml,133,0,0,133
static/css/custom.css,98,16,0,82
templates/documents.html,57,0,0,57
templates/diagnostics.html,53,0,0,53
templates/users.html,53,0,0,53
templates/post.html,53,0,0,53
templates/guestbook.html,53,0,0,53
dsvpwa.py,56,11,1,44
dsvpwa/server.py,46,7,0,39
templates/index.html,38,0,0,38
templates/main.html,38,0,0,38
templates/login.html,33,0,0,33
db/users.xml,31,0,0,31
static/js/custom.js,10,1,0,9
dsvpwa/__init__.py,7,1,0,6
static/js/bootstrap.bundle.min.js,6,0,5,1
static/js/jquery.min.js,1,0,1,0
static/css/fontawesome-all.min.css,4,0,4,0
static/css/bootstrap.min.css,6,0,6,0
