File,Lines,Blank Lines,Comments,Code Lines
src/zcl_demo_abap_dynamic_prog.clas.abap,3123,710,752,1661
src/zcl_demo_abap_string_proc.clas.abap,2240,420,432,1388
src/zcl_demo_abap_internal_tables.clas.abap,1892,521,280,1091
src/zcl_demo_abap_date_time.clas.abap,1596,257,301,1038
src/zcl_demo_abap_constructor_expr.clas.abap,1968,450,506,1012
src/zcl_demo_abap_xml_json.clas.abap,1584,283,302,999
src/zcl_demo_abap_unit_test.clas.testclasses.abap,1384,304,128,952
src/zcl_demo_abap_rap_ext_num_u.clas.abap,1121,149,45,927
src/zcl_demo_abap_dtype_dobj.clas.abap,2042,447,720,875
src/zcl_demo_abap_sql.clas.abap,1618,368,403,847
src/zcl_demo_abap_rap_ext_num_m.clas.abap,1006,126,39,841
src/zcl_demo_abap_cloud_excursion.clas.abap,1123,168,191,764
src/zcl_demo_abap_prog_flow_logic.clas.abap,1325,317,291,717
src/zcl_demo_abap_aux.clas.abap,718,16,7,695
src/zbp_demo_abap_rap_ro_u.clas.locals_imp.abap,1030,199,138,693
src/zcl_demo_abap_structures.clas.abap,1180,271,260,649
src/zcl_demo_abap_objects.clas.abap,1111,267,307,537
src/zcl_demo_abap_rap_draft_ln_m.clas.abap,514,72,33,409
src/zcl_demo_abap_unit_test.clas.abap,678,185,138,355
src/zcl_demo_abap_objects.clas.locals_imp.abap,556,146,64,346
src/zcl_demo_abap_dynamic_prog.clas.locals_imp.abap,437,101,61,275
src/zcl_demo_abap_cds_ve.clas.abap,481,94,123,264
src/zcl_demo_abap_amdp.clas.abap,371,60,66,245
src/zcl_demo_abap_rap_m_as.clas.abap,318,32,51,235
src/zdemo_abap_flsch.tabl.xml,199,0,0,199
src/zdemo_abap_fli.tabl.xml,182,0,0,182
src/zbp_demo_abap_rap_draft_m.clas.locals_imp.abap,240,58,15,167
src/zcl_demo_abap_sql_group_by.clas.abap,181,40,3,138
src/zdemo_abap_draft.tabl.xml,117,0,0,117
src/zcl_demo_abap_date_time.clas.locals_imp.abap,133,15,6,112
src/zdemo_abap_tabca.tabl.xml,99,0,0,99
src/zbp_demo_abap_rap_ro_m.clas.locals_imp.abap,124,24,6,94
src/zdemo_abap_tab1.tabl.xml,91,0,0,91
src/zdemo_abap_rapt1.tabl.xml,91,0,0,91
src/zdemo_abap_rapt2.tabl.xml,84,0,0,84
src/zdemo_abap_carr.tabl.xml,84,0,0,84
src/zdemo_abap_tab2.tabl.xml,82,0,0,82
src/zbp_demo_abap_rap_ro_m_as.clas.locals_imp.abap,109,27,2,80
src/zcl_demo_abap_rap_evt_handler.clas.locals_imp.abap,75,10,8,57
src/zcl_demo_abap_unit_test.clas.locals_imp.abap,73,18,2,53
src/zdemo_abap_st_carrhtml.xslt.source.xml,48,2,0,46
src/ezdemo_abap_lock.enqu.xml,44,0,0,44
src/zdemo_abap_rap_ro_u.bdef.xml,39,0,0,39
src/zdemo_abap_rap_ro_m_as.bdef.xml,39,0,0,39
src/zdemo_abap_rap_ro_m.bdef.xml,39,0,0,39
src/zdemo_abap_rap_draft_m.bdef.xml,39,0,0,39
src/zcl_demo_abap_objects_friend.clas.abap,46,9,6,31
src/zdemo_abap_objects_interface.intf.abap,39,7,2,30
src/zdemo_abap_get_data_itf.intf.abap,31,3,2,26
src/zcl_demo_abap_constructor_expr.clas.locals_imp.abap,27,4,2,21
src/zdemo_abap_st_strhtml.xslt.source.xml,20,0,0,20
src/zcl_demo_abap_rap_evt_handler.clas.abap,23,3,0,20
.abapgit.xml,20,0,0,20
src/zdemo_abap_rap_calc_sd.srvd.xml,19,0,0,19
src/zdemo_abap_xslt_fl.xslt.source.xml,20,1,0,19
src/zbp_demo_abap_rap_ro_u.clas.xml,18,0,0,18
src/zcl_demo_abap_rap_evt_handler.clas.xml,18,0,0,18
src/zbp_demo_abap_rap_ro_m_as.clas.xml,18,0,0,18
src/zbp_demo_abap_rap_draft_m.clas.xml,18,0,0,18
src/zbp_demo_abap_rap_ro_m.clas.xml,18,0,0,18
src/zcl_demo_abap_unit_test.clas.xml,17,0,0,17
src/zcl_demo_abap_xml_json.clas.xml,16,0,0,16
src/zcl_demo_abap_rap_ext_num_u.clas.xml,16,0,0,16
src/zcl_demo_abap_string_proc.clas.xml,16,0,0,16
src/zcl_demo_abap_date_time.clas.xml,16,0,0,16
src/zcl_demo_abap_dynamic_prog.clas.xml,16,0,0,16
src/zcl_demo_abap_constructor_expr.clas.xml,16,0,0,16
src/zcl_demo_abap_sql_group_by.clas.xml,16,0,0,16
src/zcl_demo_abap_sql.clas.xml,16,0,0,16
src/zcl_demo_abap_dtype_dobj.clas.xml,16,0,0,16
src/zcl_demo_abap_internal_tables.clas.xml,16,0,0,16
src/zcl_demo_abap_rap_m_as.clas.xml,16,0,0,16
src/zcl_demo_abap_cloud_excursion.clas.xml,16,0,0,16
src/zcl_demo_abap_objects.clas.xml,16,0,0,16
src/zcl_demo_abap_objects_friend.clas.xml,16,0,0,16
src/zcl_demo_abap_cds_ve.clas.xml,16,0,0,16
src/zcl_demo_abap_prog_flow_logic.clas.xml,16,0,0,16
src/zcl_demo_abap_aux.clas.xml,16,0,0,16
src/zcl_demo_abap_rap_draft_ln_m.clas.xml,16,0,0,16
src/zcl_demo_abap_amdp.clas.xml,16,0,0,16
src/zcl_demo_abap_structures.clas.xml,16,0,0,16
src/zcl_demo_abap_rap_ext_num_m.clas.xml,16,0,0,16
src/zdemo_abap_objects_interface.intf.xml,15,0,0,15
src/zdemo_abap_get_data_itf.intf.xml,15,0,0,15
src/zbp_demo_abap_rap_draft_m.clas.abap,20,3,3,14
src/zbp_demo_abap_rap_ro_u.clas.abap,20,3,3,14
src/zbp_demo_abap_rap_ro_m.clas.abap,20,3,3,14
src/zdemo_abap_rap_ro_m_as.ddls.xml,13,0,0,13
src/zdemo_abap_cds_ve_assoc_e.ddls.xml,13,0,0,13
src/zdemo_abap_rap_ch_u.ddls.xml,13,0,0,13
src/zdemo_abap_table_function.ddls.xml,13,0,0,13
src/zdemo_abap_rap_draft_m.ddls.xml,13,0,0,13
src/zdemo_abap_cds_ve_sel.ddls.xml,13,0,0,13
src/zdemo_abap_rap_ro_m.ddls.xml,13,0,0,13
src/zdemo_abap_cds_ve_joins.ddls.xml,13,0,0,13
src/zdemo_abap_flsch_ve.ddls.xml,13,0,0,13
src/zdemo_abap_fli_ve.ddls.xml,13,0,0,13
src/zdemo_abap_rap_ro_u.ddls.xml,13,0,0,13
src/zdemo_abap_rap_ch_m.ddls.xml,13,0,0,13
src/zdemo_abap_cds_ve_assoc.ddls.xml,13,0,0,13
src/zdemo_abap_cds_ve_agg_exp.ddls.xml,13,0,0,13
src/zdemo_abap_abstract_ent.ddls.xml,13,0,0,13
src/zdemo_abap_carr_ve.ddls.xml,13,0,0,13
src/zdemo_abap_st_strhtml.xslt.xml,12,0,0,12
src/zdemo_abap_st_carrhtml.xslt.xml,12,0,0,12
src/zdemo_abap_xslt_fl.xslt.xml,12,0,0,12
src/package.devc.xml,10,0,0,10
src/zcl_demo_abap_prog_flow_logic.clas.locals_def.abap,11,3,0,8
src/zbp_demo_abap_rap_ro_m_as.clas.abap,7,1,0,6
src/zcl_demo_abap_unit_test.clas.locals_def.abap,4,0,0,4
