File,Lines,Blank Lines,Comments,Code Lines
src/json/zcl_abapgit_ajson.clas.testclasses.abap,4875,1028,50,3797
src/ui/zabapgit_js_common.w3mi.data.js,2522,386,314,1822
src/json/zcl_abapgit_ajson.clas.locals_imp.abap,2047,404,41,1602
src/ui/zabapgit_css_common.w3mi.data.css,1665,194,73,1398
src/repo/zcl_abapgit_repo_status.clas.testclasses.abap,1497,301,19,1177
src/objects/zcl_abapgit_object_fugr.clas.abap,1413,300,27,1086
src/objects/zcl_abapgit_objects.clas.abap,1421,306,48,1067
src/ui/lib/zcl_abapgit_gui_chunk_lib.clas.abap,1374,293,15,1066
src/ui/pages/zcl_abapgit_gui_page_diff_base.clas.abap,1421,341,24,1056
src/ui/pages/zcl_abapgit_gui_page_repo_view.clas.abap,1398,342,26,1030
src/ui/pages/sett/zcl_abapgit_gui_page_sett_remo.clas.abap,1154,235,25,894
src/objects/zcl_abapgit_objects_program.clas.abap,1056,196,23,837
src/objects/oo/zcl_abapgit_oo_class.clas.abap,1002,166,20,816
src/objects/zcl_abapgit_object_wdyn.clas.abap,991,201,1,789
src/objects/tabl/zcl_abapgit_object_tabl.clas.abap,1039,222,34,783
src/ui/pages/zcl_abapgit_gui_page_repo_over.clas.abap,1058,258,18,782
src/objects/zcl_abapgit_object_clas.clas.abap,1064,273,22,769
src/objects/tabl/zcl_abapgit_object_tabl_ddl.clas.abap,900,151,2,747
src/ui/zcl_abapgit_popups.clas.abap,959,209,7,743
src/ui/lib/zcl_abapgit_html_form.clas.abap,988,236,14,738
src/objects/zcl_abapgit_object_devc.clas.abap,956,173,45,738
src/git/zcl_abapgit_git_pack.clas.abap,953,217,6,730
src/syntax/zcl_abapgit_syntax_abap.clas.testclasses.abap,886,133,27,726
src/ui/routing/zcl_abapgit_gui_router.clas.abap,876,150,8,718
src/json/zcl_abapgit_ajson.clas.abap,969,247,10,712
src/objects/zcl_abapgit_object_tran.clas.abap,933,215,11,707
src/ui/pages/zcl_abapgit_gui_page_stage.clas.abap,919,207,13,699
deps/dd03p.tabl.xml,691,0,0,691
src/repo/zcl_abapgit_repo.clas.abap,940,264,12,664
src/git/zcl_abapgit_git_porcelain.clas.abap,830,179,4,647
src/ui/routing/zcl_abapgit_services_repo.clas.abap,871,204,25,642
src/syntax/zcl_abapgit_syntax_xml.clas.testclasses.abap,800,130,35,635
src/objects/zcl_abapgit_object_intf.clas.locals_imp.abap,734,131,9,594
src/git/zcl_abapgit_git_pack.clas.testclasses.abap,828,242,0,586
src/objects/texts/zcl_abapgit_lxe_texts.clas.abap,776,168,28,580
src/ui/zcl_abapgit_popups.clas.locals_imp.abap,780,193,8,579
src/objects/zcl_abapgit_object_fdt0.clas.abap,743,164,3,576
src/objects/zcl_abapgit_objects_generic.clas.abap,736,172,8,556
src/git/zcl_abapgit_git_add_patch.clas.testclasses.abap,711,161,0,550
src/ui/flow/zcl_abapgit_gui_page_flow.clas.locals_imp.abap,691,143,2,546
src/ui/lib/zcl_abapgit_html_form_utils.clas.testclasses.abap,706,164,9,533
src/objects/zcl_abapgit_object_sicf.clas.abap,707,155,20,532
src/objects/core/zcl_abapgit_serialize.clas.abap,686,148,10,528
src/objects/zcl_abapgit_object_intf.clas.abap,712,177,12,523
src/cts/zcl_abapgit_cts_api.clas.abap,700,146,37,517
src/repo/zcl_abapgit_repo_srv.clas.abap,736,199,22,515
src/utils/zcl_abapgit_diff.clas.testclasses.abap,645,122,16,507
src/objects/aff/zcl_abapgit_object_common_aff.clas.abap,684,154,25,505
src/ui/pages/db/zcl_abapgit_gui_page_db.clas.abap,666,157,8,501
src/objects/zcl_abapgit_object_udmo.clas.abap,768,223,46,499
src/objects/core/zcl_abapgit_objects_activation.clas.abap,634,125,16,493
src/objects/zcl_abapgit_object_wapa.clas.abap,671,175,5,491
src/objects/zcl_abapgit_object_ueno.clas.abap,739,233,16,490
src/ui/pages/zcl_abapgit_gui_page_patch.clas.abap,708,218,5,485
src/objects/zcl_abapgit_object_aifc.clas.abap,616,136,1,479
src/ui/core/zcl_abapgit_html.clas.abap,625,135,13,477
src/ui/pages/codi/zcl_abapgit_gui_page_codi_base.clas.abap,613,137,2,474
src/ui/pages/sett/zcl_abapgit_gui_page_sett_repo.clas.abap,574,99,6,469
src/objects/core/zcl_abapgit_serialize.clas.testclasses.abap,706,236,3,467
src/repo/zcl_abapgit_repo_checksums.clas.testclasses.abap,592,123,5,464
deps/dd02v.tabl.xml,460,0,0,460
src/objects/zcl_abapgit_object_bdef.clas.abap,612,153,1,458
src/ui/pages/sett/zcl_abapgit_gui_page_sett_info.clas.abap,596,137,2,457
src/objects/zcl_abapgit_object_webi.clas.abap,601,143,4,454
src/objects/core/zcl_abapgit_folder_logic.clas.testclasses.abap,600,132,15,453
src/objects/tabl/zcl_abapgit_object_tabl_ddl.clas.testclasses.abap,490,40,0,450
src/ui/pages/sett/zcl_abapgit_gui_page_sett_locl.clas.abap,585,131,9,445
src/zcx_abapgit_exception.clas.testclasses.abap,520,78,0,442
src/json/zcl_abapgit_ajson_utilities.clas.testclasses.abap,548,101,6,441
src/objects/zcl_abapgit_object_ecatt_super.clas.abap,653,208,6,439
src/ui/zabapgit_css_theme_default.w3mi.data.css,541,67,36,438
src/repo/zcl_abapgit_repo_status.clas.abap,585,109,39,437
src/objects/zcl_abapgit_object_srvd.clas.abap,578,141,2,435
src/utils/zcl_abapgit_convert.clas.locals_imp.abap,582,147,2,433
src/ui/pages/zcl_abapgit_gui_page_merge_res.clas.abap,574,137,6,431
src/ui/core/zcl_abapgit_gui.clas.abap,580,136,14,430
src/utils/zcl_abapgit_diff.clas.abap,540,105,13,422
src/zif_abapgit_definitions.intf.abap,422,6,0,416
src/objects/core/zcl_abapgit_filename_logic.clas.testclasses.abap,527,100,17,410
src/objects/zcl_abapgit_object_ssfo.clas.abap,552,135,7,410
src/objects/zcl_abapgit_object_form.clas.abap,569,162,2,405
src/ui/pages/zcl_abapgit_gui_page_commit.clas.abap,549,129,15,405
src/utils/zcl_abapgit_convert.clas.abap,527,120,7,400
src/env/zcl_abapgit_settings.clas.abap,526,126,1,399
src/objects/zcl_abapgit_object_ddls.clas.abap,539,137,9,393
src/objects/zcl_abapgit_object_view.clas.abap,524,121,11,392
src/objects/zcl_abapgit_object_intf.clas.testclasses.abap,486,92,2,392
src/utils/zcl_abapgit_convert.clas.testclasses.abap,534,141,3,390
src/objects/zcl_abapgit_object_doma.clas.abap,534,130,15,389
src/objects/zcl_abapgit_object_shi3.clas.abap,508,117,5,386
src/ui/zcl_abapgit_frontend_services.clas.abap,492,107,1,384
src/objects/zcl_abapgit_object_msag.clas.abap,520,133,4,383
src/ui/core/zcl_abapgit_gui_event.clas.testclasses.abap,529,140,7,382
src/git/zlib/zcl_abapgit_zlib.clas.abap,473,92,0,381
src/ui/lib/zcl_abapgit_log_viewer.clas.abap,524,143,3,378
src/objects/core/zcl_abapgit_objects_files.clas.abap,510,129,4,377
src/objects/zcl_abapgit_object_sod1.clas.abap,549,169,4,376
src/objects/zcl_abapgit_object_srvb.clas.abap,518,138,4,376
src/objects/zcl_abapgit_object_sod2.clas.abap,548,168,4,376
src/json/zcl_abapgit_ajson_mapping.clas.testclasses.abap,544,168,1,375
src/syntax/zcl_abapgit_syntax_css.clas.abap,490,84,33,373
src/ui/lib/zcl_abapgit_html_table.clas.abap,511,123,15,373
src/objects/zcl_abapgit_object_scp1.clas.abap,504,134,0,370
src/ui/lib/zcl_abapgit_gui_page.clas.abap,538,154,17,367
src/objects/zcl_abapgit_object_w3xx_super.clas.abap,507,135,8,364
src/objects/zcl_abapgit_objects_super.clas.abap,465,86,21,358
src/objects/zcl_abapgit_object_iobj.clas.abap,473,117,4,352
src/ui/pages/zcl_abapgit_gui_page_debuginfo.clas.abap,471,116,4,351
src/objects/zcl_abapgit_object_nspc.clas.abap,471,115,6,350
src/objects/ecatt/zcl_abapgit_ecatt_script_downl.clas.abap,454,101,7,346
src/objects/zcl_abapgit_object_dtdc.clas.abap,486,139,2,345
src/git/zcl_abapgit_git_transport.clas.abap,454,104,5,345
src/objects/zcl_abapgit_object_wdcc.clas.abap,449,102,4,343
src/objects/core/zcl_abapgit_file_deserialize.clas.testclasses.abap,460,119,4,337
src/repo/stage/zcl_abapgit_merge.clas.abap,444,106,1,337
src/ui/pages/sett/zcl_abapgit_gui_page_sett_pers.clas.abap,432,80,16,336
src/objects/zcl_abapgit_object_chdo.clas.abap,435,101,1,333
src/objects/zcl_abapgit_object_wdca.clas.abap,447,108,6,333
src/objects/zcl_abapgit_object_drul.clas.abap,470,135,2,333
src/exits/zcl_abapgit_exit.clas.abap,477,132,12,333
src/env/zcl_abapgit_abap_language_vers.clas.testclasses.abap,480,132,16,332
src/zcx_abapgit_exception.clas.abap,460,94,34,332
src/zabapgit.prog.xml,330,0,0,330
src/objects/zcl_abapgit_object_iamu.clas.abap,441,107,6,328
src/objects/zcl_abapgit_object_smtg.clas.abap,447,121,1,325
src/inspect/zcl_abapgit_where_used_tools.clas.abap,442,108,16,318
deps/dd12v.tabl.xml,316,0,0,316
src/persist/zcl_abapgit_persistence_user.clas.abap,504,185,3,316
src/objects/zcl_abapgit_objects.clas.testclasses.abap,522,206,0,316
src/objects/zcl_abapgit_object_nrob.clas.abap,399,88,0,311
src/repo/zcl_abapgit_dot_abapgit.clas.abap,435,122,3,310
src/cts/zcl_abapgit_transport.clas.abap,398,84,5,309
src/objects/core/zcl_abapgit_tadir.clas.abap,409,89,13,307
src/ui/pages/zcl_abapgit_gui_page_data.clas.abap,411,104,0,307
src/objects/oo/zcl_abapgit_oo_interface.clas.abap,372,60,6,306
src/cts/zcl_abapgit_transport_objects.clas.testclasses.abap,373,67,2,304
src/objects/zcl_abapgit_object_xinx.clas.abap,403,95,4,304
src/objects/texts/zcl_abapgit_sotr_handler.clas.abap,386,75,8,303
deps/progdir.tabl.xml,303,0,0,303
src/objects/zcl_abapgit_object_iarp.clas.abap,430,125,2,303
src/apack/zcl_abapgit_apack_helper.clas.abap,400,97,1,302
src/objects/zcl_abapgit_object_sprx.clas.abap,425,119,4,302
src/objects/zcl_abapgit_object_iatu.clas.abap,432,129,2,301
src/objects/aff/zcl_abapgit_json_path.clas.locals_imp.abap,404,105,0,299
deps/thead.tabl.xml,299,0,0,299
src/objects/sap/zcl_abapgit_sap_package.clas.abap,410,96,15,299
src/ui/pages/zcl_abapgit_gui_page_tags.clas.abap,406,102,6,298
src/objects/core/zcl_abapgit_dependencies.clas.abap,378,58,22,298
src/repo/utils/zcl_abapgit_repo_requirements.clas.testclasses.abap,460,162,1,297
src/json/zcl_abapgit_ajson_utilities.clas.abap,378,73,8,297
src/http/zcl_abapgit_http.clas.abap,378,81,3,294
src/inspect/zcl_abapgit_code_inspector.clas.abap,414,113,7,294
src/objects/zcl_abapgit_object_otgr.clas.abap,399,87,19,293
src/ui/flow/zcl_abapgit_gui_page_flow.clas.abap,390,97,0,293
src/ui/pages/codi/zcl_abapgit_gui_page_runit.clas.abap,388,93,3,292
src/ui/pages/dlg/zcl_abapgit_gui_page_addonline.clas.abap,362,71,1,290
src/ui/pages/sett/zcl_abapgit_gui_page_sett_glob.clas.abap,379,81,9,289
src/objects/zcl_abapgit_object_sfpf.clas.abap,381,92,5,284
src/objects/core/zcl_abapgit_objects_check.clas.abap,382,88,10,284
src/objects/zcl_abapgit_object_odso.clas.abap,391,108,1,282
src/objects/zcl_abapgit_object_suso.clas.abap,404,117,6,281
src/objects/zcl_abapgit_object_sots.clas.abap,398,109,9,280
src/objects/zcl_abapgit_object_iasp.clas.abap,404,122,2,280
src/objects/oo/zcl_abapgit_oo_base.clas.abap,364,79,6,279
src/objects/texts/zcl_abapgit_po_file.clas.abap,374,89,6,279
src/repo/zcl_abapgit_repo_online.clas.abap,389,107,4,278
src/objects/zcl_abapgit_object_pinf.clas.abap,407,125,4,278
src/objects/zcl_abapgit_object_sktd.clas.abap,394,116,1,277
src/objects/zcl_abapgit_object_idoc.clas.abap,367,91,1,275
src/ui/pages/sett/zcl_abapgit_gui_page_sett_remo.clas.testclasses.abap,403,127,1,275
src/repo/utils/zcl_abapgit_zip.clas.abap,363,90,0,273
src/objects/zcl_abapgit_object_amsd.clas.abap,398,124,2,272
src/objects/zcl_abapgit_object_smim.clas.abap,371,101,2,268
src/git/zcl_abapgit_git_branch_list.clas.abap,350,84,0,266
src/zabapgit_forms.prog.abap,372,86,20,266
src/objects/oo/zcl_abapgit_oo_serializer.clas.abap,342,74,2,266
src/objects/zcl_abapgit_object_sfbf.clas.abap,374,105,4,265
src/ui/routing/zcl_abapgit_services_repo.clas.testclasses.abap,440,177,0,263
src/objects/zcl_abapgit_object_sush.clas.abap,376,103,11,262
src/objects/zcl_abapgit_object_dtel.clas.abap,363,96,5,262
src/objects/ecatt/zcl_abapgit_ecatt_val_obj_upl.clas.abap,356,86,8,262
src/objects/zcl_abapgit_object_saxx_super.clas.abap,394,131,1,262
src/ui/lib/zcl_abapgit_html_toolbar.clas.abap,327,64,2,261
src/objects/zcl_abapgit_object_pdts.clas.locals_imp.abap,369,108,1,260
src/ui/core/zcl_abapgit_gui_css_processor.clas.testclasses.abap,292,32,0,260
src/objects/zcl_abapgit_object_tobj.clas.abap,352,90,2,260
src/objects/zcl_abapgit_object_ddlx.clas.abap,389,120,9,260
src/ui/lib/zcl_abapgit_html_form_utils.clas.abap,309,51,2,256
src/ui/lib/zcl_abapgit_html_table.clas.testclasses.abap,301,45,0,256
src/ui/pages/sett/zcl_abapgit_gui_page_sett_bckg.clas.abap,347,85,8,254
src/persist/zcl_abapgit_persist_migrate.clas.abap,321,68,1,252
src/objects/jump/zcl_abapgit_gui_jumper.clas.abap,346,81,14,251
src/data/zcl_abapgit_data_deserializer.clas.abap,345,88,6,251
src/objects/core/zcl_abapgit_filename_logic.clas.abap,354,82,22,250
src/persist/zcl_abapgit_persistence_repo.clas.abap,368,117,3,248
src/git/zcl_abapgit_git_commit.clas.testclasses.abap,320,75,0,245
src/syntax/zcl_abapgit_syntax_abap.clas.abap,306,56,5,245
src/objects/texts/zcl_abapgit_sots_handler.clas.abap,327,74,8,245
src/objects/aff/zcl_abapgit_object_common_aff.clas.testclasses.abap,284,39,1,244
src/objects/zcl_abapgit_object_sqsc.clas.abap,342,92,7,243
src/git/zcl_abapgit_git_commit.clas.abap,334,86,6,242
src/objects/zcl_abapgit_object_prog.clas.abap,357,102,16,239
src/repo/utils/zcl_abapgit_repo_labels.clas.abap,322,81,2,239
src/ui/lib/zcl_abapgit_exception_viewer.clas.abap,344,103,4,237
src/ui/pages/dlg/zcl_abapgit_gui_page_addofflin.clas.abap,302,66,0,236
src/utils/zcl_abapgit_log.clas.abap,323,87,2,234
src/objects/zcl_abapgit_object_sfbs.clas.abap,341,104,3,234
src/objects/zcl_abapgit_object_char.clas.abap,326,92,1,233
src/objects/zcl_abapgit_object_sfsw.clas.abap,340,105,3,232
src/syntax/zcl_abapgit_syntax_highlighter.clas.abap,309,73,6,230
src/objects/enh/zcl_abapgit_object_enho_hook.clas.abap,294,60,4,230
src/repo/zcl_abapgit_repo_content_list.clas.abap,303,73,5,225
src/ui/pages/codi/zcl_abapgit_gui_page_whereused.clas.abap,298,73,1,224
src/objects/core/zcl_abapgit_folder_logic.clas.abap,277,46,9,222
src/apack/zcl_abapgit_apack_migration.clas.abap,282,60,2,220
src/objects/zcl_abapgit_object_iaxu.clas.abap,328,108,1,219
src/json/zif_abapgit_ajson.intf.abap,262,38,5,219
src/objects/zcl_abapgit_object_sxci.clas.abap,292,70,4,218
src/repo/utils/zcl_abapgit_repo_news.clas.abap,288,66,4,218
src/objects/rules/zcl_abapgit_field_rules.clas.testclasses.abap,266,49,0,217
src/objects/zcl_abapgit_object_enho.clas.abap,294,77,1,216
src/syntax/zcl_abapgit_syntax_js.clas.abap,302,68,18,216
src/objects/zcl_abapgit_object_vcls.clas.abap,308,89,3,216
src/persist/zcl_abapgit_persistence_db.clas.abap,280,65,1,214
src/objects/core/zcl_abapgit_file_deserialize.clas.abap,268,40,15,213
src/ui/pages/db/zcl_abapgit_gui_page_db_entry.clas.abap,304,90,3,211
src/objects/core/zabapgit_parallel.fugr.xml,211,0,0,211
src/json/zcl_abapgit_ajson_mapping.clas.locals_imp.abap,341,131,0,210
src/objects/texts/zcl_abapgit_po_file.clas.testclasses.abap,261,51,0,210
src/repo/zcl_abapgit_repo_status.clas.locals_imp.abap,304,75,19,210
src/data/zcl_abapgit_data_utils.clas.abap,263,46,7,210
src/objects/sap/zcl_abapgit_sap_report.clas.abap,268,55,3,210
src/ui/pages/codi/zcl_abapgit_gui_page_code_insp.clas.abap,324,112,2,210
src/repo/utils/zcl_abapgit_version.clas.abap,280,67,4,209
src/objects/zcl_abapgit_object_oa2p.clas.abap,301,89,5,207
src/objects/zcl_abapgit_object_ssst.clas.abap,284,77,0,207
src/objects/zcl_abapgit_object_ucsa.clas.abap,316,105,4,207
deps/scompkdtln.tabl.xml,207,0,0,207
src/objects/texts/zcl_abapgit_longtexts.clas.abap,281,71,4,206
src/env/zcl_abapgit_abap_language_vers.clas.abap,278,69,8,201
src/repo/utils/zcl_abapgit_repo_requirements.clas.abap,281,73,7,201
src/ui/lib/zcl_abapgit_gui_picklist.clas.abap,268,65,2,201
src/persist/zif_abapgit_persist_user.intf.abap,202,3,0,199
src/objects/zcl_abapgit_object_shlp.clas.abap,289,81,9,199
src/repo/utils/zcl_abapgit_repo_item_state.clas.testclasses.abap,230,30,2,198
src/objects/aff/zcl_abapgit_json_handler.clas.abap,272,59,17,196
src/ui/core/zcl_abapgit_html.clas.testclasses.abap,259,63,0,196
src/ui/pages/zcl_abapgit_gui_page_merge.clas.abap,262,66,0,196
src/ui/zabapgit_css_theme_dark.w3mi.data.css,266,43,27,196
src/objects/ecatt/zcl_abapgit_ecatt_val_obj_down.clas.abap,277,78,4,195
src/objects/enh/zcl_abapgit_object_enho_class.clas.abap,243,49,1,193
src/objects/zcl_abapgit_object_srfc.clas.abap,281,88,1,192
src/ui/core/zcl_abapgit_gui_event.clas.abap,275,79,4,192
src/objects/zcl_abapgit_object_wdya.clas.abap,276,84,1,191
src/objects/oo/zif_abapgit_oo_object_fnc.intf.abap,196,5,0,191
deps/vseointerf.tabl.xml,191,0,0,191
src/objects/jump/zcl_abapgit_adt_link.clas.abap,248,57,0,191
src/apack/zcl_abapgit_apack_reader.clas.abap,265,71,3,191
src/objects/zcl_abapgit_object_cmpt.clas.abap,263,72,1,190
src/objects/zcl_abapgit_object_shma.clas.abap,275,82,5,188
src/objects/zcl_abapgit_object_sobj.clas.abap,253,65,1,187
src/objects/tabl/zcl_abapgit_object_tabl_compar.clas.abap,246,57,3,186
src/objects/zcl_abapgit_objects_bridge.clas.abap,264,78,2,184
src/zcl_abapgit_factory.clas.abap,257,73,0,184
src/utils/zcl_abapgit_string_map.clas.abap,244,60,1,183
src/repo/zcl_abapgit_repo_checksums.clas.locals_imp.abap,260,70,8,182
src/git/zlib/zcl_abapgit_zlib.clas.testclasses.abap,226,44,0,182
src/ui/pages/zcl_abapgit_gui_page_pull.clas.abap,255,73,0,182
src/json/zcl_abapgit_ajson_filter_lib.clas.testclasses.abap,230,48,0,182
deps/dokhl.tabl.xml,182,0,0,182
src/objects/zcl_abapgit_object_area.clas.abap,276,94,0,182
test/src/zcl_abapgit_tadir_test.clas.testclasses.abap,240,59,0,181
src/ui/core/zcl_abapgit_gui_html_processor.clas.testclasses.abap,233,47,5,181
src/ui/routing/zcl_abapgit_services_git.clas.abap,252,72,0,180
src/repo/utils/zcl_abapgit_repo_news.clas.testclasses.abap,224,36,8,180
src/objects/zcl_abapgit_object_apis.clas.abap,257,78,1,178
src/git/v2/zcl_abapgit_gitv2_porcelain.clas.abap,242,64,1,177
src/ui/lib/zcl_abapgit_gui_chunk_lib.clas.testclasses.abap,292,115,0,177
src/objects/zcl_abapgit_object_dcls.clas.abap,259,81,1,177
src/objects/zcl_abapgit_object_xslt.clas.abap,256,77,3,176
src/objects/zcl_abapgit_object_pinf.clas.locals_imp.abap,225,50,0,175
src/objects/zcl_abapgit_object_ensc.clas.abap,251,71,5,175
src/objects/zcl_abapgit_object_shi5.clas.abap,262,81,7,174
src/data/zcl_abapgit_data_deserializer.clas.testclasses.abap,231,53,4,174
src/background/zcl_abapgit_background_push_au.clas.abap,250,76,0,174
src/objects/zcl_abapgit_object_susc.clas.abap,263,90,0,173
src/utils/zcl_abapgit_log.clas.testclasses.abap,257,81,3,173
src/objects/zcl_abapgit_object_pers.clas.abap,253,80,1,172
src/env/zcl_abapgit_environment.clas.abap,241,49,20,172
src/objects/enh/zcl_abapgit_object_enho_clif.clas.abap,214,42,2,170
src/http/zcl_abapgit_http_client.clas.abap,227,53,5,169
src/objects/zcl_abapgit_object_enhs.clas.abap,249,79,1,169
deps/dd36m.tabl.xml,169,0,0,169
src/objects/zcl_abapgit_object_dsys.clas.abap,259,90,0,169
src/objects/texts/zcl_abapgit_i18n_params.clas.abap,219,47,3,169
src/objects/zcl_abapgit_object_jobd.clas.abap,260,92,0,168
src/objects/zcl_abapgit_objects_generic.clas.testclasses.abap,228,62,0,166
src/objects/zcl_abapgit_object_avas.clas.abap,256,91,0,165
src/objects/zcl_abapgit_object_para.clas.abap,236,66,5,165
src/objects/zcl_abapgit_object_enhc.clas.abap,242,74,3,165
src/objects/zcl_abapgit_object_avar.clas.abap,235,68,2,165
src/git/zcl_abapgit_hash.clas.abap,208,46,0,162
src/objects/zcl_abapgit_object_cus1.clas.abap,235,74,0,161
src/objects/zcl_abapgit_object_enqu.clas.abap,227,65,2,160
src/objects/core/zcl_abapgit_objects_check.clas.testclasses.abap,250,80,11,159
src/cts/zcl_abapgit_transport_mass.clas.locals_imp.abap,213,50,5,158
src/objects/aff/zcl_abapgit_json_path.clas.testclasses.abap,216,58,0,158
src/objects/zcl_abapgit_object_docv.clas.abap,227,69,0,158
src/objects/zcl_abapgit_object_type.clas.abap,236,76,2,158
src/objects/zcl_abapgit_object_cmod.clas.abap,219,62,0,157
src/objects/zcl_abapgit_object_ftgl.clas.abap,232,75,1,156
src/utils/zcl_abapgit_path.clas.testclasses.abap,206,51,0,155
src/objects/core/zcl_abapgit_objects_files.clas.testclasses.abap,219,57,7,155
src/objects/zcl_abapgit_object_iext.clas.abap,226,72,0,154
src/env/zcl_abapgit_user_record.clas.abap,206,47,5,154
src/exits/zif_abapgit_exit.intf.abap,155,3,0,152
src/ui/lib/zcl_abapgit_html_action_utils.clas.abap,209,57,0,152
src/cts/zif_abapgit_cts_api.intf.abap,164,5,8,151
src/objects/zcl_abapgit_object_scvi.clas.abap,218,68,0,150
src/zabapgit_password_dialog.prog.abap,193,44,0,149
src/repo/filter/zcl_abapgit_object_filter_tran.clas.abap,197,48,1,148
src/objects/zcl_abapgit_object_ttyp.clas.abap,214,65,1,148
src/objects/zcl_abapgit_object_stvi.clas.abap,216,69,0,147
src/objects/ecatt/zcl_abapgit_ecatt_sp_upload.clas.abap,205,51,7,147
src/ui/zif_abapgit_popups.intf.abap,154,7,0,147
src/xml/zcl_abapgit_xml_input.clas.testclasses.abap,195,49,0,146
src/objects/zcl_abapgit_object_dial.clas.abap,223,75,2,146
src/ui/pages/zcl_abapgit_gui_page_patch.clas.testclasses.abap,225,80,0,145
src/objects/zcl_abapgit_object_styl.clas.abap,218,74,0,144
src/objects/zcl_abapgit_object_acid.clas.abap,213,68,1,144
deps/dd08v.tabl.xml,143,0,0,143
src/ui/core/zif_abapgit_html.intf.abap,160,18,0,142
src/ui/zcl_abapgit_ui_factory.clas.abap,195,46,7,142
src/ui/core/zcl_abapgit_gui_hotkey_ctl.clas.abap,214,66,6,142
src/repo/utils/zcl_abapgit_repo_labels.clas.testclasses.abap,189,48,0,141
src/utils/zcl_abapgit_utils.clas.testclasses.abap,192,51,0,141
src/git/zif_abapgit_git_definitions.intf.abap,150,9,0,141
src/ui/pages/zcl_abapgit_gui_page_ex_pckage.clas.abap,175,34,0,141
src/http/zcl_abapgit_url.clas.testclasses.abap,220,80,0,140
src/objects/zcl_abapgit_object_cus2.clas.abap,206,66,0,140
src/ui/core/zcl_abapgit_gui_html_processor.clas.abap,185,45,0,140
src/git/zcl_abapgit_git_transport.clas.testclasses.abap,180,40,1,139
src/ui/pages/zcl_abapgit_gui_page_ex_object.clas.abap,177,40,0,137
src/utils/zcl_abapgit_string_map.clas.testclasses.abap,181,45,0,136
src/repo/zcl_abapgit_repo_checksums.clas.abap,223,77,10,136
src/objects/zcl_abapgit_object_cus0.clas.abap,205,69,0,136
src/ui/core/zcl_abapgit_html_viewer_gui.clas.abap,192,55,1,136
src/ui/pages/zcl_abapgit_gui_page_merge_sel.clas.abap,195,59,0,136
src/syntax/zcl_abapgit_syntax_xml.clas.abap,182,38,9,135
src/objects/zcl_abapgit_object_pdts.clas.abap,202,63,4,135
src/ui/core/zcl_abapgit_gui_css_processor.clas.abap,164,26,4,134
src/cts/zcl_abapgit_default_transport.clas.abap,195,54,9,132
src/repo/stage/zcl_abapgit_stage.clas.abap,167,36,0,131
src/objects/zcl_abapgit_object_sfpi.clas.abap,203,72,1,130
src/persist/zcl_abapgit_persist_background.clas.abap,175,45,0,130
src/objects/texts/zcl_abapgit_i18n_params.clas.testclasses.abap,174,41,3,130
src/objects/core/zcl_abapgit_dependencies.clas.testclasses.abap,206,77,0,129
deps/edisegmdef.tabl.xml,128,0,0,128
src/http/zcl_abapgit_url.clas.abap,168,41,0,127
src/repo/filter/zcl_abapgit_repo_filter.clas.abap,166,40,0,126
src/ui/lib/zcl_abapgit_gui_menus.clas.abap,167,42,0,125
src/background/zcl_abapgit_background.clas.abap,167,43,2,122
src/objects/zcl_abapgit_object_auth.clas.abap,193,64,8,121
src/git_platform/zcl_abapgit_pr_enum_github.clas.abap,160,39,0,121
src/ui/core/zcl_abapgit_gui_asset_manager.clas.abap,177,52,4,121
deps/edisegmhd.tabl.xml,119,0,0,119
src/repo/zif_abapgit_repo_srv.intf.abap,123,5,0,118
src/ui/core/zcl_abapgit_gui_asset_manager.clas.testclasses.abap,168,48,2,118
src/objects/zcl_abapgit_object_shi8.clas.abap,177,59,0,118
src/http/zcl_abapgit_http_digest.clas.abap,167,49,0,118
src/ui/lib/zcl_abapgit_gui_page_hoc.clas.abap,161,43,0,118
src/objects/zcl_abapgit_object_iwmo.clas.abap,178,60,1,117
src/objects/zcl_abapgit_object_doct.clas.abap,188,66,5,117
deps/dd09l.tabl.xml,117,0,0,117
src/objects/zcl_abapgit_object_iwsv.clas.abap,178,60,1,117
src/xml/zcl_abapgit_xml.clas.abap,166,49,1,116
src/git/zcl_abapgit_git_branch_list.clas.testclasses.abap,160,42,2,116
deps/dd05m.tabl.xml,115,0,0,115
deps/dd02l.tabl.xml,114,0,0,114
src/json/zcx_abapgit_ajson_error.clas.abap,137,23,0,114
deps/sotr_headu.tabl.xml,113,0,0,113
src/background/zcl_abapgit_background_push_fi.clas.abap,164,51,0,113
deps/dokil.tabl.xml,113,0,0,113
src/zcl_abapgit_injector.clas.abap,159,47,0,112
src/objects/zcl_abapgit_object_g4bs.clas.abap,168,55,1,112
src/persist/zcl_abapgit_persist_packages.clas.abap,156,44,1,111
src/objects/zcl_abapgit_object_g4ba.clas.abap,165,54,0,111
src/ui/zif_abapgit_frontend_services.intf.abap,130,19,0,111
src/objects/oo/zcl_abapgit_oo_serializer.clas.testclasses.abap,177,66,0,111
src/json/zcl_abapgit_ajson_filter_lib.clas.locals_imp.abap,144,33,1,110
src/objects/core/zcl_abapgit_objects_activation.clas.testclasses.abap,149,33,6,110
src/http/zcl_abapgit_http_agent.clas.abap,152,43,0,109
src/test/zcl_abapgit_objects_ci_tests.clas.abap,141,24,8,109
src/objects/zcl_abapgit_object_aqbg.clas.abap,171,62,1,108
src/objects/zcl_abapgit_object_pdxx_super.clas.abap,162,53,1,108
src/objects/zcl_abapgit_object_prag.clas.abap,165,57,1,107
src/objects/texts/zcl_abapgit_sotr_handler.clas.testclasses.abap,110,2,2,106
src/json/zcl_abapgit_ajson_mapping.clas.abap,156,50,1,105
src/utils/zif_abapgit_log.intf.abap,109,5,0,104
deps/if_package.intf.abap,114,10,0,104
src/objects/core/zcl_abapgit_folder_logic.clas.locals_imp.abap,138,35,0,103
src/git/zcl_abapgit_git_porcelain.clas.testclasses.abap,153,50,0,103
src/repo/zcl_abapgit_repo.clas.testclasses.abap,153,49,1,103
src/objects/zcl_abapgit_object_iwvb.clas.abap,159,56,1,102
src/objects/ecatt/zcl_abapgit_ecatt_helper.clas.abap,142,36,5,101
src/data/zcl_abapgit_data_serializer.clas.abap,137,36,0,101
src/repo/filter/zcl_abapgit_object_filter_tran.clas.testclasses.abap,136,35,0,101
src/objects/zcl_abapgit_object_tran.clas.testclasses.abap,153,52,1,100
test/src/zcl_abapgit_sap_package_test.clas.testclasses.abap,129,29,0,100
src/objects/texts/zcl_abapgit_lxe_texts.clas.testclasses.abap,132,32,0,100
src/http/zcl_abapgit_login_manager.clas.abap,140,41,0,99
src/data/zcl_abapgit_data_config.clas.abap,140,42,0,98
.github/workflows/main-build.yml,102,5,0,97
src/objects/tabl/zcl_abapgit_object_tabl.clas.locals_imp.abap,109,12,0,97
src/xml/zcl_abapgit_xml.clas.testclasses.abap,142,45,0,97
src/objects/zcl_abapgit_object_iwpr.clas.abap,151,55,0,96
src/objects/zcl_abapgit_object_splo.clas.abap,153,57,0,96
src/objects/zcl_abapgit_objects_program.clas.testclasses.abap,122,24,4,94
src/ui/pages/codi/zcl_abapgit_gui_page_syntax.clas.abap,148,53,1,94
src/objects/rules/zcl_abapgit_field_rules.clas.abap,120,26,0,94
src/objects/sap/zif_abapgit_sap_report.intf.abap,101,8,0,93
src/objects/enh/zcl_abapgit_object_enho_badi.clas.abap,119,26,0,93
src/objects/zcl_abapgit_object_iwsg.clas.abap,146,54,0,92
src/objects/zcl_abapgit_object_iwom.clas.abap,144,52,0,92
src/objects/zif_abapgit_object.intf.abap,108,16,0,92
src/utils/zcl_abapgit_path.clas.abap,131,39,2,90
src/objects/enh/zcl_abapgit_object_enho_wdyc.clas.abap,117,28,0,89
deps/dd17v.tabl.xml,89,0,0,89
src/json/zcx_abapgit_ajson_error.clas.testclasses.abap,113,24,0,89
src/xml/zcl_abapgit_xml_output.clas.abap,132,44,0,88
src/objects/enh/zcl_abapgit_object_enho_fugr.clas.abap,124,36,0,88
src/syntax/zcl_abapgit_syntax_json.clas.abap,130,30,12,88
src/repo/zif_abapgit_repo.intf.abap,96,9,0,87
src/objects/zcl_abapgit_object_aqqu.clas.abap,143,56,1,86
src/ui/pages/zcl_abapgit_gui_page_tutorial.clas.abap,124,38,0,86
src/objects/zcl_abapgit_object_aqsg.clas.abap,143,56,1,86
src/objects/enh/zcl_abapgit_object_enho_wdyn.clas.abap,124,39,0,85
src/git_platform/zcl_abapgit_git_url.clas.abap,113,27,1,85
src/repo/zcl_abapgit_repo_cs_migration.clas.abap,117,32,0,85
src/ui/progress/zcl_abapgit_progress.clas.abap,131,45,2,84
test/src/zag1/zcl_abapgit_object_zag1.clas.abap,114,30,0,84
src/ui/popups/zcl_abapgit_popup_branch_list.clas.abap,123,37,2,84
src/objects/zcl_abapgit_object_pdxx_super.clas.testclasses.abap,117,35,0,82
src/objects/core/zcl_abapgit_item_graph.clas.abap,107,25,0,82
src/ui/zabapgit_icon_font_css.w3mi.data.css,90,6,3,81
src/objects/aff_types/zif_abapgit_aff_types_v1.intf.abap,101,21,0,80
src/objects/zcl_abapgit_object_ecatt_super.clas.testclasses.abap,140,60,0,80
src/ui/zcl_abapgit_ui_injector.clas.testclasses.abap,143,63,0,80
src/ui/lib/zcl_abapgit_gui_component.clas.abap,108,28,0,80
src/repo/utils/zcl_abapgit_repo_item_state.clas.abap,105,26,0,79
src/ui/core/zcl_abapgit_html_parts.clas.abap,109,30,0,79
src/git/zlib/zcl_abapgit_zlib_huffman.clas.abap,102,23,0,79
src/persist/zcl_abapgit_persistence_user.clas.testclasses.abap,115,36,1,78
src/objects/sap/zcl_abapgit_sap_namespace.clas.testclasses.abap,108,30,0,78
src/objects/sap/zcl_abapgit_sap_namespace.clas.abap,92,14,0,78
src/ui/routing/zcl_abapgit_services_abapgit.clas.abap,100,22,0,78
src/test/zcl_abapgit_gui_page_template.clas.abap,137,48,11,78
src/utils/zcl_abapgit_timer.clas.abap,106,29,0,77
src/json/zcl_abapgit_ajson_mapping.clas.locals_def.abap,116,39,0,77
src/objects/enh/zcl_abapgit_object_enhs_hook_d.clas.abap,107,31,0,76
src/objects/enh/zcl_abapgit_object_enho_intf.clas.abap,102,26,0,76
deps/seosubco.tabl.xml,76,0,0,76
src/git/zcl_abapgit_git_add_patch.clas.abap,117,41,0,76
src/xml/zcl_abapgit_xml_output.clas.testclasses.abap,103,28,0,75
src/http/zcl_abapgit_proxy_config.clas.abap,112,37,0,75
src/objects/ecatt/zcl_abapgit_ecatt_system_downl.clas.abap,114,37,2,75
src/objects/aff/zcl_abapgit_aff_registry.clas.testclasses.abap,92,16,1,75
src/objects/texts/zcl_abapgit_properties_file.clas.abap,114,40,0,74
src/git_platform/zcl_abapgit_pr_enumerator.clas.abap,102,28,1,73
src/persist/zif_abapgit_persistence.intf.abap,81,8,0,73
src/repo/stage/zcl_abapgit_stage_logic.clas.abap,107,33,2,72
src/objects/ecatt/zcl_abapgit_ecatt_data_upload.clas.abap,101,26,3,72
src/xml/zcl_abapgit_xml_pretty.clas.testclasses.abap,108,37,0,71
src/utils/zcl_abapgit_utils.clas.abap,108,26,11,71
src/ui/core/zcl_abapgit_html_parts.clas.testclasses.abap,89,18,0,71
test/src/zag1/zcl_abapgit_object_zag1.clas.testclasses.abap,104,33,0,71
src/objects/ecatt/zcl_abapgit_ecatt_sp_download.clas.abap,116,40,5,71
src/repo/zcl_abapgit_dot_abapgit.clas.testclasses.abap,103,27,6,70
src/git/zcl_abapgit_git_time.clas.abap,100,29,1,70
deps/edisegstru.tabl.xml,70,0,0,70
src/git/zlib/zcl_abapgit_zlib_stream.clas.abap,106,31,5,70
src/objects/aff/zcl_abapgit_aff_registry.clas.abap,94,25,0,69
src/data/zcl_abapgit_data_config.clas.testclasses.abap,105,36,0,69
src/cts/zcl_abapgit_transport_2_branch.clas.abap,88,21,0,67
src/objects/zcl_abapgit_object_asfc.clas.abap,117,50,0,67
src/objects/zcl_abapgit_object_sppf.clas.abap,117,50,0,67
src/objects/sap/zif_abapgit_sap_package.intf.abap,70,4,0,66
src/ui/pages/zcl_abapgit_gui_page_run_bckg.clas.abap,100,34,0,66
src/cts/zcl_abapgit_transport_objects.clas.abap,82,13,3,66
src/objects/zcl_abapgit_object_sucu.clas.abap,113,48,0,65
src/utils/zcl_abapgit_timer.clas.testclasses.abap,101,36,0,65
src/objects/zcl_abapgit_object_pinf.clas.locals_def.abap,82,17,0,65
src/ui/lib/zif_abapgit_html_form.intf.abap,67,3,0,64
deps/seosubcotx.tabl.xml,64,0,0,64
src/env/zcl_abapgit_feature.clas.testclasses.abap,101,31,7,63
deps/dd02t.tabl.xml,62,0,0,62
deps/tddat.tabl.xml,62,0,0,62
src/ui/pages/zcl_abapgit_gui_page_data.clas.testclasses.abap,92,31,0,61
deps/cdnames.tabl.xml,61,0,0,61
src/zabapgit.prog.abap,74,14,0,60
deps/seocompo.tabl.xml,60,0,0,60
src/data/zcl_abapgit_data_serializer.clas.testclasses.abap,86,26,0,60
src/git/zcl_abapgit_git_utils.clas.abap,88,28,0,60
deps/cvers.tabl.xml,60,0,0,60
src/xml/zcl_abapgit_xml_input.clas.abap,93,33,0,60
src/objects/ecatt/zcl_abapgit_ecatt_config_downl.clas.abap,91,30,2,59
src/http/zcl_abapgit_http_agent.clas.locals_imp.abap,79,20,0,59
src/objects/aff/zcl_abapgit_object_eeec.clas.abap,81,22,0,59
src/objects/enh/zcl_abapgit_object_enhs_badi_d.clas.abap,91,30,2,59
src/objects/ecatt/zcl_abapgit_ecatt_data_downl.clas.abap,91,30,2,59
src/ui/lib/zcl_abapgit_gui_in_page_modal.clas.abap,82,23,0,59
src/repo/zif_abapgit_repo_online.intf.abap,61,2,0,59
src/persist/zif_abapgit_persist_repo.intf.abap,61,2,0,59
src/xml/zcl_abapgit_xml_pretty.clas.abap,78,20,0,58
src/data/zcl_abapgit_data_supporter.clas.abap,83,22,4,57
deps/seometarel.tabl.xml,57,0,0,57
src/ui/popups/zcl_abapgit_popup_tag_list.clas.abap,88,32,0,56
src/ui/lib/zcl_abapgit_gui_buttons.clas.abap,84,28,0,56
deps/seocompotx.tabl.xml,56,0,0,56
src/objects/zcl_abapgit_object_pdts.clas.testclasses.abap,86,29,1,56
src/zcl_abapgit_injector.clas.testclasses.abap,93,38,0,55
test/src/zcl_abapgit_gitea.clas.abap,69,15,0,54
deps/zabapgit.tabl.xml,54,0,0,54
src/ui/core/zif_abapgit_html_viewer.intf.abap,59,5,0,54
src/http/zcl_abapgit_login_manager.clas.testclasses.abap,79,25,0,54
src/ui/popups/zcl_abapgit_popup_pull_request.clas.abap,86,32,0,54
deps/lxe_pcx_s1.tabl.xml,54,0,0,54
src/repo/utils/zcl_abapgit_version.clas.testclasses.abap,84,28,3,53
src/objects/aff/zcl_abapgit_json_handler.clas.locals_imp.abap,70,14,3,53
deps/cvers_ref.tabl.xml,53,0,0,53
src/data/zif_abapgit_data_config.intf.abap,56,4,0,52
src/persist/zcl_abapgit_persist_migrate.clas.locals_imp.abap,70,17,1,52
src/ui/pages/zabapgit_css_page_db_entry.w3mi.data.css,61,4,5,52
deps/dd35v.tabl.xml,52,0,0,52
src/ui/zcl_abapgit_password_dialog.clas.abap,75,11,12,52
src/utils/zcl_abapgit_string_buffer.clas.abap,67,16,0,51
src/git/zcl_abapgit_git_utils.clas.testclasses.abap,75,24,1,50
src/ui/flow/zcl_abapgit_flow_exit.clas.abap,72,22,0,50
src/apack/zcl_abapgit_apack_writer.clas.abap,70,20,1,49
src/ui/zcl_abapgit_frontend_no_gui.clas.abap,89,40,0,49
.github/workflows/test-pr.yml,54,5,0,49
src/objects/core/zabapgit_parallel.fugr.z_abapgit_serialize_parallel.abap,54,6,0,48
src/persist/zcl_abapgit_persist_packages.clas.testclasses.abap,68,19,1,48
src/repo/stage/zif_abapgit_merge.intf.abap,51,3,0,48
src/data/zcl_abapgit_data_utils.clas.testclasses.abap,71,24,0,47
src/objects/texts/zif_abapgit_longtexts.intf.abap,49,2,0,47
src/git/zcl_abapgit_hash.clas.testclasses.abap,74,27,0,47
src/data/zcl_abapgit_data_factory.clas.abap,69,23,0,46
src/cts/zcl_abapgit_transport_mass.clas.abap,68,22,0,46
src/json/zcl_abapgit_ajson_filter_lib.clas.abap,58,12,0,46
src/objects/aff/zcl_abapgit_object_smbc.clas.abap,55,9,0,46
src/ui/core/zcl_abapgit_gui_utils.clas.testclasses.abap,63,17,0,46
src/objects/aff/zcl_abapgit_object_uipg.clas.abap,59,14,0,45
src/git/zcl_abapgit_git_tag.clas.abap,72,27,0,45
src/objects/aff/zcl_abapgit_object_chkv.clas.abap,62,18,0,44
src/git/zlib/zcl_abapgit_zlib_convert.clas.abap,62,18,0,44
src/objects/aff/zcl_abapgit_object_chko.clas.abap,62,18,0,44
src/inspect/zif_abapgit_code_inspector.intf.abap,53,9,0,44
src/persist/zcl_abapgit_persist_settings.clas.abap,75,28,3,44
src/data/zcl_abapgit_data_supporter.clas.testclasses.abap,67,21,2,44
src/objects/aff/zcl_abapgit_object_dteb.clas.abap,62,18,0,44
test/src/zag1/zag1.tabl.xml,44,0,0,44
src/ui/core/zif_abapgit_gui_asset_manager.intf.abap,49,6,0,43
src/objects/aff/zcl_abapgit_object_uist.clas.abap,57,14,0,43
src/objects/aff/zcl_abapgit_object_drty.clas.abap,53,10,0,43
deps/ko100.tabl.xml,43,0,0,43
src/git_platform/zcl_abapgit_git_url.clas.testclasses.abap,57,14,0,43
src/objects/oo/zcl_abapgit_oo_factory.clas.abap,59,16,0,43
deps/trnspace.tabl.xml,43,0,0,43
src/objects/aff/zcl_abapgit_object_chkc.clas.abap,60,17,0,43
src/objects/core/zcl_abapgit_item_graph.clas.testclasses.abap,60,18,0,42
src/env/zcl_abapgit_environment.clas.testclasses.abap,66,25,0,41
src/env/zif_abapgit_environment.intf.abap,43,2,0,41
src/objects/texts/zcl_abapgit_longtexts.clas.testclasses.abap,61,18,2,41
src/ui/zcl_abapgit_ui_injector.clas.abap,65,25,0,40
src/persist/zcl_abapgit_persist_factory.clas.abap,61,21,0,40
src/ui/popups/zcl_abapgit_popup_code_insp.clas.abap,63,24,0,39
src/objects/aff/zcl_abapgit_json_path.clas.abap,52,13,0,39
src/apack/zif_abapgit_apack_definitions.intf.abap,47,8,0,39
src/ui/lib/zif_abapgit_html_table.intf.abap,45,6,0,39
src/objects/zif_abapgit_objects.intf.abap,43,3,1,39
src/ui/core/zif_abapgit_gui_services.intf.abap,45,3,3,39
test/src/zcl_abapgit_integration_gitv2.clas.testclasses.abap,61,22,0,39
src/ui/core/zcl_abapgit_gui_utils.clas.abap,48,10,0,38
src/ui/flow/zif_abapgit_gui_page_flow.intf.abap,40,3,0,37
src/ui/core/zcx_abapgit_cancel.clas.abap,46,9,0,37
src/data/zif_abapgit_data_deserializer.intf.abap,42,5,0,37
src/persist/zcl_abapgit_migrations.clas.abap,62,19,6,37
src/repo/zif_abapgit_dot_abapgit.intf.abap,42,5,0,37
src/objects/tabl/zif_abapgit_object_tabl.intf.abap,45,8,0,37
src/json/zif_abapgit_ajson_mapping.intf.abap,44,7,0,37
src/objects/jump/zif_abapgit_gui_jumper.intf.abap,43,6,0,37
src/objects/aff/zcl_abapgit_object_cdbo.clas.abap,52,15,0,37
src/apack/zcl_abapgit_apack_reader.clas.testclasses.abap,46,9,1,36
src/syntax/zcl_abapgit_syntax_factory.clas.abap,46,9,1,36
src/objects/core/zabapgit_parallel.fugr.z_abapgit_serialize_package.abap,42,6,0,36
src/http/zcl_abapgit_proxy_auth.clas.abap,53,17,0,36
src/json/zif_abapgit_ajson_types.intf.abap,41,5,0,36
src/git/zlib/zcl_abapgit_zlib_huffman.clas.testclasses.abap,53,17,0,36
test/src/zcl_abapgit_integration_git.clas.testclasses.abap,53,17,0,36
.github/workflows/ajson_mirror.yaml,43,7,1,35
src/git/v2/zif_abapgit_gitv2_porcelain.intf.abap,37,2,0,35
src/ui/pages/zcl_abapgit_gui_page_diff.clas.abap,46,12,0,34
src/git/zlib/zcl_abapgit_zlib_stream.clas.testclasses.abap,53,19,0,34
deps/salv_s_int4_column.tabl.xml,34,0,0,34
deps/tline.tabl.xml,34,0,0,34
deps/cl_package_factory.clas.abap,36,3,0,33
src/syntax/zcl_abapgit_syntax_json.clas.testclasses.abap,45,12,0,33
src/apack/zcl_abapgit_apack_writer.clas.testclasses.abap,39,7,0,32
src/background/zcl_abapgit_background_pull.clas.abap,55,23,0,32
src/objects/core/zif_abapgit_tadir.intf.abap,34,2,0,32
src/objects/aff/zcl_abapgit_object_gsmp.clas.abap,45,13,0,32
src/ui/pages/zabapgit_css_page_db.w3mi.data.css,40,4,5,31
src/objects/aff_types/zif_abapgit_aff_oo_types_v1.intf.abap,38,7,0,31
src/objects/rules/zif_abapgit_field_rules.intf.abap,32,1,0,31
src/ui/zcl_abapgit_frontend_services.clas.testclasses.abap,41,10,0,31
src/objects/texts/zif_abapgit_lxe_texts.intf.abap,35,4,0,31
src/env/zcl_abapgit_language.clas.abap,50,19,0,31
src/env/zcl_abapgit_feature.clas.abap,48,15,2,31
src/objects/aff/zcl_abapgit_object_evtb.clas.abap,45,15,0,30
src/git/zlib/zcl_abapgit_zlib_convert.clas.testclasses.abap,48,18,0,30
src/objects/aff/zcl_abapgit_object_nont.clas.abap,41,12,0,29
src/objects/zcl_abapgit_object_ecvo.clas.abap,50,21,0,29
src/objects/aff/zcl_abapgit_object_ront.clas.abap,41,12,0,29
src/http/zif_abapgit_http_response.intf.abap,31,2,0,29
src/objects/zcl_abapgit_object_ecsp.clas.abap,50,21,0,29
src/data/zcl_abapgit_data_injector.clas.abap,39,11,0,28
src/persist/zcl_abapgit_persist_injector.clas.abap,50,22,0,28
src/objects/zcl_abapgit_object_pdts.clas.locals_def.abap,31,3,0,28
src/objects/zcl_abapgit_object_ectc.clas.abap,49,21,0,28
src/objects/zcl_abapgit_object_ecsd.clas.abap,49,21,0,28
src/objects/zcl_abapgit_object_ectd.clas.abap,49,21,0,28
src/objects/zcl_abapgit_object_ecat.clas.abap,49,21,0,28
src/git/zcl_abapgit_git_factory.clas.abap,42,14,0,28
src/objects/ecatt/zif_abapgit_ecatt.intf.abap,34,5,1,28
src/git/zcl_abapgit_git_time.clas.testclasses.abap,42,15,0,27
src/ui/pages/zcl_abapgit_gui_page_repo_over.clas.locals_imp.abap,36,8,1,27
src/ui/zabapgit_css_theme_belize_blue.w3mi.data.css,35,4,4,27
src/objects/zcl_abapgit_object_sapc.clas.abap,43,17,0,26
src/ui/zcl_abapgit_ui_injector.clas.locals_imp.abap,28,2,0,26
src/objects/zcl_abapgit_object_samc.clas.abap,43,17,0,26
src/exits/zcl_abapgit_auth.clas.abap,36,10,0,26
deps/lxetexttype.dtel.xml,25,0,0,25
deps/lxeunitlin.dtel.xml,25,0,0,25
deps/lxeunitmlt.dtel.xml,25,0,0,25
deps/lxetextkey.dtel.xml,25,0,0,25
src/http/zif_abapgit_http_agent.intf.abap,29,4,0,25
deps/lxeuppcase.dtel.xml,25,0,0,25
deps/tcdrs.tabl.xml,25,0,0,25
deps/sci_chkv.dtel.xml,24,0,0,24
deps/seocmpname.dtel.xml,24,0,0,24
deps/progname.dtel.xml,24,0,0,24
deps/seoscotype.dtel.xml,24,0,0,24
deps/r3state.dtel.xml,24,0,0,24
deps/parentcl.dtel.xml,24,0,0,24
deps/namespace.dtel.xml,24,0,0,24
deps/rzlli_apcl.dtel.xml,24,0,0,24
deps/sobj_name.dtel.xml,24,0,0,24
deps/lxeobjname.dtel.xml,24,0,0,24
deps/sappatchlv.dtel.xml,24,0,0,24
deps/lxeisolang.dtel.xml,24,0,0,24
deps/seokeyfld.dtel.xml,24,0,0,24
deps/saprelease.dtel.xml,24,0,0,24
deps/trobjtype.dtel.xml,24,0,0,24
deps/seoexpose.dtel.xml,24,0,0,24
deps/lxecustmnr.dtel.xml,24,0,0,24
deps/seodescr.dtel.xml,24,0,0,24
src/zabapgit.tran.xml,24,0,0,24
deps/uccheck.dtel.xml,24,0,0,24
deps/icon_d.dtel.xml,24,0,0,24
deps/fieldname.dtel.xml,24,0,0,24
deps/cdobjectcl.dtel.xml,24,0,0,24
deps/seobusobj.dtel.xml,24,0,0,24
deps/enqmode.dtel.xml,24,0,0,24
deps/seocmptype.dtel.xml,24,0,0,24
deps/dokstate.dtel.xml,24,0,0,24
src/ui/pages/zabapgit_css_page_db_entry.w3mi.xml,23,0,0,23
src/ui/zabapgit_js_common.w3mi.xml,23,0,0,23
src/ui/zabapgit_icon_font_css.w3mi.xml,23,0,0,23
src/background/zif_abapgit_background.intf.abap,26,3,0,23
src/ui/zabapgit_icon_font.w3mi.xml,23,0,0,23
src/ui/zabapgit_css_theme_default.w3mi.xml,23,0,0,23
src/ui/zabapgit_css_theme_dark.w3mi.xml,23,0,0,23
src/objects/sap/zcl_abapgit_function_module.clas.abap,34,11,0,23
src/ui/zabapgit_css_theme_belize_blue.w3mi.xml,23,0,0,23
deps/seosconame.dtel.xml,23,0,0,23
src/ui/zabapgit_css_common.w3mi.xml,23,0,0,23
src/ui/pages/zabapgit_css_page_db.w3mi.xml,23,0,0,23
src/git_platform/zif_abapgit_pr_enum_provider.intf.abap,26,3,0,23
src/objects/ecatt/zcl_abapgit_ecatt_script_upl.clas.abap,39,15,2,22
src/xml/zif_abapgit_xml_output.intf.abap,24,2,0,22
deps/seoclskey.tabl.xml,22,0,0,22
deps/abaptxt255.tabl.xml,22,0,0,22
src/git/zcl_abapgit_git_pack.clas.locals_def.abap,25,3,0,22
src/objects/ecatt/zcl_abapgit_ecatt_system_upl.clas.abap,39,15,2,22
src/objects/ecatt/zcl_abapgit_ecatt_config_upl.clas.abap,39,15,2,22
src/persist/zif_abapgit_persist_repo_cs.intf.abap,23,1,0,22
src/objects/sap/zif_abapgit_sap_namespace.intf.abap,25,4,0,21
src/env/zcl_abapgit_user_record.clas.testclasses.abap,30,9,0,21
src/objects/aff_types/zif_abapgit_aff_intf_v1.intf.abap,25,4,0,21
src/syntax/zcl_abapgit_syntax_txt.clas.abap,37,15,1,21
deps/cl_package_helper.clas.abap,25,5,0,20
src/ui/flow/zif_abapgit_flow_exit.intf.abap,25,5,0,20
src/zabapgit_forms.prog.xml,20,0,0,20
src/zabapgit_password_dialog.prog.xml,20,0,0,20
src/zcx_abapgit_not_found.clas.abap,27,7,0,20
src/objects/zcl_abapgit_objects_factory.clas.abap,30,10,0,20
src/objects/texts/zif_abapgit_i18n_file.intf.abap,25,6,0,19
src/cts/zif_abapgit_default_transport.intf.abap,24,5,0,19
src/test/zcl_abapgit_objects_ci_tests.clas.xml,19,0,0,19
src/json/zif_abapgit_ajson_filter.intf.abap,23,4,0,19
src/git/zcl_abapgit_git_pack.clas.locals_imp.abap,25,6,0,19
src/ui/core/zif_abapgit_gui_hotkeys.intf.abap,22,3,0,19
src/repo/zcl_abapgit_repo_offline.clas.abap,36,11,6,19
test/gitea/playwright.config.ts,39,4,17,18
src/ui/zcl_abapgit_ui_injector.clas.xml,18,0,0,18
src/git/zcl_abapgit_git_injector.clas.abap,24,6,0,18
src/zcl_abapgit_injector.clas.xml,18,0,0,18
src/zcx_abapgit_exception.clas.xml,18,0,0,18
src/objects/core/zabapgit_parallel.fugr.saplzabapgit_parallel.xml,18,0,0,18
deps/salv_t_int4_column.ttyp.xml,18,0,0,18
src/json/zcx_abapgit_ajson_error.clas.xml,18,0,0,18
src/ui/core/zif_abapgit_gui_event.intf.abap,22,4,0,18
deps/abaptxt255_tab.ttyp.xml,18,0,0,18
deps/tlinetab.ttyp.xml,18,0,0,18
src/xml/zcl_abapgit_xml_input.clas.xml,17,0,0,17
src/repo/zcl_abapgit_repo_status.clas.xml,17,0,0,17
deps/rswsourcet.ttyp.xml,17,0,0,17
src/utils/zcl_abapgit_timer.clas.xml,17,0,0,17
src/exits/zcl_abapgit_exit.clas.xml,17,0,0,17
src/ui/core/zcx_abapgit_cancel.clas.xml,17,0,0,17
src/ui/lib/zcl_abapgit_gui_chunk_lib.clas.xml,17,0,0,17
src/ui/core/zcl_abapgit_html_parts.clas.xml,17,0,0,17
src/git/zcl_abapgit_git_add_patch.clas.xml,17,0,0,17
src/git/zcl_abapgit_git_branch_list.clas.xml,17,0,0,17
src/ui/core/zcl_abapgit_html.clas.xml,17,0,0,17
src/git/zcl_abapgit_git_commit.clas.xml,17,0,0,17
src/exits/zcl_abapgit_auth.clas.xml,17,0,0,17
src/ui/core/zcl_abapgit_gui_utils.clas.xml,17,0,0,17
src/xml/zcl_abapgit_xml.clas.xml,17,0,0,17
src/utils/zcl_abapgit_string_map.clas.xml,17,0,0,17
src/ui/core/zcl_abapgit_gui_html_processor.clas.xml,17,0,0,17
src/objects/zcl_abapgit_object_pdxx_super.clas.xml,17,0,0,17
src/git/zcl_abapgit_git_injector.clas.xml,17,0,0,17
src/env/zcl_abapgit_user_record.clas.xml,17,0,0,17
src/ui/core/zcl_abapgit_gui_event.clas.xml,17,0,0,17
src/ui/lib/zcl_abapgit_html_action_utils.clas.xml,17,0,0,17
src/git/zcl_abapgit_git_pack.clas.xml,17,0,0,17
src/objects/zcl_abapgit_object_pdts.clas.xml,17,0,0,17
src/ui/core/zcl_abapgit_gui_css_processor.clas.xml,17,0,0,17
src/git/zcl_abapgit_git_porcelain.clas.xml,17,0,0,17
src/ui/core/zcl_abapgit_gui_asset_manager.clas.xml,17,0,0,17
src/objects/core/zcl_abapgit_serialize.clas.xml,17,0,0,17
src/xml/zcl_abapgit_xml_output.clas.xml,17,0,0,17
src/objects/core/zcl_abapgit_objects_files.clas.xml,17,0,0,17
src/git/zcl_abapgit_git_time.clas.xml,17,0,0,17
src/objects/core/zcl_abapgit_objects_check.clas.xml,17,0,0,17
src/git/zcl_abapgit_git_transport.clas.xml,17,0,0,17
src/objects/core/zcl_abapgit_objects_activation.clas.xml,17,0,0,17
src/objects/sap/zcl_abapgit_sap_namespace.clas.xml,17,0,0,17
src/objects/core/zcl_abapgit_item_graph.clas.xml,17,0,0,17
src/git/zcl_abapgit_git_utils.clas.xml,17,0,0,17
src/ui/lib/zcl_abapgit_html_form_utils.clas.xml,17,0,0,17
src/git/zcl_abapgit_hash.clas.xml,17,0,0,17
src/objects/core/zcl_abapgit_folder_logic.clas.xml,17,0,0,17
src/syntax/zcl_abapgit_syntax_xml.clas.xml,17,0,0,17
src/objects/core/zcl_abapgit_filename_logic.clas.xml,17,0,0,17
src/env/zcl_abapgit_feature.clas.xml,17,0,0,17
src/objects/core/zcl_abapgit_file_deserialize.clas.xml,17,0,0,17
src/syntax/zcl_abapgit_syntax_json.clas.xml,17,0,0,17
src/objects/core/zcl_abapgit_dependencies.clas.xml,17,0,0,17
src/xml/zcl_abapgit_xml_pretty.clas.xml,17,0,0,17
src/objects/tabl/zcl_abapgit_object_tabl.clas.xml,17,0,0,17
src/git/zlib/zcl_abapgit_zlib.clas.xml,17,0,0,17
src/ui/lib/zcl_abapgit_html_table.clas.xml,17,0,0,17
src/xml/zif_abapgit_xml_input.intf.abap,20,3,0,17
src/utils/zcl_abapgit_string_buffer.clas.xml,17,0,0,17
src/syntax/zcl_abapgit_syntax_abap.clas.xml,17,0,0,17
src/objects/core/zabapgit_parallel.fugr.lzabapgit_paralleltop.xml,17,0,0,17
src/env/zcl_abapgit_environment.clas.xml,17,0,0,17
src/git/zlib/zcl_abapgit_zlib_convert.clas.xml,17,0,0,17
src/objects/tabl/zcl_abapgit_object_tabl_ddl.clas.xml,17,0,0,17
src/git/zlib/zcl_abapgit_zlib_huffman.clas.xml,17,0,0,17
src/repo/zif_abapgit_repo_checksums.intf.abap,22,5,0,17
src/env/zcl_abapgit_abap_language_vers.clas.xml,17,0,0,17
src/utils/zcl_abapgit_path.clas.xml,17,0,0,17
src/utils/zcl_abapgit_utils.clas.xml,17,0,0,17
src/git/zlib/zcl_abapgit_zlib_stream.clas.xml,17,0,0,17
src/data/zcl_abapgit_data_utils.clas.xml,17,0,0,17
src/data/zcl_abapgit_data_supporter.clas.xml,17,0,0,17
src/git_platform/zcl_abapgit_git_url.clas.xml,17,0,0,17
src/objects/zcl_abapgit_object_ecatt_super.clas.xml,17,0,0,17
src/data/zcl_abapgit_data_serializer.clas.xml,17,0,0,17
src/data/zcl_abapgit_data_injector.clas.xml,17,0,0,17
src/repo/zcl_abapgit_repo_checksums.clas.xml,17,0,0,17
src/repo/zcl_abapgit_repo.clas.xml,17,0,0,17
src/repo/zcl_abapgit_dot_abapgit.clas.xml,17,0,0,17
src/http/zcl_abapgit_login_manager.clas.xml,17,0,0,17
src/ui/pages/sett/zcl_abapgit_gui_page_sett_remo.clas.xml,17,0,0,17
src/repo/utils/zcl_abapgit_version.clas.xml,17,0,0,17
src/repo/utils/zcl_abapgit_repo_requirements.clas.xml,17,0,0,17
src/http/zcl_abapgit_url.clas.xml,17,0,0,17
src/objects/texts/zcl_abapgit_i18n_params.clas.xml,17,0,0,17
src/repo/utils/zcl_abapgit_repo_news.clas.xml,17,0,0,17
src/data/zcl_abapgit_data_deserializer.clas.xml,17,0,0,17
src/data/zcl_abapgit_data_config.clas.xml,17,0,0,17
src/objects/zcl_abapgit_object_tran.clas.xml,17,0,0,17
src/repo/utils/zcl_abapgit_repo_labels.clas.xml,17,0,0,17
src/repo/utils/zcl_abapgit_repo_item_state.clas.xml,17,0,0,17
src/objects/texts/zcl_abapgit_longtexts.clas.xml,17,0,0,17
src/json/zcl_abapgit_ajson.clas.xml,17,0,0,17
src/json/zcl_abapgit_ajson_filter_lib.clas.xml,17,0,0,17
src/repo/filter/zcl_abapgit_object_filter_tran.clas.xml,17,0,0,17
src/ui/pages/zcl_abapgit_gui_page_data.clas.xml,17,0,0,17
src/json/zcl_abapgit_ajson_mapping.clas.xml,17,0,0,17
src/json/zcl_abapgit_ajson_utilities.clas.xml,17,0,0,17
src/utils/zcl_abapgit_log.clas.xml,17,0,0,17
src/objects/texts/zcl_abapgit_lxe_texts.clas.xml,17,0,0,17
src/cts/zcl_abapgit_transport_objects.clas.xml,17,0,0,17
src/ui/pages/zcl_abapgit_gui_page_patch.clas.xml,17,0,0,17
src/persist/zcl_abapgit_persistence_user.clas.xml,17,0,0,17
src/objects/zcl_abapgit_object_w3ht.clas.abap,27,10,0,17
src/utils/zcl_abapgit_diff.clas.xml,17,0,0,17
src/objects/zcl_abapgit_object_w3mi.clas.abap,27,10,0,17
src/objects/texts/zcl_abapgit_po_file.clas.xml,17,0,0,17
src/objects/zcl_abapgit_object_intf.clas.xml,17,0,0,17
src/apack/zcl_abapgit_apack_writer.clas.xml,17,0,0,17
src/persist/zcl_abapgit_persist_packages.clas.xml,17,0,0,17
src/objects/aff/zcl_abapgit_aff_registry.clas.xml,17,0,0,17
src/objects/texts/zcl_abapgit_sotr_handler.clas.xml,17,0,0,17
src/persist/zcl_abapgit_persist_injector.clas.xml,17,0,0,17
src/utils/zcl_abapgit_convert.clas.xml,17,0,0,17
src/zcx_abapgit_not_found.clas.xml,17,0,0,17
src/apack/zcl_abapgit_apack_reader.clas.xml,17,0,0,17
src/objects/rules/zcl_abapgit_field_rules.clas.xml,17,0,0,17
src/ui/routing/zcl_abapgit_services_repo.clas.xml,17,0,0,17
src/objects/oo/zcl_abapgit_oo_serializer.clas.xml,17,0,0,17
src/objects/aff/zcl_abapgit_json_path.clas.xml,17,0,0,17
src/ui/zcl_abapgit_frontend_services.clas.xml,17,0,0,17
test/src/zcl_abapgit_gitea.clas.xml,17,0,0,17
src/objects/zcl_abapgit_objects_program.clas.xml,17,0,0,17
src/objects/aff/zcl_abapgit_object_common_aff.clas.xml,17,0,0,17
test/src/zcl_abapgit_sap_package_test.clas.xml,17,0,0,17
src/objects/zcl_abapgit_objects_injector.clas.xml,17,0,0,17
src/objects/zcl_abapgit_objects_generic.clas.xml,17,0,0,17
src/objects/zcl_abapgit_objects.clas.xml,17,0,0,17
test/src/zcl_abapgit_tadir_test.clas.xml,17,0,0,17
src/ui/pages/sett/zcl_abapgit_gui_page_sett_locl.clas.xml,16,0,0,16
src/objects/zcl_abapgit_object_smtg.clas.xml,16,0,0,16
src/objects/zcl_abapgit_objects_factory.clas.xml,16,0,0,16
src/objects/aff/zcl_abapgit_object_chko.clas.xml,16,0,0,16
src/objects/aff/zcl_abapgit_object_chkc.clas.xml,16,0,0,16
src/objects/zcl_abapgit_object_acid.clas.xml,16,0,0,16
src/objects/zcl_abapgit_objects_injector.clas.abap,25,9,0,16
src/objects/aff/zcl_abapgit_object_chkv.clas.xml,16,0,0,16
src/objects/zcl_abapgit_object_xslt.clas.xml,16,0,0,16
src/objects/aff/zcl_abapgit_object_cdbo.clas.xml,16,0,0,16
src/objects/zcl_abapgit_object_xinx.clas.xml,16,0,0,16
src/objects/zcl_abapgit_object_webi.clas.xml,16,0,0,16
src/objects/zcl_abapgit_objects_super.clas.xml,16,0,0,16
src/objects/zcl_abapgit_object_aifc.clas.xml,16,0,0,16
src/objects/zcl_abapgit_object_amsd.clas.xml,16,0,0,16
src/objects/aff/zcl_abapgit_object_drty.clas.xml,16,0,0,16
src/objects/zcl_abapgit_object_apis.clas.xml,16,0,0,16
src/objects/zcl_abapgit_object_wdyn.clas.xml,16,0,0,16
src/objects/zcl_abapgit_object_aqbg.clas.xml,16,0,0,16
src/objects/zcl_abapgit_object_aqqu.clas.xml,16,0,0,16
src/objects/zcl_abapgit_object_aqsg.clas.xml,16,0,0,16
src/objects/zcl_abapgit_object_wdya.clas.xml,16,0,0,16
src/persist/zcl_abapgit_migrations.clas.xml,16,0,0,16
src/objects/aff/zcl_abapgit_object_dteb.clas.xml,16,0,0,16
src/persist/zcl_abapgit_persist_background.clas.xml,16,0,0,16
src/objects/zcl_abapgit_object_wdcc.clas.xml,16,0,0,16
src/persist/zcl_abapgit_persist_factory.clas.xml,16,0,0,16
src/objects/aff/zcl_abapgit_object_eeec.clas.xml,16,0,0,16
src/objects/zcl_abapgit_object_wdca.clas.xml,16,0,0,16
src/objects/aff/zcl_abapgit_json_handler.clas.xml,16,0,0,16
src/objects/zcl_abapgit_object_wapa.clas.xml,16,0,0,16
src/persist/zcl_abapgit_persist_migrate.clas.xml,16,0,0,16
src/objects/texts/zcl_abapgit_sots_handler.clas.xml,16,0,0,16
src/objects/zcl_abapgit_object_area.clas.xml,16,0,0,16
src/objects/aff/zcl_abapgit_object_evtb.clas.xml,16,0,0,16
src/objects/zcl_abapgit_object_w3xx_super.clas.xml,16,0,0,16
src/persist/zcl_abapgit_persist_settings.clas.xml,16,0,0,16
src/objects/zcl_abapgit_object_w3mi.clas.xml,16,0,0,16
src/persist/zcl_abapgit_persistence_db.clas.xml,16,0,0,16
src/objects/zcl_abapgit_object_asfc.clas.xml,16,0,0,16
src/persist/zcl_abapgit_persistence_repo.clas.xml,16,0,0,16
src/objects/zcl_abapgit_object_w3ht.clas.xml,16,0,0,16
src/objects/texts/zcl_abapgit_properties_file.clas.xml,16,0,0,16
src/objects/zcl_abapgit_object_view.clas.xml,16,0,0,16
src/objects/aff/zcl_abapgit_object_gsmp.clas.xml,16,0,0,16
src/objects/zcl_abapgit_object_auth.clas.xml,16,0,0,16
src/objects/zcl_abapgit_object_vcls.clas.xml,16,0,0,16
src/objects/zcl_abapgit_object_avar.clas.xml,16,0,0,16
src/objects/zcl_abapgit_object_avas.clas.xml,16,0,0,16
src/objects/zcl_abapgit_object_bdef.clas.xml,16,0,0,16
src/zcl_abapgit_factory.clas.xml,16,0,0,16
src/objects/zcl_abapgit_object_char.clas.xml,16,0,0,16
src/objects/zcl_abapgit_object_ueno.clas.xml,16,0,0,16
src/objects/zcl_abapgit_object_chdo.clas.xml,16,0,0,16
src/objects/zcl_abapgit_object_clas.clas.xml,16,0,0,16
src/objects/aff/zcl_abapgit_object_nont.clas.xml,16,0,0,16
src/objects/zcl_abapgit_object_udmo.clas.xml,16,0,0,16
src/objects/zcl_abapgit_object_ucsa.clas.xml,16,0,0,16
src/objects/aff/zcl_abapgit_object_ront.clas.xml,16,0,0,16
src/repo/filter/zcl_abapgit_repo_filter.clas.xml,16,0,0,16
src/objects/zcl_abapgit_object_cmod.clas.xml,16,0,0,16
src/objects/zcl_abapgit_object_cmpt.clas.xml,16,0,0,16
src/objects/zcl_abapgit_object_cus0.clas.xml,16,0,0,16
src/objects/tabl/zcl_abapgit_object_tabl_compar.clas.xml,16,0,0,16
src/objects/zcl_abapgit_object_type.clas.xml,16,0,0,16
src/repo/stage/zcl_abapgit_merge.clas.xml,16,0,0,16
src/objects/zcl_abapgit_object_cus1.clas.xml,16,0,0,16
src/repo/stage/zcl_abapgit_stage.clas.xml,16,0,0,16
src/objects/zcl_abapgit_object_cus2.clas.xml,16,0,0,16
src/repo/stage/zcl_abapgit_stage_logic.clas.xml,16,0,0,16
src/objects/aff/zcl_abapgit_object_smbc.clas.xml,16,0,0,16
src/objects/zcl_abapgit_object_dcls.clas.xml,16,0,0,16
src/objects/zcl_abapgit_object_ddls.clas.xml,16,0,0,16
src/objects/zcl_abapgit_object_ddlx.clas.xml,16,0,0,16
src/objects/zcl_abapgit_object_devc.clas.xml,16,0,0,16
src/inspect/zcl_abapgit_where_used_tools.clas.xml,16,0,0,16
src/inspect/zcl_abapgit_code_inspector.clas.xml,16,0,0,16
src/objects/zcl_abapgit_object_ttyp.clas.xml,16,0,0,16
src/objects/zcl_abapgit_object_dial.clas.xml,16,0,0,16
src/objects/zcl_abapgit_object_doct.clas.xml,16,0,0,16
src/objects/aff/zcl_abapgit_object_uipg.clas.xml,16,0,0,16
src/objects/aff/zcl_abapgit_object_uist.clas.xml,16,0,0,16
src/objects/zcl_abapgit_object_docv.clas.xml,16,0,0,16
src/objects/zcl_abapgit_object_tobj.clas.xml,16,0,0,16
src/objects/zcl_abapgit_object_doma.clas.xml,16,0,0,16
src/objects/zcl_abapgit_object_sxci.clas.xml,16,0,0,16
src/objects/sap/zcl_abapgit_sap_report.clas.xml,16,0,0,16
src/http/zcl_abapgit_proxy_config.clas.xml,16,0,0,16
src/http/zcl_abapgit_proxy_auth.clas.xml,16,0,0,16
src/objects/zcl_abapgit_object_suso.clas.xml,16,0,0,16
src/objects/zcl_abapgit_object_drul.clas.xml,16,0,0,16
src/repo/utils/zcl_abapgit_zip.clas.xml,16,0,0,16
src/objects/zcl_abapgit_object_sush.clas.xml,16,0,0,16
src/http/zcl_abapgit_http_digest.clas.xml,16,0,0,16
src/objects/sap/zcl_abapgit_sap_package.clas.xml,16,0,0,16
src/http/zcl_abapgit_http_client.clas.xml,16,0,0,16
src/http/zcl_abapgit_http_agent.clas.xml,16,0,0,16
src/objects/zcl_abapgit_object_susc.clas.xml,16,0,0,16
src/http/zcl_abapgit_http.clas.xml,16,0,0,16
src/objects/zcl_abapgit_object_dsys.clas.xml,16,0,0,16
src/objects/zcl_abapgit_object_dtdc.clas.xml,16,0,0,16
src/objects/sap/zcl_abapgit_function_module.clas.xml,16,0,0,16
src/objects/zcl_abapgit_object_sucu.clas.xml,16,0,0,16
src/repo/zcl_abapgit_repo_content_list.clas.xml,16,0,0,16
src/git_platform/zcl_abapgit_pr_enumerator.clas.xml,16,0,0,16
src/repo/zcl_abapgit_repo_cs_migration.clas.xml,16,0,0,16
src/objects/zcl_abapgit_object_styl.clas.xml,16,0,0,16
src/repo/zcl_abapgit_repo_offline.clas.xml,16,0,0,16
src/git_platform/zcl_abapgit_pr_enum_github.clas.xml,16,0,0,16
src/repo/zcl_abapgit_repo_online.clas.xml,16,0,0,16
src/objects/zcl_abapgit_object_dtel.clas.xml,16,0,0,16
src/repo/zcl_abapgit_repo_srv.clas.xml,16,0,0,16
src/objects/zcl_abapgit_object_stvi.clas.xml,16,0,0,16
src/objects/zcl_abapgit_object_ecat.clas.xml,16,0,0,16
src/objects/zcl_abapgit_object_ssst.clas.xml,16,0,0,16
src/objects/zcl_abapgit_object_ecsd.clas.xml,16,0,0,16
src/objects/zcl_abapgit_object_ssfo.clas.xml,16,0,0,16
src/objects/zcl_abapgit_object_ecsp.clas.xml,16,0,0,16
src/objects/zcl_abapgit_object_ectc.clas.xml,16,0,0,16
src/objects/zcl_abapgit_object_ectd.clas.xml,16,0,0,16
src/objects/zcl_abapgit_object_srvd.clas.xml,16,0,0,16
src/objects/zcl_abapgit_object_ecvo.clas.xml,16,0,0,16
src/objects/zcl_abapgit_object_enhc.clas.xml,16,0,0,16
src/objects/zcl_abapgit_object_enho.clas.xml,16,0,0,16
src/objects/zcl_abapgit_object_enhs.clas.xml,16,0,0,16
src/objects/zcl_abapgit_object_enqu.clas.xml,16,0,0,16
src/objects/zcl_abapgit_object_srvb.clas.xml,16,0,0,16
src/objects/zcl_abapgit_object_ensc.clas.xml,16,0,0,16
src/ui/zcl_abapgit_ui_factory.clas.xml,16,0,0,16
src/objects/zcl_abapgit_object_fdt0.clas.xml,16,0,0,16
src/objects/zcl_abapgit_object_srfc.clas.xml,16,0,0,16
src/objects/zcl_abapgit_object_sqsc.clas.xml,16,0,0,16
src/ui/zcl_abapgit_popups.clas.xml,16,0,0,16
src/syntax/zcl_abapgit_syntax_css.clas.xml,16,0,0,16
src/objects/zcl_abapgit_object_sprx.clas.xml,16,0,0,16
src/syntax/zcl_abapgit_syntax_factory.clas.xml,16,0,0,16
src/objects/zcl_abapgit_object_sppf.clas.xml,16,0,0,16
src/syntax/zcl_abapgit_syntax_highlighter.clas.xml,16,0,0,16
src/objects/zcl_abapgit_object_form.clas.xml,16,0,0,16
src/syntax/zcl_abapgit_syntax_js.clas.xml,16,0,0,16
src/ui/zcl_abapgit_password_dialog.clas.xml,16,0,0,16
src/objects/zcl_abapgit_object_splo.clas.xml,16,0,0,16
src/objects/zcl_abapgit_object_sots.clas.xml,16,0,0,16
src/objects/zcl_abapgit_object_sod2.clas.xml,16,0,0,16
src/syntax/zcl_abapgit_syntax_txt.clas.xml,16,0,0,16
src/objects/oo/zcl_abapgit_oo_interface.clas.xml,16,0,0,16
src/objects/zcl_abapgit_object_ftgl.clas.xml,16,0,0,16
src/objects/zcl_abapgit_object_sod1.clas.xml,16,0,0,16
src/objects/oo/zcl_abapgit_oo_factory.clas.xml,16,0,0,16
src/objects/zcl_abapgit_object_sobj.clas.xml,16,0,0,16
src/test/zcl_abapgit_gui_page_template.clas.xml,16,0,0,16
src/objects/zcl_abapgit_object_iwvb.clas.xml,16,0,0,16
src/objects/zcl_abapgit_object_smim.clas.xml,16,0,0,16
src/ui/zcl_abapgit_frontend_no_gui.clas.xml,16,0,0,16
src/objects/zcl_abapgit_object_sktd.clas.xml,16,0,0,16
src/ui/core/zcl_abapgit_gui.clas.xml,16,0,0,16
src/objects/zcl_abapgit_object_sicf.clas.xml,16,0,0,16
src/objects/zcl_abapgit_object_shma.clas.xml,16,0,0,16
src/objects/zcl_abapgit_object_shlp.clas.xml,16,0,0,16
src/git/zcl_abapgit_git_tag.clas.xml,16,0,0,16
src/objects/core/zcl_abapgit_tadir.clas.xml,16,0,0,16
src/objects/zcl_abapgit_object_shi8.clas.xml,16,0,0,16
src/objects/zcl_abapgit_object_shi5.clas.xml,16,0,0,16
src/objects/zcl_abapgit_object_fugr.clas.xml,16,0,0,16
src/objects/zcl_abapgit_object_shi3.clas.xml,16,0,0,16
src/objects/zcl_abapgit_object_g4ba.clas.xml,16,0,0,16
src/ui/core/zcl_abapgit_gui_hotkey_ctl.clas.xml,16,0,0,16
src/objects/zcl_abapgit_object_sfsw.clas.xml,16,0,0,16
src/objects/ecatt/zcl_abapgit_ecatt_config_downl.clas.xml,16,0,0,16
src/objects/zcl_abapgit_object_sfpi.clas.xml,16,0,0,16
src/objects/zcl_abapgit_object_sfpf.clas.xml,16,0,0,16
src/git/zcl_abapgit_git_factory.clas.xml,16,0,0,16
src/objects/ecatt/zcl_abapgit_ecatt_config_upl.clas.xml,16,0,0,16
src/objects/zcl_abapgit_object_sfbs.clas.xml,16,0,0,16
src/objects/ecatt/zcl_abapgit_ecatt_data_downl.clas.xml,16,0,0,16
src/objects/zcl_abapgit_object_sfbf.clas.xml,16,0,0,16
src/objects/ecatt/zcl_abapgit_ecatt_data_upload.clas.xml,16,0,0,16
src/objects/zcl_abapgit_object_scvi.clas.xml,16,0,0,16
src/objects/ecatt/zcl_abapgit_ecatt_helper.clas.xml,16,0,0,16
src/objects/oo/zcl_abapgit_oo_class.clas.xml,16,0,0,16
src/ui/core/zcl_abapgit_html_viewer_gui.clas.xml,16,0,0,16
src/objects/zcl_abapgit_object_scp1.clas.xml,16,0,0,16
src/objects/ecatt/zcl_abapgit_ecatt_script_downl.clas.xml,16,0,0,16
src/objects/zcl_abapgit_object_saxx_super.clas.xml,16,0,0,16
src/objects/zcl_abapgit_object_g4bs.clas.xml,16,0,0,16
src/objects/oo/zcl_abapgit_oo_base.clas.xml,16,0,0,16
src/objects/zcl_abapgit_object_iamu.clas.xml,16,0,0,16
src/objects/zcl_abapgit_object_sapc.clas.xml,16,0,0,16
src/objects/zcl_abapgit_object_iarp.clas.xml,16,0,0,16
src/objects/zcl_abapgit_object_iasp.clas.xml,16,0,0,16
src/objects/zcl_abapgit_object_iatu.clas.xml,16,0,0,16
src/objects/jump/zcl_abapgit_gui_jumper.clas.xml,16,0,0,16
src/objects/zcl_abapgit_object_iaxu.clas.xml,16,0,0,16
src/objects/zcl_abapgit_object_samc.clas.xml,16,0,0,16
src/objects/jump/zcl_abapgit_adt_link.clas.xml,16,0,0,16
src/ui/routing/zif_abapgit_services_repo.intf.abap,18,2,0,16
src/objects/zcl_abapgit_object_idoc.clas.xml,16,0,0,16
src/apack/zcl_abapgit_apack_helper.clas.xml,16,0,0,16
src/ui/routing/zcl_abapgit_services_git.clas.xml,16,0,0,16
src/apack/zcl_abapgit_apack_migration.clas.xml,16,0,0,16
src/ui/routing/zcl_abapgit_services_abapgit.clas.xml,16,0,0,16
src/objects/zcl_abapgit_object_prog.clas.xml,16,0,0,16
src/ui/routing/zcl_abapgit_gui_router.clas.xml,16,0,0,16
src/objects/ecatt/zcl_abapgit_ecatt_script_upl.clas.xml,16,0,0,16
src/objects/zcl_abapgit_object_iext.clas.xml,16,0,0,16
src/git/v2/zcl_abapgit_gitv2_porcelain.clas.xml,16,0,0,16
src/ui/progress/zcl_abapgit_progress.clas.xml,16,0,0,16
src/ui/popups/zcl_abapgit_popup_tag_list.clas.xml,16,0,0,16
src/ui/popups/zcl_abapgit_popup_pull_request.clas.xml,16,0,0,16
src/ui/flow/zcl_abapgit_flow_exit.clas.xml,16,0,0,16
src/ui/popups/zcl_abapgit_popup_code_insp.clas.xml,16,0,0,16
src/ui/popups/zcl_abapgit_popup_branch_list.clas.xml,16,0,0,16
src/ui/flow/zcl_abapgit_gui_page_flow.clas.xml,16,0,0,16
src/objects/zcl_abapgit_object_prag.clas.xml,16,0,0,16
src/ui/pages/zcl_abapgit_gui_page_tutorial.clas.xml,16,0,0,16
src/objects/ecatt/zcl_abapgit_ecatt_sp_download.clas.xml,16,0,0,16
src/ui/pages/zcl_abapgit_gui_page_tags.clas.xml,16,0,0,16
src/background/zcl_abapgit_background.clas.xml,16,0,0,16
src/ui/pages/zcl_abapgit_gui_page_stage.clas.xml,16,0,0,16
src/ui/lib/zcl_abapgit_exception_viewer.clas.xml,16,0,0,16
src/objects/zcl_abapgit_object_iobj.clas.xml,16,0,0,16
src/ui/lib/zcl_abapgit_gui_buttons.clas.xml,16,0,0,16
src/objects/zcl_abapgit_object_pinf.clas.xml,16,0,0,16
src/ui/pages/zcl_abapgit_gui_page_run_bckg.clas.xml,16,0,0,16
src/objects/ecatt/zcl_abapgit_ecatt_sp_upload.clas.xml,16,0,0,16
src/objects/ecatt/zcl_abapgit_ecatt_system_downl.clas.xml,16,0,0,16
src/ui/lib/zcl_abapgit_gui_component.clas.xml,16,0,0,16
src/background/zcl_abapgit_background_pull.clas.xml,16,0,0,16
src/ui/lib/zcl_abapgit_gui_in_page_modal.clas.xml,16,0,0,16
src/objects/zcl_abapgit_object_pers.clas.xml,16,0,0,16
src/ui/lib/zcl_abapgit_gui_menus.clas.xml,16,0,0,16
src/ui/pages/zcl_abapgit_gui_page_repo_view.clas.xml,16,0,0,16
src/ui/lib/zcl_abapgit_gui_page.clas.xml,16,0,0,16
src/background/zcl_abapgit_background_push_au.clas.xml,16,0,0,16
src/ui/lib/zcl_abapgit_gui_page_hoc.clas.xml,16,0,0,16
src/objects/ecatt/zcl_abapgit_ecatt_system_upl.clas.xml,16,0,0,16
src/ui/lib/zcl_abapgit_gui_picklist.clas.xml,16,0,0,16
src/objects/ecatt/zcl_abapgit_ecatt_val_obj_down.clas.xml,16,0,0,16
src/ui/pages/zcl_abapgit_gui_page_repo_over.clas.xml,16,0,0,16
src/objects/ecatt/zcl_abapgit_ecatt_val_obj_upl.clas.xml,16,0,0,16
src/objects/enh/zcl_abapgit_object_enhs_hook_d.clas.xml,16,0,0,16
src/ui/lib/zcl_abapgit_html_form.clas.xml,16,0,0,16
src/env/zcl_abapgit_settings.clas.xml,16,0,0,16
src/env/zcl_abapgit_language.clas.xml,16,0,0,16
src/background/zcl_abapgit_background_push_fi.clas.xml,16,0,0,16
src/objects/zcl_abapgit_object_para.clas.xml,16,0,0,16
src/objects/zcl_abapgit_objects_bridge.clas.xml,16,0,0,16
src/objects/zcl_abapgit_object_otgr.clas.xml,16,0,0,16
src/ui/pages/zcl_abapgit_gui_page_pull.clas.xml,16,0,0,16
src/ui/lib/zcl_abapgit_html_toolbar.clas.xml,16,0,0,16
src/objects/zcl_abapgit_object_odso.clas.xml,16,0,0,16
src/ui/lib/zcl_abapgit_log_viewer.clas.xml,16,0,0,16
src/objects/zcl_abapgit_object_iwmo.clas.xml,16,0,0,16
src/objects/enh/zcl_abapgit_object_enhs_badi_d.clas.xml,16,0,0,16
src/ui/pages/zcl_abapgit_gui_page_merge_sel.clas.xml,16,0,0,16
src/cts/zcl_abapgit_cts_api.clas.xml,16,0,0,16
src/ui/pages/zcl_abapgit_gui_page_merge_res.clas.xml,16,0,0,16
src/cts/zcl_abapgit_default_transport.clas.xml,16,0,0,16
src/ui/pages/zcl_abapgit_gui_page_merge.clas.xml,16,0,0,16
src/cts/zcl_abapgit_transport.clas.xml,16,0,0,16
src/ui/pages/zcl_abapgit_gui_page_ex_pckage.clas.xml,16,0,0,16
src/cts/zcl_abapgit_transport_2_branch.clas.xml,16,0,0,16
src/objects/zcl_abapgit_object_oa2p.clas.xml,16,0,0,16
src/ui/pages/zcl_abapgit_gui_page_ex_object.clas.xml,16,0,0,16
src/cts/zcl_abapgit_transport_mass.clas.xml,16,0,0,16
src/ui/pages/zcl_abapgit_gui_page_diff_base.clas.xml,16,0,0,16
src/objects/zcl_abapgit_object_iwom.clas.xml,16,0,0,16
src/ui/pages/codi/zcl_abapgit_gui_page_code_insp.clas.xml,16,0,0,16
src/ui/pages/zcl_abapgit_gui_page_diff.clas.xml,16,0,0,16
src/ui/pages/codi/zcl_abapgit_gui_page_codi_base.clas.xml,16,0,0,16
src/objects/enh/zcl_abapgit_object_enho_wdyn.clas.xml,16,0,0,16
src/ui/pages/codi/zcl_abapgit_gui_page_runit.clas.xml,16,0,0,16
src/data/zif_abapgit_data_supporter.intf.abap,19,3,0,16
src/ui/pages/codi/zcl_abapgit_gui_page_syntax.clas.xml,16,0,0,16
src/ui/pages/zcl_abapgit_gui_page_debuginfo.clas.xml,16,0,0,16
src/ui/pages/codi/zcl_abapgit_gui_page_whereused.clas.xml,16,0,0,16
src/objects/zcl_abapgit_object_iwpr.clas.xml,16,0,0,16
src/objects/enh/zcl_abapgit_object_enho_wdyc.clas.xml,16,0,0,16
src/ui/pages/db/zcl_abapgit_gui_page_db.clas.xml,16,0,0,16
src/ui/pages/zcl_abapgit_gui_page_commit.clas.xml,16,0,0,16
src/ui/pages/db/zcl_abapgit_gui_page_db_entry.clas.xml,16,0,0,16
src/objects/zcl_abapgit_object_iwsg.clas.xml,16,0,0,16
src/objects/zcl_abapgit_object_nspc.clas.xml,16,0,0,16
src/ui/pages/dlg/zcl_abapgit_gui_page_addofflin.clas.xml,16,0,0,16
src/objects/enh/zcl_abapgit_object_enho_intf.clas.xml,16,0,0,16
src/ui/pages/dlg/zcl_abapgit_gui_page_addonline.clas.xml,16,0,0,16
src/objects/zcl_abapgit_object_iwsv.clas.xml,16,0,0,16
src/objects/enh/zcl_abapgit_object_enho_hook.clas.xml,16,0,0,16
src/objects/enh/zcl_abapgit_object_enho_badi.clas.xml,16,0,0,16
src/ui/pages/sett/zcl_abapgit_gui_page_sett_bckg.clas.xml,16,0,0,16
src/objects/zcl_abapgit_object_nrob.clas.xml,16,0,0,16
src/ui/pages/sett/zcl_abapgit_gui_page_sett_glob.clas.xml,16,0,0,16
src/objects/enh/zcl_abapgit_object_enho_class.clas.xml,16,0,0,16
src/ui/pages/sett/zcl_abapgit_gui_page_sett_info.clas.xml,16,0,0,16
src/objects/zcl_abapgit_object_msag.clas.xml,16,0,0,16
src/ui/pages/sett/zcl_abapgit_gui_page_sett_repo.clas.xml,16,0,0,16
src/objects/enh/zcl_abapgit_object_enho_clif.clas.xml,16,0,0,16
src/ui/pages/sett/zcl_abapgit_gui_page_sett_pers.clas.xml,16,0,0,16
src/objects/zcl_abapgit_object_jobd.clas.xml,16,0,0,16
src/data/zcl_abapgit_data_factory.clas.xml,16,0,0,16
src/objects/enh/zcl_abapgit_object_enho_fugr.clas.xml,16,0,0,16
src/objects/ecatt/zif_abapgit_ecatt_download.intf.xml,15,0,0,15
src/inspect/zif_abapgit_code_inspector.intf.xml,15,0,0,15
src/objects/zif_abapgit_comparator.intf.abap,18,3,0,15
src/objects/texts/zif_abapgit_longtexts.intf.xml,15,0,0,15
src/data/zif_abapgit_data_config.intf.xml,15,0,0,15
src/objects/zif_abapgit_comparator.intf.xml,15,0,0,15
src/objects/texts/zif_abapgit_lang_definitions.intf.xml,15,0,0,15
src/data/zif_abapgit_data_deserializer.intf.xml,15,0,0,15
src/cts/zif_abapgit_default_transport.intf.xml,15,0,0,15
src/objects/zif_abapgit_object.intf.xml,15,0,0,15
src/ui/zif_abapgit_frontend_services.intf.xml,15,0,0,15
src/cts/zif_abapgit_cts_api.intf.xml,15,0,0,15
src/data/zif_abapgit_data_serializer.intf.xml,15,0,0,15
src/data/zif_abapgit_data_supporter.intf.xml,15,0,0,15
src/objects/zif_abapgit_objects.intf.xml,15,0,0,15
src/objects/texts/zif_abapgit_i18n_file.intf.xml,15,0,0,15
src/zif_abapgit_version.intf.xml,15,0,0,15
src/zif_abapgit_definitions.intf.xml,15,0,0,15
src/ui/lib/zif_abapgit_html_table.intf.xml,15,0,0,15
src/ui/lib/zif_abapgit_html_popup.intf.xml,15,0,0,15
src/json/zif_abapgit_ajson_types.intf.xml,15,0,0,15
src/ui/lib/zif_abapgit_html_form.intf.xml,15,0,0,15
src/objects/ecatt/zif_abapgit_ecatt_upload.intf.xml,15,0,0,15
src/ui/lib/zif_abapgit_gui_render_item.intf.xml,15,0,0,15
src/json/zif_abapgit_ajson_mapping.intf.xml,15,0,0,15
src/ui/lib/zif_abapgit_gui_page_title.intf.xml,15,0,0,15
src/json/zif_abapgit_ajson_filter.intf.xml,15,0,0,15
src/persist/zif_abapgit_persist_repo.intf.xml,15,0,0,15
src/background/zif_abapgit_background.intf.xml,15,0,0,15
src/ui/lib/zif_abapgit_gui_menu_provider.intf.xml,15,0,0,15
src/persist/zif_abapgit_persist_repo_cs.intf.xml,15,0,0,15
src/persist/zif_abapgit_persist_settings.intf.xml,15,0,0,15
src/json/zif_abapgit_ajson.intf.xml,15,0,0,15
src/objects/ecatt/zif_abapgit_ecatt.intf.xml,15,0,0,15
src/repo/zif_abapgit_repo_online.intf.xml,15,0,0,15
src/env/zif_abapgit_environment.intf.xml,15,0,0,15
src/persist/zif_abapgit_persist_user.intf.xml,15,0,0,15
src/repo/zif_abapgit_repo_listener.intf.xml,15,0,0,15
src/exits/zcl_abapgit_exit.clas.testclasses.abap,20,4,1,15
src/exits/zif_abapgit_auth.intf.abap,19,4,0,15
src/exits/zif_abapgit_auth.intf.xml,15,0,0,15
src/persist/zif_abapgit_persistence.intf.xml,15,0,0,15
src/ui/flow/zif_abapgit_gui_page_flow.intf.xml,15,0,0,15
src/objects/tabl/zif_abapgit_object_tabl.intf.xml,15,0,0,15
src/ui/flow/zif_abapgit_flow_exit.intf.xml,15,0,0,15
src/repo/filter/zif_abapgit_object_filter.intf.xml,15,0,0,15
src/apack/zif_abapgit_apack_definitions.intf.xml,15,0,0,15
src/exits/zif_abapgit_exit.intf.xml,15,0,0,15
src/xml/zif_abapgit_xml_output.intf.xml,15,0,0,15
src/xml/zif_abapgit_xml_input.intf.xml,15,0,0,15
src/objects/enh/zif_abapgit_object_enho.intf.xml,15,0,0,15
src/ui/zif_abapgit_popups.intf.xml,15,0,0,15
src/objects/rules/zif_abapgit_field_rules.intf.xml,15,0,0,15
src/repo/stage/zif_abapgit_merge.intf.xml,15,0,0,15
src/objects/texts/zif_abapgit_lxe_texts.intf.xml,15,0,0,15
src/objects/enh/zif_abapgit_object_enhs.intf.xml,15,0,0,15
src/ui/core/zif_abapgit_html_viewer.intf.xml,15,0,0,15
src/objects/sap/zif_abapgit_sap_report.intf.xml,15,0,0,15
src/ui/progress/zif_abapgit_progress.intf.xml,15,0,0,15
src/repo/stage/zif_abapgit_stage_logic.intf.xml,15,0,0,15
src/ui/core/zif_abapgit_html.intf.xml,15,0,0,15
src/ui/core/zif_abapgit_gui_services.intf.xml,15,0,0,15
src/objects/sap/zif_abapgit_sap_package.intf.xml,15,0,0,15
src/ui/core/zif_abapgit_gui_renderable.intf.xml,15,0,0,15
src/objects/sap/zif_abapgit_sap_namespace.intf.xml,15,0,0,15
src/ui/core/zif_abapgit_gui_modal.intf.xml,15,0,0,15
src/http/zif_abapgit_http_response.intf.xml,15,0,0,15
src/utils/zif_abapgit_log.intf.xml,15,0,0,15
src/ui/core/zif_abapgit_gui_html_processor.intf.xml,15,0,0,15
src/repo/zif_abapgit_repo_srv.intf.xml,15,0,0,15
src/ui/routing/zif_abapgit_services_git.intf.xml,15,0,0,15
src/objects/sap/zif_abapgit_function_module.intf.xml,15,0,0,15
src/ui/routing/zif_abapgit_services_repo.intf.xml,15,0,0,15
src/ui/core/zif_abapgit_gui_hotkeys.intf.xml,15,0,0,15
src/ui/core/zif_abapgit_gui_hotkey_ctl.intf.xml,15,0,0,15
src/ui/core/zif_abapgit_gui_hotkey_ctl.intf.abap,17,2,0,15
src/ui/core/zif_abapgit_gui_event_handler.intf.xml,15,0,0,15
src/ui/core/zif_abapgit_gui_event_handler.intf.abap,18,3,0,15
src/objects/jump/zif_abapgit_gui_jumper.intf.xml,15,0,0,15
src/ui/core/zif_abapgit_gui_event.intf.xml,15,0,0,15
src/http/zif_abapgit_http_agent.intf.xml,15,0,0,15
src/ui/core/zif_abapgit_gui_error_handler.intf.xml,15,0,0,15
src/objects/aff/zif_abapgit_aff_registry.intf.xml,15,0,0,15
src/ui/core/zif_abapgit_gui_asset_manager.intf.xml,15,0,0,15
src/git/v2/zif_abapgit_gitv2_porcelain.intf.xml,15,0,0,15
src/objects/aff/zif_abapgit_aff_type_mapping.intf.xml,15,0,0,15
src/objects/core/zif_abapgit_tadir.intf.xml,15,0,0,15
src/git_platform/zif_abapgit_pr_enum_provider.intf.xml,15,0,0,15
src/objects/aff_types/zif_abapgit_aff_intf_v1.intf.xml,15,0,0,15
src/objects/oo/zif_abapgit_oo_object_fnc.intf.xml,15,0,0,15
src/git/zif_abapgit_git_definitions.intf.xml,15,0,0,15
src/objects/aff_types/zif_abapgit_aff_oo_types_v1.intf.xml,15,0,0,15
src/git/zif_abapgit_git_transport.intf.xml,15,0,0,15
src/repo/zif_abapgit_dot_abapgit.intf.xml,15,0,0,15
src/objects/aff_types/zif_abapgit_aff_types_v1.intf.xml,15,0,0,15
src/repo/zif_abapgit_repo_checksums.intf.xml,15,0,0,15
src/repo/zif_abapgit_repo.intf.xml,15,0,0,15
src/objects/core/zabapgit_parallel.fugr.saplzabapgit_parallel.abap,15,1,0,14
src/objects/texts/zif_abapgit_lang_definitions.intf.abap,18,4,0,14
src/utils/zcl_abapgit_string_buffer.clas.testclasses.abap,21,8,0,13
src/exits/zcl_abapgit_auth.clas.testclasses.abap,23,10,0,13
src/ui/lib/zcl_abapgit_html_action_utils.clas.testclasses.abap,22,9,0,13
src/ui/routing/zif_abapgit_services_git.intf.abap,14,2,0,12
src/objects/enh/zif_abapgit_object_enhs.intf.abap,15,3,0,12
src/repo/stage/zif_abapgit_stage_logic.intf.abap,13,2,0,11
src/objects/aff/zif_abapgit_aff_type_mapping.intf.abap,21,1,9,11
.abapgit.xml,11,0,0,11
test/gitea/tests/gitea.spec.ts,12,1,0,11
src/ui/lib/zif_abapgit_gui_render_item.intf.abap,13,2,0,11
src/objects/enh/zif_abapgit_object_enho.intf.abap,13,2,0,11
src/ui/progress/zif_abapgit_progress.intf.abap,13,2,0,11
src/ui/core/zif_abapgit_gui_html_processor.intf.abap,13,2,0,11
src/json/package.devc.xml,10,0,0,10
src/ui/pages/codi/package.devc.xml,10,0,0,10
src/utils/package.devc.xml,10,0,0,10
deps/seoc.type.abap,14,4,0,10
src/git/zlib/package.devc.xml,10,0,0,10
test/src/zcl_abapgit_tadir_test.clas.abap,14,4,0,10
src/git/zif_abapgit_git_transport.intf.abap,11,1,0,10
src/objects/sap/package.devc.xml,10,0,0,10
src/git_platform/package.devc.xml,10,0,0,10
src/test/package.devc.xml,10,0,0,10
src/ui/pages/sett/package.devc.xml,10,0,0,10
src/objects/core/package.devc.xml,10,0,0,10
src/ui/core/package.devc.xml,10,0,0,10
src/http/package.devc.xml,10,0,0,10
src/objects/ecatt/package.devc.xml,10,0,0,10
src/ui/pages/package.devc.xml,10,0,0,10
test/src/zcl_abapgit_sap_package_test.clas.abap,14,4,0,10
src/ui/pages/dlg/package.devc.xml,10,0,0,10
src/data/package.devc.xml,10,0,0,10
src/objects/oo/package.devc.xml,10,0,0,10
src/repo/zif_abapgit_repo_listener.intf.abap,11,1,0,10
src/apack/package.devc.xml,10,0,0,10
src/xml/package.devc.xml,10,0,0,10
src/data/zif_abapgit_data_serializer.intf.abap,12,2,0,10
src/inspect/package.devc.xml,10,0,0,10
src/repo/package.devc.xml,10,0,0,10
src/repo/utils/package.devc.xml,10,0,0,10
src/objects/jump/package.devc.xml,10,0,0,10
src/ui/routing/package.devc.xml,10,0,0,10
src/objects/package.devc.xml,10,0,0,10
src/ui/progress/package.devc.xml,10,0,0,10
src/objects/tabl/package.devc.xml,10,0,0,10
src/ui/flow/package.devc.xml,10,0,0,10
src/ui/popups/package.devc.xml,10,0,0,10
src/git/v2/package.devc.xml,10,0,0,10
src/ui/pages/db/package.devc.xml,10,0,0,10
src/git/package.devc.xml,10,0,0,10
src/repo/stage/package.devc.xml,10,0,0,10
src/objects/aff_types/package.devc.xml,10,0,0,10
src/env/package.devc.xml,10,0,0,10
src/objects/enh/package.devc.xml,10,0,0,10
src/package.devc.xml,10,0,0,10
src/background/package.devc.xml,10,0,0,10
src/repo/filter/package.devc.xml,10,0,0,10
src/objects/texts/package.devc.xml,10,0,0,10
src/ui/lib/package.devc.xml,10,0,0,10
src/exits/package.devc.xml,10,0,0,10
src/syntax/package.devc.xml,10,0,0,10
src/ui/package.devc.xml,10,0,0,10
src/persist/zif_abapgit_persist_settings.intf.abap,12,2,0,10
src/persist/package.devc.xml,10,0,0,10
src/cts/package.devc.xml,10,0,0,10
src/objects/aff/package.devc.xml,10,0,0,10
src/objects/rules/package.devc.xml,10,0,0,10
test/src/zcl_abapgit_gitea.clas.testclasses.abap,17,8,0,9
.github/workflows/reuse.yml,11,2,0,9
src/objects/aff/zif_abapgit_aff_registry.intf.abap,13,1,3,9
src/objects/sap/zif_abapgit_function_module.intf.abap,11,2,0,9
src/objects/tabl/zcl_abapgit_object_tabl.clas.testclasses.abap,10,1,0,9
src/ui/core/zif_abapgit_gui_renderable.intf.abap,10,2,0,8
src/ui/core/zif_abapgit_gui_error_handler.intf.abap,10,2,0,8
src/ui/lib/zif_abapgit_html_popup.intf.abap,10,2,0,8
src/repo/filter/zif_abapgit_object_filter.intf.abap,9,1,0,8
src/ui/lib/zif_abapgit_gui_menu_provider.intf.abap,10,2,0,8
test/gitea/docker-compose.yml,9,1,1,7
src/objects/ecatt/zif_abapgit_ecatt_download.intf.abap,9,2,0,7
src/objects/ecatt/zif_abapgit_ecatt_upload.intf.abap,8,1,0,7
src/ui/lib/zif_abapgit_gui_page_title.intf.abap,8,2,0,6
src/ui/core/zif_abapgit_gui_modal.intf.abap,8,2,0,6
src/zif_abapgit_version.intf.abap,7,2,0,5
deps/seop.type.abap,6,1,0,5
deps/seoo.type.abap,6,1,0,5
test/src/zcl_abapgit_integration_gitv2.clas.abap,6,2,0,4
deps/seos.type.abap,4,1,0,3
deps/srext.type.abap,4,1,0,3
deps/seox.type.abap,4,1,0,3
test/src/zcl_abapgit_integration_git.clas.abap,4,1,0,3
src/objects/core/zabapgit_parallel.fugr.lzabapgit_paralleltop.abap,3,1,0,2
.github/FUNDING.yml,7,0,5,2
