File,Lines,Blank Lines,Comments,Code Lines
MessagePDA-release.yml,507,53,99,355
TEST/common-vars.yml,91,0,0,91
DEV/common-vars.yml,73,2,0,71
DEVVNEXT/common-vars.yml,69,0,0,69
TEST-FIX/common-vars.yml,69,0,0,69
UAT/common-vars.yml,56,0,0,56
TEST/ActionSchedulerBatchOnceByHour.xml,53,0,0,53
QUA/common-vars.yml,52,0,0,52
PROD/common-vars.yml,52,0,0,52
DEV/PudoRefConsumerBatch.xml,50,0,0,50
TEST/ActionSchedulerBatch.xml,50,0,0,50
DEV/ExportProducerBatch.xml,50,0,0,50
DEV/ActionSchedulerBatch.xml,50,0,0,50
QUA/PublicApi-vars.yml,43,3,1,39
DEV/PublicApi-vars.yml,41,1,1,39
DEVVNEXT/WebApi-vars.yml,41,1,1,39
DEVVNEXT/PublicApi-vars.yml,41,1,1,39
TEST/PublicApi-vars.yml,41,1,1,39
UAT/WebApi-vars.yml,42,2,1,39
DEVVNEXT/MessagePda-vars.yml,43,2,2,39
DEV/WebApi-vars.yml,41,1,1,39
TEST/WebApi-vars.yml,41,1,1,39
UAT/PublicApi-vars.yml,41,1,1,39
TEST/MessagePda-vars.yml,43,2,2,39
UAT/MessagePda-vars.yml,43,2,2,39
DEV/MessagePda-vars.yml,43,2,2,39
TEST-FIX/WebApi-vars.yml,41,1,1,39
QUA/MessagePda-vars.yml,43,2,2,39
TEST-FIX/MessagePda-vars.yml,43,2,2,39
TEST-FIX/PublicApi-vars.yml,41,1,1,39
QUA/WebApi-vars.yml,42,2,1,39
DEV/ActionSchedulerBatch-vars.yml,19,1,1,17
PROD/PublicApi-vars.yml,17,0,0,17
TEST/ActionSchedulerBatch-vars.yml,19,0,2,17
PROD/MessagePda-vars.yml,19,1,1,17
PROD/WebApi-vars.yml,16,0,0,16
DEV/PudoRefConsumerBatch-vars.yml,16,0,1,15
DEV/ExportProducerBatch-vars.yml,16,0,1,15
PROD/dacpac-vars.yml,17,2,1,14
DEV/dacpac-vars.yml,17,2,1,14
TEST/PudoRefConsumerBatch-vars.yml,16,0,2,14
UAT/dacpac-vars.yml,17,2,1,14
QUA/dacpac-vars.yml,17,2,1,14
TEST/dacpac-vars.yml,17,2,1,14
TEST/ExportProducerBatch-vars.yml,16,0,2,14
TEST-FIX/dacpac-vars.yml,17,2,1,14
DEVVNEXT/dacpac-vars.yml,17,2,1,14
TEST-FIX/PudoRefConsumerBatch-vars.yml,14,0,2,12
QUA/PudoRefConsumerBatch-vars.yml,14,0,2,12
DEVVNEXT/PudoRefConsumerBatch-vars.yml,14,0,2,12
PROD/PudoRefConsumerBatch-vars.yml,14,0,2,12
UAT/PudoRefConsumerBatch-vars.yml,14,0,2,12
TEST/release-vars.yml,13,0,2,11
DEV/release-vars.yml,13,0,2,11
DEVVNEXT/release-vars.yml,13,0,2,11
PROD/release-vars.yml,13,0,2,11
QUA/release-vars.yml,13,0,2,11
UAT/release-vars.yml,13,0,2,11
global-vars.yml,7,0,0,7
