File,Lines,Blank Lines,Comments,Code Lines
mvs/assist_no_instructionlimit_install.jcl,30566,0,126,30440
sysgen/usermods/TNIP800.jcl,20393,0,78,20315
sysgen/usermods/ZP60041.jcl,16458,2,973,15483
sysgen/jcl/ZP60041.jcl,16463,2,978,15483
sysgen/usermods/ZP60026.jcl,11871,0,544,11327
sysgen/usermods/ZP60014.jcl,11140,0,325,10815
sysgen/usermods/TMVS816.jcl,10439,0,362,10077
sysgen/usermods/ZP60039.jcl,11207,0,1280,9927
sysgen/usermods/ZP60009.jcl,7679,0,638,7041
sysgen/usermods/ZP60030.jcl,4943,0,118,4825
sysgen/usermods/ZP60011.jcl,4457,0,160,4297
sysgen/usermods/ZP60007.jcl,4239,0,163,4076
sysgen/usermods/ZP60037.jcl,4016,0,147,3869
sysgen/jcl/vtoc.jcl,7568,0,4295,3273
sysgen/usermods/ZP60028.jcl,3151,0,134,3017
sysgen/usermods/ZP60008.jcl,3077,0,126,2951
mvs/testmvscompilers.jcl,15849,373,13006,2470
sysgen/usermods/ZP60036.jcl,2148,0,220,1928
sysgen/usermods/ZP60013.jcl,1961,0,575,1386
sysgen/usermods/ZP60018.jcl,954,0,119,835
mainframeadventures/covid19/REPCNTRY.cbl,560,0,114,446
sysgen/usermods/ZP60033.jcl,503,0,81,422
sysgen/usermods/WM00017.jcl,490,0,75,415
sysgen/jcl/sysgen05.jcl,799,0,403,396
mainframeadventures/pmmsschd/PMMSSCHD.cbl,531,0,149,382
sysgen/jcl/sysgen02.jcl,291,0,77,214
sysgen/jcl/sysgen04.jcl,2472,0,2268,204
mainframeadventures/pmmsschd/PMMSSREP.cbl,215,0,41,174
sysgen/jcl/sysgen00.jcl,329,9,152,168
sysgen/jcl/date.jcl,179,1,15,163
mainframeadventures/pmmsschd/PMMSTREP.jcl,173,0,15,158
sysgen/jcl/smpjob00.jcl,344,0,189,155
sysgen/usermods/ZP60032.jcl,204,0,58,146
sysgen/usermods/DYNPROC.jcl,3578,0,3434,144
mvs/cobol.jcl,158,0,18,140
sysgen/usermods/SYZJ2001.jcl,495,0,369,126
mvs/acker360.jcl,114,0,20,94
sysgen/usermods/ZP60006.jcl,152,0,68,84
sysgen/usermods/ZP60029.jcl,236,0,152,84
MainframeJCL/MVS/RRS.jcl,88,1,8,79
mainframeadventures/covid19/TOTCNTRY.cbl,116,0,38,78
sysgen/usermods/ZP60012.jcl,146,0,77,69
sysgen/jcl/mvs00.jcl,163,9,92,62
sysgen/jcl/smpjob03.jcl,94,0,32,62
sysgen/usermods/SLB0002.jcl,121,0,59,62
sysgen/usermods/ZP60027.jcl,121,0,64,57
sysgen/usermods/ZP60002.jcl,113,0,70,43
MainframeJCL/ACF2/ACFDEF.jcl,50,1,7,42
mvs/linkJES2.jcl,55,0,14,41
MainframeJCL/SMF/SMFALC.jcl,47,0,8,39
sysgen/jcl/finalize.jcl,102,11,53,38
mvs/cobasm.jcl,81,0,43,38
sysgen/usermods/ZP60019.jcl,104,0,68,36
sysgen/usermods/JLM0003.jcl,163,0,128,35
mvs/WTOMOSHE.jcl,50,0,15,35
mvs/smfheader.jcl,35,0,0,35
sysgen/jcl/mvs01.jcl,115,18,62,35
sysgen/jcl/brexx.jcl,166,0,134,32
MainframeJCL/RACF/RASREACH.jcl,41,0,9,32
.github/workflows/sq.yml,63,14,19,30
sysgen/jcl/sysgen06.jcl,44,0,16,28
sysgen/usermods/TTSO801.jcl,98,0,71,27
sysgen/usermods/ZP60021.jcl,88,0,61,27
MainframeJCL/BATCH/BATSYSV.jcl,32,0,6,26
MainframeJCL/CICS/CICSGCD0.jcl,46,0,21,25
sysgen/usermods/ZP60022.jcl,84,0,60,24
sysgen/usermods/JLM0004.jcl,152,0,129,23
MainframeJCL/RACF/RALIST01.jcl,30,0,7,23
mvs/ADCD_New_user.jcl,47,9,17,21
MainframeJCL/IPCS/IPCSCICS.jcl,40,0,20,20
sysgen/usermods/ZP60016.jcl,99,0,79,20
sysgen/usermods/ZP60004.jcl,85,0,65,20
MainframeJCL/CICS/CICSLOGR.jcl,27,0,8,19
sysgen/usermods/ZP60003.jcl,85,0,66,19
MainframeJCL/CICS/CICSSTAT.jcl,44,0,26,18
MainframeJCL/OMVS/USSUNZIP.jcl,33,0,16,17
MainframeJCL/CICS/upgrade/WUIREP.jcl,48,1,30,17
sysgen/usermods/ZP60020.jcl,81,0,64,17
sysgen/jcl/smpjob05.jcl,32,1,15,16
sysgen/usermods/ZP60038.jcl,964,0,948,16
sysgen/usermods/ZP60015.jcl,101,0,86,15
MainframeJCL/IPCS/IPCS.jcl,29,0,15,14
MainframeJCL/SMPE/SMPZEDIT.jcl,24,0,11,13
sysgen/usermods/TJES801.jcl,81,1,67,13
MainframeJCL/VSAM/VSAMDEF.jcl,20,0,7,13
MainframeJCL/CICS/upgrade/CMASREP.jcl,41,0,29,12
MainframeJCL/SMPE/SMPZCOPY.jcl,38,0,26,12
MainframeJCL/GDG/GDGCOPY.jcl,64,0,52,12
MainframeJCL/MVS/SMSALC.jcl,20,0,8,12
MainframeJCL/MVS/RRSDEL.jcl,22,0,10,12
sysgen/usermods/SYZM001.jcl,51,0,40,11
MainframeJCL/RACF/TSOADD.jcl,20,0,9,11
sysgen/usermods/ZP60005.jcl,82,0,71,11
sysgen/usermods/ZUM0007.jcl,54,0,44,10
sysgen/jcl/fdz1d02.jcl,60,0,50,10
sysgen/usermods/TIST801.jcl,65,0,55,10
sysgen/usermods/AY12275.jcl,57,0,48,9
mvs/sort.jcl,36,0,28,8
MainframeJCL/SMPE/SMPLIST.jcl,21,0,14,7
MainframeJCL/CICS/RDODEF00.jcl,25,0,18,7
sysgen/usermods/ZP60017.jcl,70,0,64,6
sysgen/usermods/ZP60031.jcl,75,0,69,6
MainframeJCL/GDG/GDGDEF.jcl,19,0,13,6
MainframeJCL/IDCAMS/ALTER.jcl,14,0,8,6
MainframeJCL/ADRDSSU/RESTREN.jcl,15,0,9,6
MainframeJCL/VSAM/VSAMNAME.jcl,13,0,7,6
sysgen/usermods/TMVS804.jcl,67,0,61,6
MainframeJCL/ADRDSSU/MOVE.jcl,15,0,9,6
MainframeJCL/FTP/FTPCSV.jcl,19,0,14,5
MainframeJCL/MVS/PAGEADD.jcl,16,0,11,5
mvs/smfdump.jcl,18,0,13,5
MainframeJCL/ADRDSSU/RESNSMS.jcl,16,0,11,5
sysgen/usermods/ZUM0008.jcl,48,0,43,5
MainframeJCL/SMPE/SMPRPT1.jcl,16,0,11,5
sysgen/usermods/VS49603.jcl,56,0,51,5
MainframeJCL/SMPE/SMPAPPLY.jcl,20,0,15,5
MainframeJCL/OMVS/OMVMOUNT.jcl,16,0,12,4
mvs/defragvolume.jcl,18,1,13,4
MainframeJCL/MVS/SABUILD.jcl,16,0,12,4
sysgen/jcl/ispf.jcl,22,0,18,4
MainframeJCL/IPCS/SSLTRACE.jcl,20,0,16,4
MainframeJCL/FTP/FTPGET.jcl,13,0,9,4
MainframeJCL/EMC/EMCSNAP.jcl,17,0,13,4
MainframeJCL/SMPE/SMPEPATH.jcl,16,0,12,4
MainframeJCL/SMPE/SMPRPT2.jcl,17,0,13,4
MainframeJCL/SMPE/SMPZDEL.jcl,15,0,11,4
MainframeJCL/SMPE/SMPRECV.jcl,18,0,15,3
MainframeJCL/SMF/SMFCLR.jcl,14,0,11,3
MainframeJCL/BATCH/BATXMIT.jcl,11,0,8,3
MainframeJCL/FTP/FTPPUT.jcl,14,0,11,3
MainframeJCL/IDCAMS/ALIAS00.jcl,17,0,14,3
MainframeJCL/IDCAMS/ALIASDEF.jcl,15,0,12,3
MainframeJCL/IEBCOPY/IEBCOPYM.jcl,12,0,9,3
MainframeJCL/OMVS/USSCP.jcl,11,0,8,3
MainframeJCL/SORT/ICESORT.jcl,22,0,19,3
MainframeJCL/SMPE/SMPZRNA.jcl,13,0,10,3
MainframeJCL/RMF/RMFREP.jcl,32,0,29,3
MainframeJCL/IPOUPDTE/PDSUPD.jcl,11,0,9,2
MainframeJCL/CICS/CICSEXIT.jcl,46,0,44,2
MainframeJCL/SMF/SMFMERGE.jcl,17,0,15,2
MainframeJCL/SMPE/SMPHOLDR.jcl,16,0,14,2
MainframeJCL/SMF/SMFCICS.jcl,15,0,13,2
MainframeJCL/RMF/RMFSORT.jcl,25,0,23,2
MainframeJCL/SMPE/SMPREST.jcl,15,0,13,2
mvs/smf_icetool_type99.jcl,25,0,23,2
MainframeJCL/OMVS/OMVSPACE.jcl,10,0,8,2
MainframeJCL/BATCH/BATESP.jcl,10,0,8,2
MainframeJCL/MVS/VTOCPRNT.jcl,9,0,7,2
MainframeJCL/MVS/VTOCLIST.jcl,10,0,8,2
MainframeJCL/MVS/SMSCONV.jcl,11,0,9,2
MainframeJCL/MVS/SADMP.jcl,37,0,35,2
sysgen/usermods/ZP60034.jcl,568,0,566,2
sysgen/usermods/ZP60035.jcl,2055,0,2053,2
MainframeJCL/VSAM/VSAMREP.jcl,15,0,13,2
MainframeJCL/BATCH/BATHSM.jcl,13,0,11,2
mvs/smf_icetool.jcl,31,0,29,2
MainframeJCL/BATCH/BATISP.jcl,12,0,10,2
MainframeJCL/IEBCOPY/IEBCOPY1.jcl,11,0,9,2
MainframeJCL/BATCH/BATTSO.jcl,12,0,10,2
MainframeJCL/IDCAMS/ALIASDEL.jcl,11,0,9,2
MainframeJCL/SORT/SORTCOPY.jcl,18,0,16,2
MainframeJCL/SMPE/SMPEGIM.jcl,12,0,10,2
sysgen/usermods/ZP60001.jcl,174,0,172,2
MainframeJCL/CICS/CSDCOPY.jcl,14,0,12,2
MainframeJCL/SUPERC/LOGSR.jcl,13,0,11,2
MainframeJCL/IEBCOPY/IEBCOPYC.jcl,25,0,24,1
MainframeJCL/IDCAMS/REPRO.jcl,11,0,10,1
MainframeJCL/CICS/CICSGIN0.jcl,20,0,19,1
MainframeJCL/SORT/SORTMERG.jcl,10,0,9,1
MainframeJCL/DASD/DASDINIR.jcl,11,0,10,1
MainframeJCL/SUPERC/SRPROC.jcl,13,0,12,1
MainframeJCL/GDG/GDGLIMIT.jcl,8,0,7,1
MainframeJCL/BATCH/BATREXX.jcl,14,0,13,1
MainframeJCL/CICS/CICSASM.jcl,64,0,63,1
MainframeJCL/IEBCOPY/IEBCOPYR.jcl,23,0,22,1
MainframeJCL/OMVS/OMVSCOPY.jcl,15,0,14,1
MainframeJCL/ADRDSSU/TAPEREST.jcl,12,0,11,1
MainframeJCL/ADRDSSU/TAPEBKP.jcl,17,0,16,1
MainframeJCL/ADRDSSU/PRINTVOL.jcl,8,0,7,1
MainframeJCL/ADRDSSU/PDSPRINT.jcl,9,0,8,1
MainframeJCL/ADRDSSU/DEFRAG.jcl,6,0,5,1
MainframeJCL/JES2/HASPCADD.jcl,8,0,8,0
sysgen/usermods/UZ61025.jcl,28,0,28,0
sysgen/usermods/JLM0002.jcl,238,0,238,0
sysgen/usermods/JLM0001.jcl,1106,0,1106,0
sysgen/jcl/sysgen03.jcl,19,0,19,0
sysgen/jcl/sysgen01.jcl,710,0,710,0
sysgen/jcl/stage2.jcl,13069,0,13069,0
sysgen/jcl/smpmount.jcl,11,0,11,0
sysgen/jcl/smpjob07.jcl,142,0,142,0
sysgen/jcl/smpjob06.jcl,33,0,33,0
sysgen/jcl/smpjob04.jcl,14,0,14,0
sysgen/jcl/smpjob02.jcl,18,0,18,0
sysgen/jcl/smpjob01.jcl,15,0,15,0
sysgen/jcl/smp4p44.jcl,176,0,176,0
sysgen/jcl/null.jcl,1,0,1,0
sysgen/jcl/mvs02.jcl,44,0,44,0
mvs/catalogrep.jcl,108,0,108,0
mvs/assemblerjob_submit.jcl,10,0,10,0
mvs/SMFreport66.jcl,68,0,68,0
mvs/SMFreport65.jcl,110,0,110,0
middle/SCRIPT03.jcl,17,0,17,0
middle/SCRIPT02.jcl,8,0,8,0
middle/SCRIPT01.jcl,8,0,8,0
mainframeadventures/pmmsschd/DUMMYJCL.jcl,8,0,8,0
mainframeadventures/pmmsschd/$EXECSCH.jcl,16,0,16,0
mainframeadventures/pmmsschd/$EXECRP2.jcl,13,0,13,0
mainframeadventures/pmmsschd/$EXECRP1.jcl,13,0,13,0
mainframeadventures/covid19/$EXECTOT.jcl,64,0,64,0
MainframeJCL/TERSE/UNPACK.jcl,8,0,8,0
MainframeJCL/TERSE/PACK.jcl,10,0,10,0
MainframeJCL/SMF/SMFDUMP.jcl,36,0,36,0
MainframeJCL/OMVS/USSPAX.jcl,8,0,8,0
MainframeJCL/MVS/SAICKDSF.jcl,12,0,12,0
MainframeJCL/JES2/HASPFMT.jcl,8,0,8,0
MainframeJCL/JES2/HASPCKPT.jcl,11,0,11,0
MainframeJCL/IEFBR14/IEFBR141.jcl,13,0,13,0
MainframeJCL/IEFBR14/IEFBR140.jcl,15,0,15,0
MainframeJCL/IEFBR14/IEFBR14.jcl,9,0,9,0
MainframeJCL/IEBCOPY/PDSE.jcl,12,0,12,0
MainframeJCL/CICS/CICSTAB.jcl,95,0,95,0
MainframeJCL/BATCH/BATOMVS.jcl,6,0,6,0
MainframeJCL/BATCH/BATMVSC.jcl,17,0,17,0
