File,Lines,Blank Lines,Comments,Code Lines
Source/LastSyncIntegration/Scripts/jquery-1.11.1.js,10308,1752,1718,6838
Source/LastSyncIntegration/Content/bootstrap.css,6584,6,8,6570
Source/LastSyncIntegration/Scripts/bootstrap.js,2317,577,192,1548
Source/LastSyncIntegration/Scripts/jquery-1.11.1.intellisense.js,2657,8,2037,612
Source/LastSyncIntegration/Scripts/modernizr-2.6.2.js,1416,286,524,606
Source/LastSyncIntegration/App_Data/XmlDocument.xml,582,0,0,582
Source/LastSyncIntegration/Content/bootstrap-theme.css,476,1,6,469
Source/LastSyncIntegration/Areas/HelpPage/SampleGeneration/ObjectGenerator.cs,455,50,22,383
Source/LastSyncIntegration/Areas/HelpPage/ModelDescriptions/ModelDescriptionGenerator.cs,450,52,16,382
Source/LastSyncIntegration/Areas/HelpPage/SampleGeneration/HelpPageSampleGenerator.cs,443,35,95,313
Source/LastSyncIntegration/Areas/HelpPage/HelpPageConfigurationExtensions.cs,467,43,137,287
Source/LastSyncIntegration/Scripts/respond.matchmedia.addListener.js,272,2,4,266
Source/LastSyncIntegration/Scripts/respond.js,223,1,3,219
Source/LastSyncIntegration.Tests/LastSyncControllerUnitTest.cs,244,37,36,171
Source/LastSyncIntegration/Areas/HelpPage/XmlDocumentationProvider.cs,161,19,10,132
Source/LastSyncIntegration/Project_Readme.html,150,19,0,131
Source/LastSyncIntegration/Areas/HelpPage/HelpPage.css,134,21,0,113
Source/LastSyncIntegration/Areas/HelpPage/SampleGeneration/HelpPageSampleKey.cs,172,18,51,103
Source/LastSyncIntegration.Tests/Service/LastSyncServiceUnitTest.cs,134,17,21,96
Source/LastSyncIntegration/Areas/HelpPage/Models/HelpPageApiModel.cs,107,14,36,57
Source/LastSyncIntegration/Controllers/LastSyncController.cs,81,7,17,57
Source/LastSyncIntegration.Data/Dal/Types/Type_SynchroDeviceType.generated.cs,72,16,0,56
Source/LastSyncIntegration/Areas/HelpPage/Views/Help/DisplayTemplates/HelpPageApiModel.cshtml,66,13,0,53
Source/LastSyncIntegration/Areas/HelpPage/Controllers/HelpController.cs,62,9,3,50
Source/LastSyncIntegration/Areas/HelpPage/App_Start/HelpPageConfig.cs,106,15,42,49
Source/LastSyncIntegration.Data/Dal/Types/Type_TabSynchroDeviceType.generated.cs,60,14,0,46
Source/LastSyncIntegration/Areas/HelpPage/Views/Help/DisplayTemplates/Parameters.cshtml,48,2,0,46
Source/LastSyncIntegration/Global.asax.cs,55,9,3,43
Source/LastSyncIntegration.Service/LastSyncService.cs,46,5,0,41
Source/LastSyncIntegration/Infrastructure/DI/WindsorWebApiDependencyResolver.cs,50,10,0,40
Source/LastSyncIntegration/Areas/HelpPage/Views/Help/DisplayTemplates/ApiGroup.cshtml,40,2,0,38
Source/LastSyncIntegration/Infrastructure/DI/WindsorFullInstaller.cs,48,2,8,38
Source/LastSyncIntegration.Tests/IsUpAndRunningControllerUnitTest.cs,51,6,9,36
Source/LastSyncIntegration/Areas/HelpPage/Views/Help/Index.cshtml,38,3,0,35
Source/LastSyncIntegration/Infrastructure/DI/WindsorDependencyScope.cs,40,6,0,34
Source/LastSyncIntegration.Data/DataAccess.cs,38,5,1,32
Source/LastSyncIntegration/Views/Shared/_Layout.cshtml,32,1,0,31
Source/LastSyncIntegration/Areas/HelpPage/ApiDescriptionExtensions.cs,38,2,5,31
Source/LastSyncIntegration.Tests/Data/DataAccessUnitTest.cs,42,5,8,29
Source/LastSyncIntegration/App_Start/SwaggerConfig.cs,249,30,191,28
Source/LastSyncIntegration/Areas/HelpPage/SampleGeneration/TextSample.cs,36,5,3,28
Source/LastSyncIntegration/Areas/HelpPage/ModelDescriptions/ModelNameHelper.cs,35,4,3,28
Source/LastSyncIntegration.Data/Dal/Procedures/Proc_SetLastSyncDtm8.generated.cs,35,3,4,28
Source/LastSyncIntegration/Areas/HelpPage/SampleGeneration/ImageSample.cs,40,5,7,28
Source/LastSyncIntegration/Areas/HelpPage/Views/Help/DisplayTemplates/Samples.cshtml,29,1,0,28
Source/LastSyncIntegration/Areas/HelpPage/SampleGeneration/InvalidSample.cs,36,5,3,28
Source/LastSyncIntegration/Controllers/IsUpAndRunningController.cs,41,4,10,27
Source/LastSyncIntegration/Infrastructure/DI/WindsorControllerFactory.cs,31,4,0,27
Source/LastSyncIntegration/Areas/HelpPage/Views/Help/DisplayTemplates/ModelDescriptionLink.cshtml,25,0,0,25
Source/LastSyncIntegration/Properties/AssemblyInfo.cs,46,5,19,22
Source/LastSyncIntegration/Areas/HelpPage/HelpPageAreaRegistration.cs,25,3,0,22
Source/LastSyncIntegration/App_Start/BundleConfig.cs,28,4,3,21
Source/LastSyncIntegration/App_Start/RouteConfig.cs,23,2,0,21
Source/LastSyncIntegration/Areas/HelpPage/Views/Help/DisplayTemplates/EnumTypeModelDescription.cshtml,23,2,0,21
Source/LastSyncIntegration/Models/ErrorResult.cs,44,4,19,21
Source/LastSyncIntegration.Tests/RunningVersionControllerUnitTest.cs,26,3,3,20
Source/LastSyncIntegration/Areas/HelpPage/Views/Help/Api.cshtml,22,2,0,20
Source/LastSyncIntegration/App_Start/WebApiConfig.cs,24,3,2,19
Source/LastSyncIntegration/Areas/HelpPage/Views/Help/ResourceModel.cshtml,19,1,0,18
Source/LastSyncIntegration.Service/LastSyncDto.cs,37,4,15,18
Source/LastSyncIntegration.Tests/Properties/AssemblyInfo.cs,35,4,16,15
Source/LastSyncIntegration/Areas/HelpPage/ModelDescriptions/ParameterDescription.cs,20,5,0,15
Source/LastSyncIntegration.Service/Properties/AssemblyInfo.cs,36,4,17,15
Source/LastSyncIntegration.Data/Properties/AssemblyInfo.cs,36,4,17,15
Source/LastSyncIntegration/Views/Shared/Error.cshtml,14,0,0,14
Source/LastSyncIntegration/Content/Site.css,17,2,2,13
Source/LastSyncIntegration/App_Start/FilterConfig.cs,13,1,0,12
Source/LastSyncIntegration/Areas/HelpPage/ModelDescriptions/ModelNameAttribute.cs,17,2,3,12
Source/LastSyncIntegration/Areas/HelpPage/ModelDescriptions/EnumTypeModelDescription.cs,14,2,0,12
Source/LastSyncIntegration/Controllers/RunningVersionController.cs,19,1,6,12
Source/LastSyncIntegration/Controllers/HomeController.cs,12,1,0,11
Source/LastSyncIntegration/Areas/HelpPage/Views/Help/DisplayTemplates/InvalidSample.cshtml,12,1,0,11
Source/LastSyncIntegration/Areas/HelpPage/ModelDescriptions/ComplexTypeModelDescription.cs,13,2,0,11
Source/LastSyncIntegration/Scripts/npm.js,12,0,1,11
Source/LastSyncIntegration/Areas/HelpPage/Views/Shared/_Layout.cshtml,11,0,0,11
Source/LastSyncIntegration.Service/BusinessException.cs,15,1,4,10
Source/LastSyncIntegration/Areas/HelpPage/ModelDescriptions/ModelDescription.cs,15,3,3,9
Source/LastSyncIntegration.Data/IDataAccess.cs,22,2,11,9
Source/LastSyncIntegration.Service/ILastSyncService.cs,19,2,8,9
Source/LastSyncIntegration/Areas/HelpPage/ModelDescriptions/IModelDocumentationProvider.cs,11,2,0,9
Source/LastSyncIntegration/Areas/HelpPage/ModelDescriptions/ParameterAnnotation.cs,10,2,0,8
Source/LastSyncIntegration/Scripts/_references.js,8,0,0,8
Source/LastSyncIntegration/Areas/HelpPage/ModelDescriptions/EnumValueDescription.cs,10,2,0,8
Source/LastSyncIntegration/Areas/HelpPage/ModelDescriptions/KeyValuePairModelDescription.cs,8,1,0,7
Source/LastSyncIntegration.Tests/ConfigHelper.cs,8,1,0,7
Source/LastSyncIntegration/Areas/HelpPage/SampleGeneration/SampleDirection.cs,10,0,3,7
Source/LastSyncIntegration/Areas/HelpPage/ModelDescriptions/CollectionModelDescription.cs,6,0,0,6
Source/LastSyncIntegration/Areas/HelpPage/ModelDescriptions/DictionaryModelDescription.cs,5,0,0,5
Source/LastSyncIntegration/Areas/HelpPage/ModelDescriptions/SimpleTypeModelDescription.cs,5,0,0,5
Source/LastSyncIntegration/Areas/HelpPage/Views/Help/DisplayTemplates/CollectionModelDescription.cshtml,5,0,0,5
Source/LastSyncIntegration/Areas/HelpPage/Views/Help/DisplayTemplates/TextSample.cshtml,5,1,0,4
Source/LastSyncIntegration/Areas/HelpPage/Views/_ViewStart.cshtml,3,0,0,3
Source/LastSyncIntegration/Views/_ViewStart.cshtml,3,0,0,3
Source/LastSyncIntegration/Areas/HelpPage/Views/Help/DisplayTemplates/DictionaryModelDescription.cshtml,3,0,0,3
Source/LastSyncIntegration/Scripts/jquery-1.11.1.min.js,4,0,1,3
Source/LastSyncIntegration/Areas/HelpPage/Views/Help/DisplayTemplates/KeyValuePairModelDescription.cshtml,3,0,0,3
Source/LastSyncIntegration/Areas/HelpPage/Views/Help/DisplayTemplates/SimpleTypeModelDescription.cshtml,2,0,0,2
Source/LastSyncIntegration/Areas/HelpPage/Views/Help/DisplayTemplates/ComplexTypeModelDescription.cshtml,2,0,0,2
Source/LastSyncIntegration/Areas/HelpPage/Views/Help/DisplayTemplates/ImageSample.cshtml,3,1,0,2
Source/LastSyncIntegration.Data/Dal/Dao-Generator.cs,27,11,15,1
Source/LastSyncIntegration.Data/Dal/Dao-Generator1.cs,27,11,15,1
Source/LastSyncIntegration/Scripts/bootstrap.min.js,6,0,5,1
Source/LastSyncIntegration/Scripts/respond.min.js,4,1,3,0
Source/LastSyncIntegration/Scripts/respond.matchmedia.addListener.min.js,4,1,3,0
Source/LastSyncIntegration/Content/bootstrap-theme.min.css,4,0,4,0
Source/LastSyncIntegration/Content/bootstrap.min.css,4,0,4,0
