File,Lines,Blank Lines,Comments,Code Lines
src/02/01/01/z2ui5_cl_xml_view.clas.abap,9551,1386,3,8162
src/01/05/z2ui5_cl_cc_animatecss.clas.abap,4100,9,0,4091
src/01/00/01/z2ui5_cl_ajson.clas.testclasses.abap,4814,1011,48,3755
src/01/05/z2ui5_cl_cc_imagemapster.clas.abap,3446,50,0,3396
src/01/00/01/z2ui5_cl_ajson.clas.locals_imp.abap,2038,404,41,1593
src/02/02/z2ui5_cl_pop_layout_v2.clas.abap,1317,328,15,974
src/01/01/z2ui5_cl_util_api.clas.abap,1302,375,1,926
src/01/05/z2ui5_cl_cc_chartjs.clas.abap,867,95,6,766
src/01/00/01/z2ui5_cl_ajson.clas.abap,964,247,10,707
src/01/00/02/z2ui5_cl_stmpncfctn_api.clas.abap,858,183,0,675
src/01/02/z2ui5_cl_core_http_get.clas.abap,673,47,0,626
src/02/00/z2ui5_cl_pop_layout.clas.abap,844,217,2,625
src/01/01/z2ui5_cl_util_api.clas.testclasses.abap,795,242,0,553
src/02/02/z2ui5_cl_pop_transport.clas.abap,626,156,0,470
src/01/05/z2ui5_cl_cc_driver_js.clas.abap,538,62,20,456
src/01/00/01/z2ui5_cl_ajson_utilities.clas.testclasses.abap,548,101,6,441
src/02/01/01/z2ui5_cl_xml_view_cc.clas.abap,533,111,1,421
src/01/00/01/z2ui5_cl_ajson_mapping.clas.testclasses.abap,535,168,1,366
src/01/03/z2ui5_cl_core_app_search.clas.abap,422,93,2,327
src/02/02/z2ui5_cl_pop_get_range_m.clas.abap,401,90,0,311
src/01/90/z2ui5_cl_test_int_test.clas.testclasses.abap,315,10,0,305
src/01/00/01/z2ui5_cl_ajson_utilities.clas.abap,378,73,8,297
src/02/02/z2ui5_cl_pop_f4_help.clas.abap,456,154,6,296
src/01/04/z2ui5_cl_cc_debug_tool.clas.abap,271,11,0,260
src/01/02/01/z2ui5_cl_core_bind_srv.clas.testclasses.abap,375,115,0,260
src/01/05/z2ui5_cl_cc_validator.clas.abap,272,25,0,247
src/02/02/z2ui5_cl_pop_to_select.clas.abap,318,72,0,246
src/01/03/z2ui5_cl_core_app_startup.clas.abap,305,72,0,233
src/01/02/01/z2ui5_cl_core_bind_srv.clas.abap,308,88,0,220
src/01/00/01/z2ui5_if_ajson.intf.abap,262,38,5,219
src/01/02/z2ui5_cl_core_client.clas.abap,347,130,0,217
src/01/90/01/z2ui5_cl_ui5.clas.abap,267,55,1,211
src/01/00/01/z2ui5_cl_ajson_mapping.clas.locals_imp.abap,335,131,0,204
src/02/02/z2ui5_t004.tabl.xml,200,0,0,200
src/01/00/01/z2ui5_cl_ajson_filter_lib.clas.testclasses.abap,230,48,0,182
src/01/02/01/z2ui5_cl_core_diss_srv.clas.testclasses.abap,251,70,0,181
src/01/04/z2ui5_cl_cc_file_upl.clas.abap,191,12,0,179
src/01/02/z2ui5_if_core_types.intf.abap,187,14,0,173
src/01/02/01/z2ui5_cl_core_json_srv.clas.abap,232,62,0,170
src/01/02/01/z2ui5_cl_core_diss_srv.clas.abap,234,71,0,163
src/01/02/01/z2ui5_cl_core_attri_srv.clas.testclasses.abap,243,83,0,160
src/02/z2ui5_if_client.intf.abap,190,30,0,160
src/01/02/01/z2ui5_cl_core_attri_srv.clas.abap,221,62,2,157
src/02/00/z2ui5_t002.tabl.xml,152,0,0,152
src/01/05/z2ui5_cl_cc_bwipjs.clas.abap,170,22,0,148
src/01/05/z2ui5_cl_cc_spreadsheet.clas.abap,167,20,0,147
src/02/02/z2ui5_cl_pop_get_range.clas.abap,194,49,1,144
src/01/01/z2ui5_cl_util.clas.abap,190,49,0,141
src/01/02/z2ui5_cl_core_action.clas.abap,198,65,2,131
src/02/02/z2ui5_t003.tabl.xml,128,0,0,128
src/01/01/z2ui5_t_02.tabl.xml,125,0,0,125
src/01/05/z2ui5_cl_cc_camera_pic.clas.abap,128,10,0,118
src/01/02/z2ui5_cl_core_app.clas.abap,180,62,0,118
src/02/00/z2ui5_t001.tabl.xml,116,0,0,116
src/01/00/01/z2ui5_cx_ajson_error.clas.abap,137,23,0,114
src/01/00/01/z2ui5_cl_ajson_filter_lib.clas.locals_imp.abap,144,33,1,110
src/01/03/z2ui5_cl_core_app_info.clas.abap,150,41,0,109
src/01/02/z2ui5_cl_core_http_get.clas.testclasses.abap,151,43,0,108
src/02/02/z2ui5_cl_pop_file_dl.clas.abap,143,36,0,107
src/01/05/z2ui5_cl_cc_messaging.clas.abap,116,9,0,107
src/01/00/01/z2ui5_cl_ajson_mapping.clas.abap,156,50,1,105
src/01/04/z2ui5_cl_cc_geoloc.clas.abap,115,11,0,104
src/01/02/z2ui5_cl_core_http_post.clas.abap,147,44,0,103
src/01/90/01/z2ui5_cl_ui5_webc.clas.abap,142,40,0,102
src/02/02/z2ui5_cl_pop_file_ul.clas.abap,138,36,0,102
src/01/04/z2ui5_cl_cc_info.clas.abap,112,11,0,101
src/01/05/z2ui5_cl_cc_message_m.clas.abap,111,11,0,100
src/01/90/z2ui5_cl_test_int_test.clas.abap,123,26,0,97
src/01/02/01/z2ui5_t_01.tabl.xml,94,0,0,94
src/01/05/z2ui5_cl_cc_font_awesome.clas.abap,104,10,0,94
src/02/02/z2ui5_cl_pop_table.clas.abap,142,48,0,94
src/02/02/z2ui5_cl_pop_pdf.clas.abap,124,30,0,94
src/01/02/01/z2ui5_cl_core_draft_srv.clas.abap,138,46,0,92
src/02/02/z2ui5_cl_pop_input_val.clas.abap,119,29,0,90
src/01/03/z2ui5_cl_core_app_search.clas.locals_imp.abap,110,12,9,89
src/02/02/z2ui5_cl_pop_textedit.clas.abap,111,26,0,85
src/01/00/01/z2ui5_cx_ajson_error.clas.testclasses.abap,108,24,0,84
src/01/01/z2ui5_cl_util.clas.testclasses.abap,105,23,0,82
src/02/02/z2ui5_cl_pop_messages.clas.abap,104,24,0,80
src/02/02/z2ui5_cl_pop_to_confirm.clas.abap,109,29,0,80
src/01/00/01/z2ui5_cl_ajson_mapping.clas.locals_def.abap,116,39,0,77
src/02/02/z2ui5_cl_pop_js_loader.clas.abap,115,38,0,77
src/01/05/z2ui5_cl_cc_demo_out.clas.abap,85,8,0,77
src/01/04/z2ui5_cl_cc_scrolling.clas.abap,85,11,0,74
src/01/00/02/z2ui5_cl_stmpncfctn_api.clas.locals_imp.abap,97,24,0,73
src/01/04/z2ui5_cl_cc_multiinput.clas.abap,80,9,0,71
src/01/00/02/z2ui5_cl_stmpncfctn_api.clas.testclasses.abap,102,32,0,70
src/02/02/z2ui5_cl_pop_itab_json_dl.clas.abap,99,35,0,64
src/01/03/z2ui5_cl_core_app_error.clas.abap,83,19,0,64
src/02/02/z2ui5_cl_pop_html.clas.abap,85,22,0,63
src/02/02/z2ui5_cl_pop_to_inform.clas.abap,84,21,0,63
src/01/02/01/z2ui5_cl_core_event_srv.clas.abap,85,24,0,61
src/01/04/z2ui5_cl_cc_focus.clas.abap,72,12,0,60
src/01/04/z2ui5_cl_cc_timer.clas.abap,68,9,0,59
src/02/02/z2ui5_cl_pop_error.clas.abap,79,21,0,58
src/01/90/01/z2ui5_cl_ui5_z2ui5.clas.abap,70,14,0,56
src/01/04/z2ui5_cl_cc_uitable.clas.abap,62,10,0,52
src/01/90/z2ui5_cl_test_app_131.clas.abap,62,12,0,50
src/02/z2ui5_if_types.intf.abap,53,7,0,46
src/01/02/z2ui5_cl_core_app.clas.testclasses.abap,73,27,0,46
src/01/00/01/z2ui5_cl_ajson_filter_lib.clas.abap,58,12,0,46
src/01/01/z2ui5_cx_util_error.clas.abap,62,18,0,44
src/01/90/z2ui5_cl_test_app_132.clas.abap,53,11,0,42
src/01/90/z2ui5_cl_test_hello_wor.clas.abap,50,11,0,39
src/01/00/01/z2ui5_if_ajson_mapping.intf.abap,46,8,0,38
resources/bwip-js-min.js,69,2,30,37
src/01/00/01/z2ui5_if_ajson_types.intf.abap,41,5,0,36
src/01/04/z2ui5_cl_cc_favicon.clas.abap,46,10,0,36
src/01/90/01/z2ui5_cl_ui5_html.clas.abap,46,10,0,36
src/01/04/z2ui5_cl_cc_lp_title.clas.abap,44,10,0,34
src/01/02/01/z2ui5_cl_core_json_srv.clas.testclasses.abap,47,14,0,33
src/01/04/z2ui5_cl_cc_history.clas.abap,44,12,0,32
src/01/04/z2ui5_cl_cc_title.clas.abap,42,10,0,32
src/02/02/z2ui5_cl_app_hello_world.clas.abap,46,14,0,32
src/02/z2ui5_cl_http_handler.clas.abap,42,15,0,27
src/01/04/z2ui5_cl_cc_util.clas.abap,37,10,0,27
.github/workflows/build_downport.yaml,30,3,0,27
src/01/02/z2ui5_cl_core_http_post.clas.testclasses.abap,39,13,0,26
src/01/02/01/z2ui5_cl_core_event_srv.clas.testclasses.abap,36,11,0,25
src/01/02/01/z2ui5_cl_core_draft_srv.clas.testclasses.abap,38,14,0,24
src/02/z2ui5_cl_http_handler.clas.testclasses.abap,33,10,0,23
.abapgit.xml,21,0,0,21
src/01/01/z2ui5_cx_util_error.clas.testclasses.abap,28,9,0,19
src/01/00/01/z2ui5_if_ajson_filter.intf.abap,23,4,0,19
.github/workflows/test.yml,22,4,0,18
src/01/00/01/z2ui5_cx_ajson_error.clas.xml,18,0,0,18
src/01/01/z2ui5_cx_util_error.clas.xml,18,0,0,18
src/01/00/01/z2ui5_cl_ajson_filter_lib.clas.xml,17,0,0,17
src/01/01/z2ui5_cl_util.clas.xml,17,0,0,17
src/02/01/01/z2ui5_cl_xml_view.clas.xml,17,0,0,17
src/01/01/z2ui5_cl_util_api.clas.xml,17,0,0,17
src/01/00/02/z2ui5_cl_stmpncfctn_api.clas.xml,17,0,0,17
src/01/02/z2ui5_cl_core_app.clas.xml,17,0,0,17
src/01/02/z2ui5_cl_core_client.clas.xml,17,0,0,17
src/01/02/z2ui5_cl_core_http_get.clas.xml,17,0,0,17
src/01/90/z2ui5_cl_test_int_test.clas.xml,17,0,0,17
src/01/02/z2ui5_cl_core_action.clas.xml,17,0,0,17
src/01/00/01/z2ui5_cl_ajson_utilities.clas.xml,17,0,0,17
src/01/00/01/z2ui5_cl_ajson_mapping.clas.xml,17,0,0,17
src/01/02/z2ui5_cl_core_http_post.clas.xml,17,0,0,17
src/01/03/z2ui5_cl_core_app_info.clas.xml,17,0,0,17
src/01/02/01/z2ui5_cl_core_diss_srv.clas.xml,17,0,0,17
src/01/02/01/z2ui5_cl_core_json_srv.clas.xml,17,0,0,17
src/01/00/01/z2ui5_cl_ajson.clas.xml,17,0,0,17
src/01/03/z2ui5_cl_core_app_startup.clas.xml,17,0,0,17
src/01/02/01/z2ui5_cl_core_attri_srv.clas.xml,17,0,0,17
src/01/02/01/z2ui5_cl_core_event_srv.clas.xml,17,0,0,17
src/02/z2ui5_cl_http_handler.clas.xml,17,0,0,17
src/01/03/z2ui5_cl_core_app_search.clas.xml,17,0,0,17
src/01/90/01/z2ui5_cl_ui5__tree.clas.abap,21,4,0,17
src/01/02/01/z2ui5_cl_core_draft_srv.clas.xml,17,0,0,17
src/01/02/01/z2ui5_cl_core_bind_srv.clas.xml,17,0,0,17
src/01/03/z2ui5_cl_core_app_error.clas.xml,17,0,0,17
src/01/90/z2ui5_cl_test_app_131.clas.xml,16,0,0,16
src/02/02/z2ui5_cl_pop_table.clas.xml,16,0,0,16
src/01/05/z2ui5_cl_cc_validator.clas.xml,16,0,0,16
.github/workflows/test_rename.yml,20,4,0,16
src/01/05/z2ui5_cl_cc_messaging.clas.xml,16,0,0,16
src/01/90/01/z2ui5_cl_ui5.clas.xml,16,0,0,16
src/01/05/z2ui5_cl_cc_message_m.clas.xml,16,0,0,16
src/01/90/01/z2ui5_cl_ui5__tree.clas.xml,16,0,0,16
src/01/05/z2ui5_cl_cc_imagemapster.clas.xml,16,0,0,16
src/01/90/01/z2ui5_cl_ui5_html.clas.xml,16,0,0,16
src/01/05/z2ui5_cl_cc_font_awesome.clas.xml,16,0,0,16
src/01/90/01/z2ui5_cl_ui5_webc.clas.xml,16,0,0,16
src/01/05/z2ui5_cl_cc_driver_js.clas.xml,16,0,0,16
src/01/90/01/z2ui5_cl_ui5_z2ui5.clas.xml,16,0,0,16
src/02/02/z2ui5_cl_pop_transport.clas.xml,16,0,0,16
src/01/05/z2ui5_cl_cc_demo_out.clas.xml,16,0,0,16
src/01/04/z2ui5_cl_cc_debug_tool.clas.xml,16,0,0,16
src/01/05/z2ui5_cl_cc_chartjs.clas.xml,16,0,0,16
src/01/90/z2ui5_cl_test_app_132.clas.xml,16,0,0,16
src/02/02/z2ui5_cl_pop_to_select.clas.xml,16,0,0,16
src/01/90/z2ui5_cl_test_hello_wor.clas.xml,16,0,0,16
src/02/02/z2ui5_cl_pop_to_inform.clas.xml,16,0,0,16
src/01/05/z2ui5_cl_cc_camera_pic.clas.xml,16,0,0,16
src/01/05/z2ui5_cl_cc_bwipjs.clas.xml,16,0,0,16
src/01/04/z2ui5_cl_cc_favicon.clas.xml,16,0,0,16
src/02/02/z2ui5_cl_pop_to_confirm.clas.xml,16,0,0,16
src/01/05/z2ui5_cl_cc_animatecss.clas.xml,16,0,0,16
src/02/00/z2ui5_cl_pop_layout.clas.xml,16,0,0,16
src/02/02/z2ui5_cl_pop_textedit.clas.xml,16,0,0,16
src/01/04/z2ui5_cl_cc_util.clas.xml,16,0,0,16
src/01/04/z2ui5_cl_cc_file_upl.clas.xml,16,0,0,16
src/01/04/z2ui5_cl_cc_uitable.clas.xml,16,0,0,16
src/01/05/z2ui5_cl_cc_spreadsheet.clas.xml,16,0,0,16
src/01/04/z2ui5_cl_cc_title.clas.xml,16,0,0,16
src/01/04/z2ui5_cl_cc_focus.clas.xml,16,0,0,16
src/02/01/01/z2ui5_cl_xml_view_cc.clas.xml,16,0,0,16
src/02/02/z2ui5_cl_pop_pdf.clas.xml,16,0,0,16
src/01/04/z2ui5_cl_cc_geoloc.clas.xml,16,0,0,16
src/01/04/z2ui5_cl_cc_timer.clas.xml,16,0,0,16
src/02/02/z2ui5_cl_app_hello_world.clas.xml,16,0,0,16
src/01/04/z2ui5_cl_cc_scrolling.clas.xml,16,0,0,16
src/02/02/z2ui5_cl_pop_error.clas.xml,16,0,0,16
src/02/02/z2ui5_cl_pop_messages.clas.xml,16,0,0,16
src/02/02/z2ui5_cl_pop_f4_help.clas.xml,16,0,0,16
src/01/04/z2ui5_cl_cc_history.clas.xml,16,0,0,16
src/02/02/z2ui5_cl_pop_file_dl.clas.xml,16,0,0,16
src/02/02/z2ui5_cl_pop_layout_v2.clas.xml,16,0,0,16
src/02/02/z2ui5_cl_pop_file_ul.clas.xml,16,0,0,16
src/02/02/z2ui5_cl_pop_js_loader.clas.xml,16,0,0,16
src/02/02/z2ui5_cl_pop_get_range.clas.xml,16,0,0,16
src/01/04/z2ui5_cl_cc_multiinput.clas.xml,16,0,0,16
src/02/02/z2ui5_cl_pop_get_range_m.clas.xml,16,0,0,16
src/01/04/z2ui5_cl_cc_info.clas.xml,16,0,0,16
src/02/02/z2ui5_cl_pop_html.clas.xml,16,0,0,16
src/01/04/z2ui5_cl_cc_lp_title.clas.xml,16,0,0,16
src/02/02/z2ui5_cl_pop_input_val.clas.xml,16,0,0,16
src/02/02/z2ui5_cl_pop_itab_json_dl.clas.xml,16,0,0,16
src/01/00/01/z2ui5_if_ajson_filter.intf.xml,15,0,0,15
src/01/00/01/z2ui5_if_ajson_mapping.intf.xml,15,0,0,15
src/01/00/01/z2ui5_if_ajson_types.intf.xml,15,0,0,15
src/01/00/01/z2ui5_if_ajson.intf.xml,15,0,0,15
src/02/z2ui5_if_types.intf.xml,15,0,0,15
src/02/z2ui5_if_client.intf.xml,15,0,0,15
src/01/02/z2ui5_if_core_types.intf.xml,15,0,0,15
src/02/z2ui5_if_app.intf.xml,15,0,0,15
src/02/01/01/z2ui5_cl_xml_view.clas.testclasses.abap,23,8,0,15
src/01/02/z2ui5_cl_core_client.clas.testclasses.abap,21,7,0,14
src/01/02/z2ui5_cl_core_action.clas.testclasses.abap,21,7,0,14
src/01/03/z2ui5_cl_core_app_error.clas.testclasses.abap,20,8,0,12
src/02/z2ui5_if_app.intf.abap,15,4,0,11
src/01/03/z2ui5_cl_core_app_search.clas.testclasses.abap,19,8,0,11
src/01/03/z2ui5_cl_core_app_startup.clas.testclasses.abap,19,8,0,11
src/01/03/z2ui5_cl_core_app_info.clas.testclasses.abap,19,8,0,11
src/01/02/01/package.devc.xml,10,0,0,10
src/02/00/package.devc.xml,10,0,0,10
src/01/package.devc.xml,10,0,0,10
src/01/02/package.devc.xml,10,0,0,10
src/01/90/package.devc.xml,10,0,0,10
src/01/90/01/package.devc.xml,10,0,0,10
src/01/03/package.devc.xml,10,0,0,10
src/02/package.devc.xml,10,0,0,10
src/01/04/package.devc.xml,10,0,0,10
src/01/00/01/package.devc.xml,10,0,0,10
src/01/05/package.devc.xml,10,0,0,10
src/02/01/01/package.devc.xml,10,0,0,10
src/01/01/package.devc.xml,10,0,0,10
src/02/01/package.devc.xml,10,0,0,10
src/02/02/package.devc.xml,10,0,0,10
src/01/00/package.devc.xml,10,0,0,10
src/01/00/02/package.devc.xml,10,0,0,10
src/package.devc.xml,10,0,0,10
