File,Lines,Blank Lines,Comments,Code Lines
MobileTeleConfig-release.yml,197,20,28,149
SCRIPTS/PROC_AssignAmsParamToPudos.sql,74,10,11,53
Dev/TeleConfigAPI-vars.yml,36,1,1,34
PROD/TeleConfigAPI-vars.yml,36,1,1,34
UAT/TeleConfigAPI-vars.yml,37,1,2,34
QUA/TeleConfigAPI-vars.yml,36,1,1,34
TEST/TeleConfigAPI-vars.yml,36,1,1,34
Dev/common-vars.yml,33,0,0,33
UAT/common-vars.yml,33,0,0,33
TEST/common-vars.yml,33,0,0,33
SCRIPTS/PROC_RemoveAmsParamToPudos.sql,43,4,9,30
PROD/common-vars.yml,29,0,0,29
QUA/common-vars.yml,29,0,0,29
UAT/CrmV2ConfigConsumer-vars.yml,19,2,3,14
TEST/CrmV2ConfigConsumer-vars.yml,19,2,3,14
QUA/CrmV2ConfigConsumer-vars.yml,19,2,3,14
Dev/CrmV2ConfigConsumer-vars.yml,19,2,3,14
PROD/CrmV2ConfigConsumer-vars.yml,19,2,3,14
TESTS/tests-dev.yml,12,1,0,11
TESTS/tests-qua.yml,11,0,0,11
TESTS/tests-test.yml,11,0,0,11
TESTS/tests-uat.yml,11,0,0,11
TESTS/tests.prod.yml,11,0,0,11
SCRIPTS/CREATE_TYPE_StringList.sql,8,0,0,8
global-vars.yml,5,0,0,5
