File,Lines,Blank Lines,Comments,Code Lines
Tests/Api.Parcel.Tests/Mapping/ParcelMappingTests.cs,512,75,63,374
Tests/Api.Parcel.Tests/Mapping/MapperParcelDropOffCommandTests.cs,368,34,31,303
Tests/Api.Parcel.Tests/Mapping/MapperParcelPickupCommandTests.cs,343,33,20,290
Api.Core.Common/Security/JwtAuthorizeAttribute.cs,301,50,8,243
Api.Services/LogService/Logger.cs,331,56,61,214
Api.Core.Common/Extensions/ServiceCollectionExtensions.cs,267,38,35,194
Api.Parcel/Mapping/MapperCommonProfile.cs,211,24,6,181
Api.Parcel/Mapping/Events/MapperParcelBaseCommand.cs,184,14,4,166
Api.Core.Common/Infrastructure/AppDomainTypeFinder.cs,278,42,81,155
Api.Core.Common/Infrastructure/Engine.cs,202,39,41,122
Tests/Api.Parcel.Tests/ParcelControllerUnitTest.cs,150,27,3,120
Tests/Api.Security.Tests/SecurityControllerUnitTest.cs,150,31,0,119
Api.Services/LogService/Models/LogData.cs,250,29,104,117
Api.Services/LogService/Extensions/LoggerExtensions.cs,423,69,244,110
Tests/Api.Parcel.Tests/Mapping/MapperParcelDeliveryCommandTests.cs,149,24,19,106
UnitTestProject/Api.Security/SecurityControllerUnitTest.cs,124,27,0,97
Api.Parcel/Services/ExternalTelecollectServices.cs,108,11,0,97
Tests/Api.Parcel.Tests/Mapping/MapperParcelCollectionCommandTests.cs,121,15,10,96
Tests/Api.Parcel.Tests/Security/CheckRequestingPudoAttributeTests.cs,117,20,6,91
Api.Parcel/wwwroot/swagger-ui/auth-swagger.js,99,9,0,90
Api.Core.Common/Security/CheckRequestingPudoAttribute.cs,122,14,19,89
Api.Core.Logging/Api.Logging.Elastic/ElasticWriter.cs,104,15,0,89
Api.Services/LogService/ObjectPool.cs,184,20,80,84
Api.Core.Logging/Api.Logging.Log4Net/Log4netWriter.cs,116,25,7,84
Api.Parcel/Helper/CommonHelper.cs,94,9,1,84
Api.Parcel/wwwroot/Swagger.index.html,109,24,2,83
Tests/Api.Parcel.Tests/Mapping/MapperParcelInventoryCommandTests.cs,101,10,9,82
Api.Parcel/Formatters/ParcelCommandFormatter.cs,99,13,5,81
UnitTestProject/Api.Device/DeviceApiServiceUnitTest.cs,107,26,0,81
Tests/Api.Device.Tests/DeviceApiServiceUnitTest.cs,105,25,1,79
Api.Core.Logging/Api.Logging.Standard/StandardWriter.cs,92,13,0,79
Tests/Api.Parcel.Tests/HealthControllerUnitTest.cs,96,19,0,77
Tests/Api.Parcel.Tests/Mapping/MapperParcelStorageCommandTests.cs,97,12,9,76
Tests/Api.Parcel.Tests/Mapping/MapperParcelLockerCodeCommandTests.cs,89,11,6,72
Api.Parcel/Controllers/ParcelController.cs,81,9,1,71
Api.Core.Logging/Api.Logging.Serilog/SerilogWriter.cs,107,20,17,70
Tests/Api.Parcel.Tests/Mapping/MapperParcelPreparationCommandTests.cs,88,11,9,68
Tests/Api.Parcel.Tests/Mapping/MapperParcelInReturnAreaCommandTests.cs,88,12,9,67
Tests/Api.Parcel.Tests/Mapping/MapperParcelCloseBagCommandTests.cs,84,11,6,67
Api.Core.Common/Startup/Common.Startup.cs,91,16,9,66
Api.Core.Common/Extensions/Routing.cs,73,9,0,64
Api.Parcel/Services/ExternalHealthServices.cs,68,8,0,60
Api.Parcel/Mapping/Events/MapperParcelDropOffCommand.cs,81,13,10,58
Api.Core.Common/Formatters/MessageMetadataModelBinder.cs,65,7,0,58
Api.Core.Common/Startup/Swagger.Startup.cs,68,6,4,58
Tests/Api.Parcel.Tests/Mapping/MapperParcelPickupPaymentTests.cs,73,10,6,57
Api.Services/LogService/PropertyContext.cs,127,13,58,56
Api.Parcel/Services/ExternalParcelServices.cs,65,9,1,55
Tests/Api.Parcel.Tests/Helpers/JsonHelpers.cs,59,4,0,55
Api.Core.Common/Settings/AppSettings.cs,60,7,0,53
Api.Parcel/Controllers/HealthController.cs,68,10,6,52
Api.Parcel/DTO/EventDto.cs,91,33,7,51
Tests/Api.Core.Logging.Tests/LoggerExtensionsTests.cs,65,11,3,51
Api.Services/LogService/Defaults/TraceLogWriter.cs,70,11,10,49
UnitTestProject/Api.Device/DeviceControllerUnitTest.cs,64,15,0,49
Api.Parcel/Mapping/Events/MapperParcelPickupCommand.cs,58,5,5,48
Api.Parcel/Models/ProfilerModel.cs,53,6,0,47
Api.Services/LogService/Models/ProfilerModel.cs,53,6,0,47
Tests/Api.Device.Tests/DeviceControllerUnitTest.cs,63,14,2,47
Api.Core.Common/Services/Telecollecte/TelecollecteServiceClientDecorator.cs,56,7,2,47
Tests/Api.Device.Tests/UploadRequestDataServiceUnitTest.cs,58,12,0,46
Api.Core.Common/Security/CertificateStore.cs,52,5,2,45
docker-compose.env-c21.yml,48,3,0,45
Api.Services/CacheService/RedisCacheService.cs,54,9,0,45
Api.Services/LogService/LoggerProvider.cs,56,11,1,44
Api.Core.Common/Startup.cs,64,9,12,43
docker-compose.env.yml,44,2,0,42
Tests/Api.Parcel.Tests/Startup.cs,56,10,4,42
docker-compose.override.yml,45,4,0,41
Tests/Api.Parcel.Tests/Formatter/ParcelCommandFormatterUnitTest.cs,50,12,0,38
Api.Parcel/DTO/ParcelDto.cs,67,30,0,37
Api.Services/CacheService/RedisCacheServiceDeco.cs,51,12,3,36
Api.Parcel/Startup.cs,38,3,0,35
Api.Core.Common/Infrastructure/WebAppTypeFinder.cs,64,15,15,34
Api.Core.Common/Infrastructure/EngineContext.cs,52,7,12,33
Tests/Api.Device.Tests/DeviceRequestValidatorUnitTest.cs,42,9,0,33
Api.Services/CacheService/CacheKeyService.cs,38,7,0,31
Api.Parcel/Mapping/Events/MapperParcelCollectionCommand.cs,37,5,3,29
Api.Core.Common/Startup/RabbitMq.Startup.cs,49,7,13,29
Api.Core.Common/Program.cs,31,2,0,29
Api.Parcel/Infrastructure/DependencyRegistrar.cs,41,4,9,28
Api.Parcel/Mapping/Events/MapperParcelDeliveryCommand.cs,33,4,1,28
Api.Core.Common/Startup/Serilog.Startup.cs,45,4,13,28
Api.Core.Common/Startup/Log4Net.Startup.cs,36,8,0,28
Api.Services/RabbitMQ/AmqpMomPublisher.cs,35,8,0,27
Api.Core.Common/Extensions/ApplicationBuilderExtensions.cs,44,6,11,27
Api.Parcel/Mapping/Events/MapperParcelInventoryCommand.cs,29,3,0,26
Api.Core.Common/Startup/Authorize.Startup.cs,35,7,3,25
Tests/Api.Parcel.Tests/Transformation/TransformationToJsonTests.cs,32,4,3,25
Api.Parcel/Mapping/Events/MapperParcelCloseBagCommand.cs,30,4,1,25
Api.Core.Common/Settings/MobilityConfig.cs,66,11,30,25
Api.Parcel/Mapping/Events/MapperParcelLockerCodeCommand.cs,31,6,1,24
Api.Parcel/Mapping/Events/MapperParcelStorageCommand.cs,28,4,0,24
Api.Parcel/DTO/ProofDto.cs,33,10,0,23
Api.Parcel/Mapping/Events/MapperParcelPickupPayment.cs,28,5,0,23
Api.Parcel/Helper/ApiHelper.cs,23,1,0,22
Api.Parcel/wwwroot/swagger-ui/main.css,27,5,0,22
Api.Parcel/VersionReader.cs,25,3,0,22
Api.Core.Common/Infrastructure/ApiFileProvider.cs,31,6,4,21
Api.Parcel/Mapping/Events/MapperParcelInReturnAreaCommand.cs,24,3,0,21
Api.Parcel/DTO/Enums/EventType.cs,80,14,45,21
Api.Parcel/DTO/PaymentDto.cs,31,10,0,21
Api.Parcel/Mapping/Events/MapperParcelPreparationCommand.cs,25,4,0,21
Api.Core.Common/Helpers/JSONHelpers.cs,34,6,8,20
Api.Services/LogService/DelegateLogWriter.cs,45,11,14,20
Api.Parcel/Mapping/Extensions/ParcelBaseCommandExtensions.cs,27,7,0,20
Api.Core.Common/Infrastructure/Mapper/MappingProfileBase.cs,24,4,0,20
Api.Parcel/DTO/MaterialInventoryDto.cs,23,4,0,19
Api.Core.Common/Infrastructure/IEngine.cs,63,8,37,18
Api.Core.Common/Infrastructure/Mapper/AutoMapperConfiguration.cs,33,3,13,17
Api.Services/LogService/FluentLoggerExtensions.cs,21,4,0,17
Api.Core.Logging/Api.Logging.Mom/MomWriter.cs,22,2,3,17
Api.Core.Common/Infrastructure/Singleton.cs,28,2,10,16
Api.Parcel/DTO/Enums/IdentificationNature.cs,25,9,0,16
Api.Parcel/DTO/CollectResponsabilityTransferDto.cs,18,2,0,16
Api.Parcel/DTO/InventoryDetailsDto.cs,20,4,0,16
Api.Core.Common/Formatters/PascalCaseJsonProfileFormatter.cs,17,1,0,16
Api.Parcel/DTO/DeliveryResponsabilityTransferDto.cs,18,2,0,16
Api.Core.Common/Infrastructure/ITypeFinder.cs,51,5,31,15
Api.Parcel/DTO/Enums/CollectRTStatusType.cs,20,5,0,15
Api.Services/LogService/IPropertyContext.cs,57,7,35,15
Api.Parcel/DTO/RecipientDto.cs,15,1,0,14
Api.Core.Common/Infrastructure/BaseSingleton.cs,22,2,6,14
Api.Services/RabbitMQ/IEventBusPublisher.cs,15,1,0,14
Api.Parcel/DTO/EventResponse.cs,15,1,0,14
Api.Core.Common/Infrastructure/DependencyRegistrar.cs,19,4,1,14
Api.Core.Common/Extensions/ConfigurationServiceOptions.cs,21,4,3,14
Api.Parcel/DTO/SenderDto.cs,15,1,0,14
Api.Core.Logging/Api.Logging.Log4Net/Log4netExtensions.cs,14,1,0,13
Api.Parcel/DTO/Enums/DeclarationFormType.cs,14,1,0,13
Api.Parcel/Program.cs,15,2,0,13
Api.Parcel/DTO/ConsignmentDto.cs,14,1,0,13
Api.Core.Common/Infrastructure/DependencyManagement/IDependencyRegistrar.cs,27,2,12,13
Api.Parcel/DTO/Enums/ParcelCheckAnswerType.cs,19,6,0,13
Api.Parcel/DTO/Enums/BaggingType.cs,14,1,0,13
Api.Parcel/Settings/Colis21Options.cs,14,1,0,13
Api.Parcel/DTO/PocketDto.cs,14,2,0,12
Api.Parcel/DTO/Enums/EventResultType.cs,17,5,0,12
Api.Parcel/Models/ParcelCommandEvent.cs,13,1,0,12
Api.Parcel/DTO/IsUpAndRunningResult.cs,13,1,0,12
Api.Parcel/DTO/EventResultDto.cs,14,2,0,12
Api.Parcel/Services/IExternalHealthServices.cs,15,3,0,12
Tests/Api.Pudo.Tests/UnitTest1.cs,14,2,0,12
Api.Parcel/DTO/Enums/EventResultJustification.cs,17,5,0,12
Api.Parcel/DTO/Enums/InventoryType.cs,13,1,0,12
Api.Parcel/DTO/C21IsUpAndRunningResult.cs,13,1,0,12
Api.Core.Common/Infrastructure/IStartup.cs,26,3,12,11
Api.Core.Logging/Api.Logging.Standard/StandardExtensions.cs,12,1,0,11
Api.Core.Logging/Api.Logging.Elastic/ElasticExtensions.cs,12,1,0,11
Api.Parcel/Services/IExternalParcelServices.cs,13,2,0,11
Api.Services/CacheService/ICacheServiceAsync.cs,12,1,0,11
Api.Parcel/DTO/Enums/PaymentMeans.cs,13,3,0,10
Api.Parcel/DTO/Enums/DeliveryRTStatusType.cs,10,0,0,10
docker-compose.yml,13,3,0,10
Api.Parcel/DTO/Enums/ResultType.cs,13,3,0,10
Api.Core.Common/Infrastructure/Mapper/IOrderedMapperProfile.cs,17,1,6,10
Api.Parcel/DTO/ParcelQuery.cs,13,3,0,10
Api.Services/LogService/ILogger.cs,17,2,6,9
Api.Parcel/DTO/Enums/ResponsibilityTransfer.cs,11,2,0,9
Api.Parcel/DTO/SendEventQuery.cs,11,2,0,9
Api.Parcel/DTO/Enums/InventoryOriginType.cs,9,0,0,9
Api.Parcel/DTO/ParcelResponse.cs,11,2,0,9
Api.Parcel/DTO/LockerInfos.cs,12,3,0,9
Api.Parcel/DTO/Enums/IdentificationRelationship.cs,11,2,0,9
Api.Parcel/DTO/Enums/PaymentType.cs,9,0,0,9
Api.Parcel/Services/IExternalTelecollectServices.cs,10,1,0,9
Api.Parcel/DTO/Enums/PocketType.cs,11,2,0,9
Api.Services/LogService/ILogWriter.cs,24,3,12,9
Api.Services/CacheService/CacheKeySettings.cs,10,1,0,9
Api.Parcel/DTO/Enums/TypeBagInventoryType.cs,9,0,0,9
Api.Parcel/DTO/Enums/MaterialInventoryType.cs,9,1,0,8
Api.Parcel/DTO/Enums/InventoryStateType.cs,8,0,0,8
Api.Parcel/DTO/Enums/ConsignmentType.cs,8,0,0,8
Api.Parcel/Constants.cs,7,0,0,7
Api.Parcel/IVersionReader.cs,8,1,0,7
Api.Core.Common/Infrastructure/IApiFileProvider.cs,8,2,0,6
Api.Core.Logging/Api.Logging.Serilog/SerilogExtensions.cs,6,0,0,6
Api.Core.Common/Mapping/MappingProfileBase.cs,25,4,20,1
