File,Lines,Blank Lines,Comments,Code Lines
Pssa.Ww.WebApi.Http/Scripts/jquery-1.10.2.js,9803,1544,1610,6649
Pssa.Ww.WebApi.Http/Scripts/bootstrap.js,2014,496,333,1185
Pssa.Ww.WebApi.Http/Web References/dpdcloud/Reference.cs,972,162,103,707
Pssa.Ww.WebApi.Http/Scripts/jquery-1.10.2.intellisense.js,2671,8,2037,626
Pssa.Ww.WebApi.Http/Scripts/modernizr-2.6.2.js,1416,286,524,606
Pssa.Ww.Business.Common/IsoCountry.cs,547,7,0,540
Pssa.Ww.Business.Test/Pssa.Ww.Business.Test/Mappers/ParcelMapperUnitTest.cs,580,68,0,512
Pssa.Ww.WebApi.Http/Bootstrapping/Bootstrapper.cs,529,81,24,424
Pssa.Ww.Business/Service References/ColissimoService/Reference.cs,529,89,37,403
Pssa.Ww.WebApi.LockerGate/Connected Services/ColissimoService/Reference.cs,529,89,37,403
Pssa.Ww.Business.Test/Pssa.Ww.Business.Test/Pudo/Holidays/PeriodQueryHandlerTests.cs,505,73,35,397
Pssa.ww.Data.Test/Commands/OracleCommandHandlerParcelUnitTest.cs,386,45,7,334
Pssa.Ww.WebApi.Http/Web References/mypudo/Reference.cs,393,44,36,313
Pssa.Ww.Batche.Migrator/Bootsrap/Bootstrapper.cs,396,70,14,312
Pssa.Ww.Business/Caching/InMemoryCaching.cs,378,68,21,289
Pssa.Ww.WebApi.Http/Controllers/PudoController.cs,408,29,93,286
Pssa.Ww.WebApi.LockerGateTests/Controllers/ParcelControllerTests.cs,299,50,30,219
Pssa.Ww.WebApi.Test/Business/Parcel/ParcelCommandHandlerTest.cs,302,54,30,218
Pssa.Ww.Data/Parcel/ParcelInfoType.cs,256,45,0,211
Pssa.Ww.WebApi.Test/Controllers/ParcelControllerTest.cs,241,32,0,209
Pssa.Ww.Data/Parcel/Events/Pickup/EvtPickupType.cs,253,47,2,204
Pssa.Ww.WebApi.Http/Controllers/ParcelController.cs,243,23,18,202
Pssa.Ww.Business/Pudo/Holidays/Commands/SalesForceAsyncPeriodCommandHandler.cs,217,16,1,200
Pssa.Ww.Business/Pudo/Holidays/Queries/PeriodQueryToCrmHandler.cs,258,33,26,199
Pssa.Ww.Data/Parcel/Events/DropOff/EvtDropOffType.cs,281,82,0,199
Pssa.Ww.Framework.Tests/Security/CheckRequestingPudoAttributeTests.cs,259,48,15,196
Pssa.Ww.Business.Test/Pssa.Ww.Business.Test/Commands/ParcelCommandHandlerUnitTest.cs,240,46,0,194
Pssa.Ww.Business.Test/Pssa.Ww.Business.Test/Mappers/PudoMapperUnitTest.cs,213,25,0,188
Pssa.Ww.Business.Test/Pssa.Ww.Business.Test/Pudo/OtherPudos/GetSiteMessageMapperTests.cs,200,14,6,180
Pssa.Ww.Business/Common/CountryValidators/ValidationHelper.cs,232,29,24,179
Pssa.Ww.WebApi.Test/Controllers/PudoControllerUnitTest.cs,216,33,8,175
Pssa.Ww.Business.Test/Pssa.Ww.Business.Test/ParcelCommandToEventCollectionRowsetMapperTest.cs,221,39,9,173
Pssa.Ww.Batche.Migrator/Services/ParcelMigrateData.cs,186,17,5,164
Pssa.Ww.Business.Test/Pssa.Ww.Business.Test/MonitorDecoratorTest.cs,197,23,10,164
Pssa.Ww.Business/Parcel/Events/Pickup/ParcelPickupCommand2EvtScanPickupType.cs,179,19,1,159
Pssa.Ww.Business/Parcel/EsbUK/IESB4PDA.cs,211,43,10,158
Pssa.Ww.Business/Parcel/EsbUK/Mapper/ParcelPickupCommandToEventPropertiesMapper.cs,167,16,0,151
Pssa.Ww.Business.Test/Pssa.Ww.Business.Test/Queries/PudoQueryHandlerUnitTest.cs,170,21,0,149
Pssa.Ww.WebApi.LockerGate/Controllers/ParcelController.cs,198,23,27,148
Pssa.Ww.WebApi.LockerGate/Services/ParcelEligibilityExternalValidatorQueryHandler.cs,245,23,77,145
Pssa.Ww.Business/Parcel/Events/DropOff/ParcelDropOffExternalValidatorQueryHandler.cs,211,32,40,139
Pssa.Ww.WebApi.Http/CustomSwagger/index.html,147,10,0,137
Pssa.Ww.Business.Test/Pssa.Ww.Business.Test/Mappers/PudoCrmConfigMapperUnitTest.cs,160,14,12,134
Pssa.Ww.Framework/Security/CheckRequestingPudoAttribute.cs,142,17,0,125
Pssa.Ww.Business/Pudo/OpeningHours/Handlers/OpeningHoursCrmQueryHandler.cs,161,24,13,124
Pssa.Ww.Business/Parcel/EsbUK/ESBCommandHandler.cs,138,16,0,122
Pssa.Ww.WebApi.LockerGate/Services/ParcelDropOffExternalValidatorQueryHandler.cs,188,26,41,121
Pssa.Ww.Business/Pudo/OpeningHours/Handlers/OpeningHoursCrmCommandHandler.cs,148,17,11,120
Pssa.Ww.WebApi.LockerGateTests/Services/ParcelEligibilityValidatorQueryHandlerTests.cs,156,28,10,118
Pssa.Ww.Business/Parcel/Events/Pickup/ParcelPickupCommand2EvtPickupType.cs,136,17,1,118
Pssa.ww.Data.Test/Commands/OracleProcessXmlFileCommandHandlerTest.cs,135,19,0,116
Pssa.ww.Data.Test/Commands/OracleCommandHandlerPudoUnitTest.cs,134,18,0,116
Pssa.Ww.WebApi.Test/Controllers/DeviceControllerTests.cs,153,27,12,114
Pssa.Ww.Business.Test/Pssa.Ww.Business.Test/TelecollecteServices/PssaTelecollecteServicesTests.cs,166,29,24,113
Pssa.ww.Data.Test/Queries/OracleQueryHandlerPudoUnitTest.cs,128,17,0,111
Pssa.Ww.Business.Test/Pssa.Ww.Business.Test/TelecollecteServices/SiteExtensionsTests.cs,155,27,18,110
Pssa.Ww.Business.Test/Pssa.Ww.Business.Test/TelecollecteSpecific/PssaTelecollecteSpecificTests.cs,161,30,24,107
Pssa.Ww.Business.Test/Pssa.Ww.Business.Test/TelecollecteServiceAuthorization/PssaTelecollecteServiceAuthorizationTests.cs,160,29,24,107
Pssa.Ww.Business/Pudo/Configuration/Mappers/PudoCrmConfigurationMapper.cs,117,9,2,106
Pssa.Ww.WebApi.Test/BootstrappingTest.cs,124,22,0,102
Pssa.Ww.Business/Common/Decorators/MonitoringDecorator/MonitorQueryDecorator.cs,117,15,2,100
Pssa.Ww.Business/Pudo/Configuration/TabSiteRulesType2ConfigurationInfo.cs,124,14,12,98
Pssa.Ww.Business/Pudo/Configuration/ExtarnalServices/PudoConfigurationService.cs,141,20,24,97
Pssa.Ww.WebApi.Http/Services/ExternalHealthServices.cs,105,9,0,96
Pssa.Ww.Business/Common/Decorators/MonitoringDecorator/MonitorCommandDecorator.cs,115,18,2,95
Pssa.Ww.Business/Parcel/EsbUK/Mapper/ParcelInventoryCommandToEventPropertiesMapper.cs,110,13,2,95
Pssa.Ww.Business.Test/Pssa.Ww.Business.Test/SalesForceOpeningTimeTest.cs,111,17,0,94
Pssa.Ww.WebApi.Test/Controllers/HealthControllerTests.cs,127,18,15,94
Pssa.Ww.Business.Test/Pssa.Ww.Business.Test/TelecollecteSpecific/SpecificRequestExtensionsTests.cs,127,21,12,94
Pssa.Ww.Business.Test/Pssa.Ww.Business.Test/SalesForcePeriodTest.cs,113,19,0,94
Pssa.Ww.WebApi.Http/Controllers/MonitoringController.cs,130,14,23,93
Pssa.Ww.WebApi.Test/Services/ExternalHealthServicesTest.cs,117,16,9,92
Pssa.Ww.Business/Parcel/Events/Inventory/ParcelInventoryCommand2EvtInventoryType.cs,106,12,2,92
Pssa.Ww.WebApi.Http/CustomSwagger/auth.js,99,8,0,91
Pssa.Ww.Business/Pudo/Holidays/Queries/PeriodQueryToSafoHandler.cs,108,13,4,91
Pssa.Ww.Business/Common/Decorators/TelecollecteDecorator/TelecollecteLogger.cs,104,14,0,90
Pssa.Ww.Business/Common/Decorators/MonitoringDecorator/MonitorSingleCommandDecorator.cs,112,16,7,89
Pssa.Ww.WebApi.Http/DTO/MyPudoDetailsXmlResponseDto.cs,129,40,0,89
Pssa.Ww.Business/Parcel/EsbUK/Serialization/ParcelEventProperty.cs,308,13,206,89
Pssa.Ww.Data/Pudo/OpeningHours/OpeningHoursType.cs,102,13,0,89
Pssa.Ww.Business.Test/Pssa.Ww.Business.Test/ESBCommandHandlerTest.cs,119,22,9,88
Pssa.Ww.Business.Test/Pssa.Ww.Business.Test/TelecollecteServices/SynchronizationExtensionsTests.cs,117,19,12,86
Pssa.Ww.Business/Pudo/OpeningHours/Handlers/OpeningHoursToSaFoCommandHandler.cs,94,8,0,86
Pssa.Ww.Business.Test/Pssa.Ww.Business.Test/Commands/PeriodCommandHandlerUnitTest.cs,97,11,1,85
Pssa.Ww.WebApi.Http/Extensions/AppSettingRetrieverExtensions.cs,117,12,20,85
Pssa.Ww.Business/Pudo/Message/Models/InlineForm.cs,99,15,0,84
Pssa.Ww.Business/Pudo/MaterialInventory/MaterialInventoryCommandHandler.cs,99,14,2,83
Pssa.Ww.Batche.Migrator/Application/SubscriberApplication.cs,112,29,0,83
Pssa.Ww.Business/Pudo/Configuration/ConfigurationInfoHelper.cs,132,10,39,83
Pssa.Ww.Data/Pudo/Holidays/PeriodType.cs,100,15,3,82
Pssa.Ww.Business/Pudo/Holidays/Queries/PeriodQueryCrm.cs,213,11,121,81
Pssa.Ww.Batche.Migrator/Application/RunService.cs,95,14,0,81
Pssa.Ww.Data/Parcel/ParcelSrchType.cs,106,25,0,81
Pssa.Ww.WebApi.Http/Config/AppSettingRetriever.cs,150,42,27,81
Pssa.Ww.Business/Pudo/OpeningHours/Handlers/OpeningHoursToSaFoQueryHandler.cs,95,13,2,80
Pssa.Ww.Business.Test/Pssa.Ww.Business.Test/Commands/ParcelCommandValidatorHandlerUnitTest.cs,95,15,0,80
Pssa.Ww.Data/Pudo/OtherPudos/SiteInformationType.cs,94,15,0,79
Pssa.Ww.Business.Test/Pssa.Ww.Business.Test/Parcel/GetAllParcelQueryHandlerTests.cs,99,14,6,79
Pssa.Ww.WebApi.Http/Controllers/DeviceController.cs,89,7,4,78
Pssa.Ww.Data/Pudo/Payment/PaymentSummaryTableType.cs,98,20,0,78
Pssa.Ww.Business.Test/Pssa.Ww.Business.Test/Pudo/ColocatedSite/TabColocatedSiteType2ColocatedSiteArrayTests.cs,99,5,16,78
Pssa.Ww.Data/Parcel/Events/Collection/EvtCollectionType.cs,106,29,0,77
Pssa.Ww.Business/Pudo/Configuration/ConfigurationInterceptor.cs,87,9,1,77
Pssa.Ww.Business/Pudo/OpeningHours/Mappers/ChangeOpeningHoursCommand2Account.cs,97,20,0,77
Pssa.Ww.WebApi.Test/CrmTest.cs,96,19,0,77
Pssa.Ww.Business.Test/Pssa.Ww.Business.Test/SignaturePatchDecoratorTest.cs,86,11,0,75
Pssa.Ww.Business/Device/UploadRequestDataCommandHandler.cs,93,17,1,75
Pssa.Ww.Business/Pudo/Configuration/PhysicalCarrierData.cs,138,20,44,74
Pssa.Ww.Business.Test/Pssa.Ww.Business.Test/TelecollecteServices/IsUpAndRunningExtensionsTests.cs,103,17,12,74
Pssa.Ww.WebApi.Http/Areas/TypeScriptProxy/TypscriptType.cs,83,8,1,74
Pssa.Ww.Business/Pudo/OpeningHours/DayOpeningHours.cs,99,16,11,72
Pssa.Ww.Business/Parcel/Events/DropOff/ParcelDropOffCommand2EvtScanDropOffType.cs,90,17,1,72
Pssa.Ww.Batche.Migrator/Application/DailyRestartTimer.cs,98,20,7,71
Pssa.Ww.Business/Common/Decorators/SignaturePatchDecorator.cs,83,12,0,71
Pssa.Ww.Business/Common/ValidatorReflector.cs,86,15,0,71
Pssa.Ww.Framework/Security/AuthorizeCustom.cs,84,13,1,70
Pssa.Ww.Business/Pudo/Holidays/Commands/PeriodCommandHandler.cs,94,14,10,70
Pssa.Ww.WebApi.Http/Controllers/SecurityController.cs,82,9,4,69
Pssa.Ww.Data/Pudo/SiteAddressType.cs,80,11,0,69
Pssa.Ww.Business.Test/Pssa.Ww.Business.Test/Pudo/OtherPudos/RelaisInfoSummaryQueryHandlerTests.cs,89,8,12,69
Pssa.Ww.Business.Test/Pssa.Ww.Business.Test/ChangeOpeningHoursCommand2AccountMapperTest.cs,89,21,0,68
Pssa.Ww.WebApi.Test/Controllers/SecurityControllerTests.cs,95,18,9,68
Pssa.Ww.Batche.Migrator/Settings/AppSettingRetriever.cs,130,37,25,68
Pssa.Ww.Data/Parcel/Events/Delivery/EvtDeliveryType.cs,82,14,0,68
Pssa.Ww.Business/Parcel/Events/DropOff/ParcelDropOffCommand2EvtDropOffType.cs,83,15,1,67
Pssa.Ww.Business/Pudo/Action/SetActionStateCommandHandler.cs,81,5,9,67
Pssa.Ww.Batche.Migrator/Program.cs,81,10,5,66
Pssa.Ww.WebApi.Http/Helpers/MappingHelper.cs,91,6,19,66
Pssa.Ww.Business/Parcel/Events/DropOff/ParcelDropOffCommandHandler.cs,84,10,9,65
Pssa.ww.Data.Test/Queries/OracleQueryHandlerParcelUnitTest.cs,100,11,24,65
Pssa.Ww.WebApi.Http/Areas/TypeScriptProxy/Models/ApiTypesModel.cs,70,4,1,65
Pssa.Ww.Business/Pudo/Action/Mappers/ActionApiMsgPdaToActionPda.cs,71,7,0,64
Pssa.Ww.Business/Pudo/Holidays/Commands/PeriodCommandToSalesForceInterceptor.cs,77,13,1,63
Pssa.Ww.Business.Common/AppSettingRetriever.cs,242,51,129,62
Pssa.Ww.Business/Pudo/Configuration/Handlers/SiteRulesQueryHandler.cs,83,18,3,62
Pssa.Ww.Business/Parcel/Events/Collection/ParcelCollectionCommandHandler.cs,76,9,6,61
Pssa.Ww.Data/Pudo/Configuration/InventorySiteType.cs,96,29,6,61
Pssa.Ww.Business/Parcel/Events/InReturnArea/ParcelInReturnAreaCommandHandler.cs,70,9,0,61
Pssa.Ww.Business/Pudo/OpeningHours/OpeningHoursValidator.cs,87,12,15,60
Pssa.Ww.Business/Device/HasMigratedRequestHandler.cs,84,11,13,60
Pssa.Ww.Business/Parcel/Events/Pickup/ParcelPickupCommandHandler.cs,79,8,11,60
Pssa.Ww.Business.Test/Pssa.Ww.Business.Test/TelecollecteServiceAuthorization/AuthorizationOperationsExtensionsTests.cs,78,12,6,60
Pssa.Ww.Business/Parcel/TabParcelInfoType2ParcelInfoDetailsArray.cs,62,3,0,59
Pssa.Ww.Business/Parcel/Events/Preparation/ParcelPreparationCommandHandler.cs,78,8,11,59
Pssa.Ww.Data/Parcel/Events/NotFound/EvtNotFoundType.cs,78,19,0,59
Pssa.Ww.Data/Parcel/Events/Inventory/EvtInventoryType.cs,79,20,0,59
Pssa.Ww.Data/Parcel/Events/MaterialInventory/CommonInventoryType.cs,75,10,6,59
Pssa.Ww.WebApi.Http/Services/PrinterServices.cs,72,2,12,58
Pssa.Ww.WebApi.Http/Bootstrapping/MetaDataRetreiver.cs,63,5,0,58
Pssa.Ww.Business/Parcel/Events/Delivery/ParcelDeliveryCommandHandler.cs,75,8,9,58
Pssa.Ww.Business/Parcel/Services/ParcelCommandServiceAsync.cs,71,14,0,57
Pssa.Ww.Data/Parcel/Events/Shared/EvtType.cs,68,11,0,57
Pssa.Ww.Business/Parcel/EsbUK/Mapper/ParcelDropOffCommandToEventPropertiesMapper.cs,71,14,0,57
Pssa.Ww.Business/Pudo/Action/SetActionReadCommandHandler.cs,70,4,9,57
Pssa.Ww.Business/Pudo/Payment/PudoPaymentSummaryQueryHandler.cs,76,8,11,57
Pssa.Ww.Business/Pudo/OpeningHours/Mappers/AccountPropertiesHelper.cs,62,6,0,56
Pssa.Ww.Business/Parcel/Events/Inventory/ParcelInventoryCommandHandler.cs,62,6,0,56
Pssa.Ww.Business/Pudo/Message/SendMessageResponseCommandhandler.cs,60,4,0,56
Pssa.Ww.WebApi.Http/App_Start/SwaggerConfig.cs,255,35,165,55
Pssa.Ww.Batche.Migrator/Settings/MetaDataRetreiver.cs,60,5,0,55
Pssa.Ww.Data/Parcel/Events/ParcelLockerCodeRequest/EvtParcelLockerCodeType.cs,70,16,0,54
Pssa.Ww.Data/Parcel/ParcelPreparationType.cs,64,11,0,53
Pssa.Ww.Framework/Security/SingletonCertADFS.cs,72,11,9,52
Pssa.Ww.Business/Pudo/Message/SetMessagePdaReadCommandHandler.cs,65,5,9,51
Pssa.Ww.Business/Pudo/Action/GetActionsQueryHandler.cs,64,5,8,51
Pssa.Ww.Business.Test/Pssa.Ww.Business.Test/Caching/InMemoryCachingTests.cs,77,18,9,50
Pssa.Ww.WebApi.Http/Controllers/HealthController.cs,77,7,20,50
Pssa.Ww.Business/Parcel/EventDecorator/ParcelEventInterceptor.cs,56,6,0,50
Pssa.Ww.Business.Common/MessageMetaData.cs,55,5,0,50
Pssa.Ww.WebApi.Test/Classes4Test/PickupPrincipalHelper.cs,55,6,0,49
Pssa.Ww.Business.Test/Pssa.Ww.Business.Test/Commands/OpeningHoursCommandHandlerUnitTest.cs,55,6,0,49
Pssa.Ww.Data/Pudo/Holidays/OraclePeriodCommandHandler.cs,86,7,30,49
Pssa.Ww.Business/Pudo/RelaisInfoQueryHandler.cs,60,3,8,49
Pssa.Ww.Business/Pudo/HasMigratedToColy21/HasMigratedToColy21RequestHandler.cs,68,7,13,48
Pssa.Ww.Business/Pudo/MaterialInventory/MaterialInventoryCommandImmediateProcess.cs,53,4,1,48
Pssa.Ww.WebApi.LockerGate/App_Start/SwaggerConfig.cs,286,43,195,48
Pssa.Ww.Business/Parcel/GetAllParcelQueryHandler.cs,64,4,12,48
Pssa.Ww.WebApi.Http/Services/MyPudoServices.cs,67,7,12,48
Pssa.Ww.Data/Pudo/ShopIdent/ShopIdentType.cs,63,15,0,48
Pssa.Ww.Business.Test/Pssa.Ww.Business.Test/Device/DeviceRequestQueryHandlerCachedTests.cs,61,10,4,47
Pssa.Ww.Business/Monitoring/ElasticJsErrorLogger.cs,61,7,7,47
Pssa.Ww.Data/Parcel/PaymentSummaryType.cs,59,12,0,47
Pssa.Ww.Business/Parcel/EsbUK/Mapper/CommandToEventMapper.cs,52,4,1,47
Pssa.Ww.Business.Test/Pssa.Ww.Business.Test/Queries/ParcelQueryHandlerUnitTest.cs,55,8,0,47
Pssa.Ww.Business/Parcel/EsbUK/Serialization/EventCollection.cs,54,7,0,47
Pssa.Ww.Framework/Handlers/ApiExpectionHandler.cs,48,1,0,47
Pssa.Ww.Business/Pudo/ShopIdent/ShopIdentCommandHandler.cs,56,5,5,46
Pssa.Ww.WebApi.Http/Controllers/BaseApiController.cs,97,12,39,46
Pssa.Ww.Business/Common/Decorators/SecurityCommandHandler.cs,65,7,13,45
Pssa.Ww.Business/Pudo/Message/GetMessagesPdaQueryHandler.cs,58,4,9,45
Pssa.Ww.Business/Pudo/OtherPudos/RelaisInfoSummaryQueryHandlerCached.cs,56,11,0,45
Pssa.Ww.Data/Parcel/Events/Storage/EvtStorageType.cs,60,15,0,45
Pssa.Ww.Data/Pudo/ColocatedSite/ColocatedSiteType.cs,54,9,0,45
Pssa.Ww.Business/Parcel/ParcelInfoType2ParcelInfoDetails.cs,47,2,0,45
Pssa.Ww.WebApi.Http/Startup.cs,48,3,1,44
Pssa.Ww.Framework/Security/CertificateIdentifier.cs,53,6,3,44
Pssa.Ww.Data/Parcel/Events/OracleCommandHelper.cs,97,5,48,44
Pssa.Ww.Data/Parcel/Events/Shared/PropertyType.cs,58,8,6,44
Pssa.Ww.Batch.StopMigrator/Program.cs,48,4,1,43
Pssa.Ww.WebApi.Test/Business/Parcel/ParcelQueryHandlerTest.cs,68,13,12,43
Pssa.Ww.WebApi.Http/Bootstrapping/CastleWindsorHelper.cs,52,9,0,43
Pssa.Ww.Business/Parcel/EventDecorator/ParcelCommandImmediateProcess.cs,59,6,10,43
Pssa.Ww.Business/Pudo/OpeningHours/Handlers/OpeningHoursToDbCommandHandler.cs,63,11,9,43
Pssa.Ww.Business/Parcel/Events/Storage/ParcelStorageCommandHandler.cs,50,7,0,43
Pssa.Ww.Business/Parcel/Events/DoCloseBag/ParcelDoCloseBagCommandHandler.cs,50,7,0,43
Pssa.Ww.Business/Pudo/Message/Models/MessagePda.cs,53,10,0,43
Pssa.Ww.Business.Test/Pssa.Ww.Business.Test/Helpers/ParcelMappingHelperUnitTest.cs,49,6,0,43
Pssa.Ww.Business/Pudo/Holidays/Extensions/CrmPeriodExtensions.cs,65,10,12,43
Pssa.Ww.Business/Parcel/Events/ParcelLockerCode/ParcelLockerCodeCommandHandler.cs,57,8,6,43
Pssa.Ww.Data/Parcel/Events/DropOffScan/EvtScanDropOffType.cs,54,12,0,42
Pssa.Ww.Data/Parcel/Events/InReturnAreaScan/EvtScanInReturnAreaType.cs,51,9,0,42
Pssa.Ww.Business/Security/AuthenticationServiceProxy.cs,55,7,6,42
Pssa.Ww.Data/BusinessTrace/LogType.cs,47,6,0,41
Pssa.Ww.Business/Device/UploadLocalStorageCommandHandler.cs,54,7,6,41
Pssa.Ww.Business/Pudo/OtherPudos/RelaisInfoSummaryQueryHandler.cs,56,4,11,41
Pssa.Ww.Framework/Handlers/TelecollecteTimeoutHandler.cs,64,7,16,41
Pssa.Ww.Business/Parcel/ParcelMappingHelper.cs,56,3,12,41
Pssa.Ww.Data/Pudo/Configuration/SiteRulesType.cs,46,5,0,41
Pssa.Ww.Business.Test/Pssa.Ww.Business.Test/EventCollectionTablesTest.cs,53,6,6,41
Pssa.Ww.Business/Pudo/Message/Mappers/MessagePdaFromApi2MessagePda.cs,44,3,1,40
Pssa.Ww.Business/Device/UploadEventPurgeCommandHandler.cs,58,7,11,40
Pssa.Ww.Business.Test/Pssa.Ww.Business.Test/Monitoring/ElasticJsErrorLoggerTests.cs,49,9,0,40
Pssa.Ww.WebApi.Http/Areas/TypeScriptProxy/Models/ApiMethodModel.cs,43,3,0,40
Pssa.Ww.Business/Pudo/ShopIdent/ShopIdentCommandImmediateProcess.cs,49,5,5,39
Pssa.Ww.Business/Parcel/EventDecorator/BusinessTraceCommandImmediateProcess.cs,46,7,0,39
Pssa.Ww.Data/Pudo/OpeningHours/OpeningHoursTimeType.cs,53,8,6,39
Pssa.Ww.Batche.Migrator/Extensions/ParcelBaseCommandExtensions.cs,44,5,0,39
Pssa.Ww.Business.Test/Pssa.Ww.Business.Test/Commands/SecurityCommandHandlerUnitTest.cs,46,8,0,38
Pssa.Ww.Business/Parcel/EsbUK/Mapper/ParcelBaseCommand2EventPropertie.cs,41,3,0,38
Pssa.Ww.Business/Pudo/Holidays/ProcessFileXmlPeriodCommandHandler.cs,51,8,5,38
Pssa.Ww.Business/Pudo/OpeningHours/ProcessFileXmlOpeningHoursHandler.cs,51,8,5,38
Pssa.Ww.WebApi.Http/Areas/TypeScriptProxy/Models/ApiTypeModel.cs,44,5,1,38
Pssa.Ww.Business/BusinessTrace/DistricollectTraceCommandHandler.cs,51,5,8,38
Pssa.Ww.WebApi.Http/Extensions/PickupPrincipalRetreiverExtensions.cs,51,5,8,38
Pssa.Ww.Business.Test/Pssa.Ww.Business.Test/Account2PudoOpeningHoursMapperTest.cs,45,7,0,38
Pssa.Ww.Framework/Extensions/Log4netExtensions.cs,43,5,0,38
Pssa.Ww.Business.Common/ConditionalValidationAttribute.cs,49,6,5,38
Pssa.Ww.Business/Pudo/Message/Mappers/SendMessageResponse2MessageResponseApi.cs,39,2,0,37
Pssa.Ww.WebApi.Http/Controllers/PrinterController.cs,49,4,8,37
Pssa.Ww.Business/DbStateQueryHandler.cs,48,6,5,37
Pssa.Ww.WebApi.Http/Areas/TypeScriptProxy/Views/Shared/_Layout.cshtml,39,2,0,37
Pssa.Ww.Business/Parcel/EsbUK/Mapper/ParcelCollectionCommandToEventPropertiesMapper.cs,45,8,0,37
Pssa.Ww.Business/Parcel/Events/Inventory/ParcelInventoryCommand2EvtNotFoundType.cs,42,5,0,37
Pssa.Ww.Data/Parcel/Events/OracleCommandHandlerBase.cs,60,5,18,37
Pssa.Ww.Business/Pudo/Configuration/ConfigurationInfo.cs,68,31,0,37
Pssa.Ww.Business/Pudo/OpeningHours/Time.cs,58,12,9,37
Pssa.Ww.Business/Parcel/EsbUK/Serialization/Event.cs,46,10,0,36
Pssa.Ww.Business/Exceptions/BusinessInvalideCrmTokenException.cs,44,8,0,36
Pssa.Ww.Data/Parcel/Events/MaterialInventory/MaterialInventoryType.cs,44,8,0,36
Pssa.Ww.Business/Parcel/EsbUK/Mapper/ParcelCommandToEventCollectionRowsetMapper.cs,39,3,0,36
Pssa.Ww.Business/Common/ParcelBaseCommandValidator.cs,52,13,3,36
Pssa.Ww.Batche.Migrator/IntegrationEvents/EventHandling/ParcelCommandMessageEventHandler.cs,40,4,0,36
Pssa.Ww.WebApi.Http/Areas/SmartTribune/Views/Shared/_Layout.cshtml,37,1,0,36
Pssa.Ww.WebApi.Http/Global.asax.cs,48,12,0,36
Pssa.Ww.Business/Device/DeviceRequestQueryHandler.cs,50,9,6,35
Pssa.Ww.Business/Pudo/SalesForce/Dispatching/CommandDispatcher.cs,40,5,0,35
Pssa.Ww.WebApi.Http/Areas/InteractiveFaq/Views/Shared/_Layout.cshtml,36,1,0,35
Pssa.Ww.Data/Parcel/Events/InReturnArea/EvtInReturnAreaType.cs,42,7,0,35
Pssa.Ww.Business/Security/LoginQueryHandler.cs,43,5,3,35
Pssa.Ww.WebApi.Http/Controllers/BusinessTraceController.cs,45,5,5,35
Pssa.Ww.Framework/Security/SingletonCert.cs,51,7,9,35
Pssa.Ww.Business/Pudo/OpeningHours/Mappers/Account2PudoOpeningHours.cs,45,11,0,34
Pssa.Ww.Business/Parcel/EsbUK/Mapper/ParcelDeliveryCommandToEventPropertiesMapper.cs,42,8,0,34
Pssa.Ww.WebApi.Http/Areas/TypeScriptProxy/Views/TypeScript/Index.cshtml,39,5,0,34
Pssa.Ww.WebApi.Http/Areas/TypeScriptProxy/Controllers/TypeScriptController.cs,37,3,0,34
Pssa.Ww.WebApi.Http/Bootstrapping/WindsorControllerFactory.cs,47,11,2,34
Pssa.Ww.Data/Parcel/Events/DoCloseBag/EvtCloseBagType.cs,44,10,0,34
Pssa.ww.Data.Test/OracleEventPropertiesHelper.cs,37,3,0,34
Pssa.Ww.Business/Pudo/OpeningHours/Mappers/DayOpeningHours2TabOpeningHoursTimeType.cs,46,8,4,34
Pssa.Ww.Business/Pudo/OtherPudos/SiteInformationType2RelaisInfosSummary.cs,36,2,0,34
Pssa.Ww.Business/Pudo/Holidays/SimpleDate.cs,57,9,14,34
Pssa.Ww.Framework/Handlers/ApiExpectionLoggerHandler.cs,42,8,0,34
Pssa.Ww.Business/Pudo/MaterialInventory/MaterialInventoryInfo.cs,35,2,0,33
Pssa.Ww.Business/Pudo/Holidays/Extensions/TokenQueryExtensions.cs,37,4,0,33
Pssa.Ww.Business/Parcel/Events/Collection/ParcelCollectionCommand2EvtCollectionType.cs,38,5,0,33
Pssa.Ww.Business/Parcel/Events/Collection/ParcelCollectionCommand2EvtScanCollectionType.cs,38,5,0,33
Pssa.Ww.Data/Parcel/Events/Preparation/EvtPreparationType.cs,40,8,0,32
Pssa.Ww.Business/Pudo/Configuration/Handlers/CrmRulesQueryHandler.cs,50,10,8,32
Pssa.Ww.Business.Test/Pssa.Ww.Business.Test/PickupPrincipalHelper.cs,37,5,0,32
Pssa.Ww.Business/Pudo/Holidays/Queries/PeriodQueryToDbHandler.cs,46,6,8,32
Pssa.Ww.Business/Pudo/Action/Mappers/ActionStateCmdToActionApiMsgPda.cs,37,5,0,32
Pssa.Ww.Business/Pudo/ColocatedSite/ColocatedSiteType.cs,114,2,81,31
Pssa.Ww.WebApi.Http/Areas/TypeScriptProxy/Views/TypeScript/MethodImplementation.cshtml,32,1,0,31
Pssa.Ww.WebApi.Http/Properties/Settings.Designer.cs,46,7,8,31
Pssa.Ww.Business/Monitoring/FrontErrorCommand.cs,40,7,2,31
Pssa.Ww.WebApi.LockerGate/CastleWindsor/DependencyResolver.cs,36,6,0,30
Pssa.Ww.Data/Parcel/Events/PickupScan/EvtScanPickupType.cs,40,8,2,30
Pssa.Ww.Data/Parcel/Events/PreparationScan/EvtScanPreparationType.cs,37,7,0,30
Pssa.Ww.Business/Device/DeviceRequestQueryHandlerCached.cs,39,9,0,30
Pssa.Ww.WebApi.Http/Areas/TypeScriptProxy/TypeHelper.cs,33,3,0,30
Pssa.Ww.Batche.Migrator/Infrastructure/Extensions/WindsorContainerExtensions.cs,34,4,0,30
Pssa.Ww.Business/Parcel/ParcelReserveEnumHelper.cs,48,6,12,30
Pssa.Ww.Data/Pudo/Payment/OraclePaymentSummaryQueryHandler.cs,45,4,11,30
Pssa.Ww.Data/Parcel/Events/Shared/ProcessXmlFile.cs,31,1,0,30
Pssa.ww.Data.Test/Mappers/OraclePudoMapperUnitTest.cs,33,3,0,30
Pssa.Ww.WebApi.LockerGate/CastleWindsor/Installers/QueryHandlerInstaller.cs,40,6,4,30
Pssa.Ww.Data/Parcel/Events/DeliveryScan/EvtScanDeliveryType.cs,41,9,2,30
Pssa.Ww.Data/Parcel/Events/CollectionScan/EvtScanCollectionType.cs,39,9,0,30
Pssa.Ww.Business/Pudo/ColocatedSite/TabColocatedSiteType2ColocatedSiteArray.cs,36,6,0,30
Pssa.Ww.WebApi.LockerGate/CastleWindsor/DependencyScope.cs,36,6,0,30
Pssa.Ww.Data/Pudo/Configuration/OracleInventorySiteQueryHandler.cs,33,4,0,29
Pssa.Ww.Data/Parcel/Events/Shared/OracleProcessXmlFileLogDisticollect.cs,43,3,11,29
Pssa.Ww.Business/Parcel/Events/Delivery/ParcelDeliveryCommand2EvtDeliveryType.cs,34,5,0,29
Pssa.Ww.Data/Pudo/Holidays/OraclePeriodQueryHandler.cs,43,3,11,29
Pssa.Ww.Business/Pudo/Holidays/PeriodValidator.cs,75,14,32,29
Pssa.Ww.WebApi.Http/Controllers/FrontException.cs,33,4,0,29
Pssa.Ww.Business/Pudo/MaterialInventory/MaterialInventoryCommand2MaterialInventoryType.cs,34,5,0,29
Pssa.Ww.Data/Parcel/GetAllParcelsOracleQueryHandler.cs,34,4,1,29
Pssa.Ww.Business/Common/Decorators/TelecollecteDecorator/TelecollecteQueryLoggerDecorator.cs,37,8,0,29
Pssa.Ww.Business/Parcel/Events/Delivery/ParcelDeliveryCommand2EvtScanDeliveryType.cs,32,3,0,29
Pssa.Ww.Business/Telecollecte/TelecollecteServiceClientDecorator.cs,35,6,0,29
Pssa.Ww.Data/Pudo/ShopIdent/OracleShopIdentCommandHandler.cs,32,3,0,29
Pssa.Ww.Business.Test/Pssa.Ww.Business.Test/Mappers/WsGeopostQuery2CalculateRouteRequestTest.cs,31,2,0,29
Pssa.Ww.Business/Pudo/OpeningHours/Handlers/OpeningHoursToDbQueryHandler.cs,40,3,8,29
Pssa.Ww.Business.Test/Pssa.Ww.Business.Test/Helpers/ParcelReserveEnumHelperUnitTest.cs,31,3,0,28
Pssa.Ww.Data/Pudo/OpeningHours/OracleOpeningHoursQueryHandler.cs,43,4,11,28
Pssa.Ww.Business/Pudo/OpeningHours/Mappers/DayTranslate.cs,30,2,0,28
Pssa.Ww.WebApi.LockerGate/Handlers/ParcelEligibilityHandler.cs,52,8,16,28
Pssa.Ww.WebApi.Http/Bootstrapping/ContainerBootstrapper.cs,34,6,0,28
Pssa.Ww.Data/Parcel/ParcelInfoOracleQueryHandler.cs,32,4,0,28
Pssa.Ww.Data/Pudo/OtherPudos/OracleGetSiteDetailsQueryHandler.cs,30,3,0,27
Pssa.Ww.Business/Pudo/Holidays/Queries/PeriodQuery.cs,51,15,9,27
Pssa.Ww.Business/Pudo/Enrolllment/IsEnrollableRequestHandler.cs,43,4,12,27
Pssa.Ww.Business/Parcel/EsbUK/Mapper/ParcelInReturnAreaCommandToEventPropertiesMapper.cs,32,5,0,27
Pssa.Ww.Data/Pudo/ShopIdent/OracleProcessXmlFileShopIdent.cs,30,3,0,27
Pssa.Ww.Data/Pudo/Configuration/OracleSiteRulesQueryHandler.cs,30,3,0,27
Pssa.Ww.Business/Parcel/EsbUK/EventTypeId.cs,27,0,0,27
Pssa.Ww.Business/Parcel/Events/InReturnArea/ParcelInReturnAreaCommand2EvtScanInReturnAreaType.cs,29,2,0,27
Pssa.Ww.Data/Pudo/ColocatedSite/OracleColocatedSiteQueryHandler.cs,31,4,0,27
Pssa.Ww.Data/Parcel/ParcelToPrepareOracleQueryHandler.cs,31,4,0,27
Pssa.Ww.Business/Parcel/Events/InReturnArea/ParcelInReturnAreaCommand2EvtInReturnAreaType.cs,29,2,0,27
Pssa.Ww.Business/Pudo/Converter/CountryCodeConverter.cs,30,3,0,27
Pssa.Ww.Business/BusinessTrace/DistricollectTraceCommand.cs,39,12,0,27
Pssa.Ww.Business/Pudo/OpeningHours/OpeningHoursType2PudoOpeningHours.cs,27,1,0,26
Pssa.Ww.Data/Pudo/OpeningHours/OracleProcessXmlFileOpeningHours.cs,40,3,11,26
Pssa.Ww.Batche.Migrator/Config/MomConfig.cs,54,20,8,26
Pssa.Ww.Business.Test/Pssa.Ww.Business.Test/Helpers/DateHelperUnitTest.cs,39,4,9,26
Pssa.Ww.Business/Pudo/Message/Models/MessagePdaFromApi.cs,27,1,0,26
Pssa.Ww.Business/Parcel/Events/DoCloseBag/ParcelDoCloseBagCommand2EvtCloseBagType.cs,27,1,0,26
Pssa.Ww.Data/Pudo/Holidays/OracleProcessXmlFilePeriod.cs,34,3,5,26
Pssa.Ww.Data/Pudo/Holidays/CRMExtensions.cs,29,3,0,26
Pssa.Ww.Business/Pudo/Holidays/Mappers/TabPeriodType2PeriodArray.cs,28,3,0,25
Pssa.Ww.Business/Parcel/Events/Delivery/ParcelDeliveryCommandValidator.cs,40,6,9,25
Pssa.Ww.Business/Pudo/OpeningHours/TimeInterval.cs,42,6,11,25
Pssa.Ww.Business/Parcel/Events/Pickup/ParcelPickupCommandValidator.cs,40,6,9,25
Pssa.Ww.Business/Parcel/Events/DropOff/ParcelDropOffCommandValidator.cs,31,6,0,25
Pssa.Ww.Business/Parcel/Events/Inventory/ParcelInventoryCommandValidator.cs,31,6,0,25
Pssa.Ww.Business/Parcel/Events/Preparation/ParcelPreparationCommandValidator.cs,32,7,0,25
Pssa.Ww.Data/Parcel/Events/MaterialInventory/OracleProcessXmlFileMaterialInventory.cs,29,4,0,25
Pssa.Ww.WebApi.Test/Controllers/PrinterControllerUnitTest.cs,30,5,0,25
Pssa.Ww.Business/Helpers/TokenCrmHelpers.cs,28,3,0,25
Pssa.Ww.Business/Parcel/EsbUK/Mapper/CommandTypeToEventTypeId.cs,25,1,0,24
Pssa.Ww.Business.Test/Pssa.Ww.Business.Test/Mappers/PrinterMapperUnitTest.cs,28,4,0,24
Pssa.Ww.Business/Parcel/EsbUK/Serialization/ParcelEventType.cs,82,1,57,24
Pssa.Ww.Business/Pudo/OpeningHours/OpeningHoursCommand2OpeningHoursType.cs,27,3,0,24
Pssa.Ww.Business/Exceptions/BusinessCommandException.cs,29,5,0,24
Pssa.Ww.Business/Parcel/Events/ParcelLockerCode/ParcelLockerCodeCommand2ParcelLockerCodeType.cs,26,2,0,24
Pssa.Ww.WebApi.Http/Binders/ParcelCommandModelBinder.cs,52,10,18,24
Pssa.Ww.Business/Monitoring/DistricollectErrorDocument.cs,32,5,3,24
Pssa.Ww.Business/Caching/SystemClock.cs,28,5,0,23
Pssa.Ww.Business/Monitoring/Messages/MessageProperty.cs,32,9,0,23
Pssa.Ww.WebApi.Http/Bootstrapping/ControllersInstaller.cs,33,9,1,23
Pssa.Ww.Business/Caching/ICacheManager.cs,40,14,3,23
Pssa.Ww.Business/Parcel/EsbUK/Mapper/ParcelLockerCodeCommandToEventPropertiesMapper.cs,28,5,0,23
Pssa.Ww.WebApi.Http/Bootstrapping/ConstantsSettings.cs,25,2,0,23
Pssa.Ww.Business/Exceptions/BusinessQueryException.cs,28,5,0,23
Pssa.Ww.Business/Parcel/Services/IParcelCommandServiceAsync.cs,25,2,0,23
Pssa.Ww.Business/Common/ConstantsSettings.cs,36,7,6,23
Pssa.Ww.Business/Parcel/EsbUK/Serialization/EventPropertie.cs,29,6,0,23
Pssa.Ww.WebApi.Http/Areas/TypeScriptProxy/Views/TypeScript/ServiceImplementation.cshtml,29,6,0,23
Pssa.Ww.Business/Parcel/Events/Collection/ParcelCollectionCommandValidator.cs,34,5,6,23
Pssa.Ww.Business/Pudo/OpeningHours/TabOpeningHoursTimeType2DayOpeningHours.cs,31,5,4,22
Pssa.Ww.Business/Parcel/Events/InReturnArea/ParcelInReturnAreaCommandValidator.cs,25,3,0,22
Pssa.Ww.Business/BusinessTrace/DistricollectTraceCommand2LogType.cs,25,3,0,22
Pssa.Ww.Business.Common/ConstantsSettings.cs,33,6,5,22
Pssa.Ww.Business/Pudo/MaterialInventory/MaterialInventoryValidator.cs,25,3,0,22
Pssa.Ww.WebApi.Http/Areas/TypeScriptProxy/Models/ApiParameterModel.cs,24,2,0,22
Pssa.Ww.Business/Pudo/Message/Mappers/SetMessagePdaRead2MessagePdaReadApi.cs,25,3,0,22
Pssa.Ww.Business/BusinessTrace/DistricollectTraceCommandImmediateProcess.cs,25,3,0,22
Pssa.Ww.Business/Parcel/Events/Storage/ParcelStorageCommand2EvtStorageType.cs,24,2,0,22
Pssa.Ww.WebApi.Http/Areas/SmartTribune/Controllers/FaqController.cs,27,4,1,22
Pssa.Ww.Batche.Migrator/Application/DailyRestartSetting.cs,26,4,0,22
Pssa.Ww.Framework/Filters/LogAttribute.cs,31,4,5,22
Pssa.Ww.Business/Common/Validators/ValidatorPL.cs,26,4,0,22
Pssa.Ww.Business/Pudo/SalesForce/Dispatching/CrmCountryRetreiver.cs,25,3,0,22
Pssa.Ww.Business/Common/Validators/ValidatorIN.cs,26,4,0,22
Pssa.Ww.Business/Common/Validators/ValidatorCZ.cs,26,4,0,22
Pssa.Ww.Business/Common/Decorators/TelecollecteDecorator/TelecollecteCommandLoggerDecorator.cs,30,8,0,22
Pssa.Ww.WebApi.Http/Areas/InteractiveFaq/InteractiveFaqAreaRegistration.cs,23,2,0,21
Pssa.Ww.Business/Http/HttpFactory.cs,43,3,19,21
Pssa.Ww.WebApi.Http/Areas/TypeScriptProxy/TypeScriptProxyAreaRegistration.cs,23,2,0,21
Pssa.Ww.WebApi.Http/Areas/SmartTribune/FaqAreaRegistration.cs,23,2,0,21
Pssa.Ww.Business/Monitoring/ParcelCheckErrorDocument.cs,23,1,1,21
Pssa.Ww.Batche.Migrator/Settings/ConstantsSettings.cs,22,1,0,21
Pssa.Ww.Business/Pudo/Message/SendMessageResponseCommand.cs,29,8,0,21
Pssa.Ww.Business/Pudo/OpeningHours/Exceptions/OpeningHoursCrmExeception.cs,26,5,0,21
Pssa.Ww.Business/Parcel/EsbUK/Mapper/ParcelPreparationCommandToEventPropertiesMapper.cs,26,5,0,21
Pssa.Ww.Business/Pudo/Holidays/Mappers/PeriodCommand2UpdatePeriodCommand.cs,23,2,0,21
Pssa.Ww.Business/Parcel/EsbUK/Mapper/ParcelReserveEnum2EventProperty.cs,21,1,0,20
Pssa.Ww.WebApi.LockerGate/Helpers/AppSettingsHelper.cs,28,8,0,20
Pssa.Ww.Business/Caching/CacheValue.cs,58,6,32,20
Pssa.Ww.Framework/Extensions/ObjectExtensions.cs,34,6,8,20
Pssa.Ww.WebApi.LockerGate/App_Start/WebApiConfig.cs,24,2,2,20
Pssa.Ww.WebApi.LockerGate/App_Start/RouteConfig.cs,22,2,0,20
Pssa.Ww.Data/Pudo/Holidays/UpdatePeriodCommand2PeriodType.cs,25,1,4,20
Pssa.Ww.Business/Parcel/Events/Preparation/ParcelPreparationCommand2EvtPreparationType.cs,23,3,0,20
Pssa.Ww.Business/Parcel/GetAllParcelQuery2GetAllParcelQueryType.cs,21,1,0,20
Pssa.Ww.Business/Pudo/Holidays/Mappers/PeriodCommand2DeletePeriodCommand.cs,22,2,0,20
Pssa.Ww.Business/Pudo/Holidays/Mappers/PeriodCommand2AddPeriodCommand.cs,21,1,0,20
Pssa.Ww.Business/Parcel/Events/Preparation/ParcelPreparationCommand2EvtScanPreparationType.cs,23,3,0,20
Pssa.Ww.Data/Pudo/Holidays/DeletePeriodCommand2PeriodType.cs,25,1,4,20
Pssa.Ww.WebApi.Http/Services/LogService.cs,26,6,0,20
Pssa.Ww.Business/Pudo/Configuration/Mappers/PudoTechnicalConfigMapper.cs,21,1,0,20
Pssa.Ww.Data/Pudo/Holidays/AddPeriodCommand2PeriodType.cs,25,1,4,20
Pssa.Ww.Data/Pudo/Payment/TabPaymentSummaryType.cs,21,2,0,19
Pssa.Ww.WebApi.Http/CustomSwagger/auth.css,19,0,0,19
Pssa.Ww.Batche.Migrator/Extensions/PrincipalExtensions.cs,24,3,2,19
Pssa.Ww.Business/Parcel/TabParcelPreparationType2ParcelInfoBaseArray.cs,20,1,0,19
Pssa.Ww.WebApi.Http/Areas/InteractiveFaq/Controllers/DefaultController.cs,22,2,1,19
Pssa.Ww.WebApi.LockerGate/CastleWindsor/Installers/ElasticClientInstaller.cs,24,5,0,19
Pssa.ww.Data.Test/Constants.cs,21,2,0,19
Pssa.Ww.Data/OracleArrayTypeFactory.cs,20,1,0,19
Pssa.Ww.Business/Pudo/ShopIdent/ShopIdentValidator.cs,22,3,0,19
Pssa.Ww.Business/Monitoring/FrontErrorDocument.cs,26,4,3,19
Pssa.Ww.Business/Pudo/ShopIdent/ShopIdentCommand2ShopIdentType.cs,23,4,0,19
Pssa.Ww.Business/Parcel/Events/ParcelLockerCode/ParcelLockerCodeCommandValidator.cs,21,3,0,18
Pssa.Ww.Business/Pudo/Message/SetMessagePdaReadCommandImmediateProcess.cs,24,6,0,18
Pssa.Ww.Data/OracleArrayType.cs,20,2,0,18
Pssa.Ww.WebApi.LockerGate/CastleWindsor/Installers/WebApiInstaller.cs,19,1,0,18
Pssa.Ww.Business/Parcel/Events/Storage/ParcelStorageCommandValidator.cs,21,3,0,18
Pssa.Ww.Business/Parcel/EsbUK/Serialization/DateTimeSerializer.cs,19,1,0,18
Pssa.Ww.Business/Pudo/Message/SetMessagePdaReadCommandValidator.cs,23,5,0,18
Pssa.Ww.Business/Pudo/Holidays/Extensions/CrmTokenExtensions.cs,20,2,0,18
Pssa.Ww.Business/Pudo/SalesForce/SalesForceContextFactory.cs,21,3,0,18
Pssa.Ww.Business/BusinessTrace/DistricollectTraceCommandValidator.cs,23,5,0,18
Pssa.Ww.Business/Parcel/Events/DoCloseBag/ParcelDoCloseBagCommandValidator.cs,20,2,0,18
Pssa.Ww.Business/Pudo/Action/Mappers/ActionStateReadCmdToActionReadMsgPda.cs,25,3,4,18
Pssa.Ww.Business/Parcel/EsbUK/Mapper/ListExtension.cs,19,1,0,18
Pssa.Ww.WebApi.LockerGate/Global.asax.cs,19,1,0,18
Pssa.Ww.WebApi.LockerGate/Controllers/HomeController.cs,23,3,3,17
Pssa.Ww.Business/Pudo/Holidays/Commands/PeriodCommand.cs,51,8,26,17
Pssa.Ww.Business/Pudo/Holidays/Mappers/PeriodQuery2PeriodQueryType.cs,22,3,2,17
Pssa.Ww.WebApi.Http/Helpers/SettingsHelpers.cs,20,3,0,17
Pssa.Ww.WebApi.Http/App_Start/RouteConfig.cs,19,2,0,17
Pssa.Ww.Business/Pudo/Message/Models/FormTypeEnum.cs,19,2,0,17
Pssa.Ww.WebApi.Http/Helpers/CommonHelper.cs,29,1,11,17
Pssa.Ww.Business/BusinessTrace/BusinessTraceCommand.cs,21,5,0,16
Pssa.Ww.Business/Parcel/EsbUK/Mapper/ParcelCommandToEventProperties.cs,17,1,0,16
Pssa.Ww.Business/Extensions/ObjectExtensions.cs,19,3,0,16
Pssa.Ww.Business/Pudo/OtherPudos/RelaisInfoSummaryQuery2GetSiteDetailsQueryType.cs,18,2,0,16
Pssa.Ww.WebApi.Http/Areas/TypeScriptProxy/Models/ApiServiceModel.cs,18,2,0,16
Pssa.Ww.Business/Common/Validators/ValidatorFR.cs,20,4,0,16
Pssa.Ww.Business/Pudo/OpeningHours/ChangeOpeningHoursCommand.cs,23,1,6,16
Pssa.Ww.WebApi.Http/Areas/TypeScriptProxy/Models/ModelDescription.cs,18,2,0,16
Pssa.Ww.WebApi.Http/Areas/TypeScriptProxy/Models/PropertyDescription.cs,19,3,0,16
Pssa.Ww.WebApi.Http/App_Start/WebApiConfig.cs,18,2,0,16
Pssa.Ww.Business/Properties/AssemblyInfo.cs,36,4,17,15
Pssa.Ww.Framework.Tests/Properties/AssemblyInfo.cs,20,4,1,15
Pssa.Ww.Batch.StopMigrator/Properties/AssemblyInfo.cs,36,4,17,15
Pssa.Ww.Business/Pudo/SalesForce/SalesForceContext.cs,16,1,0,15
Pssa.Ww.WebApi.Http/Bootstrapping/WindsorActivator.cs,19,4,0,15
Pssa.Ww.Business/Parcel/ParcelInfoDetailsQuery2ParcelInfoTypeQuery.cs,16,1,0,15
Pssa.ww.Data.Test/Properties/AssemblyInfo.cs,36,4,17,15
Pssa.Ww.Data/Parcel/Events/ParcelLockerCodeRequest/ParcelLockerCodeRequestCommandHandler.cs,16,1,0,15
Pssa.Ww.WebApi.Test/Properties/AssemblyInfo.cs,36,4,17,15
Pssa.Ww.Data/Parcel/Events/InReturnAreaScan/ScanInReturnAreaOracleCommandHandler.cs,17,2,0,15
Pssa.Ww.WebApi.LockerGate/Enums/ColissimoMessageCodeType.cs,50,1,34,15
Pssa.Ww.Data/Parcel/Events/InReturnArea/InReturnAreaOracleCommandHandler.cs,17,2,0,15
Pssa.Ww.Business.Common/Properties/AssemblyInfo.cs,36,4,17,15
Pssa.Ww.Business.Common/RequiredIfAttribute.cs,18,3,0,15
Pssa.Ww.Data/Parcel/Events/Shared/TabElementVarcharType.cs,18,3,0,15
Pssa.Ww.WebApi.LockerGate/Models/ParcelValidateModel.cs,17,2,0,15
Pssa.Ww.WebApi.LockerGate/Properties/AssemblyInfo.cs,35,4,16,15
Pssa.Ww.Batche.Migrator/Properties/AssemblyInfo.cs,35,4,16,15
Pssa.Ww.WebApi.Http/Properties/AssemblyInfo.cs,35,4,16,15
Pssa.Ww.Data/Properties/AssemblyInfo.cs,36,4,17,15
Pssa.Ww.Business/Pudo/Message/Models/MessageLevelEnum.cs,18,3,0,15
Pssa.Ww.Business.Test/Pssa.Ww.Business.Test/Properties/AssemblyInfo.cs,36,4,17,15
Pssa.Ww.WebApi.LockerGateTests/Properties/AssemblyInfo.cs,20,4,1,15
Pssa.Ww.Framework/Properties/AssemblyInfo.cs,36,4,17,15
Pssa.Ww.WebApi.LockerGate/Models/ParcelEligibilityModel.cs,25,2,9,14
Pssa.Ww.Business/Parcel/PreparationListQuery2ParcelToPrepareQueryType.cs,15,1,0,14
Pssa.Ww.WebApi.LockerGate/App_Start/CastleConfig.cs,15,1,0,14
Pssa.Ww.Business/Pudo/Message/Models/MessageOutput.cs,16,2,0,14
Pssa.Ww.Business/Common/Validators/ValidatorBase.cs,23,5,4,14
Pssa.Ww.Business/Pudo/ColocatedSite/ColocatedSiteState.cs,16,2,0,14
Pssa.Ww.Business/Pudo/OpeningHours/OpeningHoursQuery2OpeningHoursQueryType.cs,17,3,0,14
Pssa.Ww.Business/Pudo/ColocatedSite/ColocatedSiteQuery2ColocatedSiteQueryType.cs,15,1,0,14
Pssa.Ww.Batche.Migrator/Settings/AppConfig.cs,16,2,0,14
Pssa.Ww.Business/Pudo/Configuration/PudoCrmConfiguration.cs,15,1,0,14
Pssa.Ww.Business/Pudo/MaterialInventory/MaterialInventoryCommand.cs,16,2,0,14
Pssa.Ww.Business/Parcel/EsbUK/Mapper/ParcelCloseBagCommandToEventPropertiesMapper.cs,16,2,0,14
Pssa.Ww.Business/Parcel/KeyPropertyConstants.cs,13,0,0,13
Pssa.Ww.Business/Pudo/MaterialInventory/OriginEnum.cs,14,1,0,13
Pssa.Ww.WebApi.LockerGate/Services/Adapters/ParcelCheckProxyColissimoAdapter.cs,17,1,3,13
Pssa.Ww.Business/Pudo/Payment/PudoPaymentSummaryQuery.cs,23,1,9,13
Pssa.Ww.Data/Pudo/Holidays/UpdatePeriodCommand.cs,18,1,4,13
Pssa.Ww.Batche.Migrator/Settings/ConnectionStringRetreiver.cs,14,1,0,13
Pssa.Ww.Business/Pudo/Message/Models/Properties.cs,14,1,0,13
Pssa.Ww.WebApi.Http/Content/Site.css,18,3,2,13
Pssa.Ww.Business/Pudo/Enrolllment/IsEnrollableRequest.cs,17,1,3,13
Pssa.Ww.Data/Pudo/Holidays/AddPeriodCommand.cs,20,1,7,12
Pssa.Ww.Data/Pudo/Holidays/DeletePeriodCommand.cs,13,1,0,12
Pssa.Ww.Business/Pudo/MaterialInventory/TypeBagInventoryEnum.cs,12,0,0,12
Pssa.Ww.Business/Pudo/OpeningHours/WeekOpeningHours.cs,23,8,3,12
Pssa.Ww.Business/Pudo/Message/SetMessagePdaReadCommand.cs,22,1,9,12
Pssa.Ww.Business/ISingleCommandAsyncHandler.cs,13,1,0,12
Pssa.Ww.Business/Pudo/OpeningHours/Mappers/TypeMember.cs,13,1,0,12
Pssa.Ww.Business/Pudo/Address.cs,12,0,0,12
Pssa.Ww.Business/Pudo/Action/GetActionsAddonQuery.cs,22,1,9,12
Pssa.Ww.WebApi.LockerGate/Services/Factories/HttpFactory.cs,23,2,9,12
Pssa.Ww.Data/Pudo/ShopIdent/FileIdShopIdent.cs,13,1,0,12
Pssa.Ww.Business/Pudo/Message/Models/MessageResponseApi.cs,13,1,0,12
Pssa.Ww.Business/IDbStateQueryHandler.cs,15,3,0,12
Pssa.Ww.WebApi.LockerGate/App_Start/FilterConfig.cs,13,1,0,12
Pssa.Ww.Business/Pudo/ShopIdent/ShopIdentCommand.cs,13,2,0,11
Pssa.Ww.Business/Pudo/RelaisInfo.cs,22,7,4,11
Pssa.Ww.Business/Parcel/Events/Inventory/InventoryConstants.cs,11,0,0,11
Pssa.Ww.Business/Pudo/HasMigratedToColy21/HasMigratedToColy21Request.cs,15,1,3,11
Pssa.Ww.Data/Pudo/Payment/PaymentSummaryQueryType.cs,12,1,0,11
Pssa.Ww.Data/BusinessTrace/SetLogOracleCommandHandler.cs,13,2,0,11
Pssa.Ww.Data/Pudo/OpeningHours/OracleOpeningHoursCommandHandler.cs,13,2,0,11
Pssa.Ww.Business/Helpers/CachedKeysHelper.cs,13,2,0,11
Pssa.Ww.Business/Pudo/Configuration/SiteRulesQuery.cs,16,2,3,11
Pssa.Ww.WebApi.Http/Bootstrapping/ConnectionStringRetreiver.cs,12,1,0,11
Pssa.Ww.Business/Pudo/Payment/PudoPaymentSummaryData.cs,12,1,0,11
Pssa.Ww.Business/Pudo/OpeningHours/PudoOpeningHours.cs,13,2,0,11
Pssa.Ww.Business/Http/IHttpFactory.cs,31,3,17,11
Pssa.Ww.Data/Pudo/Holidays/PeriodQueryType.cs,13,2,0,11
Pssa.Ww.Business/Pudo/Action/SetActionStateCommand.cs,12,1,0,11
Pssa.Ww.Business/Pudo/Message/GetMessagesPdaQuery.cs,16,2,3,11
Pssa.Ww.Business/Pudo/Action/Models/GetActionApiMsgPda.cs,12,1,0,11
Pssa.Ww.Business/Pudo/OtherPudos/RelaisInfoSummaryQuery.cs,16,2,3,11
Pssa.Ww.Business/Pudo/RelaisInfoQuery.cs,16,2,3,11
Pssa.Ww.Business/Pudo/Action/Models/SetActionApiMsgPda.cs,12,1,0,11
Pssa.Ww.Business/Pudo/Message/Models/MessagePdaReadApi.cs,21,2,9,10
Pssa.Ww.Data/Parcel/Events/CollectionScan/ScanCollectionOracleCommandHandler.cs,11,1,0,10
Pssa.Ww.Data/Parcel/Events/Delivery/DeliveryOracleCommandHandler.cs,12,2,0,10
Pssa.Ww.Business/Monitoring/Messages/FrontErrorMessage.cs,15,5,0,10
Pssa.Ww.Data/Parcel/Events/DeliveryScan/ScanDeliveryOracleCommandHandler.cs,11,1,0,10
Pssa.Ww.Data/Parcel/Events/MaterialInventory/OracleSetInventoryCommandHandler.cs,12,2,0,10
Pssa.Ww.Data/Parcel/Events/Collection/CollectionOracleCommandHandler.cs,12,2,0,10
Pssa.Ww.Data/OracleTypeFactory.cs,11,1,0,10
Pssa.Ww.Business/Pudo/ColocatedSite/ColocatedSite.cs,11,1,0,10
Pssa.Ww.Business/Pudo/OpeningHours/OpeningHoursQuery.cs,15,2,3,10
Pssa.Ww.Data/Parcel/Events/DropOff/DropOffOracleCommandHandler.cs,12,2,0,10
Pssa.Ww.Business/Pudo/SalesForce/ISalesForceAsyncQueryHandler.cs,13,3,0,10
Pssa.Ww.Data/Parcel/GetAllParcelQueryType.cs,12,2,0,10
Pssa.Ww.WebApi.Http/DTO/IsUpAndRunningResult.cs,17,1,6,10
Pssa.Ww.Data/Parcel/Events/DropOffScan/ScanDropOffOracleCommandHandler.cs,13,3,0,10
Pssa.Ww.Data/Parcel/Events/PreparationScan/ScanPreparationOracleCommandHandler.cs,11,1,0,10
Pssa.Ww.Data/Common/TabElementNumberType.cs,11,1,0,10
Pssa.Ww.WebApi.Http/DTO/PrinterResultDto.cs,25,3,12,10
Pssa.Ww.Data/Parcel/Events/Inventory/InventoryOracleCommandHandler.cs,11,1,0,10
Pssa.Ww.Business/Pudo/Action/GetActionsQuery.cs,14,1,3,10
Pssa.Ww.Business/Pudo/OtherPudos/RelaisInfoSummary.cs,20,6,4,10
Pssa.Ww.Data/Parcel/Events/PickupScan/ScanPickupOracleCommandHandler.cs,11,1,0,10
Pssa.Ww.Business/Pudo/Message/Models/SurveyResponseItem.cs,11,1,0,10
Pssa.Ww.Business/Pudo/ColocatedSite/ColocatedSiteQuery.cs,14,1,3,10
Pssa.Ww.Business/Pudo/Configuration/ExtarnalServices/IPudoConfigurationService.cs,13,3,0,10
Pssa.Ww.Business/Pudo/Holidays/OperationTypeEnum.cs,17,3,4,10
Pssa.Ww.Framework/Security/AllowAnyPudoAttribute.cs,12,2,0,10
Pssa.Ww.Data/Parcel/ParcelToPrepareQueryType.cs,11,2,0,9
Pssa.Ww.Data/Parcel/Events/DoCloseBag/CloseBagOracleCommandHandler.cs,9,0,0,9
Pssa.Ww.Data/Parcel/Events/NotFound/NotFoundOracleCommandHandler.cs,10,1,0,9
Pssa.Ww.WebApi.Http/Areas/TypeScriptProxy/Views/TypeScript/MethodImplementationParameters.cshtml,11,2,0,9
Pssa.Ww.Data/Parcel/Events/Pickup/PickupOracleCommandHandler.cs,14,5,0,9
Pssa.Ww.Business/Pudo/Message/Models/SurveyResponse.cs,10,1,0,9
Pssa.Ww.WebApi.Http/Services/IExternalHealthServices.cs,10,1,0,9
Pssa.Ww.WebApi.Http/Services/IMyPudoServices.cs,18,1,8,9
Pssa.Ww.WebApi.Http/Services/IPrinterServices.cs,18,1,8,9
Pssa.Ww.Batche.Migrator/Application/Interfaces/IRunService.cs,19,2,8,9
Pssa.Ww.Batche.Migrator/Application/Interfaces/ISubscriberApplication.cs,12,3,0,9
Pssa.Ww.Data/Parcel/Events/Preparation/PreparationOracleCommandHandler.cs,13,4,0,9
Pssa.Ww.Business/Pudo/Action/Models/ActionPda.cs,9,0,0,9
Pssa.Ww.Business/Pudo/Action/SetActionReadCommand.cs,10,1,0,9
Pssa.Ww.Business/Pudo/Action/Models/SetActionReadMsgPda.cs,10,1,0,9
Pssa.Ww.WebApi.LockerGate/Services/Adapters/IParcelCheckProxyColissimoAdapter.cs,9,1,0,8
Pssa.Ww.WebApi.LockerGate/Services/Proxy/ParcelCheckProxyProviderService.cs,9,1,0,8
Pssa.Ww.Business/Caching/CachingOptions.cs,21,2,11,8
Pssa.Ww.Business/Pudo/Configuration/InventoryDay.cs,8,0,0,8
Pssa.Ww.Data/Pudo/OpeningHours/OpeningHoursQueryType.cs,14,2,4,8
Pssa.Ww.WebApi.Http/Areas/TypeScriptProxy/Views/TypeScript/Interface.cshtml,11,3,0,8
Pssa.Ww.Business/Pudo/Holidays/PeriodTypeEnum.cs,19,2,9,8
Pssa.Ww.Business.Test/Pssa.Ww.Business.Test/Security/LoginQueryHandlerTests.cs,9,1,0,8
Pssa.Ww.Business/Pudo/Action/Models/ActionStateEnum.cs,8,0,0,8
Pssa.Ww.Business/Pudo/Action/Models/ActionTypeEnum.cs,8,0,0,8
Pssa.Ww.Batche.Migrator/Application/Interfaces/IDailyRestartTimer.cs,10,2,0,8
Pssa.Ww.Business.Test/Pssa.Ww.Business.Test/Constants.cs,8,0,0,8
Pssa.Ww.Business/BusinessTrace/DistricollectActionType.cs,10,2,0,8
Pssa.Ww.Business/Pudo/Message/Models/AppLinkInfo.cs,17,0,9,8
Pssa.Ww.Data/Pudo/Configuration/SiteRulesQueryType.cs,10,2,0,8
Pssa.Ww.WebApi.Http/Areas/TypeScriptProxy/Views/TypeScript/ServiceInterface.cshtml,11,3,0,8
Pssa.Ww.Business/Pudo/Message/Models/AppArg.cs,17,0,9,8
Pssa.Ww.Business/Pudo/Holidays/Exceptions/OverlapPeriodException.cs,11,3,0,8
Pssa.Ww.Batche.Migrator/Services/IParcelMigrateData.cs,9,1,0,8
Pssa.Ww.Business/Pudo/Holidays/Exceptions/InvalidPeriodException.cs,11,3,0,8
Pssa.Ww.Data/Pudo/Configuration/InventorySiteQueryType.cs,9,1,0,8
Pssa.Ww.Data/Parcel/ParcelInfoQuery.cs,11,3,0,8
Pssa.Ww.Business/Pudo/Configuration/PudoTechnicalConfigParameters.cs,8,0,0,8
Pssa.Ww.Business/Pudo/SalesForce/ISalesForceAsyncCommandHandler.cs,9,1,0,8
Pssa.Ww.WebApi.LockerGate/Services/Factories/IHttpFactory.cs,16,1,7,8
Pssa.Ww.WebApi.LockerGate/Services/Proxy/IParcelCheckProxyProviderService.cs,9,1,0,8
Pssa.Ww.Data/Parcel/Events/Storage/StorageOracleCommandHandler.cs,7,0,0,7
Pssa.Ww.Business/Pudo/SalesForce/ISalesForceContextFactory.cs,8,1,0,7
Pssa.Ww.Data/Pudo/OtherPudos/GetSiteDetailsQueryType.cs,8,1,0,7
Pssa.Ww.Data/Pudo/ColocatedSite/ColocatedSiteQueryType.cs,8,1,0,7
Pssa.Ww.WebApi.Http/DTO/PrinterQueryDto.cs,18,2,9,7
Pssa.Ww.Business/Common/Decorators/TelecollecteDecorator/ITelecollecteLogger.cs,10,3,0,7
Pssa.Ww.Batche.Migrator/Application/Interfaces/IDailyRestartSetting.cs,8,1,0,7
Pssa.Ww.WebApi.LockerGate/Models/EligibilityResponseModel.cs,7,0,0,7
Pssa.Ww.Business/Pudo/Action/Models/ActionProperty.cs,7,0,0,7
Pssa.Ww.Business/Pudo/SalesForce/Dispatching/ICrmCountryRetreiver.cs,7,1,0,6
Pssa.Ww.Data/Parcel/Events/MaterialInventory/FileIdMaterialInventory.cs,6,0,0,6
Pssa.Ww.WebApi.Http/DTO/MyPudoQueryDto.cs,12,0,6,6
Pssa.Ww.WebApi.Test/Classes4Test/Constants.cs,6,0,0,6
Pssa.Ww.Business/Parcel/Events/Pickup/ParcelPickupConstants.cs,6,0,0,6
Pssa.Ww.Data/Parcel/Events/Shared/FileIdLog.cs,6,0,0,6
Pssa.Ww.WebApi.Http/Areas/TypeScriptProxy/Views/TypeScript/Enum.cshtml,10,4,0,6
Pssa.Ww.Data/Pudo/OpeningHours/FileIdOpeningHours.cs,6,0,0,6
Pssa.Ww.Data/Pudo/Holidays/FileIdPeriod.cs,6,0,0,6
Pssa.Ww.Business/Pudo/SalesForce/Dispatching/ICrmDispatcher.cs,6,0,0,6
Pssa.Ww.WebApi.Http/Areas/SmartTribune/Views/Faq/Index.cshtml,6,2,0,4
Pssa.Ww.WebApi.Http/Areas/InteractiveFaq/Views/Default/Index.cshtml,6,2,0,4
Pssa.Ww.WebApi.Http/Scripts/jquery-1.10.2.min.js,23,0,20,3
Pssa.Ww.WebApi.Http/ConstructorGenerator.cs,3,1,0,2
Pssa.Ww.WebApi.Http/Areas/SmartTribune/Views/_ViewStart.cshtml,2,0,0,2
Pssa.Ww.WebApi.Http/Areas/TypeScriptProxy/Views/_ViewStart.cshtml,2,0,0,2
Pssa.Ww.WebApi.Http/Areas/InteractiveFaq/Views/_ViewStart.cshtml,2,0,0,2
Pssa.Ww.Business/ConstructorGenerator.cs,3,2,0,1
Pssa.ww.Data.Test/SalesForceAsyncPeriodCommandHandlerTest.cs,97,18,78,1
Pssa.Ww.WebApi.Http/Content/bootstrap.min.css,6,0,6,0
Pssa.Ww.WebApi.Http/Scripts/bootstrap.min.js,20,1,19,0
