File,Lines,Blank Lines,Comments,Code Lines
app/src/main/res/drawable/ic_launcher_background.xml,170,0,0,170
app/src/main/res/layout/item_app.xml,132,15,0,117
app/src/main/java/com/pickup/services/dataconsumptionapp/ui/AppAdapter.java,145,33,0,112
app/src/main/java/com/pickup/services/dataconsumptionapp/ui/MainActivity.java,130,25,7,98
app/src/main/java/com/pickup/services/dataconsumptionapp/data/models/App.java,119,26,0,93
app/src/main/java/com/pickup/services/dataconsumptionapp/data/dataBase/repositories/AppRepository.java,112,23,5,84
app/src/main/java/com/pickup/services/dataconsumptionapp/data/dataBase/dbManager/DBHelper.java,124,23,29,72
app/src/main/java/com/pickup/services/dataconsumptionapp/utils/RecyclerTouchListener.java,55,12,0,43
app/src/main/res/drawable-v24/ic_launcher_foreground.xml,29,0,0,29
app/src/main/res/layout/activity_main.xml,29,4,0,25
app/src/main/AndroidManifest.xml,32,8,0,24
app/src/main/java/com/pickup/services/dataconsumptionapp/data/dataBase/dbManager/DBManager.java,36,5,13,18
app/src/main/java/com/pickup/services/dataconsumptionapp/utils/BytesUtils.java,21,5,0,16
app/src/androidTest/java/com/pickup/services/dataconsumptionapp/ExampleInstrumentedTest.java,25,5,6,14
app/src/main/java/com/pickup/services/dataconsumptionapp/receivers/RestartReceiver.java,19,5,0,14
app/src/main/res/drawable/ic_refresh.xml,12,0,0,12
app/src/main/res/drawable/ic_delete.xml,9,0,0,9
app/src/test/java/com/pickup/services/dataconsumptionapp/ExampleUnitTest.java,16,3,5,8
app/src/main/res/menu/menu_main.xml,7,0,0,7
app/src/main/res/values/styles.xml,9,1,2,6
app/src/main/java/com/pickup/services/dataconsumptionapp/data/dataBase/dbManager/DBConstants.java,9,1,3,5
app/src/main/res/values/colors.xml,5,0,0,5
app/src/main/res/mipmap-anydpi-v26/ic_launcher.xml,4,0,0,4
app/src/main/res/mipmap-anydpi-v26/ic_launcher_round.xml,4,0,0,4
app/src/main/res/values/strings.xml,2,0,0,2
