File,Lines,Blank Lines,Comments,Code Lines
server/libs/utils/response-util/errortypes.js,164,13,14,137
server/app/routes/customers/customers.test.js,72,7,7,58
server/libs/services/express-service/helpers/express_session_config.js,63,4,6,53
server/app/routes/authentication/postgres-user-pass/login-user/helpers/check-credentials.js,58,5,8,45
server/libs/utils/passport-util/strategies/default/index.js,50,5,7,38
server/libs/utils/passport-util/protect-middleware.js,42,3,2,37
server/app/routes/authentication/postgres-user-pass/register-user/validator.js,42,3,3,36
azure-pipelines.yml,47,9,2,36
bitbucket-pipelines.yml,41,5,0,36
server/libs/utils/response-util/index.js,42,5,3,34
server/app/routes/authentication/postgres-user-pass/login-user/validator.js,40,3,3,34
server/app/routes/authentication/all-purpose/check-jwt-token/validator.js,36,3,1,32
.gitlab-ci.yml,35,3,1,31
server/app/routes/authentication/postgres-user-pass/register-user/helpers/insert-new-database-user.js,38,3,5,30
server/app/routes/customers/create-one-customer/tests/response.test.js,36,3,3,30
server/libs/utils/serve-frontend-util/index.js,35,5,1,29
server/app/routes/customers/update-one-customer/validator.js,33,3,1,29
server/app/routes/customers/create-one-customer/validator.js,34,3,3,28
server/app/routes/authentication/postgres-user-pass/register-user/controller.js,35,3,6,26
server/app/routes/customers/delete-one-customer/validator.js,31,3,3,25
server/app/routes/customers/get-one-customer/validator.js,27,3,1,23
.github/workflows/build.yml,31,3,5,23
server/libs/services/express-service/index.js,23,2,0,21
.eslintrc.js,21,0,0,21
server/app/routes/authentication/postgres-user-pass/login-user/controller.js,25,2,2,21
server/libs/utils/passport-util/user-object.js,24,4,0,20
server/app/routes/customers/delete-one-customer/tests/response.test.js,26,3,3,20
server/app/routes/customers/get-one-customer/tests/response.test.js,26,3,3,20
server/app/routes/customers/index.js,29,5,5,19
server/libs/services/knex-service/index.js,28,4,5,19
server/app/routes/customers/get-all-customers/tests/response.test.js,25,3,3,19
server/app/routes/customers/update-one-customer/tests/response.test.js,24,3,3,18
server/app/routes/customers/get-all-customers/validator.js,21,3,1,17
server/app/routes/authentication/index.js,30,7,7,16
server/libs/services/redis-service/index.js,20,4,0,16
server/app/routes/authentication/postgres-user-pass/register-user/helpers/generate-password-hash.js,17,1,1,15
server/app/routes/authentication/postgres-user-pass/register-user/helpers/generate-random-salt.js,17,1,1,15
server/libs/services/knex-service/connection-type/postgresdb.js,14,0,0,14
server/start.js,21,4,4,13
server/libs/utils/x-api-key-middleware-util/index.js,14,2,0,12
server/libs/services/express-service/helpers/custom_logging_config.js,13,1,0,12
server/app/routes/authentication/postgres-user-pass/login-user/helpers/issue-jwt-token.js,13,1,1,11
server/libs/utils/serve-not-found-api-routes-util/controller.js,13,1,1,11
server/app/index.js,14,1,2,11
server/libs/services/express-service/helpers/body_parser_config.js,12,2,0,10
server/app/routes/customers/get-one-customer/controller.js,11,1,1,9
server/app/routes/customers/get-all-customers/controller.js,11,1,1,9
server/app/routes/index.js,19,5,5,9
server/app/routes/customers/update-one-customer/controller.js,11,1,1,9
server/app/routes/customers/create-one-customer/controller.js,11,1,1,9
server/app/routes/customers/delete-one-customer/controller.js,11,1,1,9
server/app/routes/authentication/all-purpose/check-jwt-token/controller.js,11,1,2,8
scripts/database/postgres-create-table-users.sql,7,0,0,7
server/libs/utils/serve-not-found-api-routes-util/index.js,9,1,1,7
server/libs/services/aws-sdk-service/index.js,6,0,0,6
server/libs/utils/passport-util/index.js,22,3,14,5
server/libs/utils/pretty-print-cli-util/index.js,3,0,0,3
scripts/database/postgres-create-schema.sql,0,0,0,0
