File,Lines,Blank Lines,Comments,Code Lines
TestDriver.Console/wwwroot/lib/bootstrap/dist/css/bootstrap.css,6833,0,7,6826
WebApplication1/Content/bootstrap.css,6757,7,8,6742
WebApplication1/Scripts/jquery-3.3.1.js,10364,1950,1725,6689
TestDriver.Console/wwwroot/lib/jquery/dist/jquery.js,10364,1950,1725,6689
WebApplication1/Scripts/jquery-3.3.1.slim.js,8269,1567,1396,5306
TestDriver.Console/wwwroot/lib/bootstrap/dist/js/bootstrap.js,2580,617,212,1751
TestDriver/Models/MatriceQualification.cs,1764,87,0,1677
WebApplication1/Scripts/bootstrap.js,2377,582,199,1596
TestDriver/Commons/Account_Crm_V2.cs,1606,130,35,1441
TestDriver/Commons/Common.cs,1437,167,45,1225
TestDriver.Console/wwwroot/lib/jquery-validation/dist/jquery.validate.js,1600,234,183,1183
WebApplication1/Scripts/jquery.validate.js,1600,234,183,1183
TestDriver/Commons/Requete_Ticketing.cs,1047,84,5,958
TestDriver/Commons/ClassElements.cs,1499,511,34,954
WebApplication1/Scripts/jquery.validate-vsdoc.js,1288,147,216,925
TICKETING/TICKETING/CaseTest/TICKETING.cs,943,46,2,895
CRM1_TICKETING_LOT1/TICKETING/CaseTest/TICKETING_LOT1.cs,932,46,3,883
ACTIVATION_COMPTE_BRT/SUMMER20/CaseTest/SUMMER20.cs,934,51,4,879
ASSOCIATION_PUDO_CONTACT/SUMMER20/CaseTest/SUMMER20.cs,934,51,4,879
TestDriver/Commons/Compte.cs,928,64,44,820
TestDriver/Commons/Prospects_Crm_V2.cs,840,114,12,714
CRM2_02_ACCOUNT_CORE/ACCOUNT_CONFORMITE/ACCOUNTS.cs,803,66,42,695
TestDriver.Console/wwwroot/lib/jquery-validation/dist/additional-methods.js,1157,136,383,638
WebApplication1/Scripts/jquery-3.3.1.intellisense.js,2670,8,2048,614
WebApplication1/Scripts/modernizr-2.8.3.js,1406,287,510,609
CRM2_02_ACCOUNT_ITA/GESTION_COMPTE/ACCOUNTS_IT.cs,680,59,28,593
WebApplication1/Content/bootstrap-theme.css,587,0,6,581
TestDriver.Console/wwwroot/lib/bootstrap/dist/css/bootstrap-theme.css,586,0,5,581
TestDriver.DataAccess/ModelDataAccess/ClassSql.cs,742,176,8,558
CRM2_02_ACCOUNT_PRT/GESTION_COMPTE_PRT/COMPTE_PRT.cs,627,54,23,550
CRM2_01_LEAD_CORE/FICHE_PROSPECT/PROSPECT.cs,614,48,32,534
CRM2_02_ACCOUNT_SVK/GESTION_COMPTE_SVK/ACCOUNT_SVK.cs,535,51,19,465
TestDriver/CRM/FLUX_RESEAUX/CaseTest/FLUX_RESEAUX.cs,497,40,7,450
LIENS/LIENS/CaseTest/LIENS.cs,469,22,19,428
TestDriver.DataAccess/ModelDataAccess/ClassOracle.cs,494,59,18,417
TestDriver/Commons/Requete.cs,372,28,9,335
CRM2_00_GUIDES_CORE/POLOTAGE_GUIDES/GUIDES.cs,375,37,3,335
CRM2_01_LEAD_ITA/FICHE_PROSPECT/PROSPECT_IT.cs,372,31,10,331
CRM2_01_LEAD_PRT/PROSPECT_PRT/PROSPECT_PRT.cs,378,32,16,330
CRM2_01_LEAD_SVK/PROSPECT_SVK/PROSPECT_SVK.cs,373,30,18,325
TestDriver/Commons/CreationPudoEnMasse.cs,324,17,0,307
TestDriver.Console/wwwroot/lib/jquery-validation-unobtrusive/jquery.validate.unobtrusive.js,430,53,72,305
WebApplication1/Scripts/jquery.validate.unobtrusive.js,428,51,84,293
TestDriver/Commons/Items_Crm_V2.cs,297,18,0,279
CRM2_02_ACCOUNT_DE/GESTION_COMPTE/ACCOUNT_DE.cs,291,19,2,270
CRM2_01_LEAD_DE/FICHE_PROSPECT/PROSPECT_DE.cs,249,21,6,222
TestDriver/Commons/Login.cs,266,45,3,218
TestDriver/Commons/PresetAnimations.cs,243,21,8,214
TestDriver/Commons/Guides_Crm_V2.cs,230,15,2,213
TestDriver/Commons/Adresse_V2.cs,224,20,0,204
CAMPAGNE/CAMPAGNE/CaseTest/CAMPAGNEs_PONCTUELLES.cs,238,19,16,203
TestDriver/Commons/PresetOffers.cs,221,28,8,185
TestDriver.DataAccess/ModelDataAccess/RefPudo.cs,219,16,31,172
CAMPAGNE/CAMPAGNE/CaseTest/INDISPO_PROBLEME_OPERATIONNEL.cs,201,19,18,164
CAMPAGNE/CAMPAGNE/CaseTest/DISPONIBILITES.cs,191,15,17,159
CRM2_02_ACCOUNT_SVK/PROSPECT_SVK/PROSPECT_SVK.cs,175,15,7,153
CAMPAGNE/CAMPAGNE/CaseTest/SYNCHRONISATION.cs,174,11,11,152
TestDriver/Commons/Case_Crm_V2.cs,161,9,2,150
CAMPAGNE/CAMPAGNE/CaseTest/INDISPO_PROBLEME_PDA.cs,174,10,16,148
WebApplication1/Controllers/HomeController.cs,225,54,26,145
TestDriver/Commons/Contact_Crm-V2.cs,133,7,0,126
WebApplication1/Views/Home/Historique.cshtml,149,24,2,123
TestDriver/Models/QualificationNiveau_2.cs,158,35,0,123
WebApplication1/Views/Home/Project.cshtml,139,19,0,120
TestDriver/Commons/ActivationCompteBrt.cs,136,17,1,118
CRM2_00_SECTORS_CORE/SECTORS/SECTORS.cs,127,16,2,109
TestDriver/Commons/Sectors_Crm_V2.cs,109,2,0,107
TestDriver/Commons/LaunchApp.cs,127,27,0,100
TestDriver/Commons/Approval_Request_V2.cs,106,6,1,99
TestDriver/Commons/Tasks_V2.cs,103,11,0,92
ASSOCIATION_PUDO_CONTACT/ASSO_PUDO_CONTACT.cs,105,9,5,91
TestDriver/Commons/Contact_Ticketing.cs,102,11,1,90
CAMPAGNE/CAMPAGNE/CaseTest/INJOIGNABLES.cs,98,6,3,89
CRM1_TICKETING_LOT2/TICKETING/TICKETING_LOT2_V1.cs,99,9,2,88
CRM2_02_ACCOUNT_CORE/ACCOUNT_CONFORMITE/CONTACT.cs,97,10,3,84
CRM2_02_ACCOUNT_ITA/GESTION_COMPTE/CONTACT.cs,97,10,3,84
CRM2_00_PRESET_CORE/PRESET_CRM2/PRESET_OFFERS.cs,92,10,4,78
CRM2_00_PRESET_CORE/PRESET_CRM2/PRESET_ANIMATIONS.cs,88,7,4,77
TestDriver.Console/Controllers/ModulesController.cs,101,16,11,74
CREATION_EN_MASSE/CREATION_PUDO_EN_MASSE.cs,86,13,3,70
ACTIVATION_COMPTE_BRT/ACTIVATION_COMPTE.cs,77,5,3,69
TestDriver.Console/Views/Shared/_Layout.cshtml,74,5,0,69
TestDriver/Commons/Compte_Ticketing.cs,101,10,23,68
TestDriver/CustomDriver.cs,95,16,12,67
TestDriver/Commons/PicktalkFlowlaunch.cs,82,16,0,66
TestDriver/Commons/Prospect.cs,69,8,0,61
TestDriver/Commons/AccountCrmV2.cs,64,4,0,60
WebApplication1/Views/Home/CrmV1.cshtml,61,4,0,57
WebApplication1/Scripts/chart.js,84,7,20,57
WebApplication1/Views/Home/Index.cshtml,69,14,0,55
TestDriver.Console/Startup.cs,63,8,3,52
WebApplication1/Scripts/dashbord.js,65,13,3,49
TestDriver/Commons/Accueil_Ticketing.cs,56,8,0,48
WebApplication1/Models/CRM.cs,138,9,84,45
TestDriver.Console/Style/Style-home.css,51,7,0,44
WebApplication1/Views/Shared/_Layout.cshtml,43,1,0,42
TestDriver.Console/Views/Shared/_CookieConsentPartial.cshtml,40,2,0,38
TestDriver.Console/Controllers/HomeController.cs,43,7,0,36
TestDriver/Models/pudo_JDD.cs,37,3,0,34
TestDriver/Commons/Env_Config.cs,37,4,0,33
TestDriver/Commons/Excel.cs,48,6,10,32
TestDriver.Console/wwwroot/css/site.css,37,5,7,25
TestDriver/Commons/Contact.cs,27,3,0,24
azure-pipelines.yml,34,7,4,23
WebApplication1/Models/TestResult.cs,26,3,0,23
TestDriver.Console/Program.cs,24,2,0,22
WebApplication1/App_Start/BundleConfig.cs,30,5,3,22
WebApplication1/App_Start/RouteConfig.cs,23,2,0,21
WebApplication1/Global.asax.cs,21,1,0,20
TestDriver.Console/Views/Shared/Error.cshtml,22,3,0,19
TestDriver.Console/Views/Shared/_ValidationScriptsPartial.cshtml,18,0,0,18
WebApplication1/Controllers/LaunchTestController.cs,21,2,2,17
WebApplication1/Models/Project.cs,19,2,0,17
WebApplication1/Models/ProjectDetails.cs,17,1,0,16
WebApplication1/Content/Site.css,24,3,5,16
CRM2_02_ACCOUNT_CORE/Properties/AssemblyInfo.cs,20,4,1,15
CRM2_01_LEAD_CORE/Properties/AssemblyInfo.cs,20,4,1,15
TestDriver/Properties/AssemblyInfo.cs,20,4,1,15
ACTIVATION_COMPTE_BRT/Properties/AssemblyInfo.cs,20,4,1,15
ASSOCIATION_PUDO_CONTACT/Properties/AssemblyInfo.cs,20,4,1,15
CAMPAGNE/Properties/AssemblyInfo.cs,20,4,1,15
CREATION_EN_MASSE/Properties/AssemblyInfo.cs,20,4,1,15
CRM1_TICKETING_LOT1/Properties/AssemblyInfo.cs,20,4,1,15
CRM1_TICKETING_LOT2/Properties/AssemblyInfo.cs,20,4,1,15
CRM2_00_GUIDES_CORE/Properties/AssemblyInfo.cs,20,4,1,15
CRM2_00_PRESET_CORE/Properties/AssemblyInfo.cs,20,4,1,15
CRM2_00_SECTORS_CORE/Properties/AssemblyInfo.cs,20,4,1,15
CRM2_01_LEAD_DE/Properties/AssemblyInfo.cs,20,4,1,15
CRM2_01_LEAD_ITA/Properties/AssemblyInfo.cs,20,4,1,15
CRM2_01_LEAD_PRT/Properties/AssemblyInfo.cs,20,4,1,15
CRM2_01_LEAD_SVK/Properties/AssemblyInfo.cs,20,4,1,15
WebApplication1/Properties/AssemblyInfo.cs,35,4,16,15
CRM2_02_ACCOUNT_DE/Properties/AssemblyInfo.cs,20,4,1,15
TestDriver.Console/Views/Home/Contact.cshtml,17,2,0,15
CRM2_02_ACCOUNT_ITA/Properties/AssemblyInfo.cs,20,4,1,15
TICKETING/Properties/AssemblyInfo.cs,20,4,1,15
CRM2_02_ACCOUNT_PRT/Properties/AssemblyInfo.cs,20,4,1,15
CRM2_02_ACCOUNT_SVK/Properties/AssemblyInfo.cs,20,4,1,15
TestDriver.DataAccess/ModelDataAccess/NetworkStatus.cs,17,2,0,15
TestDriver.DataAccess/Properties/AssemblyInfo.cs,36,4,17,15
LIENS/Properties/AssemblyInfo.cs,20,4,1,15
TestDriver.DataAccess/ModelDataAccess/SoqlSalesForce.cs,17,2,0,15
WebApplication1/Views/Home/Contact.cshtml,16,2,0,14
WebApplication1/Views/Shared/Error.cshtml,14,0,0,14
TestDriver/Models/UserEnvironment.cs,14,1,0,13
TestDriver/Models/userSF.cs,14,1,0,13
TestDriver.DataAccess/ModelDataAccess/Carrier.cs,16,3,0,13
TestDriver/Models/userInfo.cs,14,1,0,13
TestDriver/Models/PudoContactList.cs,14,1,0,13
TestDriver/Models/UserRole.cs,14,1,0,13
TestDriver.DataAccess/ModelDataAccess/PudoDetail.cs,15,2,0,13
TestDriver.DataAccess/ModelDataAccess/projectDetails.cs,12,0,0,12
WebApplication1/Models/param.cs,13,1,0,12
TestDriver/Models/LeadApprove.cs,13,1,0,12
WebApplication1/App_Start/FilterConfig.cs,13,1,0,12
TestDriver/Models/EnvData.cs,13,1,0,12
TestDriver.Console/wwwroot/lib/bootstrap/dist/js/npm.js,12,0,1,11
TestDriver.DataAccess/Data/UserSalesForce.cs,12,1,0,11
WebApplication1/Models/DashBord.cs,12,1,0,11
WebApplication1/Models/Products.cs,12,1,0,11
WebApplication1/Models/dataChart.cs,15,1,3,11
WebApplication1/Models/LaunchTests.cs,12,1,1,10
TestDriver.Console/Style/Style-home-1.css,10,2,0,8
TestDriver.Console/Models/ErrorViewModel.cs,10,2,0,8
WebApplication1/Models/ProductsData.cs,7,0,0,7
TestDriver.DataAccess/ModelDataAccess/GetRefIndispo.cs,7,0,0,7
TestDriver.Console/Views/Home/About.cshtml,7,1,0,6
TestDriver.DataAccess/ModelDataAccess/Historical_Date.cs,6,0,0,6
WebApplication1/Views/Home/About.cshtml,7,1,0,6
TestDriver.DataAccess/System/Web/Hosting.cs,6,0,0,6
TestDriver.Console/Views/Home/Privacy.cshtml,6,1,0,5
TestDriver.Console/Views/_ViewStart.cshtml,3,0,0,3
WebApplication1/Views/_ViewStart.cshtml,3,0,0,3
TestDriver.Console/Views/_ViewImports.cshtml,3,0,0,3
WebApplication1/Scripts/bootstrap.min.js,6,0,5,1
WebApplication1/Scripts/jquery-3.3.1.slim.min.js,2,0,1,1
TestDriver.Console/wwwroot/js/site.js,4,1,2,1
TestDriver.Console/wwwroot/lib/jquery/dist/jquery.min.js,2,0,1,1
WebApplication1/Scripts/jquery-3.3.1.min.js,2,0,1,1
TestDriver.Console/wwwroot/lib/jquery-validation-unobtrusive/jquery.validate.unobtrusive.min.js,3,0,3,0
WebApplication1/Scripts/jquery.validate.unobtrusive.min.js,32,0,32,0
TestDriver.Console/wwwroot/css/site.min.css,0,0,0,0
TestDriver.Console/wwwroot/lib/jquery-validation/dist/additional-methods.min.js,3,0,3,0
TestDriver.Console/wwwroot/lib/jquery-validation/dist/jquery.validate.min.js,3,0,3,0
TestDriver.Console/wwwroot/lib/bootstrap/dist/js/bootstrap.min.js,5,0,5,0
TestDriver.Console/Views/Home/Index.cshtml,0,0,0,0
TestDriver.Console/wwwroot/lib/bootstrap/dist/css/bootstrap.min.css,5,0,5,0
WebApplication1/Content/bootstrap.min.css,5,0,5,0
WebApplication1/Content/bootstrap-theme.min.css,5,0,5,0
TestDriver.Console/wwwroot/lib/bootstrap/dist/css/bootstrap-theme.min.css,5,0,5,0
TestDriver.Console/wwwroot/js/site.min.js,0,0,0,0
WebApplication1/Scripts/jquery.validate.min.js,3,0,3,0
