File,Lines,Blank Lines,Comments,Code Lines
sam/template.yaml,118,9,9,100
serverless/native/rspec3649/resources.yml,105,6,3,96
serverless/wsgi/simpledb/simpledb.py,104,18,3,83
serverless/wsgi/rds/rds.py,93,14,4,75
serverless/wsgi/rds/serverless.yml,62,4,0,58
serverless/native/serverless.yml,62,10,0,52
serverless/native/rspec5147/resources.yml,48,1,0,47
serverless/native/handler.py,60,16,3,41
serverless/native/rspec5147/dynamo/compliant.py,54,11,3,40
serverless/native/rspec5147/handler.py,38,7,0,31
serverless/wsgi/simpledb/serverless.yml,34,5,0,29
serverless/native/rspec3649/handler.py,34,6,0,28
sam/src/index.py,28,2,2,24
serverless/native/rspec5147/dynamo/noncompliant.py,37,9,6,22
serverless/native/rspec3649/redshift/compliant.py,29,6,2,21
serverless/native/rspec3649/athena/noncompliant.py,27,5,2,20
serverless/native/rspec3649/athena/compliant.py,27,5,2,20
serverless/native/rspec3649/redshift/noncompliant.py,22,5,2,15
serverless/native/sub/handler.py,22,6,1,15
sam/src/default.py,14,1,1,12
sam/src/sub/index.py,14,1,1,12
serverless/native/rspec3649/athena/database.py,11,2,0,9
serverless/wsgi/rds/api.py,9,2,0,7
serverless/native/sub/external.yml,6,0,0,6
serverless/wsgi/simpledb/api.py,8,2,0,6
serverless/native/rspec3649/redshift/database.py,8,2,0,6
serverless/native/rspec5147/dynamo/database.py,7,2,0,5
