File,Lines,Blank Lines,Comments,Code Lines
comp-maven/pom.xml,85,7,4,74
comp-maven/src/main/java/coverage_metrics/CoverageMetrics.java,102,17,15,70
.github/workflows/dotnet-scan.yaml,60,2,0,58
.github/workflows/maven-scan.yaml,57,3,0,54
comp-cli/src/person.py,67,16,4,47
comp-cli/setup.py,61,2,21,38
.github/workflows/cli-scan.yaml,41,5,0,36
comp-maven/src/test/java/coverage_metrics/CoverageMetricsTest.java,24,4,0,20
comp-dotnet/project/Program.cs,13,1,0,12
comp-dotnet/project/MyClass.cs,11,1,0,10
comp-dotnet/project/obj/Debug/netcoreapp2.2/dotnet-sample.AssemblyInfo.cs,22,4,9,9
comp-cli/test/test_person.py,11,3,0,8
"comp-dotnet/project/obj/Debug/netcoreapp2.2/.NETCoreApp,Version=v2.2.AssemblyAttributes.cs",4,0,1,3
comp-cli/src/version.py,22,1,20,1
