File,Lines,Blank Lines,Comments,Code Lines
include/botan-3/xercesc/util/regx/UniCharTable.hpp,4131,5,25,4101
include/botan-3/botan/p11.h,2948,164,1379,1405
lib/python3.8/site-packages/botan2.py,1825,343,87,1395
include/botan-3/botan/pkcs11t.h,2002,382,280,1340
include/botan-3/botan/sodium.h,1453,303,40,1110
include/botan-3/xercesc/internal/XMLScanner.hpp,1432,163,393,876
include/botan-3/xercesc/internal/IANAEncodings.hpp,834,10,23,801
include/botan-3/botan/ffi.h,1882,283,920,679
include/botan-3/botan/tls_messages.h,1001,226,143,632
include/botan-3/botan/pkcs11f.h,938,160,197,581
include/botan-3/xercesc/util/XMLString.hpp,1620,159,886,575
include/botan-3/xercesc/validators/schema/TraverseSchema.hpp,925,127,278,520
include/botan-3/botan/tls_extensions.h,900,224,174,502
include/botan-3/xercesc/validators/common/CMStateSet.hpp,627,42,90,495
include/botan-3/botan/p11_object.h,773,125,198,450
include/botan-3/xercesc/util/RefHash2KeysTableOf.c,692,101,156,435
include/botan-3/botan/bigint.h,1087,158,499,430
include/botan-3/xercesc/parsers/AbstractDOMParser.hpp,1900,183,1316,401
include/botan-3/xercesc/util/RefHashTableOf.c,663,104,166,393
include/botan-3/xercesc/internal/XMLReader.hpp,790,92,313,385
include/botan-3/xercesc/util/XMLExceptMsgs.hpp,398,9,4,385
include/botan-3/xercesc/util/Hash2KeysSetOf.c,591,84,131,376
include/botan-3/xercesc/parsers/SAXParser.hpp,2204,180,1652,372
include/botan-3/xercesc/util/RefHash3KeysIdPool.c,572,76,127,369
include/botan-3/xercesc/validators/schema/SchemaGrammar.hpp,638,113,169,356
include/botan-3/xercesc/parsers/SAX2XMLReaderImpl.hpp,1749,128,1279,342
include/botan-3/xercesc/framework/XMLErrorCodes.hpp,351,12,4,335
include/botan-3/xercesc/validators/schema/ComplexTypeInfo.hpp,531,124,80,327
include/botan-3/botan/pubkey.h,735,84,328,323
include/botan-3/botan/x509_ext.h,513,130,64,319
include/botan-3/xercesc/validators/common/ContentSpecNode.hpp,467,62,89,316
include/botan-3/xercesc/dom/impl/DOMDocumentImpl.hpp,507,69,124,314
include/botan-3/botan/filters.h,737,113,311,313
include/botan-3/botan/xmss_wots.h,712,81,327,304
include/botan-3/xercesc/validators/datatype/DatatypeValidator.hpp,750,119,330,301
include/botan-3/botan/build.h,486,64,123,299
include/botan-3/xercesc/util/XMLChar.hpp,442,63,86,293
include/botan-3/xercesc/util/regx/RegularExpression.hpp,772,110,372,290
include/botan-3/xercesc/util/ValueHashTableOf.c,489,83,120,286
include/botan-3/botan/pkix_types.h,603,102,219,282
include/botan-3/xercesc/dom/impl/DOMDeepNodeListPool.c,428,56,92,280
include/botan-3/xercesc/internal/ElemStack.hpp,592,81,233,278
include/botan-3/botan/ber_dec.h,446,72,102,272
include/botan-3/xercesc/validators/schema/SchemaValidator.hpp,443,51,123,269
include/botan-3/xercesc/framework/psvi/XSValue.hpp,406,56,83,267
include/botan-3/xercesc/util/XMLUni.hpp,332,22,46,264
include/botan-3/xercesc/sax2/DefaultHandler.hpp,806,87,455,264
include/botan-3/xercesc/validators/schema/identity/XercesXPath.hpp,499,71,166,262
include/botan-3/xercesc/internal/ReaderMgr.hpp,447,52,134,261
include/botan-3/xercesc/validators/schema/SchemaInfo.hpp,432,93,82,257
include/botan-3/xercesc/validators/schema/SchemaElementDecl.hpp,438,72,111,255
include/botan-3/xercesc/util/TransService.hpp,708,111,345,252
include/botan-3/xercesc/internal/XSerializeEngine.hpp,841,117,473,251
include/botan-3/botan/asn1_obj.h,473,101,136,236
include/botan-3/botan/tls_policy.h,665,142,292,231
include/botan-3/xercesc/validators/DTD/DTDGrammar.hpp,391,66,97,228
include/botan-3/xercesc/parsers/SAX2XMLFilterImpl.hpp,1445,111,1110,224
include/botan-3/xercesc/util/BaseRefVectorOf.c,344,60,67,217
include/botan-3/botan/mem_ops.h,358,48,102,208
include/botan-3/xercesc/internal/XTemplateSerializer.hpp,365,66,92,207
include/botan-3/xercesc/dom/impl/DOMNodeImpl.hpp,382,60,117,205
include/botan-3/xercesc/validators/schema/SchemaSymbols.hpp,254,15,35,204
include/botan-3/xercesc/util/PSVIUni.hpp,239,16,25,198
include/botan-3/xercesc/framework/XMLFormatter.hpp,538,65,275,198
include/botan-3/xercesc/util/ValueVectorOf.c,295,50,49,196
include/botan-3/xercesc/internal/IGXMLScanner.hpp,308,23,92,193
include/botan-3/botan/xmss.h,430,57,183,190
include/botan-3/xercesc/util/XMLDateTime.hpp,366,95,81,190
include/botan-3/xercesc/internal/SGXMLScanner.hpp,307,26,95,186
include/botan-3/botan/ecies.h,314,55,83,176
include/botan-3/xercesc/parsers/DOMLSParserImpl.hpp,715,76,463,176
include/botan-3/xercesc/framework/XMLAttDef.hpp,539,78,289,172
include/botan-3/xercesc/util/regx/RegxDefs.hpp,239,45,25,169
include/botan-3/xercesc/util/RefArrayOf.c,269,49,52,168
include/botan-3/xercesc/util/NameIdPool.c,284,43,75,166
include/botan-3/xercesc/internal/CharTypeTables.hpp,255,40,49,166
include/botan-3/botan/x509path.h,475,50,260,165
include/botan-3/xercesc/validators/schema/GeneralAttributeCheck.hpp,258,30,64,164
include/botan-3/botan/exceptn.h,359,56,140,163
include/botan-3/xercesc/util/XMLUri.hpp,663,82,418,163
include/botan-3/xercesc/framework/XMLEntityDecl.hpp,512,86,266,160
include/botan-3/xercesc/util/XMLException.hpp,276,38,79,159
include/botan-3/xercesc/internal/XSObjectFactory.hpp,237,34,44,159
include/botan-3/botan/der_enc.h,247,50,42,155
include/botan-3/xercesc/framework/psvi/XSSimpleTypeDefinition.hpp,458,67,236,155
include/botan-3/xercesc/util/Janitor.c,248,55,39,154
include/botan-3/xercesc/util/ValueArrayOf.c,252,46,52,154
include/botan-3/xercesc/util/XMLURL.hpp,292,37,102,153
include/botan-3/xercesc/util/PlatformUtils.hpp,839,90,596,153
include/botan-3/botan/curve_gfp.h,265,60,53,152
include/botan-3/xercesc/util/LogicalPath.c,275,37,88,150
include/botan-3/botan/point_gfp.h,396,60,187,149
include/botan-3/xercesc/validators/datatype/UnionDatatypeValidator.hpp,320,61,110,149
include/botan-3/xercesc/framework/XMLAttr.hpp,501,57,296,148
include/botan-3/xercesc/util/regx/RegxParser.hpp,284,60,80,144
include/botan-3/xercesc/framework/XMLValidator.hpp,426,61,222,143
include/botan-3/xercesc/validators/schema/SchemaAttDef.hpp,252,35,74,143
include/botan-3/xercesc/validators/schema/XercesAttGroupInfo.hpp,257,57,57,143
include/botan-3/xercesc/framework/XMLElementDecl.hpp,552,84,326,142
include/botan-3/xercesc/validators/common/CMLeaf.hpp,253,34,79,140
include/botan-3/xercesc/sax/HandlerBase.hpp,466,53,274,139
include/botan-3/botan/pkcs8.h,335,29,167,139
include/botan-3/xercesc/validators/DTD/DTDScanner.hpp,277,27,112,138
include/botan-3/xercesc/framework/XMLBuffer.hpp,281,36,108,137
include/botan-3/botan/ec_group.h,418,71,210,137
include/botan-3/xercesc/util/KVStringPair.hpp,223,28,61,134
include/botan-3/botan/rng.h,323,43,148,132
include/botan-3/botan/p11_rsa.h,244,44,68,132
include/botan-3/xercesc/util/NetAccessors/BinHTTPInputStreamCommon.hpp,228,36,60,132
include/botan-3/xercesc/framework/XMLValidityCodes.hpp,147,12,4,131
include/botan-3/xercesc/util/regx/Op.hpp,306,54,124,128
include/botan-3/xercesc/util/regx/Token.hpp,262,61,73,128
include/botan-3/xercesc/util/RefHash3KeysIdPool.hpp,279,41,117,121
include/botan-3/xercesc/validators/common/DFAContentModel.hpp,274,29,124,121
include/botan-3/botan/roughtime.h,167,26,21,120
include/botan-3/xercesc/parsers/XercesDOMParser.hpp,696,79,497,120
include/botan-3/botan/ocsp.h,282,49,114,119
include/botan-3/botan/p11_ecc_key.h,233,39,76,118
include/botan-3/xercesc/util/Transcoders/Win32/Win32TransService.hpp,277,59,101,117
include/botan-3/botan/block_cipher.h,259,33,111,115
include/botan-3/xercesc/util/XMLUniDefs.hpp,154,13,27,114
include/botan-3/xercesc/validators/schema/XSDDOMParser.hpp,322,36,172,114
include/botan-3/xercesc/validators/common/MixedContentModel.hpp,212,27,71,114
include/botan-3/xercesc/validators/datatype/AbstractStringValidator.hpp,250,60,78,112
include/botan-3/xercesc/validators/common/SimpleContentModel.hpp,212,26,76,110
include/botan-3/xercesc/framework/XMLNotationDecl.hpp,231,38,83,110
include/botan-3/xercesc/sax2/SAX2XMLReader.hpp,893,69,715,109
include/botan-3/xercesc/util/RefHashTableOf.hpp,255,39,108,108
include/botan-3/xercesc/validators/DTD/DTDEntityDecl.hpp,204,31,65,108
include/botan-3/xercesc/internal/DGXMLScanner.hpp,192,19,65,108
include/botan-3/xercesc/validators/DTD/DTDElementDecl.hpp,247,33,107,107
include/botan-3/xercesc/framework/psvi/XSModel.hpp,338,46,186,106
include/botan-3/xercesc/validators/common/Grammar.hpp,204,35,64,105
include/botan-3/xercesc/util/QName.hpp,217,35,78,104
include/botan-3/botan/assert.h,173,25,44,104
include/botan-3/xercesc/util/RefHash2KeysTableOf.hpp,258,41,114,103
include/botan-3/xercesc/dom/impl/DOMRangeImpl.hpp,176,31,42,103
include/botan-3/xercesc/framework/psvi/XSElementDeclaration.hpp,307,54,151,102
include/botan-3/xercesc/dom/impl/DOMLSSerializerImpl.hpp,232,41,89,102
include/botan-3/xercesc/validators/schema/XercesGroupInfo.hpp,204,47,57,100
include/botan-3/botan/pk_keys.h,331,43,190,98
include/botan-3/xercesc/dom/impl/DOMStringPool.hpp,211,35,78,98
include/botan-3/botan/kyber.h,151,41,12,98
include/botan-3/xercesc/dom/DOMNode.hpp,922,57,768,97
include/botan-3/xercesc/framework/XMLBufferMgr.hpp,212,36,79,97
include/botan-3/botan/kdf.h,215,22,96,97
include/botan-3/xercesc/validators/datatype/AbstractNumericFacetValidator.hpp,201,52,52,97
include/botan-3/botan/tls_session.h,243,42,106,95
include/botan-3/xercesc/util/XMLBigDecimal.hpp,206,39,72,95
include/botan-3/botan/p11_types.h,209,41,73,95
include/botan-3/botan/tls_callbacks.h,433,37,301,95
include/botan-3/botan/x509_ca.h,249,24,131,94
include/botan-3/xercesc/util/Base64.hpp,266,33,139,94
include/botan-3/xercesc/validators/schema/identity/FieldValueMap.hpp,198,42,62,94
include/botan-3/xercesc/validators/datatype/DecimalDatatypeValidator.hpp,218,48,76,94
include/botan-3/xercesc/validators/common/AllContentModel.hpp,177,23,60,94
include/botan-3/xercesc/dom/impl/DOMErrorImpl.hpp,188,32,63,93
include/botan-3/botan/pipe.h,379,54,233,92
include/botan-3/xercesc/validators/schema/identity/IdentityConstraint.hpp,223,46,85,92
include/botan-3/xercesc/dom/impl/DOMDeepNodeListPool.hpp,200,27,82,91
include/botan-3/botan/x509cert.h,425,70,264,91
include/botan-3/xercesc/dom/impl/DOMLocatorImpl.hpp,187,33,63,91
include/botan-3/xercesc/util/RefStackOf.c,160,31,39,90
include/botan-3/botan/sym_algo.h,190,26,74,90
include/botan-3/xercesc/util/regx/RangeTokenMap.hpp,232,42,100,90
include/botan-3/botan/pkix_enums.h,138,20,29,89
include/botan-3/xercesc/validators/datatype/DatatypeValidatorFactory.hpp,285,45,151,89
include/botan-3/botan/pbkdf.h,254,26,139,89
include/botan-3/xercesc/framework/psvi/XSComplexTypeDefinition.hpp,294,49,156,89
include/botan-3/botan/secmem.h,133,22,22,89
include/botan-3/xercesc/util/ValueHashTableOf.hpp,229,40,100,89
include/botan-3/xercesc/util/XMLDOMMsg.hpp,104,12,4,88
include/botan-3/xercesc/dom/DOMDocument.hpp,819,57,675,87
include/botan-3/xercesc/validators/datatype/ListDatatypeValidator.hpp,226,43,96,87
include/botan-3/xercesc/framework/psvi/PSVIItem.hpp,309,48,175,86
include/botan-3/xercesc/util/XMLAbstractDoubleFloat.hpp,221,45,90,86
include/botan-3/xercesc/util/XMLResourceIdentifier.hpp,214,27,102,85
include/botan-3/xercesc/validators/schema/SchemaAttDefList.hpp,181,25,71,85
include/botan-3/xercesc/validators/DTD/DocTypeHandler.hpp,145,28,32,85
include/botan-3/botan/tls_algos.h,131,32,14,85
include/botan-3/botan/dl_group.h,357,54,219,84
include/botan-3/botan/compiler.h,160,29,47,84
include/botan-3/xercesc/validators/common/CMNode.hpp,193,29,81,83
include/botan-3/xercesc/internal/WFXMLScanner.hpp,153,16,54,83
include/botan-3/botan/mceliece.h,148,39,26,83
include/botan-3/botan/argon2.h,142,31,29,82
include/botan-3/botan/tls_ciphersuite.h,188,41,65,82
include/botan-3/xercesc/util/Hash2KeysSetOf.hpp,223,36,106,81
include/botan-3/xercesc/validators/common/GrammarResolver.hpp,271,46,145,80
include/botan-3/xercesc/util/XercesDefs.hpp,173,19,74,80
include/botan-3/botan/dlies.h,163,19,64,80
include/botan-3/botan/rsa.h,182,39,64,79
include/botan-3/xercesc/util/ValueStackOf.c,146,30,37,79
include/botan-3/xercesc/validators/datatype/BooleanDatatypeValidator.hpp,193,36,79,78
include/botan-3/xercesc/framework/XMLDocumentHandler.hpp,283,26,180,77
include/botan-3/xercesc/dom/impl/DOMElementImpl.hpp,143,27,39,77
include/botan-3/botan/asn1_print.h,133,21,37,75
include/botan-3/botan/buf_comp.h,178,23,80,75
include/botan-3/xercesc/util/RefArrayVectorOf.c,122,20,27,75
include/botan-3/xercesc/framework/psvi/PSVIAttributeList.hpp,215,35,105,75
include/botan-3/xercesc/sax/SAXException.hpp,230,31,124,75
include/botan-3/xercesc/framework/XMLRefInfo.hpp,181,29,79,73
include/botan-3/xercesc/validators/schema/identity/XPathMatcher.hpp,182,23,86,73
include/botan-3/xercesc/util/StringPool.hpp,175,28,74,73
include/botan-3/xercesc/validators/common/CMRepeatingLeaf.hpp,136,19,45,72
include/botan-3/xercesc/sax/InputSource.hpp,337,50,215,72
include/botan-3/xercesc/dom/impl/DOMNormalizer.hpp,166,27,67,72
include/botan-3/botan/psk_db.h,166,32,62,72
include/botan-3/xercesc/xinclude/XIncludeUtils.hpp,267,29,167,71
include/botan-3/xercesc/internal/XMLInternalErrorHandler.hpp,139,19,49,71
include/botan-3/xercesc/framework/psvi/XSNamespaceItem.hpp,245,39,136,70
include/botan-3/xercesc/util/XMLBigInteger.hpp,175,32,73,70
include/botan-3/xercesc/framework/psvi/XSAttributeDeclaration.hpp,210,41,100,69
include/botan-3/xercesc/validators/DTD/DTDValidator.hpp,158,26,63,69
include/botan-3/xercesc/framework/XMLContentModel.hpp,145,19,58,68
include/botan-3/xercesc/dom/impl/DOMLSInputImpl.hpp,134,24,42,68
include/botan-3/botan/tls_version.h,164,30,66,68
include/botan-3/xercesc/util/NameIdPool.hpp,207,29,110,68
include/botan-3/xercesc/framework/psvi/XSWildcard.hpp,201,35,99,67
include/botan-3/xercesc/util/Janitor.hpp,166,32,67,67
include/botan-3/xercesc/util/BaseRefVectorOf.hpp,158,21,70,67
include/botan-3/xercesc/framework/psvi/XSAnnotation.hpp,195,37,91,67
include/botan-3/botan/data_src.h,181,28,86,67
include/botan-3/botan/pbkdf2.h,117,23,28,66
include/botan-3/botan/pgp_s2k.h,140,24,50,66
include/botan-3/xercesc/validators/DTD/DTDAttDefList.hpp,161,21,75,65
include/botan-3/botan/p11_ecdsa.h,135,26,44,65
include/botan-3/xercesc/dom/impl/DOMAttrImpl.hpp,137,29,43,65
include/botan-3/xercesc/sax2/ContentHandler.hpp,340,23,252,65
include/botan-3/botan/xmss_parameters.h,119,19,36,64
include/botan-3/botan/tls_session_manager.h,160,33,63,64
include/botan-3/botan/xmss_hash.h,156,19,73,64
include/botan-3/botan/p11_x509.h,117,23,31,63
include/botan-3/xercesc/util/ValueVectorOf.hpp,162,25,74,63
include/botan-3/xercesc/util/XMLUTF8Transcoder.hpp,118,19,36,63
include/botan-3/xercesc/util/regx/Match.hpp,163,34,66,63
include/botan-3/xercesc/util/RefArrayOf.hpp,150,25,63,62
include/botan-3/botan/p11_ecdh.h,129,23,44,62
include/botan-3/xercesc/validators/schema/identity/IdentityConstraintHandler.hpp,159,29,68,62
include/botan-3/xercesc/util/ValueArrayOf.hpp,150,25,63,62
include/botan-3/xercesc/framework/psvi/XSConstants.hpp,196,17,117,62
include/botan-3/xercesc/framework/psvi/XSParticle.hpp,198,32,104,62
include/botan-3/botan/tls_alert.h,123,18,43,62
include/botan-3/botan/sm2.h,126,26,38,62
include/botan-3/xercesc/util/TransENameMap.hpp,166,33,72,61
include/botan-3/botan/filter.h,170,32,77,61
include/botan-3/botan/ecc_key.h,173,28,84,61
include/botan-3/xercesc/framework/XMLGrammarPool.hpp,322,40,221,61
include/botan-3/botan/cipher_mode.h,198,27,110,61
include/botan-3/xercesc/util/regx/RangeToken.hpp,146,27,59,60
include/botan-3/xercesc/util/Xerces_autoconf_config.hpp,148,22,66,60
include/botan-3/botan/scrypt.h,128,22,46,60
include/botan-3/xercesc/validators/schema/identity/IC_Selector.hpp,155,28,67,60
include/botan-3/botan/x509_crl.h,195,38,97,60
include/botan-3/xercesc/util/KeyRefPair.c,113,23,31,59
include/botan-3/xercesc/util/CountedPointer.c,107,20,28,59
include/botan-3/xercesc/framework/psvi/XSNamedMap.c,124,14,51,59
include/botan-3/botan/stateful_rng.h,166,33,74,59
include/botan-3/xercesc/validators/datatype/FloatDatatypeValidator.hpp,145,26,60,59
include/botan-3/xercesc/validators/datatype/DoubleDatatypeValidator.hpp,146,27,60,59
include/botan-3/botan/ed25519.h,115,29,27,59
include/botan-3/xercesc/validators/schema/identity/ValueStoreCache.hpp,172,29,85,58
include/botan-3/xercesc/util/XMLMsgLoader.hpp,182,27,97,58
include/botan-3/botan/srp6.h,155,16,81,58
include/botan-3/xercesc/dom/DOMLSParser.hpp,766,37,672,57
include/botan-3/xercesc/framework/XMLAttDefList.hpp,171,32,82,57
include/botan-3/xercesc/util/XMLInitializer.hpp,157,29,71,57
include/botan-3/botan/x509self.h,222,40,125,57
include/botan-3/xercesc/internal/ValidationContextImpl.hpp,173,38,78,57
include/botan-3/xercesc/validators/schema/NamespaceScope.hpp,169,29,83,57
include/botan-3/xercesc/dom/impl/DOMConfigurationImpl.hpp,150,38,56,56
include/botan-3/xercesc/dom/impl/DOMAttrMapImpl.hpp,125,26,43,56
include/botan-3/xercesc/framework/psvi/PSVIAttribute.hpp,179,33,90,56
include/botan-3/xercesc/validators/common/ContentLeafNameTypeVector.hpp,119,20,44,55
include/botan-3/xercesc/validators/schema/identity/ValueStore.hpp,146,23,68,55
include/botan-3/botan/tls_signature_scheme.h,106,24,27,55
include/botan-3/xercesc/framework/XMLRecognizer.hpp,138,18,65,55
include/botan-3/xercesc/util/ValueStackOf.hpp,155,27,74,54
include/botan-3/xercesc/util/XML256TableTranscoder.hpp,146,19,73,54
include/botan-3/xercesc/util/BinMemInputStream.hpp,134,22,58,54
include/botan-3/xercesc/framework/URLInputSource.hpp,236,33,149,54
include/botan-3/xercesc/util/OutOfMemoryException.hpp,96,16,26,54
include/botan-3/xercesc/validators/schema/identity/IC_Field.hpp,152,28,70,54
include/botan-3/xercesc/util/regx/TokenFactory.hpp,134,22,58,54
include/botan-3/botan/curve25519.h,125,30,41,54
include/botan-3/xercesc/validators/datatype/AnySimpleTypeDatatypeValidator.hpp,180,34,93,53
include/botan-3/xercesc/util/KeyValuePair.c,104,20,31,53
include/botan-3/xercesc/internal/XSerializable.hpp,117,21,43,53
include/botan-3/xercesc/validators/datatype/NameDatatypeValidator.hpp,151,26,72,53
include/botan-3/botan/mac.h,158,21,84,53
include/botan-3/xercesc/framework/XMLPScanToken.hpp,151,28,70,53
include/botan-3/xercesc/dom/impl/DOMDocumentTypeImpl.hpp,107,22,32,53
include/botan-3/xercesc/util/XMLNetAccessor.hpp,139,21,65,53
include/botan-3/xercesc/util/RefStackOf.hpp,152,25,74,53
include/botan-3/xercesc/framework/psvi/XSAttributeUse.hpp,156,33,70,53
include/botan-3/xercesc/util/XMLStringTokenizer.hpp,218,40,125,53
include/botan-3/xercesc/framework/Wrapper4InputSource.hpp,290,42,195,53
include/botan-3/xercesc/validators/datatype/NCNameDatatypeValidator.hpp,152,27,72,53
include/botan-3/xercesc/framework/psvi/PSVIElement.hpp,174,31,90,53
include/botan-3/xercesc/dom/DOM.hpp,87,9,25,53
include/botan-3/xercesc/validators/datatype/IDREFDatatypeValidator.hpp,135,24,59,52
include/botan-3/xercesc/validators/datatype/DateTimeValidator.hpp,126,30,44,52
include/botan-3/botan/tls_magic.h,99,26,21,52
include/botan-3/xercesc/validators/datatype/IDDatatypeValidator.hpp,132,21,59,52
include/botan-3/xercesc/validators/datatype/StringDatatypeValidator.hpp,114,21,41,52
include/botan-3/xercesc/validators/datatype/ENTITYDatatypeValidator.hpp,144,26,67,51
include/botan-3/xercesc/dom/DOMException.hpp,257,24,182,51
include/botan-3/xercesc/dom/DOMElement.hpp,528,47,430,51
include/botan-3/botan/ecdsa.h,119,20,48,51
include/botan-3/xercesc/framework/psvi/XSIDCDefinition.hpp,190,37,102,51
include/botan-3/xercesc/validators/DTD/DTDAttDef.hpp,141,21,69,51
include/botan-3/xercesc/validators/schema/identity/XPathMatcherStack.hpp,139,30,58,51
include/botan-3/xercesc/dom/impl/DOMEntityImpl.hpp,107,21,35,51
include/botan-3/botan/x509_obj.h,145,28,66,51
include/botan-3/xercesc/validators/datatype/AbstractNumericValidator.hpp,109,22,37,50
include/botan-3/xercesc/framework/psvi/XSMultiValueFacet.hpp,152,32,70,50
include/botan-3/xercesc/validators/schema/XSDErrorReporter.hpp,115,19,46,50
include/botan-3/botan/certstor.h,154,25,79,50
include/botan-3/botan/tls_client.h,117,27,40,50
include/botan-3/xercesc/util/regx/RegxUtil.hpp,109,26,33,50
include/botan-3/xercesc/framework/psvi/XSAttributeGroupDefinition.hpp,167,33,84,50
include/botan-3/botan/database.h,88,25,14,49
include/botan-3/botan/bcrypt_pbkdf.h,85,22,14,49
include/botan-3/xercesc/framework/psvi/XSFacet.hpp,151,31,71,49
include/botan-3/xercesc/framework/psvi/XSTypeDefinition.hpp,214,38,127,49
include/botan-3/xercesc/util/MsgLoaders/Win32/Win32MsgLoader.hpp,112,15,48,49
include/botan-3/botan/pwdhash.h,186,22,115,49
include/botan-3/xercesc/dom/DOMRange.hpp,530,39,443,48
include/botan-3/botan/stream_cipher.h,155,22,85,48
include/botan-3/xercesc/dom/DOMXPathResult.hpp,351,28,275,48
include/botan-3/xercesc/dom/StDOMNode.hpp,95,16,31,48
include/botan-3/botan/tls_channel.h,158,25,85,48
include/botan-3/xercesc/framework/psvi/XSModelGroup.hpp,156,28,80,48
include/botan-3/botan/tls_server_info.h,104,19,37,48
include/botan-3/xercesc/framework/XMLSchemaDescription.hpp,178,28,103,47
include/botan-3/xercesc/dom/impl/DOMTextImpl.hpp,103,20,36,47
include/botan-3/botan/dl_algo.h,140,29,64,47
.github/workflows/build.yml,53,6,0,47
include/botan-3/botan/tls_server.h,120,28,45,47
include/botan-3/botan/gost_3410.h,106,21,39,46
include/botan-3/xercesc/validators/schema/identity/FieldActivator.hpp,141,27,68,46
include/botan-3/xercesc/util/BinFileInputStream.hpp,107,20,41,46
include/botan-3/botan/hex.h,148,16,86,46
include/botan-3/xercesc/util/regx/XMLUniCharacter.hpp,101,13,42,46
include/botan-3/xercesc/sax/DocumentHandler.hpp,283,22,215,46
include/botan-3/botan/certstor_sql.h,117,22,50,45
include/botan-3/botan/pkcs10.h,148,26,77,45
include/botan-3/xercesc/util/XMLUTF16Transcoder.hpp,105,17,43,45
include/botan-3/xercesc/dom/impl/DOMParentNode.hpp,114,23,46,45
include/botan-3/botan/ecdh.h,108,18,45,45
include/botan-3/botan/fpe_fe1.h,123,23,55,45
include/botan-3/xercesc/util/XMLUCS4Transcoder.hpp,104,16,43,45
include/botan-3/xercesc/validators/schema/XSDLocator.hpp,141,22,74,45
include/botan-3/xercesc/framework/psvi/PSVIHandler.hpp,148,21,82,45
include/botan-3/xercesc/framework/ValidationContext.hpp,139,29,65,45
include/botan-3/botan/credentials_manager.h,154,15,95,44
include/botan-3/xercesc/dom/impl/DOMTypeInfoImpl.hpp,106,17,45,44
include/botan-3/xercesc/internal/EndOfEntityException.hpp,116,21,51,44
include/botan-3/xercesc/internal/VecAttributesImpl.hpp,117,18,55,44
include/botan-3/xercesc/dom/impl/DOMCasts.hpp,146,20,82,44
include/botan-3/xercesc/validators/datatype/TimeDatatypeValidator.hpp,104,19,41,44
include/botan-3/botan/newhope.h,85,16,25,44
include/botan-3/xercesc/dom/impl/DOMCDATASectionImpl.hpp,98,19,35,44
include/botan-3/botan/otp.h,117,16,57,44
include/botan-3/xercesc/dom/impl/DOMTreeWalkerImpl.hpp,168,39,86,43
include/botan-3/xercesc/dom/impl/DOMImplementationImpl.hpp,102,19,40,43
include/botan-3/botan/zfec.h,96,16,37,43
include/botan-3/xercesc/framework/MemBufInputSource.hpp,230,30,157,43
include/botan-3/xercesc/util/XMLChTranscoder.hpp,90,14,33,43
include/botan-3/xercesc/util/XML88591Transcoder.hpp,93,14,36,43
include/botan-3/xercesc/validators/datatype/DateTimeDatatypeValidator.hpp,102,18,41,43
include/botan-3/xercesc/dom/impl/DOMNodeVector.hpp,88,17,28,43
include/botan-3/botan/eckcdsa.h,98,18,37,43
include/botan-3/botan/ecgdsa.h,98,18,37,43
include/botan-3/xercesc/util/XMLASCIITranscoder.hpp,93,14,36,43
include/botan-3/xercesc/validators/datatype/DateDatatypeValidator.hpp,101,17,41,43
include/botan-3/xercesc/sax2/DeclHandler.hpp,163,15,105,43
include/botan-3/botan/entropy_src.h,87,19,26,42
include/botan-3/xercesc/internal/XMLScannerResolver.hpp,79,12,25,42
include/botan-3/xercesc/dom/impl/DOMNodeIteratorImpl.hpp,122,24,56,42
include/botan-3/xercesc/util/regx/ClosureToken.hpp,114,26,46,42
include/botan-3/xercesc/validators/datatype/QNameDatatypeValidator.hpp,106,21,43,42
include/botan-3/xercesc/util/regx/OpFactory.hpp,116,16,59,41
include/botan-3/xercesc/sax/Parser.hpp,245,20,184,41
include/botan-3/xercesc/validators/datatype/Base64BinaryDatatypeValidator.hpp,100,21,38,41
include/botan-3/xercesc/validators/datatype/NOTATIONDatatypeValidator.hpp,103,19,43,41
include/botan-3/xercesc/validators/schema/XMLSchemaDescriptionImpl.hpp,185,30,114,41
include/botan-3/xercesc/util/XercesVersion.hpp,219,27,152,40
include/botan-3/xercesc/validators/datatype/AnyURIDatatypeValidator.hpp,95,17,38,40
include/botan-3/xercesc/internal/BinFileOutputStream.hpp,100,19,41,40
include/botan-3/xercesc/dom/impl/DOMLSOutputImpl.hpp,92,19,33,40
include/botan-3/botan/hmac_drbg.h,150,18,92,40
include/botan-3/xercesc/framework/XMLGrammarPoolImpl.hpp,279,39,200,40
include/botan-3/xercesc/validators/datatype/DurationDatatypeValidator.hpp,98,17,41,40
include/botan-3/xercesc/dom/impl/DOMElementNSImpl.hpp,95,18,38,39
include/botan-3/botan/p11_randomgenerator.h,70,16,15,39
include/botan-3/botan/elgamal.h,87,15,33,39
include/botan-3/xercesc/validators/datatype/HexBinaryDatatypeValidator.hpp,101,19,43,39
include/botan-3/xercesc/framework/psvi/XSModelGroupDefinition.hpp,150,31,80,39
include/botan-3/botan/base64.h,141,15,87,39
include/botan-3/botan/numthry.h,180,22,119,39
include/botan-3/xercesc/dom/DOMImplementation.hpp,249,24,186,39
Calculate.c,50,9,2,39
include/botan-3/xercesc/util/regx/BMPattern.hpp,157,22,96,39
include/botan-3/xercesc/framework/XMLErrorReporter.hpp,162,24,99,39
include/botan-3/botan/dsa.h,86,15,33,38
include/botan-3/xercesc/sax2/Attributes.hpp,313,27,248,38
include/botan-3/xercesc/framework/psvi/XSObject.hpp,152,28,86,38
include/botan-3/botan/base58.h,76,16,22,38
include/botan-3/xercesc/dom/impl/DOMCharacterDataImpl.hpp,89,16,35,38
include/botan-3/botan/symkey.h,152,26,88,38
include/botan-3/xercesc/dom/impl/DOMProcessingInstructionImpl.hpp,92,20,34,38
include/botan-3/xercesc/validators/datatype/YearMonthDatatypeValidator.hpp,95,17,41,37
include/botan-3/xercesc/validators/datatype/MonthDayDatatypeValidator.hpp,95,17,41,37
include/botan-3/xercesc/validators/datatype/YearDatatypeValidator.hpp,95,17,41,37
include/botan-3/xercesc/dom/impl/DOMXPathExpressionImpl.hpp,69,13,19,37
include/botan-3/xercesc/util/XMLNumber.hpp,102,18,47,37
include/botan-3/botan/base32.h,127,13,77,37
include/botan-3/xercesc/validators/datatype/DayDatatypeValidator.hpp,95,17,41,37
include/botan-3/botan/tls_session_manager_sql.h,81,19,25,37
include/botan-3/xercesc/validators/datatype/MonthDatatypeValidator.hpp,95,17,41,37
include/botan-3/xercesc/dom/DOMNodeFilter.hpp,221,17,168,36
include/botan-3/xercesc/framework/psvi/XSNotationDeclaration.hpp,154,34,84,36
include/botan-3/botan/aead.h,145,16,93,36
include/botan-3/botan/tss.h,104,17,51,36
include/botan-3/xercesc/framework/Wrapper4DOMLSInput.hpp,230,32,162,36
include/botan-3/botan/mutex.h,60,18,6,36
include/botan-3/xercesc/dom/DOMMemoryManager.hpp,160,20,104,36
include/botan-3/xercesc/framework/psvi/XSNamedMap.hpp,138,26,76,36
include/botan-3/xercesc/dom/impl/DOMXPathResultImpl.hpp,66,11,19,36
include/botan-3/xercesc/framework/XMLEntityHandler.hpp,157,23,99,35
include/botan-3/botan/data_snk.h,76,16,25,35
include/botan-3/botan/dh.h,83,15,33,35
include/botan-3/xercesc/util/regx/StringToken.hpp,100,19,46,35
include/botan-3/xercesc/sax2/LexicalHandler.hpp,172,18,119,35
include/botan-3/botan/pem.h,91,15,42,34
include/botan-3/xercesc/dom/impl/DOMCommentImpl.hpp,84,17,33,34
include/botan-3/xercesc/util/BitSet.hpp,107,21,52,34
include/botan-3/xercesc/internal/XSAXMLScanner.hpp,98,15,49,34
include/botan-3/xercesc/dom/impl/DOMDeepNodeListImpl.hpp,80,15,31,34
include/botan-3/botan/x509_key.h,86,13,39,34
include/botan-3/xercesc/dom/impl/DOMNamedNodeMapImpl.hpp,80,16,30,34
include/botan-3/xercesc/dom/DOMImplementationLS.hpp,183,18,131,34
include/botan-3/xercesc/internal/XProtoType.hpp,93,20,39,34
include/botan-3/botan/auto_rng.h,102,21,47,34
include/botan-3/xercesc/dom/DOMPSVITypeInfo.hpp,118,14,70,34
include/botan-3/xercesc/internal/BinMemOutputStream.hpp,103,19,50,34
include/botan-3/xercesc/sax/SAXParseException.hpp,185,19,132,34
include/botan-3/xercesc/validators/common/CMBinaryOp.hpp,92,17,42,33
include/botan-3/xercesc/sax/DTDHandler.hpp,159,18,108,33
include/botan-3/xercesc/validators/schema/identity/XPathSymbols.hpp,75,11,31,33
include/botan-3/xercesc/util/TransENameMap.c,81,17,31,33
include/botan-3/xercesc/util/XMemory.hpp,144,20,91,33
include/botan-3/botan/types.h,113,10,70,33
include/botan-3/xercesc/internal/VecAttrListImpl.hpp,96,15,48,33
include/botan-3/xercesc/framework/LocalFileFormatTarget.hpp,99,16,50,33
include/botan-3/botan/chacha_rng.h,125,18,75,32
include/botan-3/xercesc/util/PanicHandler.hpp,112,18,62,32
include/botan-3/xercesc/util/Mutexes.hpp,108,22,54,32
include/botan-3/xercesc/validators/schema/SubstitutionGroupComparator.hpp,126,25,69,32
include/botan-3/xercesc/framework/MemBufFormatTarget.hpp,136,18,86,32
include/botan-3/botan/certstor_windows.h,89,14,43,32
include/botan-3/xercesc/validators/common/CMAny.hpp,99,16,51,32
include/botan-3/xercesc/validators/datatype/XMLCanRepGroup.hpp,75,18,25,32
include/botan-3/xercesc/dom/impl/DOMAttrNSImpl.hpp,85,14,39,32
include/botan-3/xercesc/dom/DOMLSInput.hpp,274,34,208,32
include/botan-3/xercesc/dom/DOMLSSerializer.hpp,547,23,493,31
include/botan-3/xercesc/dom/impl/DOMNotationImpl.hpp,93,23,39,31
include/botan-3/xercesc/dom/DOMTreeWalker.hpp,276,25,220,31
include/botan-3/xercesc/util/SynchronizedStringPool.hpp,86,13,42,31
include/botan-3/xercesc/dom/impl/DOMEntityReferenceImpl.hpp,79,17,31,31
include/botan-3/xercesc/validators/schema/XercesElementWildcard.hpp,81,16,34,31
include/botan-3/botan/pkcs11.h,264,29,204,31
include/botan-3/botan/certstor_flatfile.h,77,12,34,31
include/botan-3/xercesc/dom/impl/DOMNodeIDMap.hpp,86,16,40,30
include/botan-3/botan/hash.h,99,16,53,30
include/botan-3/botan/tls_handshake_msg.h,66,13,24,29
include/botan-3/xercesc/util/XMLFloat.hpp,97,19,49,29
include/botan-3/botan/uuid.h,69,18,22,29
include/botan-3/xercesc/util/XMLDouble.hpp,99,20,50,29
include/botan-3/xercesc/util/regx/ParenToken.hpp,87,18,40,29
include/botan-3/xercesc/dom/DOMError.hpp,173,21,123,29
include/botan-3/xercesc/validators/schema/identity/IC_KeyRef.hpp,92,20,43,29
include/botan-3/xercesc/validators/common/CMUnaryOp.hpp,88,18,41,29
include/botan-3/xercesc/util/regx/UnicodeRangeFactory.hpp,88,15,44,29
include/botan-3/xercesc/util/SecurityManager.hpp,116,17,70,29
include/botan-3/botan/pk_algs.h,57,12,17,28
include/botan-3/xercesc/validators/schema/XUtil.hpp,71,14,29,28
include/botan-3/xercesc/util/KeyRefPair.hpp,81,15,38,28
src/FileCode.c,38,6,4,28
include/botan-3/xercesc/dom/DOMUserDataHandler.hpp,140,15,97,28
include/botan-3/xercesc/util/Hashers.hpp,95,11,56,28
include/botan-3/xercesc/util/BitOps.hpp,67,11,28,28
include/botan-3/xercesc/dom/DOMXPathEvaluator.hpp,180,18,134,28
include/botan-3/xercesc/dom/DOMCharacterData.hpp,215,21,166,28
include/botan-3/xercesc/util/XMLInteger.hpp,82,17,37,28
include/botan-3/xercesc/sax2/XMLReaderFactory.hpp,71,11,32,28
include/botan-3/botan/reducer.h,76,14,35,27
include/botan-3/xercesc/framework/XMLGrammarDescription.hpp,105,16,62,27
include/botan-3/xercesc/validators/DTD/XMLDTDDescriptionImpl.hpp,108,18,63,27
include/botan-3/xercesc/util/XMLFileMgr.hpp,63,14,22,27
include/botan-3/xercesc/dom/DOMDocumentTraversal.hpp,155,18,110,27
include/botan-3/xercesc/framework/LocalFileInputSource.hpp,152,19,106,27
include/botan-3/xercesc/dom/DOMNamedNodeMap.hpp,245,21,197,27
include/botan-3/botan/cryptobox.h,79,14,38,27
include/botan-3/xercesc/util/XMLEntityResolver.hpp,178,18,133,27
include/botan-3/xercesc/util/KeyValuePair.hpp,81,16,38,27
include/botan-3/xercesc/util/regx/UnionToken.hpp,91,18,46,27
include/botan-3/xercesc/util/HexBin.hpp,128,21,80,27
include/botan-3/xercesc/dom/DOMTypeInfo.hpp,196,15,154,27
include/botan-3/botan/tls_exceptn.h,52,13,12,27
include/botan-3/xercesc/sax/AttributeList.hpp,229,18,185,26
include/botan-3/xercesc/util/regx/ParserForXMLSchema.hpp,86,14,46,26
include/botan-3/xercesc/dom/DOMNodeIterator.hpp,196,18,152,26
include/botan-3/xercesc/dom/impl/DOMXPathNSResolverImpl.hpp,58,13,19,26
include/botan-3/xercesc/util/FileManagers/WindowsFileMgr.hpp,63,14,23,26
FileCode.c,37,7,5,25
include/botan-3/xercesc/framework/XMLDTDDescription.hpp,103,15,63,25
include/botan-3/xercesc/util/RefArrayVectorOf.hpp,70,10,35,25
include/botan-3/xercesc/sax/EntityResolver.hpp,165,19,121,25
include/botan-3/xercesc/dom/DOMAttr.hpp,176,22,129,25
include/botan-3/xercesc/dom/impl/DOMStringListImpl.hpp,56,11,20,25
include/botan-3/xercesc/util/NetAccessors/WinSock/WinSockNetAccessor.hpp,65,16,24,25
include/botan-3/xercesc/util/regx/ConcatToken.hpp,81,16,40,25
include/botan-3/xercesc/dom/DOMLSParserFilter.hpp,164,17,123,24
src/main.cpp,34,9,1,24
include/botan-3/xercesc/framework/StdInInputSource.hpp,108,24,60,24
include/botan-3/xercesc/util/regx/CharToken.hpp,88,18,46,24
include/botan-3/xercesc/framework/MemoryManager.hpp,125,25,76,24
include/botan-3/xercesc/dom/DOMXPathException.hpp,105,13,68,24
include/botan-3/xercesc/util/CountedPointer.hpp,69,12,33,24
include/botan-3/xercesc/dom/impl/XSDElementNSImpl.hpp,71,16,31,24
include/botan-3/xercesc/dom/impl/DOMDocumentFragmentImpl.hpp,69,14,31,24
include/botan-3/xercesc/dom/impl/DOMImplementationListImpl.hpp,56,12,20,24
include/botan-3/xercesc/dom/DOMLSOutput.hpp,169,20,125,24
include/botan-3/xercesc/dom/DOMConfiguration.hpp,454,18,412,24
include/botan-3/xercesc/sax/ErrorHandler.hpp,168,21,123,24
include/botan-3/xercesc/dom/DOMLocator.hpp,135,19,93,23
include/botan-3/xercesc/dom/DOMDocumentType.hpp,160,21,116,23
include/botan-3/botan/nist_keywrap.h,67,11,33,23
src/MemsetCode.c,27,4,0,23
include/botan-3/xercesc/util/FlagJanitor.c,62,9,30,23
include/botan-3/xercesc/dom/impl/DOMNodeListImpl.hpp,73,13,37,23
include/botan-3/xercesc/validators/schema/identity/IC_Unique.hpp,84,18,43,23
include/botan-3/xercesc/validators/schema/identity/IC_Key.hpp,80,17,40,23
include/botan-3/botan/certstor_system.h,42,14,5,23
include/botan-3/botan/version.h,101,17,61,23
include/botan-3/xercesc/util/BinInputStream.hpp,87,15,49,23
include/botan-3/xercesc/util/XMLIBM1140Transcoder.hpp,71,12,36,23
include/botan-3/xercesc/util/XMLIBM1047Transcoder.hpp,72,12,37,23
include/botan-3/xercesc/util/XMLEBCDICTranscoder.hpp,73,12,38,23
include/botan-3/xercesc/sax/Locator.hpp,125,17,85,23
include/botan-3/botan/cecpq1.h,38,9,6,23
include/botan-3/xercesc/dom/DOMLSResourceResolver.hpp,143,14,107,22
include/botan-3/xercesc/framework/BinOutputStream.hpp,65,12,31,22
include/botan-3/xercesc/util/NetAccessors/WinSock/BinHTTPURLInputStream.hpp,71,15,34,22
include/botan-3/xercesc/util/XMLWin1252Transcoder.hpp,63,11,30,22
include/botan-3/xercesc/dom/DOMEntity.hpp,170,17,131,22
include/botan-3/xercesc/dom/DOMRangeException.hpp,114,13,79,22
include/botan-3/xercesc/dom/DOMLSException.hpp,123,16,85,22
Cipher.cpp,37,3,12,22
include/botan-3/xercesc/util/FlagJanitor.hpp,73,14,37,22
include/botan-3/xercesc/internal/MemoryManagerImpl.hpp,106,21,63,22
include/botan-3/xercesc/dom/DOMXPathExpression.hpp,129,16,91,22
include/botan-3/xercesc/dom/DOMXPathNamespace.hpp,115,16,78,21
include/botan-3/xercesc/dom/DOMText.hpp,182,19,142,21
include/botan-3/xercesc/sax2/SAX2XMLFilter.hpp,82,14,47,21
include/botan-3/xercesc/util/regx/RangeFactory.hpp,89,15,53,21
include/botan-3/xercesc/util/RefVectorOf.c,54,8,25,21
include/botan-3/xercesc/dom/impl/DOMChildNode.hpp,72,17,34,21
include/botan-3/xercesc/dom/DOMXPathNSResolver.hpp,130,17,93,20
include/botan-3/xercesc/util/RefVectorOf.hpp,62,10,32,20
include/botan-3/xercesc/xinclude/XIncludeLocation.hpp,89,14,55,20
include/botan-3/xercesc/dom/DOMImplementationSource.hpp,112,15,77,20
include/botan-3/xercesc/dom/DOMStringList.hpp,131,16,96,19
include/botan-3/xercesc/dom/DOMImplementationList.hpp,124,17,88,19
include/botan-3/xercesc/dom/DOMProcessingInstruction.hpp,121,15,87,19
include/botan-3/xercesc/util/EncodingValidator.hpp,85,14,53,18
include/botan-3/xercesc/dom/DOMImplementationRegistry.hpp,101,13,70,18
MemsetCode.c,22,4,0,18
include/botan-3/xercesc/dom/DOMNotation.hpp,114,17,79,18
include/botan-3/xercesc/dom/DOMErrorHandler.hpp,107,14,75,18
include/botan-3/botan/processor_rng.h,52,12,22,18
include/botan-3/botan/oids.h,54,14,22,18
cryptographyKeys.cpp,25,7,0,18
include/botan-3/xercesc/util/XMLEnumerator.hpp,56,10,28,18
include/botan-3/xercesc/dom/DOMNodeList.hpp,112,15,79,18
include/botan-3/xercesc/framework/StdOutFormatTarget.hpp,57,11,28,18
include/botan-3/xercesc/util/DefaultPanicHandler.hpp,80,15,48,17
include/botan-3/botan/system_rng.h,43,12,14,17
include/botan-3/xercesc/dom/DOMLSSerializerFilter.hpp,107,15,75,17
include/botan-3/xercesc/util/XMLMutexMgr.hpp,50,11,22,17
include/botan-3/xercesc/util/regx/XMLRangeFactory.hpp,66,12,37,17
domParsers.cpp,32,15,0,17
include/botan-3/xercesc/util/regx/BlockRangeFactory.hpp,66,12,37,17
include/botan-3/xercesc/util/regx/ASCIIRangeFactory.hpp,66,12,37,17
include/botan-3/botan/argon2fmt.h,36,8,11,17
include/botan-3/xercesc/dom/DOMDocumentRange.hpp,95,16,62,17
include/botan-3/xercesc/util/MutexManagers/WindowsMutexMgr.hpp,49,10,23,16
include/botan-3/xercesc/dom/DOMDocumentFragment.hpp,108,12,80,16
include/botan-3/xercesc/dom/DOMComment.hpp,76,11,49,16
Encryption.cpp,26,8,2,16
include/botan-3/xercesc/dom/DOMEntityReference.hpp,96,14,66,16
include/botan-3/xercesc/dom/DOMCDATASection.hpp,104,13,75,16
include/botan-3/xercesc/validators/schema/PSVIDefs.hpp,40,6,19,15
include/botan-3/botan/passhash9.h,52,9,28,15
include/botan-3/botan/pk_ops_fwd.h,27,7,6,14
include/botan-3/xercesc/xinclude/XIncludeDOMDocumentProcessor.hpp,58,9,35,14
include/botan-3/botan/bcrypt.h,49,8,27,14
include/botan-3/botan/rfc4880.h,39,9,18,12
include/botan-3/xercesc/util/regx/TokenInc.hpp,43,6,25,12
src/placeholder.c,13,2,0,11
include/botan-3/botan/rfc3394.h,39,7,22,10
include/botan-3/xercesc/util/MsgLoaders/Win32/resource.h,16,1,6,9
include/botan-3/xercesc/util/SchemaDateTimeException.hpp,35,8,19,8
include/botan-3/xercesc/util/NullPointerException.hpp,35,8,19,8
include/botan-3/xercesc/util/TranscodingException.hpp,34,7,19,8
include/botan-3/xercesc/util/ParseException.hpp,34,7,19,8
include/botan-3/xercesc/util/NoSuchElementException.hpp,34,7,19,8
include/botan-3/xercesc/internal/XSerializationException.hpp,34,7,19,8
include/botan-3/xercesc/validators/schema/identity/XPathException.hpp,34,7,19,8
include/botan-3/xercesc/util/UTFDataFormatException.hpp,35,8,19,8
include/botan-3/xercesc/util/RuntimeException.hpp,35,8,19,8
include/botan-3/xercesc/validators/datatype/InvalidDatatypeValueException.hpp,34,7,19,8
include/botan-3/xercesc/util/NumberFormatException.hpp,34,7,19,8
include/botan-3/xercesc/util/EmptyStackException.hpp,34,7,19,8
include/botan-3/xercesc/validators/datatype/InvalidDatatypeFacetException.hpp,34,7,19,8
include/botan-3/xercesc/util/UnexpectedEOFException.hpp,34,7,19,8
include/botan-3/xercesc/util/IOException.hpp,34,7,19,8
include/botan-3/xercesc/util/UnsupportedEncodingException.hpp,34,7,19,8
include/botan-3/xercesc/util/IllegalArgumentException.hpp,34,7,19,8
include/botan-3/xercesc/util/InvalidCastException.hpp,34,7,19,8
include/botan-3/xercesc/util/ArrayIndexOutOfBoundsException.hpp,33,7,19,7
tlsConnect.cpp,56,0,56,0
tlsProtocol.cpp,41,0,41,0
