File,Lines,Blank Lines,Comments,Code Lines
FleetManager_automation/Features/AUTO_FLEET_MANAGER/Compte_Non_Sup.feature.xlsx.cs,257,26,9,222
CRM_automation/Features/AUTO_FLEET_MANAGER/Compte_Non_Sup.feature.xlsx.cs,257,26,9,222
FleetManager_automation/Features/AUTO_FLEET_MANAGER/Class1.feature.cs,168,16,9,143
CRM_automation/Features/AUTO_FLEET_MANAGER/Class1.feature.cs,168,16,9,143
CRM_automation/AppStepDefinitions/Common.cs,166,25,2,139
FleetManager_automation/AppStepDefinitions/Common.cs,168,25,5,138
CRM_automation/PageObjects/AR/HomePage.cs,146,13,0,133
CRM_automation/Features/AUTO_FLEET_MANAGER/ASSOC_PDA.feature.cs,116,14,9,93
FleetManager_automation/Features/AUTO_FLEET_MANAGER/ASSOC_PDA.feature.cs,115,14,9,92
CRM_automation/Browser/Browser.cs,104,10,5,89
FleetManager_automation/Browser/Browser.cs,104,10,5,89
FleetManager_automation/PageObjects/AR/HomePage.cs,89,8,0,81
FleetManager_automation/PageObjects/LoginPage.cs,87,16,0,71
CRM_automation/PageObjects/LoginPage.cs,85,12,5,68
FleetManager_automation/PageObjects/MenuPage.cs,86,25,1,60
CRM_automation/PageObjects/MenuPage.cs,86,25,1,60
CRM_automation/PageObjects/AR/ClassModel.cs,54,5,0,49
CRM_automation/TestDataAccess/ExcelFile.cs,75,12,15,48
FleetManager_automation/TestDataAccess/ExcelFile.cs,75,12,15,48
FleetManager_automation/PageObjects/AR/ClassModel.cs,53,6,0,47
FleetManager_automation/PageObjects/AR/Compte.cs,40,7,0,33
CRM_automation/Sikuli/Sikuli_Class.cs,32,5,0,27
FleetManager_automation/Sikuli/Sikuli_Class.cs,32,5,0,27
FleetManager_automation/AppStepDefinitions/Compte.cs,26,4,0,22
FleetManager_automation/Properties/AssemblyInfo.cs,21,4,1,16
CRM_automation/Properties/AssemblyInfo.cs,21,4,1,16
CRM_automation/Browser/CustomRemoteWebDriver.cs,36,7,15,14
FleetManager_automation/Browser/CustomRemoteWebDriver.cs,36,7,15,14
CRM_automation/_Excel/Application.cs,2,1,0,1
FleetManager_automation/_Excel/Application.cs,2,1,0,1
