File,Lines,Blank Lines,Comments,Code Lines
src/app/app.component.spec.ts,41,5,2,34
src/karma.conf.js,32,1,2,29
e2e/protractor.conf.js,27,2,2,23
e2e/src/app.e2e-spec.ts,23,4,1,18
src/app/app.module.ts,18,2,0,16
src/app/app.component.ts,20,3,2,15
src/app/app.component.html,15,0,1,14
src/index.html,14,1,0,13
src/test.ts,20,3,4,13
src/app/app.component.scss,9,0,0,9
e2e/src/app.po.ts,11,2,0,9
src/main.ts,12,3,0,9
src/app/app-routing.module.ts,10,2,0,8
src/environments/environment.prod.ts,3,0,0,3
src/environments/environment.ts,16,2,11,3
src/polyfills.ts,63,7,55,1
src/styles.scss,1,0,1,0
