File,Lines,Blank Lines,Comments,Code Lines
DCE/db/main.go,366,51,15,300
Openshift/dist/deploy-pgsql.yaml,84,0,1,83
Openshift/dist/values.yaml,74,13,0,61
FLUX/manifests/sonarqube-dce.yaml,66,1,6,59
DCE/db/dist/pgsql.yaml,55,0,0,55
Openshift/dist/pgsql.yaml,55,0,0,55
Openshift/dist/pvcsonar.yaml,35,0,0,35
DCE/db/dist/pgservice.yaml,16,0,0,16
Openshift/dist/pgsqlsvc.yaml,16,0,0,16
Openshift/dist/config_map_initdb.yaml,13,0,1,12
FLUX/manifests/sonarqube-dce-auth-jwt.yaml,11,0,0,11
Openshift/dist/pvcdb.yaml,11,0,0,11
Openshift/dist/sc.yaml,11,0,0,11
DCE/db/dist/pgsecret.yaml,10,0,0,10
DCE/db/dist/pgsal-configmap.yaml,8,0,0,8
FLUX/manifests/helm-repository.yaml,9,1,0,8
