File,Lines,Blank Lines,Comments,Code Lines
src/main/java/com/dashboardmanager/controller/UserController.java,148,16,0,132
pom.xml,94,3,0,91
.github/workflows/build.yml,40,2,0,38
src/main/java/com/dashboardmanager/model/User.java,27,7,0,20
src/main/java/com/dashboardmanager/model/Session.java,29,9,0,20
src/main/java/com/dashboardmanager/utils/FileUtils.java,24,6,0,18
src/main/java/com/dashboardmanager/utils/SessionHeader.java,19,5,0,14
src/main/java/com/dashboardmanager/utils/EncodingUtils.java,19,6,0,13
src/main/resources/schema.sql,13,1,0,12
src/main/java/com/dashboardmanager/DashboardManagerApplication.java,11,2,0,9
src/main/java/com/dashboardmanager/repository/UsersRepository.java,11,4,0,7
src/main/java/com/dashboardmanager/repository/SessionsRepository.java,9,4,0,5
src/main/resources/data.sql,2,0,0,2
