File,Lines,Blank Lines,Comments,Code Lines
web/app/plugins/wp-optimize-premium/js/select2/select2.js,6047,1179,304,4564
web/app/plugins/wp-optimize-premium/js/handlebars/handlebars.js,5009,842,571,3596
web/app/themes/kaza-pickup/app/custom-fields-block.php,2911,58,57,2796
web/app/plugins/wp-optimize-premium/js/tablesorter/jquery.tablesorter.widgets.js,3178,125,478,2575
web/app/plugins/wp-optimize-premium/js/tablesorter/jquery.tablesorter.js,2916,138,426,2352
web/app/plugins/wp-optimize-premium/css/wp-optimize-admin.css,2360,485,38,1837
web/app/themes/kaza-pickup/app/custom-fields.php,1388,11,12,1365
web/app/plugins/wp-optimize-premium/css/jquery-ui.custom.css,1340,44,78,1218
web/app/plugins/wp-optimize-premium/optimizations/images.php,2234,457,567,1210
web/app/plugins/wp-optimize-premium/wp-optimize.php,2039,360,495,1184
web/app/plugins/wp-optimize-premium/js/jquery-timepicker/jquery.timepicker.js,1398,218,68,1112
web/app/plugins/wp-optimize-premium/vendor/yahnis-elsts/plugin-update-checker/vendor/ParsedownLegacy.php,1535,347,97,1091
web/app/plugins/wp-optimize-premium/vendor/yahnis-elsts/plugin-update-checker/vendor/Parsedown.php,1537,345,102,1090
web/app/plugins/wp-optimize-premium/js/wpoadmin.js,1780,283,408,1089
web/app/plugins/wp-optimize-premium/js/handlebars/handlebars.runtime.js,1591,333,243,1015
web/app/plugins/wp-optimize-premium/js/wpo-premium.js,1622,242,376,1004
web/app/plugins/wp-optimize-premium/includes/class-updraft-smush-manager.php,1380,256,327,797
web/app/plugins/wp-optimize-premium/css/smush.css,904,156,37,711
web/app/plugins/wp-optimize-premium/js/wposmush.js,1106,168,241,697
web/app/plugins/wp-optimize-premium/vendor/davidanderson684/simba-plugin-manager-updater/class-udm-updater.php,920,161,167,592
web/app/plugins/wp-optimize-premium/cache/file-based-page-cache-functions.php,885,157,210,518
web/app/plugins/wp-optimize-premium/cache/class-wpo-page-cache.php,870,171,228,471
web/app/plugins/wp-optimize-premium/cache/class-wpo-cache-preloader.php,880,158,261,461
web/app/plugins/wp-optimize-premium/css/admin.css,560,111,10,439
web/app/plugins/wp-optimize-premium/vendor/yahnis-elsts/plugin-update-checker/Puc/v4p7/UpdateChecker.php,926,124,376,426
web/app/plugins/wp-optimize-premium/js/jquery.blockUI.js,620,95,100,425
web/app/plugins/wp-optimize-premium/css/select2/select2.css,481,56,0,425
web/app/plugins/wp-optimize-premium/premium.php,657,100,175,382
web/app/plugins/wp-optimize-premium/css/wpo-premium.css,477,92,11,374
web/app/plugins/wp-optimize-premium/optimizations/transient.php,484,64,55,365
web/app/plugins/wp-optimize-premium/includes/wp-optimize-database-information.php,560,105,135,320
web/app/themes/kaza-pickup/resources/assets/styles/components/_hero.scss,376,62,8,306
web/app/themes/kaza-pickup/resources/assets/styles/layouts/_header.scss,359,50,5,304
web/app/plugins/wp-optimize-premium/includes/class-wp-optimizer.php,540,134,110,296
web/app/plugins/wp-optimize-premium/js/cache.js,414,54,64,296
web/app/themes/kaza-pickup/resources/assets/scripts/components/contact-page.js,328,21,16,291
web/app/plugins/wp-optimize-premium/includes/class-updraft-smush-manager-commands.php,488,95,104,289
web/app/plugins/wp-optimize-premium/minify/class-wp-optimize-minify-cache-functions.php,452,47,119,286
web/app/plugins/wp-optimize-premium/vendor/team-updraft/common-libs/src/updraft-tasks/class-updraft-task.php,693,124,291,278
web/app/themes/kaza-pickup/resources/assets/styles/components/_card.scss,328,52,11,265
web/app/plugins/wp-optimize-premium/includes/class-wp-optimize-images-trash-manager.php,562,107,190,265
Envoy.blade.php,344,63,17,264
web/app/plugins/wp-optimize-premium/includes/class-commands.php,471,81,128,262
web/app/plugins/wp-optimize-premium/includes/wp-optimize-notices.php,381,37,85,259
web/app/plugins/wp-optimize-premium/vendor/composer/ClassLoader.php,445,44,148,253
web/app/plugins/wp-optimize-premium/vendor/yahnis-elsts/plugin-update-checker/vendor/readme-parser.php,341,58,39,244
web/app/plugins/wp-optimize-premium/includes/class-updraft-smush-task.php,459,91,127,241
web/app/plugins/wp-optimize-premium/includes/class-wp-optimize-options.php,416,76,106,234
web/app/plugins/wp-optimize-premium/js/wpo-images-view.js,377,49,94,234
web/app/plugins/wp-optimize-premium/js/jquery.tablesorter.pager.js,432,66,133,233
web/app/plugins/wp-optimize-premium/js/serialize-json/jquery.serializejson.js,344,50,68,226
web/app/plugins/wp-optimize-premium/vendor/yahnis-elsts/plugin-update-checker/Puc/v4p7/Vcs/GitHubApi.php,413,49,141,223
web/app/plugins/wp-optimize-premium/includes/class-wp-optimization.php,469,89,167,213
web/app/plugins/wp-optimize-premium/templates/settings/settings-auto-cleanup.php,324,23,88,213
web/app/themes/kaza-pickup/resources/assets/scripts/components/parcel-box.js,264,38,15,211
web/app/plugins/wp-optimize-premium/includes/class-wp-optimize-cron-scheduler.php,345,50,91,204
web/app/plugins/wp-optimize-premium/vendor/team-updraft/common-libs/src/updraft-semaphore/class-updraft-semaphore.php,373,64,115,194
web/app/plugins/wp-optimize-premium/templates/images/smush.php,200,8,0,192
web/app/plugins/wp-optimize-premium/vendor/team-updraft/common-libs/src/updraft-tasks/class-updraft-task-manager.php,385,82,113,190
web/app/themes/kaza-pickup/resources/assets/styles/helpers/_mixins.scss,236,34,14,188
web/app/plugins/wp-optimize-premium/vendor/yahnis-elsts/plugin-update-checker/Puc/v4p7/Plugin/Ui.php,277,23,68,186
web/app/plugins/wp-optimize-premium/js/wpo-lazy-load.js,347,53,109,185
web/app/themes/kaza-pickup/resources/assets/styles/components/_block-step.scss,227,37,5,185
web/app/plugins/wp-optimize-premium/templates/minify/css-settings-tab.php,192,8,0,184
web/app/plugins/wp-optimize-premium/includes/class-wp-optimize-browser-cache.php,283,47,55,181
web/app/themes/kaza-pickup/resources/assets/styles/components/_block-parcel-box.scss,217,39,5,173
web/app/plugins/wp-optimize-premium/vendor/yahnis-elsts/plugin-update-checker/Puc/v4p7/Factory.php,297,31,96,170
web/app/plugins/wp-optimize-premium/includes/class-wp-optimize-tasks-queue.php,349,78,106,165
web/app/plugins/wp-optimize-premium/vendor/yahnis-elsts/plugin-update-checker/Puc/v4p7/Vcs/GitLabApi.php,297,47,85,165
web/app/themes/kaza-pickup/resources/assets/styles/helpers/_editor-mixins.scss,199,30,8,161
web/app/themes/kaza-pickup/app/custom-medias.php,237,43,33,161
web/app/plugins/wp-optimize-premium/vendor/yahnis-elsts/plugin-update-checker/Puc/v4p7/Vcs/BitBucketApi.php,265,34,71,160
web/app/themes/kaza-pickup/resources/assets/scripts/components/tabs-image.js,200,28,14,158
web/app/plugins/wp-optimize-premium/includes/class-wp-optimize-htaccess.php,336,49,132,155
web/app/plugins/wp-optimize-premium/includes/class-wp-optimize-gzip-compression.php,268,43,71,154
web/app/plugins/wp-optimize-premium/vendor/yahnis-elsts/plugin-update-checker/Puc/v4p7/Plugin/UpdateChecker.php,396,44,201,151
web/app/themes/kaza-pickup/resources/assets/styles/components/_block-tabs-image.scss,182,26,5,151
web/app/plugins/wp-optimize-premium/optimizations/spam.php,257,56,52,149
web/app/plugins/wp-optimize-premium/js/modernizr/modernizr-custom.js,430,71,210,149
web/app/themes/kaza-pickup/resources/assets/styles/components/_block-parcel-locker.scss,183,31,5,147
web/app/plugins/wp-optimize-premium/includes/class-updraft-resmushit-task.php,207,38,29,140
web/app/plugins/wp-optimize-premium/vendor/yahnis-elsts/plugin-update-checker/Puc/v4p7/Vcs/PluginUpdateChecker.php,213,31,43,139
web/app/plugins/wp-optimize-premium/vendor/yahnis-elsts/plugin-update-checker/Puc/v4p7/DebugBar/Panel.php,165,26,2,137
web/app/themes/kaza-pickup/resources/assets/styles/components/_section-release.scss,168,26,5,137
web/app/plugins/wp-optimize-premium/templates/minify/js-settings-tab.php,141,5,0,136
web/app/plugins/wp-optimize-premium/optimizations/commentmeta.php,212,46,31,135
web/app/plugins/wp-optimize-premium/includes/class-semaphore.php,216,33,49,134
bitbucket-pipelines.yml,134,0,0,134
web/app/plugins/axeptio-cookies/inc/admin.php,152,20,1,131
web/app/plugins/wp-optimize-premium/cache/class-cache-commands.php,246,45,73,128
web/app/themes/kaza-pickup/resources/assets/scripts/components/header.js,178,22,28,128
web/app/plugins/wp-optimize-premium/includes/class-wp-optimize-lazy-load.php,268,58,82,128
web/app/plugins/wp-optimize-premium/includes/class-updraft-nitrosmush-task.php,193,37,29,127
web/app/plugins/wp-optimize-premium/optimizations/trash.php,218,48,44,126
web/app/plugins/wp-optimize-premium/vendor/yahnis-elsts/plugin-update-checker/Puc/v4p7/Vcs/Api.php,302,37,140,125
web/app/plugins/wp-optimize-premium/vendor/yahnis-elsts/plugin-update-checker/Puc/v4p7/Scheduler.php,231,28,80,123
web/app/plugins/wp-optimize-premium/cache/class-wpo-cache-config.php,254,44,89,121
web/app/plugins/wp-optimize-premium/vendor/yahnis-elsts/plugin-update-checker/Puc/v4p7/DebugBar/Extension.php,177,27,29,121
web/app/themes/kaza-pickup/resources/assets/scripts/components/text-flipper.js,153,23,13,117
web/app/themes/kaza-pickup/app/setup.php,230,25,88,117
web/app/plugins/wp-optimize-premium/vendor/yahnis-elsts/plugin-update-checker/Puc/v4p7/StateStore.php,207,33,60,114
web/app/themes/kaza-pickup/build/webpack.common.js,158,17,27,114
web/app/plugins/wp-optimize-premium/cache/class-wpo-cache-rules.php,218,30,75,113
web/app/themes/kaza-pickup/app/filters.php,174,25,36,113
web/app/plugins/wp-optimize-premium/templates/minify/font-settings-tab.php,115,2,0,113
web/app/plugins/wp-optimize-premium/templates/settings/status-box-contents.php,137,25,1,111
web/app/plugins/wp-optimize-premium/vendor/team-updraft/common-libs/src/updraft-tasks/class-updraft-tasks-activation.php,194,34,49,111
web/app/plugins/wp-optimize-premium/minify/class-wp-optimize-minify-config.php,180,20,49,111
web/app/plugins/wp-optimize-premium/vendor/yahnis-elsts/plugin-update-checker/Puc/v4p7/Plugin/Package.php,184,24,49,111
web/app/plugins/wp-optimize-premium/minify/class-wp-optimize-minify-admin.php,159,16,35,108
web/app/plugins/wp-optimize-premium/css/wp-optimize-notices.css,136,27,2,107
web/app/themes/kaza-pickup/resources/assets/styles/components/_block-testimonials.scss,136,24,5,107
web/app/plugins/wp-optimize-premium/includes/class-wp-optimize-cli-command.php,185,37,41,107
web/app/plugins/wp-optimize-premium/optimizations/unapproved.php,167,35,26,106
web/app/themes/kaza-pickup/resources/assets/styles/layouts/_footer.scss,128,18,5,105
config/application.php,189,22,64,103
web/app/plugins/wp-optimize-premium/optimizations/revisions.php,161,36,22,103
web/app/plugins/wp-optimize-premium/vendor/yahnis-elsts/plugin-update-checker/Puc/v4p7/UpgraderStatus.php,199,17,80,102
web/app/plugins/wp-optimize-premium/optimizations/autodraft.php,179,43,35,101
web/app/plugins/wp-optimize-premium/includes/class-wp-optimization-images-shutdown.php,213,41,73,99
web/app/plugins/wp-optimize-premium/templates/settings/may-also-like.php,94,2,0,92
web/app/plugins/wp-optimize-premium/templates/admin-metabox-smush.php,99,8,0,91
web/app/themes/kaza-pickup/app/helpers.php,174,16,67,91
web/app/plugins/wp-optimize-premium/optimizations/repairtables.php,159,38,30,91
web/app/plugins/wp-optimize-premium/vendor/team-updraft/common-libs/src/updraft-tasks/class-updraft-task-manager-commands.php,188,43,55,90
web/app/themes/kaza-pickup/resources/assets/scripts/components/section-article.js,132,19,24,89
web/app/themes/kaza-pickup/resources/assets/scripts/components/section-release.js,132,19,24,89
web/app/themes/kaza-pickup/resources/assets/scripts/routes/common.js,127,20,19,88
web/app/plugins/wp-optimize-premium/includes/class-wp-optimize-queue-task.php,190,37,65,88
web/app/themes/kaza-pickup/resources/assets/styles/components/_section-article.scss,107,15,5,87
web/app/plugins/wp-optimize-premium/optimizations/optimizetables.php,146,38,21,87
web/app/plugins/wp-optimize-premium/includes/class-wp-optimize-images-trash-manager-commands.php,175,40,48,87
web/app/plugins/wp-optimize-premium/templates/images/unused.php,96,10,0,86
web/app/themes/kaza-pickup/resources/assets/scripts/components/text-marquee.js,139,20,33,86
web/app/plugins/wp-optimize-premium/templates/database/tables-body.php,114,22,6,86
web/app/plugins/wp-optimize-premium/includes/updraft-notices.php,153,38,29,86
web/app/themes/kaza-pickup/resources/assets/styles/components/_block-number-highlight.scss,107,17,5,85
web/app/plugins/wp-optimize-premium/templates/cache/page-cache.php,100,16,0,84
web/app/themes/kaza-pickup/resources/assets/styles/components/_block-content-repeat-image.scss,104,17,5,82
web/app/plugins/wp-optimize-premium/optimizations/pingbacks.php,133,26,25,82
web/app/themes/kaza-pickup/resources/assets/styles/components/_block-content-image.scss,102,15,5,82
docker-compose.yml,89,8,0,81
web/app/plugins/wp-optimize-premium/optimizations/trackbacks.php,127,25,21,81
web/app/plugins/wp-optimize-premium/includes/class-updraft-logger.php,223,48,95,80
web/app/plugins/wp-optimize-premium/includes/class-wp-optimize-transients-cache.php,162,25,57,80
web/app/themes/kaza-pickup/resources/views/components/block-parcel-locker.blade.php,89,9,0,80
web/app/plugins/wp-optimize-premium/optimizations/postmeta.php,133,26,28,79
web/app/plugins/wp-optimize-premium/minify/class-wp-optimize-minify-print.php,164,16,69,79
web/app/plugins/wp-optimize-premium/cache/file-based-page-cache.php,124,25,21,78
web/app/themes/kaza-pickup/resources/assets/styles/components/_block-brand-list.scss,96,14,5,77
web/app/themes/kaza-pickup/build/webpack.prod.js,96,8,11,77
web/app/plugins/wp-optimize-premium/vendor/yahnis-elsts/plugin-update-checker/Puc/v4p7/Plugin/Info.php,130,20,34,76
web/app/themes/kaza-pickup/app/Controllers/Hero.php,92,16,0,76
web/app/themes/kaza-pickup/build/webpack.dev.js,89,8,6,75
web/app/plugins/wp-optimize-premium/vendor/yahnis-elsts/plugin-update-checker/Puc/v4p7/Vcs/ThemeUpdateChecker.php,118,22,21,75
web/app/themes/kaza-pickup/resources/assets/scripts/components/progress-step.js,94,13,7,74
web/app/themes/kaza-pickup/resources/assets/styles/components/_page-contact.scss,94,15,5,74
web/app/themes/kaza-pickup/resources/assets/styles/components/_block-other-services.scss,93,15,5,73
web/app/plugins/wp-optimize-premium/includes/class-updraft-slack-logger.php,192,23,98,71
web/app/plugins/wp-optimize-premium/includes/class-updraft-email-logger.php,198,29,98,71
web/app/plugins/wp-optimize-premium/templates/settings/settings-logging.php,90,18,1,71
web/app/plugins/wp-optimize-premium/minify/class-wp-optimize-minify-commands.php,118,12,36,70
web/app/themes/kaza-pickup/resources/views/partials/footer.blade.php,75,5,0,70
web/app/plugins/wp-optimize-premium/optimizations/orphanedtables.php,133,31,32,70
web/app/plugins/wp-optimize-premium/templates/database/optimizations-table.php,87,14,4,69
web/app/plugins/wp-optimize-premium/includes/class-updraft-abstract-logger.php,177,25,84,68
web/app/plugins/wp-optimize-premium/includes/class-updraft-syslog-logger.php,172,21,84,67
web/app/themes/kaza-pickup/resources/views/components/hero-contact.blade.php,76,10,0,66
web/app/plugins/wp-optimize-premium/includes/class-updraft-ring-logger.php,193,22,105,66
web/app/themes/kaza-pickup/resources/views/components/hero-slider.blade.php,71,6,0,65
web/app/themes/kaza-pickup/resources/views/components/hero-simple.blade.php,77,12,0,65
web/app/plugins/wp-optimize-premium/templates/take-a-backup.php,98,15,18,65
web/app/themes/kaza-pickup/resources/assets/styles/layouts/_base.scss,84,11,10,63
web/app/themes/kaza-pickup/build/utils/constant.js,79,8,9,62
web/app/plugins/wp-optimize-premium/js/jquery-timepicker/jquery.timepicker.css,72,11,0,61
web/app/themes/kaza-pickup/resources/assets/styles/components/_block-citation.scss,77,11,5,61
web/app/plugins/wp-optimize-premium/templates/cache/gzip-compression.php,70,9,1,60
web/app/themes/kaza-pickup/resources/assets/styles/components/_block-video.scss,75,10,5,60
web/app/plugins/wp-optimize-premium/includes/class-updraft-file-logger.php,176,26,91,59
web/app/plugins/wp-optimize-premium/vendor/yahnis-elsts/plugin-update-checker/Puc/v4p7/Metadata.php,132,16,60,56
web/app/plugins/wp-optimize-premium/vendor/yahnis-elsts/plugin-update-checker/Puc/v4p7/Plugin/Update.php,110,13,41,56
web/app/plugins/wp-optimize-premium/vendor/yahnis-elsts/plugin-update-checker/Puc/v4p7/Theme/UpdateChecker.php,141,18,67,56
web/app/themes/kaza-pickup/resources/assets/styles/components/_block-text-column.scss,73,12,5,56
web/app/plugins/wp-optimize-premium/vendor/composer/autoload_real.php,70,14,1,55
web/app/plugins/wp-optimize-premium/vendor/yahnis-elsts/plugin-update-checker/Puc/v4p7/OAuthSignature.php,100,16,29,55
web/app/plugins/wp-optimize-premium/vendor/yahnis-elsts/plugin-update-checker/css/puc-debug-bar.css,70,14,1,55
web/app/themes/kaza-pickup/resources/views/partials/content-contact.blade.php,58,4,0,54
web/app/themes/kaza-pickup/resources/assets/styles/components/_image.scss,71,9,8,54
web/app/themes/kaza-pickup/resources/assets/styles/components/_block-our-offers.scss,68,9,5,54
web/app/plugins/wp-optimize-premium/includes/class-wp-optimize-install-or-update-notice.php,114,19,42,53
web/app/themes/kaza-pickup/app/Controllers/PressePage.php,70,11,7,52
web/app/themes/kaza-pickup/app/Walkers/NavigationWalker.php,153,16,86,51
web/app/plugins/wp-optimize-premium/optimizations/attachments.php,109,27,31,51
web/app/plugins/wp-optimize-premium/templates/notices/horizontal-notice.php,54,2,1,51
web/app/themes/kaza-pickup/resources/views/components/block-tabs-image.blade.php,55,4,0,51
web/app/themes/kaza-pickup/resources/views/components/hero-encart.blade.php,54,4,0,50
web/app/themes/kaza-pickup/resources/views/components/block-parcel-box.blade.php,55,5,0,50
web/app/themes/kaza-pickup/resources/views/components/release-presse.blade.php,57,7,0,50
web/app/themes/kaza-pickup/app/Controllers/BlockParcelLocker.php,64,9,5,50
web/app/plugins/wp-optimize-premium/cache/class-wpo-detect-cache-plugins.php,97,16,31,50
web/app/themes/kaza-pickup/resources/assets/scripts/application.js,66,6,12,48
web/app/plugins/wp-optimize-premium/vendor/yahnis-elsts/plugin-update-checker/Puc/v4p7/Theme/Update.php,84,12,24,48
web/app/themes/kaza-pickup/resources/assets/styles/layouts/_wp-block.scss,70,14,8,48
web/app/plugins/wp-optimize-premium/templates/notices/install-or-update-notice.php,53,6,0,47
web/app/plugins/wp-optimize-premium/minify/class-wp-optimize-minify.php,91,12,32,47
web/app/plugins/wp-optimize-premium/vendor/team-updraft/common-libs/src/updraft-tasks/class-updraft-task-options.php,127,29,51,47
web/app/plugins/wp-optimize-premium/templates/database/tables.php,57,9,1,47
web/app/plugins/wp-optimize-premium/templates/cache/browser-cache.php,57,9,1,47
web/app/themes/kaza-pickup/resources/assets/scripts/components/testimonials-slider.js,68,12,10,46
web/app/plugins/wp-optimize-premium/js/queue.js,142,18,79,45
web/app/themes/kaza-pickup/resources/assets/styles/components/_block-text-options.scss,58,8,5,45
web/app/themes/kaza-pickup/resources/assets/styles/components/_block-brand-list-slider.scss,58,9,5,44
web/app/themes/kaza-pickup/resources/assets/styles/components/_block-text-flipper.scss,60,11,5,44
web/app/plugins/wp-optimize-premium/vendor/yahnis-elsts/plugin-update-checker/Puc/v4p7/Theme/Package.php,65,9,13,43
web/app/themes/kaza-pickup/resources/functions.php,92,8,41,43
web/app/plugins/wp-optimize-premium/includes/class-updraft-simple-history-logger.php,140,17,80,43
web/app/plugins/wp-optimize-premium/vendor/team-updraft/common-libs/src/updraft-tasks/class-updraft-task-meta.php,94,21,31,42
web/app/themes/kaza-pickup/resources/assets/scripts/routes/mixins.js,68,8,18,42
web/app/themes/kaza-pickup/resources/assets/styles/components/_block-simple-cta.scss,53,7,5,41
web/app/themes/kaza-pickup/phpcs.xml,71,15,15,41
web/app/plugins/wp-optimize-premium/vendor/yahnis-elsts/plugin-update-checker/Puc/v4p7/InstalledPackage.php,103,14,49,40
web/app/themes/kaza-pickup/resources/views/components/block-content-repeat-image.blade.php,45,5,0,40
web/app/plugins/wp-optimize-premium/templates/admin-page-header-tabs.php,46,7,0,39
web/app/themes/kaza-pickup/resources/assets/styles/components/_block-arguments.scss,52,8,5,39
web/app/themes/kaza-pickup/resources/views/partials/header.blade.php,43,4,0,39
web/app/plugins/wp-optimize-premium/optimizations/orphandata.php,67,16,12,39
web/app/plugins/wp-optimize-premium/includes/class-updraft-php-logger.php,130,16,75,39
web/app/plugins/wp-optimize-premium/templates/cache/page-cache-preload.php,53,14,0,39
web/app/themes/kaza-pickup/app/Controllers/BlockTestimonials.php,52,9,5,38
web/app/plugins/wp-optimize-premium/vendor/yahnis-elsts/plugin-update-checker/js/debug-bar.js,51,8,5,38
web/app/themes/kaza-pickup/resources/views/components/card-testimonial.blade.php,41,3,0,38
web/app/plugins/wp-optimize-premium/vendor/yahnis-elsts/plugin-update-checker/Puc/v4p7/Autoloader.php,49,10,2,37
web/app/themes/kaza-pickup/resources/assets/styles/config/_variables.scss,50,5,9,36
web/app/plugins/wp-optimize-premium/templates/images/lazyload.php,43,7,0,36
web/app/themes/kaza-pickup/resources/views/components/block-content-image.blade.php,41,5,0,36
web/app/themes/kaza-pickup/build/utils/config.js,40,3,1,36
web/app/plugins/wp-optimize-premium/vendor/yahnis-elsts/plugin-update-checker/Puc/v4p7/Utils.php,69,9,24,36
web/app/plugins/wp-optimize-premium/includes/class-wp-optimize-images-trash-task.php,55,13,7,35
web/app/themes/kaza-pickup/resources/views/components/block-other-services.blade.php,37,2,0,35
web/app/plugins/wp-optimize-premium/includes/class-wp-optimize-updates.php,70,9,26,35
web/app/themes/kaza-pickup/resources/assets/scripts/util/Router.js,73,9,29,35
web/app/plugins/wp-optimize-premium/templates/admin-page-header.php,46,11,1,34
web/app/themes/kaza-pickup/resources/views/components/card-our-offers.blade.php,40,6,0,34
web/app/plugins/wp-optimize-premium/cache/extensions/woocommerce-wpml.php,70,11,25,34
web/app/themes/kaza-pickup/resources/assets/styles/components/_form.scss,42,2,6,34
web/app/themes/kaza-pickup/app/Controllers/BlockStep.php,45,7,5,33
web/app/themes/kaza-pickup/resources/views/partials/comments.blade.php,38,5,0,33
web/app/plugins/wp-optimize-premium/templates/pages-menu.php,43,11,0,32
web/app/themes/kaza-pickup/resources/views/components/block-text-flipper.blade.php,37,5,0,32
web/app/plugins/wp-optimize-premium/templates/database/optimize-table.php,41,10,0,31
web/app/themes/kaza-pickup/resources/views/layouts/main.blade.php,44,13,0,31
web/app/themes/kaza-pickup/resources/assets/styles/helpers/_animation.scss,39,3,5,31
web/app/themes/kaza-pickup/resources/views/components/block-testimonials.blade.php,36,5,0,31
web/app/themes/kaza-pickup/app/Controllers/ContactPage.php,40,4,5,31
web/app/plugins/axeptio-cookies/axeptio-cookies.php,56,5,20,31
web/app/themes/kaza-pickup/app/Controllers/BlockOurOffers.php,42,7,5,30
web/app/themes/kaza-pickup/app/Controllers/App.php,33,4,0,29
web/app/plugins/wp-optimize-premium/vendor/yahnis-elsts/plugin-update-checker/Puc/v4p7/DebugBar/PluginPanel.php,38,6,3,29
web/app/themes/kaza-pickup/resources/views/components/card-article.blade.php,32,3,0,29
web/app/plugins/wp-optimize-premium/templates/cache/page-cache-advanced.php,43,14,0,29
web/app/themes/kaza-pickup/resources/views/partials/content-presse.blade.php,31,2,0,29
web/app/plugins/wp-optimize-premium/templates/settings/settings-general.php,30,2,0,28
web/app/themes/kaza-pickup/resources/views/components/block-text-column.blade.php,33,5,0,28
web/app/themes/kaza-pickup/resources/views/components/block-brand-list.blade.php,30,2,0,28
web/app/themes/kaza-pickup/app/Controllers/BlockTabsImage.php,40,7,5,28
web/app/themes/kaza-pickup/app/Controllers/BlockParcelBox.php,40,7,5,28
web/app/themes/kaza-pickup/resources/views/components/block-citation.blade.php,31,3,0,28
web/app/themes/kaza-pickup/app/Controllers/BlockContentRepeatImage.php,39,6,5,28
web/app/themes/kaza-pickup/resources/views/components/block-step.blade.php,31,3,0,28
web/app/themes/kaza-pickup/resources/assets/styles/components/_button.scss,44,7,9,28
web/app/themes/kaza-pickup/app/cookie-consent.php,34,6,0,28
web/app/themes/kaza-pickup/resources/views/components/block-brand-list-slider.blade.php,28,1,0,27
web/app/plugins/wp-optimize-premium/includes/class-updraft-log-levels.php,44,8,9,27
web/app/themes/kaza-pickup/resources/assets/styles/helpers/_svg.scss,37,6,5,26
web/app/themes/kaza-pickup/app/Controllers/BlockArguments.php,39,8,5,26
web/app/plugins/wp-optimize-premium/templates/notices/thanks-for-using-main-dash.php,38,12,0,26
web/app/themes/kaza-pickup/app/Controllers/BlockContentImage.php,37,7,5,25
web/app/themes/kaza-pickup/resources/assets/scripts/components/video.js,42,7,10,25
web/app/themes/kaza-pickup/resources/views/components/block-our-offers.blade.php,27,2,0,25
web/app/themes/kaza-pickup/resources/assets/styles/layouts/_core-blocks.scss,35,5,5,25
web/app/themes/kaza-pickup/app/Controllers/BlockTextFlipper.php,35,6,5,24
web/app/themes/kaza-pickup/app/Controllers/BlockOtherServices.php,35,6,5,24
web/app/themes/kaza-pickup/resources/views/components/block-text-options.blade.php,28,4,0,24
web/app/plugins/wp-optimize-premium/vendor/yahnis-elsts/plugin-update-checker/Puc/v4p7/DebugBar/PluginExtension.php,33,5,4,24
web/app/themes/kaza-pickup/app/Controllers/BlockBrandList.php,36,7,5,24
web/app/themes/kaza-pickup/resources/views/components/block-number-highlight.blade.php,26,3,0,23
web/app/themes/kaza-pickup/app/Controllers/BlockBrandListSlider.php,35,7,5,23
web/app/themes/kaza-pickup/resources/assets/styles/application.scss,34,5,6,23
web/app/plugins/wp-optimize-premium/cache/class-wpo-load-url-task.php,57,14,20,23
web/app/themes/kaza-pickup/resources/views/components/step-item.blade.php,28,5,0,23
web/app/themes/kaza-pickup/resources/assets/scripts/components/hero-encart.js,36,6,7,23
web/app/plugins/wp-optimize-premium/templates/settings/settings-trackback-and-comments.php,36,14,0,22
web/app/themes/kaza-pickup/resources/views/partials/hero.blade.php,26,4,0,22
web/app/themes/kaza-pickup/resources/assets/scripts/components/hero-slider.js,35,6,7,22
web/app/themes/kaza-pickup/resources/views/components/article-presse.blade.php,25,3,0,22
web/app/themes/kaza-pickup/app/Controllers/BlockCitation.php,33,7,5,21
web/app/plugins/wp-optimize-premium/cache/class-wpo-cache-premium.php,46,10,15,21
web/app/themes/kaza-pickup/resources/assets/scripts/components/parcel-locker.js,33,5,7,21
web/app/themes/kaza-pickup/resources/assets/styles/utils/_reset.scss,36,5,10,21
web/app/plugins/wp-optimize-premium/includes/updraftcentral.php,41,6,14,21
web/app/themes/kaza-pickup/resources/views/components/block-video.blade.php,21,1,0,20
web/app/plugins/wp-optimize-premium/vendor/yahnis-elsts/plugin-update-checker/plugin-update-checker.php,34,4,10,20
web/app/themes/kaza-pickup/resources/views/components/block-arguments.blade.php,23,3,0,20
web/app/plugins/wp-optimize-premium/includes/class-updraftcentral-wp-optimize-commands.php,42,8,14,20
web/app/themes/kaza-pickup/resources/views/components/card-parcel-box.blade.php,22,2,0,20
web/app/themes/kaza-pickup/resources/views/partials/head.blade.php,22,2,0,20
web/app/plugins/wp-optimize-premium/vendor/yahnis-elsts/plugin-update-checker/Puc/v4p7/Update.php,34,6,9,19
web/app/themes/kaza-pickup/resources/assets/styles/helpers/_functions.scss,37,6,12,19
web/app/themes/kaza-pickup/resources/assets/styles/layouts/_custom-block.scss,24,0,5,19
web/app/themes/kaza-pickup/resources/views/layouts/app.blade.php,22,3,0,19
web/app/plugins/wp-optimize-premium/templates/settings/settings.php,27,8,0,19
web/app/plugins/wp-optimize-premium/vendor/davidanderson684/simba-plugin-manager-updater/updater.php,28,6,3,19
web/app/plugins/wp-optimize-premium/vendor/yahnis-elsts/plugin-update-checker/Puc/v4p7/Vcs/Reference.php,49,7,24,18
web/app/themes/kaza-pickup/resources/views/components/block-simple-cta.blade.php,21,3,0,18
web/app/plugins/wp-optimize-premium/includes/backward-compatibility-functions.php,30,0,14,16
web/app/themes/kaza-pickup/resources/views/blocks/video.blade.php,17,1,0,16
web/app/plugins/wp-optimize-premium/optimizations/inactive-tags.php,32,10,6,16
web/app/themes/kaza-pickup/resources/assets/styles/editor.scss,27,5,6,16
web/app/themes/kaza-pickup/resources/assets/styles/config/_colors.scss,20,0,5,15
web/app/themes/kaza-pickup/app/Controllers/BlockTextColumn.php,24,4,5,15
web/app/themes/kaza-pickup/resources/views/blocks/parcel-locker.blade.php,16,1,0,15
web/app/themes/kaza-pickup/resources/views/blocks/parcel-box.blade.php,16,1,0,15
web/app/themes/kaza-pickup/resources/views/blocks/simple-cta.blade.php,16,1,0,15
web/app/themes/kaza-pickup/resources/views/blocks/our-offers.blade.php,16,1,0,15
web/app/themes/kaza-pickup/resources/views/blocks/step.blade.php,16,1,0,15
web/app/themes/kaza-pickup/resources/views/blocks/other-services.blade.php,16,1,0,15
web/app/themes/kaza-pickup/resources/views/components/svg.blade.php,17,2,0,15
web/app/themes/kaza-pickup/resources/assets/styles/autoload/_uikit.scss,30,3,12,15
web/app/themes/kaza-pickup/resources/views/blocks/text-options.blade.php,16,1,0,15
web/app/themes/kaza-pickup/resources/views/blocks/arguments.blade.php,16,1,0,15
web/app/themes/kaza-pickup/resources/views/blocks/tabs-image.blade.php,16,1,0,15
web/app/themes/kaza-pickup/resources/views/blocks/text-flipper.blade.php,16,1,0,15
web/app/themes/kaza-pickup/resources/views/blocks/number-highlight.blade.php,16,1,0,15
web/app/themes/kaza-pickup/resources/views/blocks/content-repeat-image.blade.php,16,1,0,15
web/app/themes/kaza-pickup/resources/views/blocks/brand-list-slider.blade.php,16,1,0,15
web/app/themes/kaza-pickup/resources/views/blocks/content-image.blade.php,16,1,0,15
web/app/themes/kaza-pickup/resources/views/blocks/citation.blade.php,16,1,0,15
web/app/themes/kaza-pickup/resources/views/blocks/testimonials.blade.php,16,1,0,15
web/app/themes/kaza-pickup/resources/views/blocks/text-column.blade.php,16,1,0,15
web/app/themes/kaza-pickup/resources/views/blocks/brand-list.blade.php,16,1,0,15
web/app/themes/kaza-pickup/resources/views/search.blade.php,18,4,0,14
web/app/themes/kaza-pickup/resources/views/components/card-arguments.blade.php,16,2,0,14
web/app/plugins/wp-optimize-premium/includes/class-updraft-logger-interface.php,115,11,90,14
web/app/themes/kaza-pickup/app/Controllers/BlockTextOptions.php,24,5,5,14
web/app/themes/kaza-pickup/app/admin.php,24,3,7,14
web/app/themes/kaza-pickup/app/Controllers/BlockNumberHighlight.php,23,4,5,14
web/app/themes/kaza-pickup/resources/views/index.blade.php,18,4,0,14
web/app/themes/kaza-pickup/app/Controllers/BlockVideo.php,23,5,5,13
web/app/themes/kaza-pickup/app/Controllers/BlockSimpleCta.php,22,4,5,13
web/app/plugins/wp-optimize-premium/vendor/composer/autoload_static.php,19,5,1,13
web/app/plugins/wp-optimize-premium/vendor/yahnis-elsts/plugin-update-checker/Puc/v4p7/DebugBar/ThemePanel.php,21,5,3,13
web/app/themes/kaza-pickup/resources/views/partials/content-single.blade.php,13,0,0,13
web/app/themes/kaza-pickup/resources/assets/styles/config/_fonts.scss,21,2,7,12
config/environments/development.php,24,6,6,12
web/app/themes/kaza-pickup/resources/assets/styles/autoload/_uikit-editor.scss,27,3,12,12
web/app/themes/kaza-pickup/resources/views/template-contact-page.blade.php,14,2,0,12
web/app/plugins/wp-optimize-premium/templates/handlebars/fortnightly.handlebars.html,12,0,0,12
config/environments/staging.php,30,5,14,11
web/app/themes/kaza-pickup/resources/views/components/media.blade.php,13,2,0,11
web/app/themes/kaza-pickup/resources/views/partials/content-search.blade.php,11,0,0,11
phpcs.xml,23,6,6,11
config/environments/production.php,29,4,14,11
web/app/themes/kaza-pickup/resources/assets/styles/critical.scss,20,4,5,11
web/app/themes/kaza-pickup/resources/views/template-home-page.blade.php,11,1,0,10
web/app/themes/kaza-pickup/resources/views/template-presse-page.blade.php,11,1,0,10
web/app/themes/kaza-pickup/config/view.php,51,9,32,10
web/app/themes/kaza-pickup/resources/views/404.blade.php,12,2,0,10
web/app/themes/kaza-pickup/resources/assets/scripts/routes/constant.js,33,5,18,10
web/app/themes/kaza-pickup/app/Assets/ExtendedJsonManifest.php,34,4,20,10
web/app/plugins/wp-optimize-premium/index.html,9,0,0,9
web/app/themes/kaza-pickup/resources/views/components/card-contact.blade.php,10,1,0,9
docker-compose.override.example.yml,11,2,0,9
web/app/themes/kaza-pickup/resources/views/partials/content.blade.php,9,0,0,9
web/app/plugins/wp-optimize-premium/cache/extensions/analytics.php,12,3,0,9
web/app/plugins/wp-optimize-premium/templates/cache/page-cache-woocommerce.php,9,0,0,9
web/app/themes/kaza-pickup/resources/assets/styles/autoload/_mixins-uikit.scss,16,1,7,8
web/app/plugins/wp-optimize-premium/vendor/yahnis-elsts/plugin-update-checker/Puc/v4p7/Vcs/BaseChecker.php,27,4,15,8
web/app/plugins/wp-optimize-premium/templates/handlebars/monthly.handlebars.html,8,0,0,8
web/app/plugins/wp-optimize-premium/templates/settings/support-and-faqs.php,9,1,0,8
web/app/themes/kaza-pickup/app/custom-options.php,15,4,3,8
web/app/plugins/axeptio-cookies/uninstall.php,15,4,3,8
web/app/plugins/wp-optimize-premium/cache/php-5.3-functions.php,17,3,6,8
web/app/plugins/wp-optimize-premium/vendor/team-updraft/common-libs/CI/php-compatibility.xml,13,0,6,7
web/app/themes/kaza-pickup/resources/views/components/media-no-lazyload.blade.php,8,1,0,7
web/app/plugins/wp-optimize-premium/templates/handlebars/weekly.handlebars.html,7,0,0,7
web/app/themes/kaza-pickup/resources/assets/styles/fonts/_plutosans.scss,12,0,5,7
web/app/themes/kaza-pickup/resources/views/page.blade.php,8,1,0,7
web/app/themes/kaza-pickup/app/Controllers/FrontPage.php,10,4,0,6
web/app/themes/kaza-pickup/resources/views/single.blade.php,7,1,0,6
web/app/plugins/wp-optimize-premium/vendor/composer/autoload_files.php,10,3,1,6
web/app/themes/kaza-pickup/resources/views/partials/entry-meta.blade.php,6,0,0,6
web/app/plugins/wp-optimize-premium/templates/handlebars/action.handlebars.html,6,0,0,6
web/app/plugins/wp-optimize-premium/vendor/composer/autoload_classmap.php,9,3,1,5
web/app/themes/kaza-pickup/config/assets.php,31,5,21,5
web/app/plugins/wp-optimize-premium/vendor/team-updraft/common-libs/CI/php-syntax-check.xml,7,0,2,5
web/app/plugins/wp-optimize-premium/vendor/composer/autoload_psr4.php,9,3,1,5
web/app/plugins/wp-optimize-premium/templates/handlebars/once.handlebars.html,5,0,0,5
web/app/plugins/wp-optimize-premium/vendor/composer/autoload_namespaces.php,9,3,1,5
web/app/themes/kaza-pickup/resources/assets/styles/config/_media-queries.scss,13,1,7,5
web/app/plugins/wp-optimize-premium/templates/handlebars/schedule_types.handlebars.html,5,0,0,5
web/app/themes/kaza-pickup/config/theme.php,32,5,22,5
web/app/themes/kaza-pickup/resources/assets/styles/autoload/_variables-uikit.scss,10,0,6,4
web/app/themes/kaza-pickup/resources/assets/styles/fonts/_plutosans-dpd.scss,9,0,5,4
web/wp-config.php,9,0,5,4
web/app/themes/kaza-pickup/resources/assets/styles/layouts/_common-components.scss,10,1,5,4
web/app/plugins/wp-optimize-premium/templates/handlebars/optimizations.handlebars.html,4,0,0,4
web/app/plugins/wp-optimize-premium/vendor/yahnis-elsts/plugin-update-checker/Puc/v4/Factory.php,6,2,0,4
web/app/themes/kaza-pickup/resources/assets/styles/config/_ease.scss,9,1,5,3
web/app/themes/kaza-pickup/resources/views/partials/page-header.blade.php,3,0,0,3
web/index.php,6,0,3,3
web/app/themes/kaza-pickup/resources/assets/styles/config/_selectors.scss,17,1,13,3
web/app/plugins/wp-optimize-premium/vendor/autoload.php,7,3,1,3
web/app/plugins/wp-optimize-premium/templates/info-message.php,3,0,0,3
wp-cli.yml,3,0,0,3
web/app/plugins/wp-optimize-premium/js/handlebars/handlebars.min.js,28,0,26,2
web/app/plugins/wp-optimize-premium/templates/handlebars/daily.handlebars.html,2,0,0,2
web/app/themes/kaza-pickup/resources/views/partials/content-page.blade.php,3,1,0,2
web/app/plugins/wp-optimize-premium/js/tablesorter/jquery.tablesorter.widgets.min.js,4,1,1,2
web/app/plugins/wp-optimize-premium/templates/handlebars/status.handlebars.html,2,0,0,2
web/app/plugins/wp-optimize-premium/css/smush-3-0-16.min.css,2,0,1,1
web/app/plugins/wp-optimize-premium/css/select2/select2.min.css,1,0,0,1
web/app/plugins/wp-optimize-premium/css/wpo-premium-3-0-16.min.css,2,0,1,1
web/app/plugins/wp-optimize-premium/css/wp-optimize-notices-3-0-16.min.css,2,0,1,1
web/app/themes/kaza-pickup/resources/index.php,3,1,1,1
web/app/plugins/wp-optimize-premium/css/wp-optimize-admin-3-0-16.min.css,2,0,1,1
web/app/plugins/wp-optimize-premium/css/admin-3-0-16.min.css,2,0,1,1
web/app/plugins/wp-optimize-premium/js/serialize-json/jquery.serializejson.min.js,10,0,9,1
web/app/themes/kaza-pickup/resources/views/partials/sidebar.blade.php,1,0,0,1
web/app/plugins/wp-optimize-premium/js/wposmush-3-0-16.min.js,0,0,0,0
web/app/plugins/wp-optimize-premium/js/wpoadmin-3-0-16.min.js,0,0,0,0
web/app/plugins/wp-optimize-premium/js/wpo-premium-3-0-16.min.js,0,0,0,0
web/app/plugins/wp-optimize-premium/js/jquery-timepicker/jquery.timepicker.min.js,6,1,5,0
web/app/plugins/wp-optimize-premium/js/wpo-lazy-load-3-0-16.min.js,0,0,0,0
web/app/plugins/wp-optimize-premium/js/jquery.blockUI.min.js,0,0,0,0
web/app/plugins/wp-optimize-premium/js/wpo-images-view-3-0-16.min.js,0,0,0,0
web/app/themes/kaza-pickup/resources/style.css,12,0,12,0
web/app/plugins/wp-optimize-premium/js/jquery.tablesorter.pager-3-0-16.min.js,0,0,0,0
web/app/plugins/wp-optimize-premium/js/jquery-timepicker/jquery.timepicker.min.css,0,0,0,0
web/app/plugins/wp-optimize-premium/css/tablesorter/theme.default.min.css,0,0,0,0
web/app/plugins/wp-optimize-premium/js/tablesorter/jquery.tablesorter.min.js,0,0,0,0
web/app/plugins/wp-optimize-premium/js/modernizr/modernizr-custom.min.js,0,0,0,0
web/app/plugins/wp-optimize-premium/templates/handlebars-compiled-3-0-16.js,0,0,0,0
web/app/plugins/wp-optimize-premium/js/queue-3-0-16.min.js,0,0,0,0
web/app/plugins/wp-optimize-premium/js/select2/select2.min.js,1,0,1,0
web/app/plugins/wp-optimize-premium/css/jquery-ui.custom-3-0-16.min.css,2,0,2,0
web/app/plugins/wp-optimize-premium/js/handlebars/handlebars.runtime.min.js,26,0,26,0
web/app/plugins/wp-optimize-premium/js/cache-3-0-16.min.js,0,0,0,0
