File,Lines,Blank Lines,Comments,Code Lines
src/main/resources/webgoat/static/js/libs/ace.js,21634,2598,57,18979
src/main/resources/webgoat/static/js/libs/jquery-ui-1.10.4.js,15005,2127,1150,11728
src/main/resources/webgoat/static/plugins/bootstrap-wysihtml5/js/wysihtml5-0.3.0.js,9522,1247,1347,6928
src/main/resources/webgoat/static/css/animate.css,2743,397,16,2330
src/main/resources/webgoat/static/css/asciidoctor-default.css,2126,422,3,1701
src/main/resources/webgoat/static/css/main.css,1438,217,66,1155
src/main/resources/webgoat/static/js/libs/bootstrap.min.js,1151,0,5,1146
src/main/resources/webgoat/static/js/jquery_form/jquery.form.js,1277,122,244,911
src/main/resources/webgoat/static/js/libs/jquery.form.js,1277,122,244,911
src/main/resources/webgoat/static/js/libs/mode-java.js,974,100,0,874
pom.xml,831,14,9,808
src/main/resources/webgoat/static/plugins/bootstrap-wysihtml5/js/bootstrap3-wysihtml5.js,520,54,5,461
src/main/java/org/owasp/webgoat/lessons/challenges/challenge7/MD5.java,725,59,276,390
src/main/resources/lessons/jwt/html/JWT.html,366,28,0,338
src/main/resources/webgoat/static/plugins/bootstrap-slider/js/bootstrap-slider.js,387,44,25,318
src/main/resources/webgoat/static/js/libs/text.js,391,43,70,278
src/main/resources/lessons/sqlinjection/html/SqlInjection.html,293,16,11,266
src/main/resources/lessons/pathtraversal/html/PathTraversal.html,278,23,0,255
src/main/resources/lessons/employees.xml,254,0,0,254
src/main/resources/lessons/passwordreset/html/PasswordReset.html,265,21,0,244
src/main/resources/lessons/challenges/html/Challenge8.html,255,12,0,243
src/it/java/org/owasp/webgoat/IntegrationTest.java,266,25,2,239
config/checkstyle/checkstyle.xml,259,5,15,239
src/it/java/org/owasp/webgoat/CSRFIntegrationTest.java,285,36,12,237
src/test/java/org/owasp/webgoat/lessons/jwt/JWTRefreshEndpointTest.java,271,27,26,218
src/it/java/org/owasp/webgoat/JWTLessonIntegrationTest.java,250,37,0,213
src/main/resources/lessons/csrf/html/CSRF.html,260,41,6,213
src/main/resources/webgoat/static/css/webgoat.css,305,38,55,212
src/test/java/org/owasp/webgoat/lessons/jwt/JWTVotesEndpointTest.java,259,25,26,208
src/it/java/org/owasp/webgoat/LabelAndHintIntegrationTest.java,230,18,10,202
src/main/resources/lessons/xxe/html/XXE.html,228,28,0,200
src/main/java/org/owasp/webgoat/container/MvcConfiguration.java,260,20,42,198
src/main/resources/webgoat/static/js/goatApp/view/LessonContentView.js,233,28,15,190
src/main/resources/webgoat/templates/main_new.html,238,22,27,189
src/it/java/org/owasp/webgoat/GeneralLessonIntegrationTest.java,211,22,0,189
src/main/java/org/owasp/webgoat/lessons/jwt/JWTVotesEndpoint.java,217,11,21,185
src/main/resources/lessons/sqlinjection/html/SqlInjectionMitigations.html,197,15,0,182
src/test/java/org/owasp/webgoat/lessons/cia/CIAQuizTest.java,213,30,4,179
src/main/resources/lessons/sqlinjection/html/SqlInjectionAdvanced.html,184,8,4,172
src/main/resources/lessons/xss/html/CrossSiteScripting.html,181,10,0,171
src/test/java/org/owasp/webgoat/lessons/xxe/BlindSendFileAssignmentTest.java,187,17,6,164
src/main/resources/webgoat/static/js/goatApp/view/PaginationControlView.js,197,25,15,157
src/test/java/org/owasp/webgoat/lessons/sqlinjection/introduction/SqlInjectionLesson9Test.java,198,16,25,157
src/main/resources/lessons/bypassrestrictions/html/BypassRestrictions.html,167,7,4,156
src/test/java/org/owasp/webgoat/lessons/spoofcookie/SpoofCookieAssignmentTest.java,205,26,26,153
src/main/resources/webgoat/static/js/application.js,181,23,8,150
src/main/resources/lessons/clientsidefiltering/html/ClientSideFiltering.html,169,16,6,147
src/it/java/org/owasp/webgoat/ChallengeIntegrationTest.java,170,22,4,144
src/main/resources/lessons/htmltampering/html/HtmlTampering.html,148,6,1,141
src/main/resources/webgoat/static/js/goatApp/controller/LessonController.js,168,26,7,135
src/main/resources/webwolf/templates/mailbox.html,150,12,4,134
src/it/java/org/owasp/webgoat/PathTraversalIntegrationTest.java,150,15,2,133
src/it/java/org/owasp/webgoat/CryptoIntegrationTest.java,156,23,1,132
src/main/resources/webgoat/static/plugins/bootstrap-slider/css/slider.css,137,0,8,129
src/it/java/org/owasp/webgoat/PasswordResetLessonIntegrationTest.java,147,18,5,124
src/main/java/org/owasp/webgoat/webwolf/jwt/JWTToken.java,138,14,2,122
src/main/java/org/owasp/webgoat/lessons/jwt/JWTRefreshEndpoint.java,154,12,21,121
src/test/java/org/owasp/webgoat/lessons/sqlinjection/mitigation/SqlInjectionLesson13Test.java,138,14,4,120
src/main/java/org/owasp/webgoat/container/AsciiDoctorTemplateResolver.java,172,15,37,120
.github/workflows/release.yml,147,25,4,118
src/main/java/org/owasp/webgoat/lessons/sqlinjection/introduction/SqlInjectionLesson8.java,163,21,24,118
src/main/resources/lessons/challenges/html/Challenge6.html,123,6,0,117
src/main/java/org/owasp/webgoat/lessons/sqlinjection/mitigation/SqlInjectionLesson10b.java,154,16,21,117
src/main/resources/webgoat/static/js/goatApp/view/MenuView.js,137,9,13,115
src/main/resources/webgoat/templates/about.html,122,7,0,115
src/main/resources/webgoat/static/css/coderay.css,131,17,0,114
src/main/resources/lessons/vulnerablecomponents/html/VulnerableComponents.html,126,7,8,111
src/main/resources/webgoat/static/js/libs/theme-monokai.js,112,2,0,110
src/main/resources/lessons/cryptography/html/Cryptography.html,129,6,14,109
src/main/java/org/owasp/webgoat/container/lessons/CourseConfiguration.java,143,12,23,108
src/main/resources/webgoat/static/js/goatApp/view/HintView.js,138,18,12,108
src/main/java/org/owasp/webgoat/lessons/cryptography/CryptoUtil.java,143,26,10,107
src/main/java/org/owasp/webgoat/lessons/pathtraversal/ProfileUploadRetrieval.java,116,9,0,107
src/main/java/org/owasp/webgoat/lessons/pathtraversal/ProfileUploadBase.java,122,15,0,107
src/main/resources/webgoat/static/js/goatApp/view/GoatRouter.js,139,19,15,105
src/it/java/org/owasp/webgoat/XXEIntegrationTest.java,126,9,13,104
src/test/java/org/owasp/webgoat/lessons/jwt/JWTSecretKeyEndpointTest.java,142,18,21,103
src/main/java/org/owasp/webgoat/lessons/passwordreset/ResetLinkAssignment.java,139,11,25,103
src/test/java/org/owasp/webgoat/webwolf/mailbox/MailboxControllerTest.java,134,12,21,101
src/test/java/org/owasp/webgoat/lessons/passwordreset/SecurityQuestionAssignmentTest.java,112,11,0,101
src/test/java/org/owasp/webgoat/lessons/deserialization/DeserializeTest.java,111,11,0,100
src/main/resources/lessons/jwt/css/jwt.css,115,16,0,99
src/main/resources/lessons/idor/html/IDOR.html,182,23,60,99
src/main/java/org/owasp/webgoat/lessons/sqlinjection/introduction/SqlInjectionLesson5b.java,135,14,24,97
src/main/java/org/owasp/webgoat/lessons/sqlinjection/introduction/SqlInjectionLesson5a.java,136,18,22,96
src/main/java/org/owasp/webgoat/lessons/sqlinjection/introduction/SqlInjectionLesson10.java,128,11,21,96
src/main/resources/lessons/sqlinjection/css/challenge.css,96,1,0,95
src/main/resources/lessons/challenges/css/challenge6.css,96,1,0,95
src/main/java/org/owasp/webgoat/lessons/idor/UserProfile.java,141,20,26,95
src/main/java/org/owasp/webgoat/lessons/xxe/CommentsCache.java,137,17,27,93
src/main/java/org/owasp/webgoat/lessons/sqlinjection/introduction/SqlInjectionLesson9.java,128,12,23,93
src/test/java/org/owasp/webgoat/lessons/xxe/ContentTypeAssignmentTest.java,130,12,26,92
src/main/resources/lessons/webwolfintroduction/html/WebWolfIntroduction.html,102,9,1,92
src/main/java/org/owasp/webgoat/lessons/jwt/JWTFinalEndpoint.java,119,7,21,91
src/main/java/org/owasp/webgoat/lessons/challenges/challenge7/Assignment7.java,103,9,4,90
src/main/java/org/owasp/webgoat/lessons/pathtraversal/ProfileZipSlip.java,102,12,0,90
src/test/java/org/owasp/webgoat/lessons/httpproxies/HttpBasicsInterceptRequestTest.java,122,11,21,90
src/test/java/org/owasp/webgoat/lessons/passwordreset/ResetLinkAssignmentTest.java,103,13,2,88
src/main/resources/lessons/missingac/html/MissingFunctionAC.html,115,28,0,87
src/test/java/org/owasp/webgoat/lessons/pathtraversal/ProfileUploadTest.java,98,11,0,87
src/main/java/org/owasp/webgoat/lessons/spoofcookie/SpoofCookieAssignment.java,128,14,28,86
src/main/java/org/owasp/webgoat/lessons/securepasswords/SecurePasswordsAssignment.java,118,9,23,86
src/main/java/org/owasp/webgoat/webwolf/FileServer.java,123,15,22,86
src/main/java/org/owasp/webgoat/container/assignments/AttackResult.java,128,20,24,84
src/main/java/org/owasp/webgoat/lessons/xss/stored/StoredXssComments.java,120,13,23,84
src/main/resources/lessons/challenges/html/Challenge5.html,90,6,0,84
src/it/java/org/owasp/webgoat/IDORIntegrationTest.java,96,12,0,84
src/main/java/org/owasp/webgoat/lessons/csrf/ForgedReviews.java,118,12,23,83
src/main/resources/webgoat/static/plugins/bootstrap-wysihtml5/css/bootstrap-wysihtml5.css,102,20,0,82
src/main/resources/webgoat/templates/registration.html,91,9,0,82
src/main/java/org/owasp/webgoat/lessons/passwordreset/SimpleMailAssignment.java,117,11,25,81
src/main/java/org/owasp/webgoat/lessons/csrf/CSRFFeedback.java,121,9,31,81
src/main/java/org/owasp/webgoat/lessons/sqlinjection/advanced/SqlInjectionLesson6a.java,116,11,24,81
src/main/java/org/owasp/webgoat/lessons/clientsidefiltering/Salaries.java,112,10,21,81
src/main/resources/webwolf/templates/registration.html,89,9,0,80
src/test/java/org/owasp/webgoat/lessons/sqlinjection/introduction/SqlInjectionLesson6aTest.java,110,10,21,79
src/main/java/org/owasp/webgoat/container/users/UserTracker.java,136,14,43,79
src/main/resources/lessons/jwt/js/jwt-voting.js,87,8,0,79
src/test/java/org/owasp/webgoat/container/service/LessonMenuServiceTest.java,109,10,21,78
config/dependency-check/project-suppression.xml,77,0,0,77
src/main/java/org/owasp/webgoat/container/service/LessonMenuService.java,124,8,39,77
src/main/java/org/owasp/webgoat/lessons/passwordreset/ResetLinkAssignmentForgotPassword.java,114,9,28,77
src/test/java/org/owasp/webgoat/lessons/hijacksession/cas/HijackSessionAuthenticationProviderTest.java,125,21,27,77
.mvn/wrapper/MavenWrapperDownloader.java,117,10,31,76
src/main/java/org/owasp/webgoat/lessons/xxe/SimpleXXE.java,112,11,25,76
src/main/java/org/owasp/webgoat/lessons/xxe/BlindSendFileAssignment.java,113,10,27,76
src/main/java/org/owasp/webgoat/lessons/missingac/MissingFunctionACUsers.java,114,13,26,75
src/main/java/org/owasp/webgoat/lessons/sqlinjection/introduction/SqlInjectionLesson5.java,108,9,24,75
src/main/java/org/owasp/webgoat/lessons/idor/IDOREditOtherProfiile.java,113,10,29,74
src/main/resources/lessons/xxe/css/xxe.css,74,0,1,73
src/test/java/org/owasp/webgoat/lessons/sqlinjection/introduction/SqlInjectionLesson8Test.java,107,9,25,73
src/it/java/org/owasp/webgoat/SqlInjectionMitigationIntegrationTest.java,85,12,0,73
src/main/resources/lessons/clientsidefiltering/lessonSolutions/en/ClientSideFiltering.html,84,11,0,73
src/main/resources/lessons/xss/css/stored-xss.css,74,0,1,73
src/main/java/org/owasp/webgoat/lessons/passwordreset/SecurityQuestionAssignment.java,108,8,27,73
src/main/resources/lessons/csrf/css/reviews.css,74,0,1,73
src/it/java/org/owasp/webgoat/AccessControlIntegrationTest.java,86,11,3,72
src/main/java/org/owasp/webgoat/lessons/xss/CrossSiteScriptingLesson5a.java,103,10,22,71
src/test/java/org/owasp/webgoat/lessons/sqlinjection/introduction/SqlInjectionLesson5aTest.java,99,8,21,70
src/main/java/org/owasp/webgoat/lessons/cryptography/HashingAssignment.java,105,14,21,70
src/main/resources/lessons/chromedevtools/html/ChromeDevTools.html,85,9,6,70
src/test/java/org/owasp/webgoat/lessons/pathtraversal/ProfileUploadRetrievalTest.java,84,10,5,69
src/it/java/org/owasp/webgoat/XSSIntegrationTest.java,80,11,0,69
src/main/java/org/owasp/webgoat/webwolf/requests/Requests.java,109,12,28,69
src/main/java/org/owasp/webgoat/lessons/sqlinjection/advanced/SqlInjectionChallenge.java,104,10,26,68
src/it/java/org/owasp/webgoat/WebWolfIntegrationTest.java,79,9,2,68
src/main/java/org/owasp/webgoat/container/users/WebGoatUser.java,90,18,4,68
src/main/java/org/owasp/webgoat/lessons/jwt/JWTSecretKeyEndpoint.java,95,7,21,67
src/main/resources/webwolf/static/css/webwolf.css,87,19,1,67
src/main/java/org/owasp/webgoat/container/users/Scoreboard.java,79,7,6,66
src/main/java/org/owasp/webgoat/container/WebSecurityConfig.java,106,9,31,66
src/main/java/org/owasp/webgoat/lessons/challenges/challenge8/Assignment8.java,76,9,1,66
src/test/java/org/owasp/webgoat/lessons/jwt/JWTFinalEndpointTest.java,74,8,0,66
src/main/java/org/owasp/webgoat/lessons/xxe/ContentTypeAssignment.java,99,12,21,66
src/test/java/org/owasp/webgoat/webwolf/jwt/JWTTokenTest.java,83,18,0,65
src/test/java/org/owasp/webgoat/lessons/bypassrestrictions/BypassRestrictionsFrontendValidationTest.java,76,7,4,65
src/main/resources/webgoat/static/js/goatApp/support/GoatUtils.js,89,12,12,65
src/test/java/org/owasp/webgoat/lessons/xxe/SimpleXXETest.java,99,9,26,64
src/test/java/org/owasp/webgoat/container/users/UserTrackerRepositoryTest.java,80,16,0,64
src/test/java/org/owasp/webgoat/lessons/hijacksession/HijackSessionAssignmentTest.java,106,16,26,64
src/main/resources/lessons/xxe/js/xxe.js,82,16,2,64
src/main/java/org/owasp/webgoat/lessons/cryptography/SigningAssignment.java,92,7,22,63
src/main/resources/lessons/challenges/html/Challenge7.html,81,10,8,63
src/test/java/org/owasp/webgoat/container/service/ReportCardServiceTest.java,68,6,0,62
src/main/java/org/owasp/webgoat/container/users/LessonTracker.java,122,15,45,62
src/main/java/org/owasp/webgoat/lessons/authbypass/VerifyAccount.java,93,8,24,61
src/main/resources/lessons/pathtraversal/js/path_traversal.js,72,11,0,61
src/it/java/org/owasp/webgoat/SqlInjectionLessonIntegrationTest.java,78,17,0,61
src/main/resources/webwolf/templates/files.html,72,10,1,61
src/main/resources/lessons/xss/html/CrossSiteScriptingStored.html,79,15,3,61
src/main/java/org/owasp/webgoat/container/service/ReportCardService.java,105,8,37,60
src/main/resources/lessons/httpbasics/html/HttpBasics.html,86,6,20,60
src/main/java/org/owasp/webgoat/lessons/webwolfintroduction/MailAssignment.java,92,7,25,60
src/test/java/org/owasp/webgoat/lessons/missingac/MissingFunctionACHiddenMenusTest.java,90,9,21,60
src/main/java/org/owasp/webgoat/lessons/sqlinjection/mitigation/Servers.java,93,9,25,59
.github/workflows/test.yml,67,1,7,59
src/main/java/org/owasp/webgoat/container/LessonDataSource.java,70,13,0,57
src/main/resources/webwolf/templates/jwt.html,70,13,0,57
src/main/java/org/owasp/webgoat/lessons/deserialization/InsecureDeserializationTask.java,85,7,21,57
src/main/java/org/owasp/webgoat/container/lessons/LessonMenuItem.java,162,17,88,57
src/main/resources/lessons/sqlinjection/css/quiz.css,66,10,0,56
src/main/resources/lessons/clientsidefiltering/js/clientSideFilteringFree.js,63,5,2,56
src/main/java/org/owasp/webgoat/lessons/xss/CrossSiteScriptingLesson3.java,89,8,25,56
src/main/resources/webgoat/static/css/quiz.css,66,10,0,56
src/test/java/org/owasp/webgoat/lessons/jwt/TokenTest.java,82,5,21,56
src/main/java/org/dummy/insecure/framework/VulnerableTaskHolder.java,76,10,10,56
src/main/java/org/owasp/webgoat/container/DatabaseConfiguration.java,68,7,6,55
src/test/java/org/owasp/webgoat/lessons/vulnerablecomponents/VulnerableComponentsLessonTest.java,84,8,21,55
src/main/java/org/owasp/webgoat/lessons/hijacksession/cas/HijackSessionAuthenticationProvider.java,96,15,26,55
src/test/java/org/owasp/webgoat/container/service/LessonProgressServiceTest.java,91,7,30,54
src/main/resources/lessons/sqlinjection/js/assignment13.js,60,6,0,54
src/test/java/org/owasp/webgoat/lessons/xss/StoredXssCommentsTest.java,104,13,37,54
src/main/java/org/owasp/webgoat/lessons/hijacksession/HijackSessionAssignment.java,91,11,26,54
src/main/java/org/owasp/webgoat/lessons/bypassrestrictions/BypassRestrictionsFrontendValidation.java,79,4,21,54
src/main/java/org/owasp/webgoat/lessons/csrf/CSRFGetFlag.java,85,9,22,54
src/main/java/org/owasp/webgoat/lessons/sqlinjection/introduction/SqlInjectionLesson3.java,84,9,22,53
src/main/resources/db/container/V1__init.sql,65,10,2,53
src/main/resources/lessons/challenges/html/Challenge1.html,63,10,0,53
src/main/resources/lessons/xss/html/CrossSiteScriptingMitigation.html,61,8,0,53
src/test/java/org/owasp/webgoat/lessons/challenges/Assignment1Test.java,82,8,21,53
src/test/java/org/owasp/webgoat/lessons/clientsidefiltering/ShopEndpointTest.java,87,10,25,52
src/main/java/org/owasp/webgoat/lessons/idor/IDORViewOtherProfile.java,83,6,25,52
src/test/java/org/owasp/webgoat/container/plugins/LessonTest.java,63,7,4,52
src/main/java/org/owasp/webgoat/container/assignments/LessonTrackerInterceptor.java,82,9,21,52
src/main/java/org/owasp/webgoat/lessons/authbypass/AccountVerificationHelper.java,96,15,29,52
src/test/java/org/owasp/webgoat/container/users/UserValidatorTest.java,59,7,0,52
src/it/java/org/owasp/webgoat/SqlInjectionAdvancedIntegrationTest.java,61,10,0,51
src/main/java/org/owasp/webgoat/lessons/lessontemplate/SampleAttack.java,91,10,30,51
src/main/java/org/owasp/webgoat/webwolf/WebSecurityConfig.java,81,8,22,51
src/test/java/org/owasp/webgoat/lessons/pathtraversal/ProfileUploadFixTest.java,59,8,0,51
src/test/java/org/owasp/webgoat/lessons/pathtraversal/ProfileUploadRemoveUserInputTest.java,59,8,0,51
src/main/java/org/owasp/webgoat/lessons/xss/CrossSiteScriptingQuiz.java,82,9,23,50
src/main/java/org/owasp/webgoat/container/asciidoc/WebWolfMacro.java,73,10,13,50
src/test/java/org/owasp/webgoat/lessons/missingac/MissingFunctionACUsersTest.java,79,8,21,50
src/main/resources/lessons/challenges/js/challenge8.js,56,6,0,50
src/main/resources/webwolf/templates/webwolf-login.html,58,8,0,50
src/main/resources/lessons/securepasswords/html/SecurePasswords.html,61,11,0,50
src/test/java/org/owasp/webgoat/lessons/xss/DOMCrossSiteScriptingTest.java,78,7,21,50
src/main/java/org/owasp/webgoat/lessons/clientsidefiltering/ShopEndpoint.java,86,11,25,50
src/main/resources/lessons/pathtraversal/css/path_traversal.css,57,7,0,50
src/main/java/org/owasp/webgoat/lessons/sqlinjection/advanced/SqlInjectionQuiz.java,87,9,28,50
src/main/resources/webgoat/static/plugins/bootstrap-wysihtml5/css/bootstrap3-wysiwyg5-color.css,66,16,0,50
src/main/java/org/owasp/webgoat/lessons/sqlinjection/introduction/SqlInjectionLesson4.java,80,8,22,50
src/main/java/org/owasp/webgoat/lessons/sqlinjection/introduction/SqlInjectionLesson2.java,81,10,21,50
src/main/resources/lessons/ssrf/html/SSRF.html,56,7,0,49
src/test/java/org/owasp/webgoat/lessons/spoofcookie/encoders/EncDecTest.java,88,13,26,49
src/main/java/org/owasp/webgoat/lessons/sqlinjection/advanced/SqlInjectionLesson6b.java,80,8,23,49
src/main/resources/webwolf/templates/fragments/header.html,53,4,0,49
src/main/resources/webgoat/templates/login.html,52,4,0,48
src/it/java/org/owasp/webgoat/ProgressRaceConditionIntegrationTest.java,57,5,4,48
src/test/java/org/owasp/webgoat/lessons/sqlinjection/introduction/SqlInjectionLesson5Test.java,78,9,21,48
src/main/java/org/owasp/webgoat/lessons/challenges/challenge5/Assignment5.java,74,6,21,47
src/main/java/org/owasp/webgoat/lessons/vulnerablecomponents/VulnerableComponentsLesson.java,75,6,22,47
src/main/java/org/owasp/webgoat/lessons/cryptography/EncodingAssignment.java,75,7,21,47
src/main/java/org/owasp/webgoat/lessons/sqlinjection/mitigation/SqlInjectionLesson13.java,74,6,21,47
src/main/resources/webgoat/static/js/quiz.js,58,3,9,46
src/test/java/org/owasp/webgoat/container/session/LessonTrackerTest.java,85,9,30,46
src/test/java/org/owasp/webgoat/lessons/csrf/CSRFFeedbackTest.java,78,7,25,46
src/main/java/org/owasp/webgoat/container/LessonTemplateResolver.java,90,5,39,46
src/main/java/org/owasp/webgoat/lessons/idor/IDORLogin.java,76,9,21,46
src/main/java/org/owasp/webgoat/container/users/UserService.java,59,8,5,46
src/main/java/org/owasp/webgoat/lessons/jwt/votes/Vote.java,83,13,25,45
src/main/java/org/owasp/webgoat/lessons/spoofcookie/encoders/EncDec.java,88,16,27,45
src/main/java/org/owasp/webgoat/lessons/idor/IDORViewOwnProfileAltUrl.java,74,6,23,45
src/main/resources/webgoat/static/js/main.js,75,5,25,45
src/main/resources/webwolf/templates/requests.html,56,11,0,45
src/main/java/org/owasp/webgoat/webwolf/user/WebGoatUser.java,82,12,25,45
src/main/java/org/owasp/webgoat/container/controller/StartLesson.java,90,10,36,44
.github/workflows/build.yml,46,2,0,44
src/main/java/org/owasp/webgoat/lessons/ssrf/SSRFTask2.java,72,6,22,44
src/main/resources/lessons/logging/html/LogSpoofing.html,55,7,4,44
src/main/java/org/owasp/webgoat/container/i18n/PluginMessages.java,85,11,30,44
src/main/java/org/owasp/webgoat/lessons/sqlinjection/mitigation/SqlInjectionLesson10a.java,70,5,21,44
src/main/java/org/owasp/webgoat/lessons/cia/CIAQuiz.java,53,8,2,43
src/test/java/org/owasp/webgoat/lessons/missingac/MissingFunctionACYourHashAdminTest.java,49,6,0,43
src/main/resources/lessons/lessontemplate/html/LessonTemplate.html,77,11,23,43
src/main/java/org/owasp/webgoat/lessons/deserialization/SerializationHelper.java,51,8,0,43
src/main/resources/webgoat/static/js/goatApp/templates/report_card.html,46,3,0,43
src/test/java/org/owasp/webgoat/container/service/HintServiceTest.java,49,6,0,43
src/main/java/org/owasp/webgoat/lessons/sqlinjection/advanced/SqlInjectionChallengeLogin.java,71,7,21,43
src/test/java/org/owasp/webgoat/lessons/clientsidefiltering/ClientSideFilteringFreeAssignmentTest.java,49,7,0,42
src/main/java/org/owasp/webgoat/lessons/passwordreset/QuestionsAssignment.java,75,8,25,42
src/main/java/org/owasp/webgoat/webwolf/mailbox/Email.java,78,11,25,42
src/main/resources/webwolf/static/js/jwt.js,47,5,0,42
src/main/java/org/owasp/webgoat/lessons/missingac/MissingAccessControlUserRepository.java,49,7,0,42
src/main/resources/webgoat/static/js/goatApp/model/LessonContentModel.js,48,6,0,42
src/main/resources/lessons/httpproxies/html/HttpProxies.html,50,9,0,41
src/test/java/org/owasp/webgoat/lessons/ssrf/SSRFTest1.java,52,7,4,41
src/main/resources/lessons/authbypass/html/AuthBypass.html,86,21,24,41
src/main/resources/lessons/challenges/css/challenge8.css,42,1,0,41
src/main/java/org/owasp/webgoat/lessons/pathtraversal/ProfileUpload.java,47,6,0,41
src/main/java/org/owasp/webgoat/webwolf/mailbox/MailboxController.java,69,7,21,41
src/main/java/org/owasp/webgoat/container/service/LabelDebugService.java,96,7,48,41
src/test/java/org/owasp/webgoat/webwolf/user/UserServiceTest.java,77,15,21,41
src/main/java/org/owasp/webgoat/lessons/pathtraversal/ProfileUploadFix.java,47,6,0,41
src/main/java/org/owasp/webgoat/webwolf/requests/WebWolfTraceRepository.java,76,8,28,40
src/main/resources/lessons/xss/js/stored-xss.js,44,4,0,40
src/test/java/org/owasp/webgoat/lessons/sqlinjection/mitigation/SqlOnlyInputValidationOnKeywordsTest.java,45,5,0,40
src/test/java/org/owasp/webgoat/lessons/chromedevtools/ChromeDevToolsTest.java,50,6,4,40
src/main/java/org/owasp/webgoat/lessons/idor/IDORViewOwnProfile.java,66,5,22,39
src/main/java/org/owasp/webgoat/container/lessons/Lesson.java,124,14,71,39
src/main/resources/webgoat/templates/scoreboard.html,55,8,8,39
src/main/java/org/owasp/webgoat/lessons/ssrf/SSRFTask1.java,66,6,21,39
src/main/resources/webgoat/static/js/search.js,45,4,2,39
src/main/java/org/owasp/webgoat/lessons/sqlinjection/mitigation/SqlOnlyInputValidationOnKeywords.java,65,6,21,38
src/main/java/org/owasp/webgoat/container/lessons/Assignment.java,77,8,31,38
src/main/resources/lessons/xss/js/assignment3.js,43,5,0,38
src/main/java/org/owasp/webgoat/lessons/jwt/JWTQuiz.java,48,8,2,38
src/main/java/org/owasp/webgoat/container/assignments/AssignmentEndpoint.java,92,10,44,38
src/test/java/org/owasp/webgoat/lessons/xss/CrossSiteScriptingLesson1Test.java,72,9,25,38
src/test/java/org/owasp/webgoat/lessons/sqlinjection/introduction/SqlInjectionLesson10Test.java,70,8,25,37
src/main/java/org/owasp/webgoat/container/WebGoat.java,74,6,31,37
src/main/java/org/owasp/webgoat/container/service/RestartLessonService.java,68,8,23,37
src/main/java/org/owasp/webgoat/lessons/logging/LogBleedingTask.java,66,8,21,37
src/main/java/org/owasp/webgoat/lessons/missingac/MissingFunctionACYourHashAdmin.java,68,8,23,37
src/main/resources/lessons/jwt/js/jwt-refresh.js,41,3,2,36
src/main/resources/lessons/cia/html/CIA.html,43,7,0,36
src/main/java/org/owasp/webgoat/lessons/csrf/CSRFLogin.java,68,7,25,36
src/main/java/org/owasp/webgoat/container/users/RegistrationController.java,47,7,4,36
src/main/resources/webgoat/static/js/goatApp/model/HintCollection.js,40,4,0,36
src/main/java/org/owasp/webgoat/container/service/LessonProgressService.java,57,7,14,36
src/test/java/org/owasp/webgoat/container/session/LabelDebuggerTest.java,42,7,0,35
src/main/java/org/owasp/webgoat/webwolf/jwt/JWTController.java,41,6,0,35
src/main/resources/webgoat/static/js/goatApp/support/goatConstants.js,39,3,1,35
src/main/resources/lessons/clientsidefiltering/js/clientSideFiltering.js,41,6,0,35
src/main/java/org/owasp/webgoat/lessons/bypassrestrictions/BypassRestrictionsFieldRestrictions.java,60,4,21,35
src/main/java/org/owasp/webgoat/lessons/webwolfintroduction/LandingAssignment.java,67,7,25,35
src/test/java/org/owasp/webgoat/lessons/jwt/JWTDecodeEndpointTest.java,41,6,0,35
src/main/java/org/owasp/webgoat/lessons/xxe/Ping.java,62,6,21,35
src/test/java/org/owasp/webgoat/container/assignments/AssignmentEndpointTest.java,66,6,25,35
src/test/java/org/owasp/webgoat/lessons/clientsidefiltering/ClientSideFilteringAssignmentTest.java,45,6,4,35
src/main/java/org/owasp/webgoat/container/lessons/LessonScanner.java,42,6,2,34
src/main/java/org/owasp/webgoat/webwolf/MvcConfiguration.java,67,8,25,34
src/main/java/org/owasp/webgoat/lessons/cryptography/SecureDefaultsAssignment.java,59,4,21,34
src/main/java/org/owasp/webgoat/container/session/Course.java,99,11,54,34
src/test/java/org/owasp/webgoat/lessons/ssrf/SSRFTest2.java,66,7,25,34
src/main/java/org/owasp/webgoat/lessons/missingac/MissingFunctionACYourHash.java,61,6,21,34
src/main/java/org/owasp/webgoat/lessons/httpproxies/HttpBasicsInterceptRequest.java,59,4,21,34
src/test/java/org/owasp/webgoat/lessons/sqlinjection/mitigation/SqlOnlyInputValidationTest.java,38,5,0,33
src/main/java/org/owasp/webgoat/container/session/WebSession.java,90,10,47,33
src/test/java/org/owasp/webgoat/webwolf/mailbox/MailboxRepositoryTest.java,63,9,21,33
src/main/java/org/owasp/webgoat/lessons/challenges/challenge7/PasswordResetLink.java,45,5,7,33
src/test/java/org/owasp/webgoat/lessons/missingac/MissingFunctionYourHashTest.java,61,7,21,33
src/main/java/org/owasp/webgoat/lessons/xss/CrossSiteScriptingLesson4.java,64,6,25,33
src/main/resources/webwolf/templates/error.html,42,8,1,33
src/main/java/org/owasp/webgoat/container/service/HintService.java,57,8,16,33
src/main/java/org/owasp/webgoat/lessons/idor/IDORDiffAttributes.java,58,4,21,33
src/main/java/org/owasp/webgoat/lessons/pathtraversal/ProfileUploadRemoveUserInput.java,38,5,0,33
src/main/resources/webgoat/static/js/goatApp/view/ErrorNotificationView.js,35,2,0,33
src/main/java/org/owasp/webgoat/lessons/xss/DOMCrossSiteScriptingVerifier.java,63,5,26,32
src/main/java/org/owasp/webgoat/lessons/sqlinjection/mitigation/SqlOnlyInputValidation.java,59,6,21,32
src/main/resources/webgoat/static/js/goatApp/model/LabelDebugModel.js,38,6,0,32
src/main/resources/webgoat/static/js/scoreboard.js,47,4,11,32
src/main/java/org/owasp/webgoat/lessons/httpbasics/HttpBasicsQuiz.java,57,4,21,32
src/main/resources/lessons/webwolfintroduction/templates/webwolfPasswordReset.html,33,2,0,31
src/main/java/org/owasp/webgoat/lessons/challenges/challenge1/Assignment1.java,66,5,30,31
src/main/java/org/owasp/webgoat/lessons/challenges/challenge1/ImageServlet.java,39,8,0,31
src/main/resources/webgoat/static/js/goatApp/view/UserAndInfoView.js,44,9,4,31
src/main/java/org/owasp/webgoat/lessons/xss/CrossSiteScriptingLesson6a.java,57,5,22,30
src/main/resources/webgoat/static/js/toggle.js,39,8,1,30
src/main/resources/lessons/jwt/js/jwt-buy.js,36,6,0,30
src/main/java/org/owasp/webgoat/lessons/xss/DOMCrossSiteScripting.java,60,5,25,30
src/main/resources/lessons/spoofcookie/templates/spoofcookieform.html,30,0,0,30
src/main/resources/webgoat/static/js/goatApp/support/goatAsyncErrorHandler.js,34,3,1,30
src/main/resources/lessons/passwordreset/templates/password_reset.html,32,2,0,30
src/main/resources/webgoat/static/js/goatApp/view/HelpControlsView.js,36,6,0,30
src/test/java/org/owasp/webgoat/lessons/cryptography/CryptoUtilTest.java,33,4,0,29
src/main/java/org/owasp/webgoat/lessons/hijacksession/cas/Authentication.java,62,8,25,29
src/main/java/org/owasp/webgoat/lessons/chromedevtools/NetworkLesson.java,62,5,28,29
src/main/resources/lessons/deserialization/html/InsecureDeserialization.html,38,8,1,29
src/main/resources/lessons/clientsidefiltering/css/clientSideFilteringFree.css,32,3,0,29
src/main/resources/webwolf/templates/home.html,37,7,1,29
src/test/java/org/owasp/webgoat/container/users/UserServiceTest.java,34,5,0,29
src/main/java/org/owasp/webgoat/server/StartupMessage.java,33,5,0,28
src/main/java/org/owasp/webgoat/lessons/missingac/MissingFunctionACHiddenMenus.java,56,6,22,28
src/main/java/org/owasp/webgoat/lessons/csrf/CSRFConfirmFlag1.java,56,6,22,28
src/main/resources/lessons/insecurelogin/html/InsecureLogin.html,39,7,4,28
src/main/resources/webgoat/static/js/goatApp/model/MenuCollection.js,32,4,0,28
src/main/java/org/owasp/webgoat/container/service/LabelService.java,67,4,35,28
src/main/java/org/owasp/webgoat/lessons/missingac/DisplayUser.java,62,6,29,27
src/main/resources/webgoat/static/js/goatApp/view/ScoreboardView.js,31,3,1,27
src/test/java/org/owasp/webgoat/lessons/sqlinjection/introduction/SqlInjectionLesson6bTest.java,54,6,21,27
src/main/java/org/owasp/webgoat/webwolf/requests/LandingPage.java,52,4,21,27
src/main/java/org/owasp/webgoat/container/lessons/LessonConnectionInvocationHandler.java,36,5,4,27
src/main/java/org/owasp/webgoat/container/lessons/Category.java,67,9,31,27
src/main/java/org/owasp/webgoat/lessons/challenges/FlagController.java,52,5,21,26
src/main/resources/lessons/csrf/js/csrf-review.js,45,4,15,26
src/main/java/org/owasp/webgoat/lessons/logging/LogSpoofingTask.java,51,4,21,26
src/main/resources/webgoat/static/js/goatApp/model/MenuData.js,32,5,1,26
src/main/resources/lessons/spoofcookie/js/handler.js,31,5,0,26
src/it/java/org/owasp/webgoat/DeserializationIntegrationTest.java,33,7,0,26
src/main/java/org/owasp/webgoat/lessons/clientsidefiltering/ClientSideFilteringFreeAssignment.java,55,5,25,25
src/main/resources/webgoat/static/js/goatApp/view/MenuItemView.js,29,3,1,25
src/main/java/org/owasp/webgoat/container/users/UserValidator.java,35,7,4,24
src/main/resources/lessons/hijacksession/templates/hijackform.html,24,0,0,24
src/main/resources/lessons/xss/js/assignment4.js,29,5,0,24
src/main/java/org/owasp/webgoat/container/AjaxAuthenticationEntryPoint.java,59,3,32,24
src/main/java/org/owasp/webgoat/lessons/httpbasics/HttpBasicsLesson.java,49,4,21,24
src/main/java/org/owasp/webgoat/lessons/clientsidefiltering/ClientSideFilteringAssignment.java,49,4,21,24
src/main/resources/webgoat/static/js/goatApp/goatApp.js,29,2,3,24
src/main/resources/lessons/sqlinjection/db/migration/V2019_09_26_2__users.sql,24,0,0,24
src/main/java/org/owasp/webgoat/webwolf/user/UserService.java,55,7,25,23
src/main/java/org/owasp/webgoat/container/asciidoc/UsernameMacro.java,31,6,2,23
src/main/java/org/owasp/webgoat/container/session/UserSessionData.java,32,7,3,22
src/test/java/org/owasp/webgoat/lessons/authbypass/BypassVerificationTest.java,81,11,48,22
src/main/java/org/owasp/webgoat/lessons/challenges/Flags.java,27,5,0,22
src/main/java/org/owasp/webgoat/server/StartWebGoat.java,50,4,24,22
src/main/resources/lessons/spoofcookie/html/SpoofCookie.html,32,8,2,22
src/main/java/org/owasp/webgoat/lessons/chromedevtools/NetworkDummy.java,54,5,27,22
src/main/java/org/owasp/webgoat/container/service/SessionService.java,33,6,5,22
src/main/resources/webgoat/static/js/goatApp/support/CustomGoat.js,23,2,0,21
src/main/java/org/owasp/webgoat/lessons/xss/stored/StoredCrossSiteScriptingVerifier.java,54,6,27,21
src/main/resources/webgoat/static/js/goatApp/model/HTMLContentModel.js,23,2,0,21
src/main/java/org/owasp/webgoat/container/users/UserForm.java,31,6,4,21
src/main/resources/lessons/hijacksession/html/HijackSession.html,30,7,2,21
src/main/resources/webgoat/static/js/goatApp/view/MenuButtonView.js,26,2,3,21
src/main/java/org/owasp/webgoat/container/controller/Welcome.java,71,6,45,20
src/main/java/org/owasp/webgoat/lessons/xxe/Comment.java,48,3,25,20
src/main/java/org/owasp/webgoat/lessons/insecurelogin/InsecureLoginTask.java,47,5,22,20
src/main/java/org/owasp/webgoat/lessons/xss/CrossSiteScriptingLesson1.java,45,4,21,20
src/main/java/org/owasp/webgoat/lessons/htmltampering/HtmlTamperingTask.java,45,4,21,20
src/main/java/org/owasp/webgoat/lessons/cryptography/XOREncodingAssignment.java,45,4,21,20
src/test/java/org/owasp/webgoat/lessons/missingac/DisplayUserTest.java,46,6,21,19
src/test/java/org/owasp/webgoat/container/users/UserRepositoryTest.java,25,6,0,19
src/it/java/org/owasp/webgoat/SSRFIntegrationTest.java,26,7,0,19
src/main/java/org/owasp/webgoat/lessons/xxe/CommentsEndpoint.java,49,5,25,19
src/main/java/org/owasp/webgoat/lessons/jwt/JWTDecodeEndpoint.java,22,3,0,19
src/main/java/org/owasp/webgoat/lessons/xxe/User.java,48,8,21,19
src/main/java/org/owasp/webgoat/container/HammerHead.java,56,4,34,18
src/main/resources/lessons/sqlinjection/db/migration/V2019_09_26_7__employees.sql,20,2,0,18
src/main/java/org/owasp/webgoat/webwolf/WebWolf.java,43,4,21,18
src/main/java/org/owasp/webgoat/container/service/LessonInfoService.java,33,4,11,18
src/main/resources/webgoat/static/js/goatApp/controller/MenuController.js,19,1,0,18
src/main/resources/webgoat/static/js/goatApp/view/ReportCardView.js,20,2,0,18
src/test/java/org/owasp/webgoat/lessons/sqlinjection/introduction/SqlInjectionLesson2Test.java,44,5,21,18
src/main/java/org/owasp/webgoat/container/service/LessonTitleService.java,34,5,11,18
src/main/java/org/owasp/webgoat/lessons/csrf/Review.java,45,3,25,17
src/main/java/org/owasp/webgoat/container/asciidoc/WebGoatTmpDirMacro.java,25,6,2,17
src/main/java/org/owasp/webgoat/container/asciidoc/OperatingSystemMacro.java,25,6,2,17
src/main/java/org/owasp/webgoat/container/i18n/Messages.java,59,7,35,17
src/main/java/org/owasp/webgoat/lessons/missingac/MissingFunctionAC.java,44,6,21,17
src/main/java/org/owasp/webgoat/container/asciidoc/EnvironmentExposure.java,26,5,4,17
src/main/java/org/owasp/webgoat/container/session/LabelDebugger.java,42,7,18,17
src/main/java/org/owasp/webgoat/container/asciidoc/WebGoatVersionMacro.java,25,6,2,17
src/main/resources/lessons/passwordreset/templates/password_link_not_found.html,18,2,0,16
src/main/resources/webgoat/static/js/goatApp/scoreboardApp.js,16,0,0,16
src/main/java/org/owasp/webgoat/lessons/passwordreset/TriedQuestions.java,43,6,21,16
src/main/java/org/owasp/webgoat/container/WebWolfRedirect.java,21,5,0,16
src/main/java/org/owasp/webgoat/lessons/xss/Comment.java,22,2,4,16
src/main/resources/lessons/passwordreset/templates/success.html,18,2,0,16
src/main/java/org/owasp/webgoat/lessons/vulnerablecomponents/VulnerableComponents.java,40,4,21,15
src/main/java/org/owasp/webgoat/lessons/bypassrestrictions/BypassRestrictions.java,40,4,21,15
src/main/java/org/owasp/webgoat/lessons/sqlinjection/mitigation/SqlInjectionMitigations.java,40,4,21,15
src/main/java/org/owasp/webgoat/lessons/ssrf/SSRF.java,48,3,30,15
src/main/java/org/owasp/webgoat/lessons/hijacksession/HijackSession.java,48,6,27,15
src/main/resources/webgoat/static/js/goatApp/templates/paging_controls.html,15,0,0,15
src/main/java/org/owasp/webgoat/lessons/deserialization/InsecureDeserialization.java,48,3,30,15
src/main/java/org/owasp/webgoat/lessons/sqlinjection/introduction/SqlInjection.java,40,4,21,15
src/main/java/org/owasp/webgoat/lessons/challenges/challenge1/Challenge1.java,23,4,4,15
src/main/java/org/owasp/webgoat/lessons/passwordreset/PasswordReset.java,40,4,21,15
src/main/java/org/owasp/webgoat/lessons/sqlinjection/advanced/SqlInjectionAdvanced.java,40,4,21,15
src/main/java/org/owasp/webgoat/lessons/spoofcookie/SpoofCookie.java,48,6,27,15
src/main/java/org/owasp/webgoat/lessons/lessontemplate/LessonTemplate.java,41,5,21,15
src/main/java/org/owasp/webgoat/lessons/securepasswords/SecurePasswords.java,45,5,25,15
src/main/java/org/owasp/webgoat/lessons/webgoatintroduction/WebGoatIntroduction.java,48,3,30,15
src/main/resources/webgoat/static/js/goatApp/model/LessonInfoModel.js,19,4,0,15
src/main/java/org/owasp/webgoat/lessons/webwolfintroduction/WebWolfIntroduction.java,40,4,21,15
src/main/java/org/owasp/webgoat/lessons/httpproxies/HttpProxies.java,48,3,30,15
src/main/java/org/owasp/webgoat/lessons/csrf/CSRF.java,41,4,22,15
src/main/java/org/owasp/webgoat/lessons/idor/IDOR.java,49,4,30,15
src/main/java/org/owasp/webgoat/lessons/htmltampering/HtmlTampering.java,48,3,30,15
src/main/resources/lessons/challenges/js/challenge6.js,17,2,0,15
src/main/java/org/owasp/webgoat/lessons/xss/CrossSiteScripting.java,40,4,21,15
src/main/java/org/owasp/webgoat/lessons/authbypass/AuthBypass.java,41,5,21,15
src/main/java/org/owasp/webgoat/lessons/cryptography/Cryptography.java,40,4,21,15
src/main/resources/lessons/idor/js/idor.js,18,2,1,15
src/main/java/org/owasp/webgoat/lessons/insecurelogin/InsecureLogin.java,48,3,30,15
src/main/java/org/owasp/webgoat/lessons/logging/LogSpoofing.java,48,3,30,15
src/main/resources/lessons/sqlinjection/js/challenge.js,17,2,0,15
src/main/java/org/owasp/webgoat/lessons/challenges/challenge5/Challenge5.java,45,5,25,15
src/main/java/org/owasp/webgoat/lessons/challenges/challenge7/Challenge7.java,23,4,4,15
src/main/java/org/owasp/webgoat/lessons/pathtraversal/PathTraversal.java,41,5,21,15
src/main/java/org/owasp/webgoat/lessons/clientsidefiltering/ClientSideFiltering.java,49,4,30,15
src/main/java/org/owasp/webgoat/lessons/cia/CIA.java,23,4,4,15
src/main/resources/lessons/lessontemplate/js/idor.js,18,2,1,15
src/main/java/org/owasp/webgoat/lessons/httpbasics/HttpBasics.java,40,4,21,15
src/main/java/org/owasp/webgoat/lessons/jwt/JWT.java,45,5,25,15
src/main/java/org/owasp/webgoat/lessons/challenges/challenge8/Challenge8.java,23,4,4,15
.github/workflows/welcome.yml,17,2,0,15
src/main/java/org/owasp/webgoat/lessons/chromedevtools/ChromeDevTools.java,45,5,25,15
src/main/java/org/owasp/webgoat/lessons/xxe/XXE.java,41,5,21,15
.github/dependabot.yml,15,1,0,14
src/main/java/org/owasp/webgoat/container/i18n/Language.java,50,5,31,14
src/main/resources/lessons/sqlinjection/js/assignment10b.js,18,4,0,14
src/main/java/org/owasp/webgoat/lessons/challenges/Email.java,43,4,25,14
src/main/resources/webwolf/templates/fragments/footer.html,16,2,0,14
src/main/java/org/owasp/webgoat/container/service/EnvironmentService.java,18,4,0,14
src/it/java/org/owasp/webgoat/SessionManagementIntegrationTest.java,45,6,25,14
src/main/java/org/owasp/webgoat/container/asciidoc/WebWolfRootMacro.java,25,5,6,14
src/main/java/org/owasp/webgoat/lessons/passwordreset/PasswordResetEmail.java,39,4,21,14
src/main/java/org/owasp/webgoat/lessons/passwordreset/resetlink/PasswordChangeForm.java,21,4,4,13
src/main/java/org/owasp/webgoat/lessons/xss/stored/CrossSiteScriptingStored.java,38,4,21,13
src/main/resources/lessons/sqlinjection/db/migration/V2019_09_26_1__servers.sql,13,0,0,13
src/main/java/org/owasp/webgoat/container/assignments/AssignmentPath.java,19,5,1,13
src/main/java/org/owasp/webgoat/container/users/UserSession.java,20,3,4,13
src/test/java/org/owasp/webgoat/lessons/sqlinjection/SqlLessonTest.java,39,5,21,13
src/main/java/org/owasp/webgoat/lessons/xss/CrossSiteScriptingMitigation.java,38,4,21,13
src/main/java/org/owasp/webgoat/lessons/challenges/ChallengeIntro.java,21,4,4,13
src/main/resources/webgoat/static/js/goatApp/model/LessonOverviewCollection.js,14,1,1,12
src/main/resources/lessons/authbypass/js/bypass.js,15,2,1,12
src/main/resources/lessons/sqlinjection/db/migration/V2021_03_13_8__grant.sql,14,2,0,12
src/main/resources/lessons/sqlinjection/db/migration/V2019_09_26_4__tan.sql,13,1,0,12
src/main/java/org/owasp/webgoat/lessons/missingac/User.java,15,3,0,12
src/main/resources/webgoat/static/js/goatApp/model/FlagsCollection.js,12,0,0,12
src/main/java/org/owasp/webgoat/lessons/webwolfintroduction/Email.java,15,3,0,12
src/main/resources/webgoat/static/js/goatApp/templates/scoreboard.html,13,1,0,12
docs/index.html,13,1,0,12
src/main/java/org/owasp/webgoat/lessons/vulnerablecomponents/Contact.java,42,10,21,11
src/main/resources/webgoat/static/css/menu.css,11,0,0,11
src/main/java/org/owasp/webgoat/container/lessons/LessonInfoModel.java,20,3,6,11
src/main/resources/lessons/passwordreset/js/password-reset-simple.js,12,1,0,11
src/main/resources/webgoat/static/js/goatApp/view/TitleView.js,12,1,0,11
src/main/resources/webwolf/static/js/fileUpload.js,11,1,0,10
src/main/resources/lessons/sqlinjection/db/migration/V2019_09_26_6__user_system_data.sql,11,1,0,10
src/main/java/org/owasp/webgoat/container/assignments/AssignmentHints.java,14,3,1,10
config/checkstyle/suppressions.xml,10,0,0,10
.github/lock.yml,10,0,0,10
.github/stale.yml,10,0,0,10
src/main/java/org/owasp/webgoat/lessons/challenges/Flag.java,13,3,0,10
src/main/resources/webgoat/static/js/goatApp/model/HintModel.js,9,0,0,9
src/main/resources/lessons/sqlinjection/db/migration/V2019_09_26_3__salaries.sql,10,1,0,9
src/main/resources/lessons/sqlinjection/db/migration/V2019_09_26_5__challenge_assignment.sql,10,1,0,9
src/main/java/org/owasp/webgoat/lessons/vulnerablecomponents/ContactImpl.java,34,4,21,9
src/main/resources/lessons/challenges/db/migration/V2018_09_26_1__users.sql,11,1,1,9
src/main/java/org/owasp/webgoat/container/users/UserRepository.java,17,5,4,8
src/main/resources/webgoat/static/js/goatApp/model/FlagModel.js,8,0,0,8
src/main/resources/lessons/missingac/db/migration/V2021_11_03_1__ac.sql,9,1,0,8
src/main/resources/lessons/jwt/js/jwt-final.js,9,1,0,8
src/main/resources/webwolf/static/js/mail.js,9,1,0,8
src/main/resources/webgoat/static/js/goatApp/model/ReportCardModel.js,7,0,0,7
src/main/resources/webgoat/templates/lesson_content.html,13,5,1,7
src/main/resources/webgoat/static/js/libs/jquery-ui.min.js,12,1,4,7
src/main/java/org/owasp/webgoat/container/lessons/Hint.java,43,4,32,7
src/main/resources/lessons/csrf/js/feedback.js,7,0,0,7
src/main/resources/lessons/hijacksession/lessonSolutions/html/HijackSession.html,14,6,2,6
src/main/resources/lessons/spoofcookie/lessonSolutions/html/SpoofCookie.html,14,6,2,6
src/main/java/org/owasp/webgoat/server/ParentConfig.java,8,2,0,6
src/main/resources/lessons/webgoatintroduction/html/WebGoatIntroduction.html,8,2,0,6
src/test/java/org/owasp/webgoat/container/WebGoatApplication.java,8,2,0,6
src/main/java/org/owasp/webgoat/webwolf/mailbox/MailboxRepository.java,35,4,25,6
src/main/resources/lessons/challenges/html/Challenge.html,9,3,0,6
src/test/java/org/owasp/webgoat/webwolf/WebWolfApplication.java,8,2,0,6
src/main/java/org/owasp/webgoat/container/lessons/LessonMenuItemType.java,40,2,32,6
src/main/resources/lessons/jwt/db/migration/V2019_09_25_1__jwt.sql,7,1,0,6
src/main/java/org/owasp/webgoat/lessons/hijacksession/cas/AuthenticationProvider.java,35,4,25,6
src/main/resources/webgoat/static/js/goatApp/model/MenuModel.js,9,3,0,6
src/main/java/org/owasp/webgoat/webwolf/user/UserRepository.java,34,4,25,5
src/main/resources/webgoat/static/js/goatApp/model/AssignmentStatusModel.js,5,0,0,5
src/main/resources/lessons/sqlinjection/css/assignments.css,6,1,0,5
src/main/java/org/owasp/webgoat/container/lessons/Initializeable.java,12,3,4,5
src/main/resources/webgoat/static/js/libs/jquery-vuln.js,8,0,3,5
src/main/resources/webgoat/static/js/libs/jquery-base.js,8,0,3,5
src/main/java/org/owasp/webgoat/container/users/UserTrackerRepository.java,12,3,4,5
src/main/java/org/owasp/webgoat/lessons/jwt/votes/Views.java,11,2,4,5
src/main/resources/lessons/bypassrestrictions/css/bypass-restrictions.css,4,0,0,4
src/main/resources/lessons/ssrf/js/credentials.js,5,0,1,4
src/main/resources/lessons/insecurelogin/js/credentials.js,5,0,1,4
src/main/resources/webgoat/static/js/goatApp/templates/lesson_overview.html,4,0,0,4
src/main/resources/lessons/jwt/js/jwt-weak-keys.js,4,0,0,4
src/main/java/org/owasp/webgoat/lessons/challenges/SolutionConstants.java,35,3,28,4
src/main/resources/webgoat/static/js/libs/jquery-2.1.4.min.js,4,0,1,3
src/main/resources/webgoat/static/js/jquery/jquery-1.10.2.min.js,6,0,3,3
src/main/resources/lessons/missingac/css/ac.css,3,0,0,3
src/main/resources/db/container/V3__id.sql,4,1,0,3
src/main/resources/lessons/clientsidefiltering/css/clientSideFiltering-stage1.css,2,0,0,2
src/main/resources/webgoat/static/css/layers.css,2,0,0,2
src/test/resources/logback-test.xml,14,2,11,1
src/main/resources/webgoat/static/js/jquery/jquery-ui-1.10.4.custom.min.js,6,1,4,1
src/main/resources/webgoat/static/plugins/nanoScroller/jquery.nanoscroller.min.js,3,1,1,1
src/main/resources/webgoat/static/js/libs/backbone-min.js,1,0,0,1
src/main/resources/webgoat/static/js/libs/underscore-min.js,5,0,4,1
src/main/resources/db/container/V2__version.sql,1,0,0,1
src/main/resources/webgoat/static/js/libs/require.min.js,4,0,4,0
src/main/resources/webgoat/static/js/modernizr.min.js,2,0,2,0
src/main/resources/webgoat/static/plugins/bootstrap/css/bootstrap.min.css,6,1,5,0
.github/FUNDING.yml,0,0,0,0
src/main/resources/lessons/passwordreset/css/password.css,0,0,0,0
src/main/resources/webgoat/static/js/libs/polyglot.min.js,16,0,16,0
src/main/resources/webgoat/static/js/libs/jquery.min.js,1,0,1,0
src/main/resources/webgoat/static/css/font-awesome.min.css,3,0,3,0
src/main/resources/lessons/challenges/js/bootstrap.min.js,5,0,5,0
src/main/resources/lessons/lessontemplate/db/migration/V2019_11_10_1__introduction.sql,13,0,13,0
