File,Lines,Blank Lines,Comments,Code Lines
slog-handler-guide/indenthandler4/indent_handler.go,208,21,31,156
slog-handler-guide/indenthandler2/indent_handler_test.go,157,10,4,143
slog-handler-guide/indenthandler2/indent_handler.go,164,17,25,122
slog-handler-guide/indenthandler3/indent_handler.go,162,15,27,120
outyet/main.go,129,14,19,96
slog-handler-guide/indenthandler4/indent_handler_test.go,107,10,5,92
slog-handler-guide/indenthandler3/indent_handler_test.go,107,10,5,92
slog-handler-guide/indenthandler1/indent_handler.go,126,14,24,88
gotypes/typeandvalue/main.go,134,12,45,77
gotypes/nilfunc/main.go,104,15,18,71
gotypes/skeleton/main.go,117,10,40,67
.golangci.yaml,70,4,8,58
outyet/main_test.go,87,18,13,56
template/main.go,85,11,19,55
gotypes/hugeparam/main.go,82,9,20,53
gotypes/implements/main.go,77,10,17,50
gotypes/doc/main.go,89,9,30,50
helloserver/server.go,75,12,14,49
gotypes/defsuses/main.go,68,9,13,46
gotypes/lookup/lookup.go,77,10,24,43
slog-handler-guide/indenthandler4/indent_handler_norace_test.go,46,4,1,41
hello/hello.go,72,9,24,39
slog-handler-guide/indenthandler1/indent_handler_test.go,40,5,1,34
gotypes/pkginfo/main.go,64,11,22,31
hello/reverse/reverse_test.go,22,3,3,16
appengine-hello/app.yaml,23,5,3,15
appengine-hello/static/index.html,24,6,5,13
appengine-hello/app.go,22,4,7,11
hello/reverse/example_test.go,16,4,4,8
hello/reverse/reverse.go,15,2,5,8
appengine-hello/static/script.js,13,2,5,6
gotypes/hello/hello.go,10,3,2,5
appengine-hello/static/style.css,8,1,5,2
gotypes/gen.go,3,1,1,1
