File,Lines,Blank Lines,Comments,Code Lines
src/app/app.component.ts,174,14,0,160
src/theme/variables.scss,81,10,12,59
src/app/modules/materials.module.ts,58,1,0,57
src/app/app.component.spec.ts,67,11,0,56
src/app/pages/about/about.page.html,48,4,0,44
src/app/pages/home/home.page.html,47,4,0,43
src/app/pages/about-popover/about-popover.ts,38,4,1,33
src/app/pages/list/list.page.ts,39,2,4,33
src/app/app.module.ts,34,4,0,30
src/app/pages/tabs-page/tabs-page-routing.module.ts,59,3,26,30
src/karma.conf.js,31,1,2,28
src/app/pages/list/list.page.spec.ts,35,7,0,28
src/app/app-routing.module.ts,28,2,0,26
e2e/protractor.conf.js,28,2,2,24
src/app/pages/about/about.module.ts,29,5,0,24
src/global.scss,31,7,1,23
src/app/app.component.html,34,3,8,23
src/app/pages/about/about.page.spec.ts,27,5,0,22
src/app/pages/tabs-page/tabs-page.spec.ts,27,5,0,22
src/app/pages/home/home.page.spec.ts,27,5,0,22
src/app/pages/list/list.module.ts,23,2,0,21
src/app/pages/home/home.module.ts,23,2,0,21
src/app/pages/list/list.page.html,27,1,5,21
src/app/pages/tabs-page/tabs-page.module.ts,27,6,0,21
src/app/pages/about/about.page.ts,26,6,0,20
src/app/pages/tabs-page/tabs-page.html,25,5,0,20
src/app/pages/about/about.page.scss,24,4,0,20
src/index.html,26,7,1,18
e2e/src/app.e2e-spec.ts,19,2,0,17
src/test.ts,20,3,4,13
e2e/src/app.po.ts,15,3,0,12
src/app/pages/tabs-page/tabs-page.ts,14,4,0,10
src/main.ts,12,3,0,9
src/app/pages/home/home.page.ts,10,2,0,8
src/app/pages/home/home.page.scss,4,0,0,4
src/environments/environment.prod.ts,3,0,0,3
src/environments/environment.ts,16,2,11,3
src/polyfills.ts,89,10,78,1
src/app/pages/list/list.page.scss,1,1,0,0
src/app/pages/tabs-page/tabs-page.scss,0,0,0,0
