File,Lines,Blank Lines,Comments,Code Lines
app/src/main/java/com/pickup/services/updatemdmagent/utils/Base64.java,724,79,266,379
app/src/main/java/com/pickup/services/updatemdmagent/services/synchronisation/SynchronisationService.java,259,40,4,215
app/src/main/java/com/pickup/services/updatemdmagent/data/database/repositories/ApplicationEntityRepository.java,224,29,5,190
app/src/main/res/drawable/ic_launcher_background.xml,170,0,0,170
app/src/main/java/com/pickup/services/updatemdmagent/data/models/ApplicationEntity.java,212,47,0,165
app/src/main/java/com/pickup/services/updatemdmagent/webServices/responses/AppResponse.java,136,31,0,105
app/src/main/java/com/pickup/services/updatemdmagent/services/install/InstallationService.java,122,17,2,103
app/src/main/java/com/pickup/services/updatemdmagent/services/download/DownloadService.java,128,23,8,97
app/src/main/java/com/pickup/services/updatemdmagent/data/database/dbManager/DBHelper.java,169,30,50,89
app/src/main/java/com/pickup/services/updatemdmagent/webServices/params/ConfigAppsParam.java,109,21,0,88
app/src/main/java/com/pickup/services/updatemdmagent/data/database/repositories/ConfigAppsRepository.java,113,21,5,87
app/src/main/java/com/pickup/services/updatemdmagent/services/uninstall/UninstallationService.java,108,22,2,84
app/src/main/java/com/pickup/services/updatemdmagent/utils/StringUtils.java,100,18,0,82
app/src/main/java/com/pickup/services/updatemdmagent/utils/CollectionUtils.java,83,18,0,65
app/src/main/java/com/pickup/services/updatemdmagent/services/install/InstallTask.java,77,16,0,61
app/src/main/java/com/pickup/services/updatemdmagent/uis/MainActivity.java,72,12,0,60
app/src/main/AndroidManifest.xml,75,15,3,57
app/src/main/java/com/pickup/services/updatemdmagent/utils/SharedPreferenceUtils.java,76,19,0,57
app/src/main/java/com/pickup/services/updatemdmagent/services/uninstall/UninstallTask.java,71,14,4,53
app/src/main/java/com/pickup/services/updatemdmagent/utils/Logger.java,70,19,0,51
app/src/main/java/com/pickup/services/updatemdmagent/broadcastReceivers/SynchroReminder.java,54,7,0,47
app/src/main/java/com/pickup/services/updatemdmagent/data/models/ConfigApps.java,62,16,0,46
app/src/main/java/com/pickup/services/updatemdmagent/webServices/responses/ConfigResponse.java,55,12,0,43
app/src/main/java/com/pickup/services/updatemdmagent/webServices/RetrofitClient.java,56,13,0,43
app/src/main/java/com/pickup/services/updatemdmagent/webServices/params/AppsParam.java,48,10,0,38
app/src/main/res/drawable-v24/ic_launcher_foreground.xml,34,0,0,34
app/src/main/java/com/pickup/services/updatemdmagent/utils/ExceptionUtils.java,34,5,0,29
app/src/main/java/com/pickup/services/updatemdmagent/data/database/dbManager/DBManager.java,36,5,13,18
app/src/main/java/com/pickup/services/updatemdmagent/utils/Helper.java,21,4,0,17
app/src/androidTest/java/com/pickup/services/updatemdmagent/ExampleInstrumentedTest.java,26,5,6,15
app/src/main/res/layout/activity_main.xml,17,2,0,15
app/src/main/res/drawable/ic_pickup_logo.xml,14,0,0,14
app/src/main/java/com/pickup/services/updatemdmagent/broadcastReceivers/RebootReceiver.java,18,5,0,13
app/src/main/res/drawable/btn_shape.xml,13,0,0,13
app/src/main/java/com/pickup/services/updatemdmagent/utils/NetworkUtils.java,20,5,3,12
app/src/main/java/com/pickup/services/updatemdmagent/webServices/ApiService.java,21,10,2,9
app/src/main/res/drawable/btn_ripple.xml,10,1,0,9
app/src/main/java/com/pickup/services/updatemdmagent/utils/ApiUtils.java,13,4,0,9
app/src/test/java/com/pickup/services/updatemdmagent/ExampleUnitTest.java,17,4,5,8
app/src/main/java/com/pickup/services/updatemdmagent/constants/SharedPreferencesConstants.java,13,4,1,8
app/src/main/res/values/colors.xml,9,2,0,7
app/src/main/res/values/styles.xml,11,2,2,7
app/src/main/java/com/pickup/services/updatemdmagent/bases/App.java,14,5,2,7
app/src/main/res/xml/backup_descriptor.xml,8,0,2,6
app/src/main/res/values/strings.xml,6,0,0,6
app/src/main/java/com/pickup/services/updatemdmagent/constants/EventBusNotificationConstants.java,8,2,1,5
app/src/main/java/com/pickup/services/updatemdmagent/constants/CommandsConstants.java,9,3,1,5
app/src/main/java/com/pickup/services/updatemdmagent/constants/APIConstants.java,10,4,1,5
app/src/main/java/com/pickup/services/updatemdmagent/data/database/dbManager/DBConstants.java,9,1,3,5
app/src/main/res/mipmap-anydpi-v26/ic_launcher.xml,4,0,0,4
app/src/main/res/mipmap-anydpi-v26/ic_launcher_round.xml,4,0,0,4
