File,Lines,Blank Lines,Comments,Code Lines
pom.xml,69,4,0,65
.github/workflows/main.yml,38,0,0,38
src/test/java/com/sonarsource/springdemo/AppControllerTest.java,23,6,0,17
src/main/java/com/sonarsource/springdemo/AppController.java,21,5,0,16
src/test/java/com/sonarsource/springdemo/JavaSpringWebAppApplicationTests.java,19,5,0,14
src/main/java/com/sonarsource/springdemo/DataUtils.java,16,4,0,12
src/main/java/com/sonarsource/springdemo/JavaSpringWebAppApplication.java,13,4,0,9
src/main/resources/data.sql,5,0,0,5
