File,Lines,Blank Lines,Comments,Code Lines
buildspec.yml,114,1,10,103
pom.xml,69,4,0,65
app-k8s/sonar-aws-javaApp.yaml,45,0,0,45
src/test/java/com/sonarsource/springdemo/AppControllerTest.java,31,8,0,23
src/test/java/com/sonarsource/springdemo/JavaSpringWebAppApplicationTests.java,19,5,0,14
src/main/java/com/sonarsource/springdemo/AppController.java,16,4,0,12
src/main/java/com/sonarsource/springdemo/JavaSpringWebAppApplication.java,13,4,0,9
src/main/resources/data-h2.sql,7,0,1,6
src/test/resources/data-h2.sql,7,0,1,6
