File,Lines,Blank Lines,Comments,Code Lines
dist/css/theme.css,20733,3566,156,17011
dist/vendors/fontawesome/js/all.js,4466,381,61,4024
dist/vendors/fontawesome/css/all.css,4616,1500,6,3110
dist/vendors/fontawesome/css/fontawesome.css,4582,1497,6,3079
dist/vendors/fontawesome/js/fontawesome.js,2483,315,43,2125
dist/vendors/fontawesome/css/v4-shims.css,2172,612,4,1556
dist/vendors/fontawesome/js/solid.js,1130,22,10,1098
pkg/devops/getbitbucket/getbitbucket.go,1155,197,19,939
pkg/devops/getbitbucketdc/getbitbucketdc.go,1097,182,5,910
golc.go,1178,204,86,888
pkg/devops/getgithub/getgithub.go,1084,153,58,873
dist/vendors/fontawesome/js/conflict-detection.js,998,145,179,674
pkg/devops/getbitbucket/v2/getbitbucket.go,801,141,18,642
pkg/devops/getazure/getazure.go,728,131,31,566
dist/vendors/fontawesome/js/brands.js,585,22,10,553
pkg/devops/getgitlab/getgitlab.go,757,147,79,531
ResultsAll.go,550,98,26,426
dist/js/theme.js,487,74,25,388
dist/vendors/fontawesome/css/svg-with-js.css,371,55,4,312
dist/vendors/fontawesome/js/regular.js,280,22,10,248
assets/languages.go,187,3,0,184
pkg/goloc/goloc.go,228,39,12,177
pkg/sorter/language_sorter.go,170,29,0,141
pkg/scanner/scanner.go,212,29,56,127
pkg/sorter/file_sorter.go,122,23,0,99
pkg/devops/getgitlab/getgitlab1.go,125,26,4,95
pkg/reporter/json/json_reporter.go,111,17,1,93
pkg/sorter/sorter.go,101,10,0,91
pkg/analyzer/analyzer.go,95,17,0,78
pkg/getter/getter.go,97,19,3,75
pkg/reporter/prompt/prompt_reporter.go,85,13,0,72
pkg/gogit/gogit.go,92,20,4,68
pkg/utils/filetest.go,78,13,4,61
pkg/scanner/summary.go,67,7,0,60
dist/vendors/fontawesome/js/v4-shims.js,68,11,4,53
pkg/utils/logger.go,50,10,4,36
pkg/utils/annalyse.go,44,7,2,35
pkg/utils/display_format.go,33,4,0,29
assets/assets.go,20,2,0,18
pkg/filesystem/filesystem.go,19,4,0,15
dist/vendors/fontawesome/css/solid.css,16,1,4,11
dist/vendors/fontawesome/css/regular.css,15,1,4,10
dist/vendors/fontawesome/css/brands.css,15,1,4,10
pkg/utils/convert_to_map.go,11,3,0,8
pkg/goloc/language/language.go,10,3,0,7
pkg/reporter/reporter.go,8,2,0,6
dist/css/theme.min.css,2,0,1,1
dist/vendors/chartjs/chart.js,20,0,19,1
dist/vendors/fontawesome/css/all.min.css,4,0,4,0
dist/vendors/fontawesome/css/v4-shims.min.css,4,0,4,0
dist/vendors/fontawesome/css/fontawesome.min.css,4,0,4,0
dist/vendors/fontawesome/js/solid.min.js,4,0,4,0
dist/vendors/fontawesome/css/solid.min.css,4,0,4,0
dist/vendors/fontawesome/js/all.min.js,4,0,4,0
dist/vendors/fontawesome/css/regular.min.css,4,0,4,0
dist/vendors/fontawesome/css/brands.min.css,4,0,4,0
dist/vendors/fontawesome/js/brands.min.js,4,0,4,0
dist/vendors/fontawesome/js/conflict-detection.min.js,4,0,4,0
dist/vendors/fontawesome/css/svg-with-js.min.css,4,0,4,0
dist/vendors/fontawesome/js/fontawesome.min.js,4,0,4,0
dist/vendors/fontawesome/js/regular.min.js,4,0,4,0
dist/vendors/fontawesome/js/v4-shims.min.js,4,0,4,0
