File,Lines,Blank Lines,Comments,Code Lines
Sources/Pssa.VisuColis.Query.Proxy.Isis/Connected Services/IsisServiceReference/Reference.cs,2414,362,161,1891
Sources/Pssa.VisuColis.Query.WebApi.Tests/Controllers/ParcelControllerTest.cs,1550,347,162,1041
Sources/Pssa.VisuColis.WebClient/src/styles/app.scss,1257,255,57,945
Sources/Pssa.VisuColis.WebClient/src/app/components/parcel/services/ParcelService.ts,1187,115,137,935
Sources/Pssa.VisuColis.WebClient/src/app/components/parcel/controllers/ParcelSearchDirectiveController.ts,953,167,29,757
Sources/Pssa.VisuColis.Command.WebApi.Tests/Controllers/ParcelActionCommandControllerTest.cs,911,176,49,686
Sources/Pssa.VisuColis.WebClient/src/app/shared/typings/QueryEntities.d.ts,782,107,5,670
ThirdParty/JaySvcUtil-1.4.0-alpha-fix/QueryEntities.d.ts,754,103,4,647
Sources/Pssa.VisuColis.WebClient/src/app/shared/factories/QueryEntities.ts,627,55,4,568
Sources/Pssa.VisuColis.Command.WebApi.Tests/Controllers/ParcelStepActionControllerTest.cs,676,90,27,559
Sources/Pssa.VisuColis.WebClient/src/app/components/parcel/controllers/ParcelListDirectiveController.ts,688,115,17,556
ThirdParty/JaySvcUtil-1.4.0-alpha-fix/QueryEntities.ts,605,54,4,547
Sources/Pssa.VisuColis.Acceptance/Specs/ParcelDetail/TracingAndActionListDependOnCountry.feature.cs,564,22,9,533
ThirdParty/JaySvcUtil-1.4.0-alpha-source/Program.cs,688,110,47,531
Sources/Pssa.VisuColis.WebClient/src/app/components/parcel/views/component-parcel-search.html,557,27,7,523
Sources/Pssa.VisuColis.Acceptance/Steps/ParcelSearchSteps.cs,654,137,0,517
Sources/Pssa.VisuColis.Acceptance/Steps/ParcelListSteps.cs,663,153,12,498
Sources/Pssa.VisuColis.Query.Proxy.Database.Tests/ParcelQueryBuild/SqlQueryBuilderTest.cs,755,137,129,489
Sources/Pssa.VisuColis.Command.Proxy.Avisage/Connected Services/AvisageServiceReference/Reference.cs,581,103,8,470
Sources/Pssa.VisuColis.WebClient/src/app/components/parcel/controllers/ParcelDetailPropertiesDirectiveController.ts,518,87,4,427
Sources/Pssa.VisuColis.Query.WebApi.Tests/Controllers/ParcelDetailControllerTest.cs,639,142,90,407
Sources/Pssa.VisuColis.WebClient/src/app/components/parcel/controllers/ParcelEventListDirectiveController.ts,471,72,4,395
Sources/Pssa.VisuColis.Command.Proxy.ParcelDomain/ParcelActionProxy.cs,561,52,145,364
Sources/Pssa.VisuColis.Query.WebApi.Tests/Controllers/ParcelEventControllerTests.cs,508,99,52,357
Sources/Pssa.VisuColis.Acceptance/Steps/DataSteps.cs,431,80,5,346
Sources/Pssa.VisuColis.WebClient/src/app/components/parcel/services/ParcelSearchService.ts,452,81,45,326
Sources/Pssa.VisuColis.WebClient/src/app/components/parcel/views/component-parcel-detail-properties.html,322,13,1,308
Sources/Pssa.VisuColis.Query.Proxy.Database/SqlQueries/GetParcel.cshtml,332,24,0,308
Sources/Pssa.VisuColis.WebClient/src/app/components/parcel/services/ParcelTranslationService.ts,363,40,17,306
Sources/Pssa.VisuColis.WebClient/src/app/components/parcel/controllers/ParcelTreatmentListDirectiveController.ts,357,49,3,305
Sources/Pssa.VisuColis.WebClient/src/app/components/parcel/services/ParcelEventService.ts,385,48,33,304
Sources/Pssa.VisuColis.Query.Proxy.Database.Tests/ParcelQueryBuild/ParcelQueryBuilderTests.cs,405,85,70,250
Sources/Pssa.VisuColis.WebClient/src/app/components/parcel/views/modal-isis.html,249,0,0,249
Sources/Pssa.VisuColis.Query.Proxy.Database/ParcelQueryBuild/ParcelQueryProvider.cs,352,61,42,249
Sources/Pssa.VisuColis.WebClient/src/app/shared/services/AuthenticationService.ts,321,52,21,248
Sources/Pssa.VisuColis.Handlers.Tests/Handlers/JsonConfigHandlerTests.cs,331,65,19,247
Sources/Pssa.VisuColis.Core.Tests/Security/ParcelManagerTests.cs,323,47,32,244
Sources/Pssa.VisuColis.WebClient/src/app/components/parcel/controllers/ModalParcelActionController.ts,302,54,4,244
Sources/Pssa.VisuColis.WebClient/src/app/components/parcel/controllers/ModalSendPdaMessageController.ts,296,54,0,242
Sources/Pssa.VisuColis.WebClient/src/app/components/parcel/controllers/ParcelDetailController.ts,296,53,10,233
Sources/Pssa.VisuColis.Query.WebApi.Tests/Controllers/ParcelStepControllerTest.cs,340,74,45,221
Sources/Pssa.VisuColis.Query.Proxy.Database/ParcelQueryBuild/QueryTranslator.cs,254,31,3,220
Sources/Pssa.VisuColis.WebClient/src/app/shared/services/FeatureService.ts,268,46,3,219
Sources/VisuColis.Tools/Pssa.VisuColis.Tools.TranslationManager/Program.cs,309,50,42,217
Sources/Pssa.VisuColis.WebClient/src/app/components/parcel/styles/parcel.scss,274,51,10,213
Sources/Pssa.VisuColis.Tests.Core/Services/ParcelService.cs,326,46,68,212
ThirdParty/JaySvcUtil-1.4.0-alpha-source/jaydata.d.ts,249,39,0,210
Sources/Pssa.VisuColis.Query.Proxy.Database/SqlQueries/ParcelWhere.cshtml,210,6,0,204
Sources/Pssa.VisuColis.WebClient/src/app/components/parcel-without-shipment/controllers/ParcelWithoutShipmentSearchDirectiveController.ts,250,47,2,201
Sources/Pssa.VisuColis.WebClient/src/app/components/parcel/controllers/ParcelStepListDirectiveController.ts,230,33,2,195
Sources/Pssa.VisuColis.Query.Core.Entities/Parcel.cs,230,29,8,193
Sources/Pssa.VisuColis.WebClient/src/app/components/pssa-open-xml/factories/ExcelFactory.ts,260,43,25,192
Sources/Pssa.VisuColis.Acceptance/Specs/Search/SearchByUrlParameter.feature.cs,212,17,9,186
Sources/VisuColis.Tools/Pssa.VisuColis.Tools.TranslationManager/ExcelWriter.cs,264,51,30,183
Sources/Pssa.VisuColis.Query.Proxy.Database/ParcelQueryBuild/ParcelQueryBuilder.cs,233,36,19,178
Sources/Pssa.VisuColis.Command.WebApi.Tests/Controllers/ParcelAnalysisControllerTest.cs,226,32,19,175
Sources/Pssa.VisuColis.WebClient/src/app/components/parcel/views/component-parcel-list.html,207,32,0,175
Sources/Pssa.VisuColis.WebClient/src/app/components/pssa-grid/factories/GridFactory.ts,242,42,27,173
test-new-agent-pool.yml,196,21,2,173
Sources/Pssa.VisuColis.Acceptance/Steps/ParcelDetailSteps.cs,221,53,0,168
Sources/Pssa.VisuColis.Query.WebApi.Tests/Controllers/ParcelTreatmentControllerTest.cs,252,54,33,165
Sources/Pssa.VisuColis.WebClient/src/app/components/parcel/services/ParcelActionService.ts,214,30,21,163
Sources/Pssa.VisuColis.Acceptance/Specs/Search/SearchByFirmParcelCarrier.feature.cs,189,18,9,162
Sources/Pssa.VisuColis.Handlers/Repositories/ConfigRepository.cs,227,65,1,161
Sources/Pssa.VisuColis.WebClient/src/app/components/parcel/services/ParcelStepService.ts,212,24,27,161
Sources/Pssa.VisuColis.Acceptance/Specs/Language/LanguageChange.feature.cs,174,15,9,150
Sources/Pssa.VisuColis.Query.Proxy.Database/ParcelContext.cs,296,43,104,149
Sources/Pssa.VisuColis.WebClient/src/app/components/parcel/controllers/ModalGridSettingsController.ts,164,22,0,142
Sources/Pssa.VisuColis.Query.WebApi.Tests/Controllers/FailedEventControllerTest.cs,196,39,15,142
Sources/Pssa.VisuColis.Acceptance/Steps/AuthenticationSteps.cs,164,23,2,139
Sources/Pssa.VisuColis.Tests.Core/Entities/Parcel.cs,164,18,8,138
Sources/Pssa.VisuColis.Acceptance/Specs/Search/SearchByMisguided.feature.cs,160,13,9,138
Sources/Pssa.VisuColis.Query.WebApi/Ast/CollectPropertiesVisitor.cs,269,24,109,136
Sources/Pssa.VisuColis.Acceptance/Specs/Search/SearchByValidated.feature.cs,158,13,9,136
Sources/Pssa.VisuColis.WebClient/src/app/components/parcel/services/ParcelTreatmentService.ts,170,22,13,135
Sources/Pssa.VisuColis.Query.Proxy.Database.Tests/ParcelQueryBuild/QueryTranslatorTests.cs,210,45,30,135
Sources/Pssa.VisuColis.Acceptance/Pages/ParcelSearchPage.cs,167,37,0,130
Sources/Pssa.VisuColis.WebClient/src/app/shared/tests/QueryBuilderService.spec.ts,198,35,33,130
Sources/Pssa.VisuColis.WebClient/src/app/components/parcel/views/modal-parcel-action.html,150,20,0,130
Sources/Pssa.VisuColis.Acceptance/Specs/Search/SearchForInterOperator.feature.cs,152,14,9,129
Sources/Pssa.VisuColis.WebClient/src/app/components/parcel/controllers/ParcelContainerListDirectiveController.ts,148,20,0,128
Sources/Pssa.VisuColis.WebClient/src/app/components/parcel/controllers/ParcelConsolidatedListDirectiveController.ts,145,20,0,125
Sources/Pssa.VisuColis.WebClient/src/app/components/parcel/views/component-parcel-event-list.html,131,6,0,125
Sources/Pssa.VisuColis.Tests.Core/ParcelContext.cs,259,34,101,124
Sources/Pssa.VisuColis.WebClient/src/index.html,165,15,26,124
Sources/Pssa.VisuColis.WebClient/src/app/components/pssa-grid/controllers/GridFilterDirectiveController.ts,168,41,5,122
Sources/Pssa.VisuColis.WebClient/src/app/shared/controllers/LoaderMaskDirectiveController.ts,154,22,10,122
Sources/Pssa.VisuColis.WebClient/src/app/shared/services/UserService.ts,143,22,0,121
Sources/Pssa.VisuColis.WebClient/src/app/app.ts,165,28,16,121
Sources/Pssa.VisuColis.Tests.Core/WebApi/Helpers/AuthTokenHelper.cs,197,27,49,121
Sources/Pssa.VisuColis.WebClient/src/app/components/analysis/controllers/ModalAnalysisActionController.ts,160,42,0,118
Sources/Pssa.VisuColis.Query.WebApi.LoadTests/ParcelSearch/ParcelSearchBase.cs,198,28,52,118
Sources/Pssa.VisuColis.WebClient/src/app/components/pssa-open-xml/typings/js-xlsx.d.ts,205,31,57,117
Sources/Pssa.VisuColis.WebClient/src/app/shared/controllers/HeaderController.ts,139,22,1,116
Sources/Pssa.VisuColis.Query.WebApi.Tests/Controllers/PudoReferenceControllerTest.cs,165,37,12,116
Sources/Pssa.VisuColis.WebClient/src/app/components/pssa-grid/typings/grid.d.ts,146,28,4,114
Sources/Pssa.VisuColis.WebClient/gulp/build.js,149,20,15,114
Sources/Pssa.VisuColis.WebClient/src/app/components/parcel/controllers/ModalParcelEventPropertiesController.ts,141,26,1,114
Sources/Pssa.VisuColis.WebClient/src/app/components/parcel/controllers/ParcelAsideDirectiveController.ts,150,34,3,113
Sources/Pssa.VisuColis.WebClient/src/app/components/parcel/services/CarrierLinkService.ts,175,32,31,112
Sources/Pssa.VisuColis.Acceptance/Specs/Search/SearchByLastParcelTreatmentType.feature.cs,132,12,9,111
Sources/Pssa.VisuColis.Query.Proxy.Database/SqlQueries/ParcelOrderBy.cshtml,136,25,0,111
Sources/Pssa.VisuColis.WebClient/src/app/components/analysis/controllers/AnalysisListDirectiveController.ts,138,28,0,110
Sources/Pssa.VisuColis.WebClient/src/app/components/parcel/services/StepService.ts,146,19,17,110
Documents/parcel_by_carrier_DPL_anomaly.sql,118,8,0,110
Sources/Pssa.VisuColis.Query.WebApi.LoadTests/CustomReportPlugin.cs,143,34,0,109
Sources/Pssa.VisuColis.WebClient/src/app/shared/services/LanguageService.ts,148,14,25,109
Sources/Pssa.VisuColis.WebClient/src/app/shared/controllers/FooterController.ts,138,28,1,109
Sources/Pssa.VisuColis.Query.WebApi/Controllers/MonitoringController.cs,150,6,36,108
Sources/Pssa.VisuColis.Acceptance/Specs/Export/ParcelExport.feature.cs,128,12,9,107
Sources/Pssa.VisuColis.Query.WebApi/App_Start/WebApiConfig.cs,160,30,23,107
Sources/Pssa.VisuColis.WebClient/src/app/components/parcel-without-shipment/views/component-parcel-without-shipment-search.html,112,8,0,104
Sources/Pssa.VisuColis.Acceptance/Specs/Search/SearchByStepDate.feature.cs,124,12,9,103
Sources/Pssa.VisuColis.WebClient/src/app/components/parcel/services/PudoService.ts,139,19,17,103
Sources/Pssa.VisuColis.WebClient/src/app/components/parcel/services/ParcelTreatmentTypeService.ts,139,20,16,103
Sources/Pssa.VisuColis.WebClient/src/app/components/parcel/services/PortalUrlConfigService.ts,120,18,0,102
Sources/Pssa.VisuColis.Acceptance/Specs/ParcelDetail/DisplayPudo.feature.cs,123,12,9,102
Sources/Pssa.VisuColis.Core/AppStart/CoreWebApiConfig.cs,129,17,11,101
Sources/Pssa.VisuColis.WebClient/src/app/components/parcel/services/CarrierService.ts,148,26,23,99
Sources/Pssa.VisuColis.WebClient/src/app/components/parcel/controllers/ModalPudoDetailsController.ts,121,21,1,99
Sources/Pssa.VisuColis.Handlers/Handlers/JsonConfigHandler.cs,129,30,0,99
Sources/Pssa.VisuColis.WebClient/src/app/components/parcel/controllers/PudoUrlDirectiveController.ts,123,21,5,97
Sources/Pssa.VisuColis.Query.WebApi.Tests/Controllers/ParcelAnalysisDetailControllerTests.cs,136,29,12,95
Sources/VisuColis.Tools/Pssa.VisuColis.Tools.TranslationManager/ExcelReader.cs,128,30,3,95
Sources/Pssa.VisuColis.WebClient/src/app/components/parcel/services/PrestationTypeService.ts,117,15,10,92
Sources/Pssa.VisuColis.WebClient/src/app/components/parcel/services/PrestationService.ts,119,14,13,92
Sources/Pssa.VisuColis.WebClient/src/app/components/parcel/controllers/UrlTrackingDirectiveController.ts,110,18,1,91
Sources/Pssa.VisuColis.Query.WebApi.Tests/Controllers/StepControllerTest.cs,133,28,15,90
Sources/Pssa.VisuColis.Query.WebApi.Tests/Controllers/CarrierControllerTest.cs,132,27,15,90
Sources/Pssa.VisuColis.Query.WebApi.Tests/Controllers/ParcelEventSignatureControllerTest.cs,125,27,9,89
Sources/Pssa.VisuColis.WebClient/src/app/shared/typings/CommandEntities.d.ts,119,23,7,89
Sources/Pssa.VisuColis.Query.Proxy.Database.Tests/Repositories/ParcelRepositoryTests.cs,119,20,10,89
Sources/Pssa.VisuColis.Query.WebApi.Tests/Controllers/ParcelAnalysisControllerTests.cs,124,24,12,88
Sources/Pssa.VisuColis.WebClient/src/app/components/parcel/views/component-parcel-treatment-list.html,91,3,0,88
Sources/Pssa.VisuColis.Query.WebApi.Tests/Controllers/ParcelEventPropertyControllerTest.cs,125,26,12,87
Sources/Pssa.VisuColis.WebClient/src/app/components/pssa-grid/services/GridFilterService.ts,96,8,1,87
Sources/Pssa.VisuColis.Acceptance/Factories/BrowserFactory.cs,114,28,0,86
Sources/Pssa.VisuColis.Query.WebApi/Attributes/ValidateParcelAttribute.cs,145,16,43,86
Sources/Pssa.VisuColis.Command.WebApi.Tests/Controllers/MessagePdaCommandControllerTest.cs,106,18,3,85
Sources/Pssa.VisuColis.WebClient/src/app/components/pssa-grid/typings/ng-table.d.ts,107,17,5,85
Sources/Pssa.VisuColis.WebClient/src/app/components/analysis/controllers/AnalysisParcelListController.ts,104,19,0,85
Sources/Pssa.VisuColis.Query.WebApi.LoadTests/Services/ParcelSearchResultService.cs,129,19,26,84
Sources/Pssa.VisuColis.WebClient/src/app/components/parcel/services/OperatorCountryRelService.ts,101,17,0,84
Sources/Pssa.VisuColis.WebClient/src/app/components/parcel-without-shipment/services/ParcelWithoutShipmentService.ts,118,19,15,84
Sources/Pssa.VisuColis.Query.WebApi.Tests/Controllers/PudoControllerTest.cs,119,27,9,83
Sources/Pssa.VisuColis.Acceptance/Pages/ParcelDetailPage.cs,107,24,0,83
Sources/Pssa.VisuColis.WebClient/src/app/components/pssa-grid/services/GridSpecificationService.ts,117,18,17,82
Sources/Pssa.VisuColis.Query.WebApi.Tests/Controllers/ParcelWithoutShipmentControllerTest.cs,105,20,3,82
Sources/Pssa.VisuColis.Query.Proxy.Database/ParcelWithoutShipmentQueryBuild/ParcelWithoutShipmentQueryProvider.cs,97,16,0,81
Sources/Pssa.VisuColis.WebClient/src/app/components/parcel/services/ParcelActionCommandService.ts,104,18,5,81
Sources/Pssa.VisuColis.WebClient/src/app/shared/services/TranslationService.ts,122,21,20,81
Sources/Pssa.VisuColis.Acceptance/Specs/Sort/SortByRod.feature.cs,100,11,9,80
Sources/Pssa.VisuColis.WebClient/src/app/components/parcel-without-shipment/controllers/ParcelWithoutShipmentListDirectiveController.ts,106,25,1,80
Sources/Pssa.VisuColis.WebClient/karma.conf.js,104,19,5,80
Sources/Pssa.VisuColis.Acceptance/Specs/Search/SearchByPudo.feature.cs,100,11,9,80
Sources/Pssa.VisuColis.Acceptance/Specs/Search/SearchByCod.feature.cs,100,11,9,80
Sources/Pssa.VisuColis.Acceptance/Specs/Search/SearchByName.feature.cs,100,11,9,80
Sources/Pssa.VisuColis.Query.Proxy.Database.Tests/Repositories/ParcelEventPropertyRepositoryTests.cs,103,18,6,79
Sources/Pssa.VisuColis.WebClient/src/app/components/parcel/controllers/ModalManualMailController.ts,100,21,0,79
Sources/Pssa.VisuColis.WebClient/src/app/shared/helpers/ValueHelper.ts,93,11,3,79
Sources/Pssa.VisuColis.Acceptance/Specs/Sort/SortByPrestationType.feature.cs,98,11,9,78
Sources/Pssa.VisuColis.Acceptance/Specs/Sort/SortByTargetDeliveryPudo.feature.cs,98,11,9,78
Sources/Pssa.VisuColis.Acceptance/Specs/Search/SearchByRod.feature.cs,98,11,9,78
Sources/Pssa.VisuColis.WebClient/src/app/shared/controllers/NotifyToastDirectiveController.ts,102,22,2,78
Sources/Pssa.VisuColis.Acceptance/Specs/Sort/SortByActualPudo.feature.cs,98,11,9,78
Sources/Pssa.VisuColis.Acceptance/Specs/Sort/SortByFirmParcelCarrier.feature.cs,98,11,9,78
Sources/Pssa.VisuColis.Query.WebApi.Tests/Controllers/PrestationControllerTests.cs,108,21,10,77
Sources/Pssa.VisuColis.Acceptance/Specs/Search/SearchByPrestation.feature.cs,97,11,9,77
Sources/Pssa.VisuColis.Query.WebApi.Tests/Controllers/PrestationTypeControllerTests.cs,107,21,10,76
Sources/Pssa.VisuColis.Acceptance/Specs/Search/SearchByStep.feature.cs,96,11,9,76
Sources/Pssa.VisuColis.Acceptance/Specs/ParcelDetail/DisplayCodAmountPaid.feature.cs,96,11,9,76
Sources/Pssa.VisuColis.Acceptance/Specs/Search/SearchByCarrier.feature.cs,96,11,9,76
Sources/Pssa.VisuColis.Query.WebApi.LoadTests/Services/OperatorDataService.cs,77,2,0,75
Sources/Pssa.VisuColis.Acceptance/Specs/ParcelDetail/DisplayReserveType.feature.cs,94,11,9,74
Sources/Pssa.VisuColis.Acceptance/Specs/LoginSpecFlow.feature.cs,94,11,9,74
Sources/Pssa.VisuColis.Query.WebApi.Tests/Controllers/ShipperGroupControllerTest.cs,98,18,6,74
Sources/Pssa.VisuColis.Acceptance/Specs/Search/SearchByFirmParcelBarCode.feature.cs,94,11,9,74
Sources/Pssa.VisuColis.Handlers/CacheHttpModule.cs,129,18,37,74
Sources/Pssa.VisuColis.WebClient/src/app/components/parcel-without-shipment/services/ParcelWithoutShipmentTranslationService.ts,89,16,0,73
Sources/Pssa.VisuColis.WebClient/src/app/shared/controllers/ErrorMessageDirectiveController.ts,95,19,4,72
Sources/Pssa.VisuColis.Acceptance/Excel/ExcelReader.cs,94,19,3,72
Sources/Pssa.VisuColis.Query.Proxy.Database/Models/ParcelQuerySpecification.cs,219,37,111,71
Sources/Pssa.VisuColis.Query.Proxy.Database.Tests/Repositories/ParcelAnalysisRepositoryTests.cs,90,14,6,70
Sources/Pssa.VisuColis.WebClient/src/app/components/parcel/tests/ParcelStepService.spec.ts,115,21,24,70
Sources/Pssa.VisuColis.WebClient/src/app/components/failed-event/controllers/FailedEventListDirectiveController.ts,87,17,0,70
Sources/Pssa.VisuColis.WebClient/src/app/components/parcel/views/parcel-detail.html,89,19,1,69
Sources/Pssa.VisuColis.Query.Core.Entities/ParcelDetail.cs,70,1,0,69
Sources/Pssa.VisuColis.WebClient/src/app/components/parcel/controllers/TracingLinksDirectiveController.ts,88,19,1,68
Sources/Pssa.VisuColis.WebClient/src/app/components/parcel/views/component-parcel-aside.html,81,0,13,68
Sources/Pssa.VisuColis.WebClient/src/app/shared/timezone/timeZones.ts,68,1,0,67
Sources/Pssa.VisuColis.Command.WebApi/Controllers/MessagePdaCommandController.cs,78,9,2,67
Sources/Pssa.VisuColis.Acceptance/Steps/LanguageSteps.cs,90,19,4,67
Sources/Pssa.VisuColis.Query.Proxy.Database/ParcelQueryBuild/SqlQueryProvider.cs,151,36,49,66
Sources/Pssa.VisuColis.WebClient/e2e/parcel.list.spec.js,103,32,5,66
Sources/Pssa.VisuColis.WebClient/src/app/components/parcel/services/ParcelEventSearchService.ts,97,15,17,65
Sources/Pssa.VisuColis.WebClient/src/app/components/failed-event/services/FailedEventService.ts,95,16,14,65
Sources/Pssa.VisuColis.WebClient/src/app/shared/controllers/LanguagesFlagsDirectiveController.ts,82,17,0,65
Sources/Pssa.VisuColis.WebClient/src/app/components/analysis/services/AnalysisService.ts,97,18,15,64
Sources/Pssa.VisuColis.Query.Proxy.Database/ParcelQueryBuild/Queryable.cs,72,8,0,64
Sources/Pssa.VisuColis.WebClient/src/app/components/analysis/services/AnalysisDetailService.ts,97,18,15,64
Sources/Pssa.VisuColis.WebClient/src/app/shared/enums/HttpStatusCode.ts,64,1,0,63
Sources/Pssa.VisuColis.WebClient/src/app/components/parcel/views/component-parcel-step-list.html,67,4,0,63
Sources/Pssa.VisuColis.WebClient/src/app/shared/factories/QueryEntityFactory.ts,86,13,11,62
Sources/Pssa.VisuColis.WebClient/src/app/shared/services/HttpInterceptorService.ts,95,16,17,62
Sources/Pssa.VisuColis.WebClient/src/app/components/parcel/views/component-parcel-consolidated-list.html,82,17,5,60
Sources/Pssa.VisuColis.WebClient/src/app/components/analysis/controllers/ModalAnalysisDetailListController.ts,74,14,0,60
Sources/Pssa.VisuColis.Core/AppStart/CoreWindsorControllerActivator.cs,89,13,16,60
Sources/Pssa.VisuColis.WebClient/src/app/components/analysis/controllers/AnalysisParcelsFieldDirectiveController.ts,100,22,18,60
Sources/Pssa.VisuColis.WebClient/src/app/shared/typings/jaydata.angular.d.ts,68,8,0,60
Sources/Pssa.VisuColis.Command.WebApi/App_Start/WebApiConfig.cs,94,19,15,60
Sources/Pssa.VisuColis.WebClient/src/app/components/parcel/services/ShipperGroupService.ts,82,12,11,59
Sources/Pssa.VisuColis.Command.Proxy.MessagePda/MessagePdaProxy.cs,73,14,0,59
Sources/Pssa.VisuColis.Acceptance/Steps/GlobalSteps.cs,65,6,0,59
Sources/Pssa.VisuColis.Acceptance/Contexts/BrowserContext.cs,70,8,3,59
Sources/Pssa.VisuColis.WebClient/src/app/components/parcel/tests/TrackingService.spec.ts,89,29,1,59
Sources/Pssa.VisuColis.Command.Proxy.Database/Repositories/ParcelAnalysisRepository.cs,86,11,16,59
Sources/Pssa.VisuColis.Query.WebApi.Tests/Controllers/MessagePdaTemplateControllerTest.cs,74,13,3,58
Sources/Pssa.VisuColis.WebClient/src/app/components/parcel/services/CarrierPudoReferenceService.ts,83,14,11,58
Sources/Pssa.VisuColis.WebClient/src/app/shared/classes/Alert.ts,67,9,0,58
Sources/Pssa.VisuColis.Tests.Core/Entities/ParcelDetail.cs,58,1,0,57
Sources/Pssa.VisuColis.Query.Proxy.Database.Tests/ParcelQueryBuild/SqlQueryProviderTest.cs,89,20,12,57
Sources/Pssa.VisuColis.Query.WebApi/Controllers/ParcelEventSignaturesController.cs,87,10,20,57
Sources/Pssa.VisuColis.WebClient/src/app/components/parcel/views/modal-parcel-event-properties.html,66,6,3,57
Sources/Pssa.VisuColis.WebClient/gulp/tsd.js,74,17,0,57
Sources/Pssa.VisuColis.WebClient/src/app/components/parcel/services/MessagePdaTemplateService.ts,82,14,12,56
Sources/Pssa.VisuColis.Handlers/Handlers/MonitoringHandler.cs,73,17,0,56
Sources/Pssa.VisuColis.Query.Proxy.Database/Configurations/ParcelDetailConfiguration.cs,68,4,8,56
Sources/Pssa.VisuColis.Query.Proxy.Database/Repositories/ParcelEventPropertyRepository.cs,81,5,20,56
Sources/Pssa.VisuColis.WebClient/src/app/components/parcel/services/InvoicedParcelService.ts,82,14,12,56
Sources/Pssa.VisuColis.WebClient/src/app/components/parcel/services/IsisParcelService.ts,80,18,7,55
Sources/Pssa.VisuColis.WebClient/src/app/components/parcel/classes/Constants.ts,56,1,0,55
Sources/Pssa.VisuColis.Query.WebApi/Controllers/ParcelDetailController.cs,77,7,16,54
Sources/Pssa.VisuColis.WebClient/gulp/unit-tests.js,69,12,3,54
Sources/Pssa.VisuColis.WebClient/src/app/shared/typings/ng-tags-input.d.ts,68,7,7,54
Sources/Pssa.VisuColis.WebClient/src/app/shared/services/DialogTranslationService.ts,77,12,12,53
Sources/Pssa.VisuColis.WebClient/src/app/components/parcel/services/TicketService.ts,63,10,0,53
Sources/Pssa.VisuColis.Query.Proxy.Database.Tests/Repositories/ParcelEventRepositoryTests.cs,75,16,6,53
Sources/Pssa.VisuColis.WebClient/src/app/components/parcel-inventory/controllers/ParcelInventoryListController.ts,65,12,0,53
Sources/Pssa.VisuColis.WebClient/src/app/shared/services/QueryBuilderService.ts,78,14,12,52
Sources/Pssa.VisuColis.WebClient/src/app/shared/services/ConfigService.ts,66,11,3,52
Sources/Pssa.VisuColis.Acceptance/Protractor/ByFactory.cs,65,5,8,52
Sources/Pssa.VisuColis.Query.Proxy.Database.Tests/Repositories/ParcelDetailRepositoryTests.cs,68,13,3,52
Sources/Pssa.VisuColis.Query.Proxy.Database/ParcelWithoutShipmentQueryBuild/ParcelWithoutShipmentQueryBuilder.cs,60,8,0,52
Sources/Pssa.VisuColis.Command.Proxy.Database.Integration.Tests/ParcelAnalysisRepositoryTests.cs,61,7,3,51
Sources/Pssa.VisuColis.WebClient/src/app/components/analysis/views/modal-analysis-action.html,61,10,0,51
Sources/Pssa.VisuColis.Acceptance/Pages/ParcelListPage.cs,67,16,0,51
Sources/Pssa.VisuColis.Core/Security/UserManager.cs,66,15,0,51
Sources/Pssa.VisuColis.Tests.Core/Domain/Prestation.cs,53,0,3,50
Sources/Pssa.VisuColis.WebClient/src/app/components/parcel/services/ManualMailCommandService.ts,67,12,5,50
Sources/Pssa.VisuColis.WebClient/src/app/components/analysis/views/component-analysis-list.html,62,13,0,49
Sources/Pssa.VisuColis.WebClient/src/app/components/analysis/services/AnalysisTranslationService.ts,73,12,12,49
Sources/Pssa.VisuColis.WebClient/gulp/server.js,73,16,8,49
Sources/Pssa.VisuColis.Core/AppStart/DbTracingListener.cs,90,14,27,49
Sources/Pssa.VisuColis.WebClient/src/app/components/analysis/tests/AnalysisParcelsFieldDirectiveController.spec.ts,71,15,7,49
Sources/Pssa.VisuColis.WebClient/src/app/components/parcel/views/modal-grid-settings.html,58,10,0,48
Sources/Pssa.VisuColis.WebClient/src/app/shared/controllers/ForbiddenDirectiveController.ts,61,12,1,48
Sources/Pssa.VisuColis.Query.Proxy.Database/Repositories/PudoReferenceRepository.cs,75,7,20,48
Sources/Pssa.VisuColis.WebClient/src/app/shared/services/NotifyService.ts,64,14,2,48
Sources/Pssa.VisuColis.Query.Proxy.Isis/Mapper/IsisPudoMapper.cs,53,5,0,48
Sources/Pssa.VisuColis.WebClient/src/app/components/analysis/services/AnalysisMessagePdaCommandService.ts,65,14,3,48
Sources/Pssa.VisuColis.WebClient/src/app/components/parcel/controllers/PdaMessageDirectiveController.ts,61,12,1,48
Sources/Pssa.VisuColis.Query.WebApi.Tests/MonitoringQueryControllerTest.cs,68,15,6,47
Documents/parcel_by_carrier_shop_to_shop_anomaly_reception.sql,52,5,0,47
Documents/parcel_by_carrier_shop_to_shop_anomaly_collecte.sql,52,5,0,47
Sources/Pssa.VisuColis.Tests.Core/Services/ValueDataService.cs,81,10,24,47
Sources/Pssa.VisuColis.Tests.Core/EntityConfiguration/ParcelDetailConfiguration.cs,57,2,8,47
Sources/Pssa.VisuColis.WebClient/src/app/components/parcel/services/MessagePdaCommandService.ts,63,11,5,47
Documents/parcel_by_carrier_shop_to_shop_anomaly_preparation.sql,52,5,0,47
Sources/Pssa.VisuColis.WebClient/src/app/components/parcel/tests/ParcelListController.spec.ts,65,16,3,46
Sources/Pssa.VisuColis.Command.WebApi/Controllers/MonitoringCommandController.cs,71,6,19,46
Sources/Pssa.VisuColis.WebClient/src/app/components/parcel-without-shipment/controllers/ParcelWithoutShipmentParcelListController.ts,60,13,1,46
Sources/Pssa.VisuColis.Command.WebApi.Tests/Controllers/MonitoringCommandControllerTest.cs,67,15,6,46
Sources/Pssa.VisuColis.Command.WebApi/Controllers/ParcelAnalysisCommandController.cs,61,7,8,46
Sources/Pssa.VisuColis.WebClient/src/app/components/parcel/views/component-parcel-container-list.html,68,14,8,46
Sources/Pssa.VisuColis.Query.Proxy.Database/ParcelQueryBuild/TypeSystem.cs,47,1,0,46
Sources/Pssa.VisuColis.Query.Proxy.Database/SqlQueries/FilterByPudo.cshtml,53,8,0,45
Sources/Pssa.VisuColis.Query.Proxy.Database.Integration.Tests/Context/ParcelStepContextTest.cs,72,18,9,45
Sources/Pssa.VisuColis.Query.Proxy.Database/Repositories/ParcelRepository.cs,79,11,23,45
Sources/Pssa.VisuColis.Command.Proxy.ParcelDomain.Tests/ParcelActionProxyTests.cs,60,10,5,45
Sources/Pssa.VisuColis.WebClient/src/app/components/parcel/views/modal-send-pda-message.html,55,11,0,44
Sources/Pssa.VisuColis.Query.Proxy.Isis/Mapper/IsisParcelMapper.cs,53,9,0,44
Sources/Pssa.VisuColis.Acceptance/Protractor/ClientSideScripts.cs,70,2,24,44
Sources/Pssa.VisuColis.WebClient/src/app/components/pssa-grid/views/grid-filter.html,49,5,0,44
Sources/Pssa.VisuColis.Acceptance/Domain/Accounts.cs,47,4,0,43
Sources/Pssa.VisuColis.Core/Security/ParcelManager.cs,47,4,0,43
Sources/Pssa.VisuColis.Query.Proxy.MessagePda/MessagePdaProxy.cs,53,10,0,43
Sources/Pssa.VisuColis.Query.Proxy.Database/ParcelQueryBuild/SqlQueryBuilder.cs,73,15,16,42
Documents/crossborder_by_country.sql,50,8,0,42
Sources/Pssa.VisuColis.Query.WebApi/Service References/ParcelInvoiceServiceReference/Reference.cs,64,14,8,42
Sources/Pssa.VisuColis.Query.Core.Entities/ParcelEvent.cs,185,34,109,42
Sources/Pssa.VisuColis.WebClient/src/app/shared/services/CommandService.ts,58,13,3,42
Sources/Pssa.VisuColis.Query.Proxy.Database.Tests/Repositories/ParcelTreatmentRepositoryTest.cs,50,6,3,41
Sources/Pssa.VisuColis.WebClient/src/app/components/failed-event/views/component-failed-event-list.html,45,4,0,41
Sources/Pssa.VisuColis.WebClient/src/app/components/pssa-grid/tests/GridFactory.spec.ts,57,16,0,41
Sources/Pssa.VisuColis.Query.Proxy.Isis/IsisProxy.cs,50,9,0,41
Sources/Pssa.VisuColis.Command.Core.Interfaces/IParcelActionProxy.cs,47,3,3,41
Sources/Pssa.VisuColis.Core/ClaimsAuthorizeAttribute.cs,48,5,2,41
Sources/Pssa.VisuColis.Query.Proxy.Database/ParcelQueryBuild/SqlTemplate.cs,78,10,28,40
Sources/Pssa.VisuColis.WebClient/src/app/components/analysis/services/AnalysisCommandService.ts,57,14,3,40
Sources/Pssa.VisuColis.Query.WebApi/App_Start/NonBindableActionRoutingConvention.cs,49,6,3,40
Sources/Pssa.VisuColis.Query.WebApi/Controllers/IsisParcelController.cs,52,6,6,40
Sources/Pssa.VisuColis.Query.Proxy.Database.Integration.Tests/Context/PudoContextTest.cs,61,15,6,40
Sources/Pssa.VisuColis.Query.Proxy.Database/IocInstaller.cs,48,2,6,40
Sources/Pssa.VisuColis.Query.Proxy.Database.Integration.Tests/Repositories/ParcelAnalysisRepositoryTests.cs,52,8,4,40
Sources/Pssa.VisuColis.Command.Services/ParcelAnalysisService.cs,62,7,15,40
Sources/Pssa.VisuColis.Command.OAuth2.WebApi/App_Start/WebApiConfig.cs,50,8,2,40
Sources/Pssa.VisuColis.Query.Proxy.Database/ParcelQueryBuild/QueryTemplateHelper.cs,71,7,24,40
Sources/Pssa.VisuColis.WebClient/gulp/watch.js,48,8,0,40
Sources/Pssa.VisuColis.Command.Core.Domain/ParcelActionType.cs,43,0,3,40
Sources/Pssa.VisuColis.Query.Core.Entities/Isis/IsisPudo.cs,40,1,0,39
Sources/Pssa.VisuColis.WebClient/src/app/components/parcel/controllers/ModalIsisParcelController.ts,49,10,0,39
Sources/Pssa.VisuColis.Query.Proxy.Database.Integration.Tests/Context/ParcelDetailContextTest.cs,56,14,3,39
Sources/Pssa.VisuColis.Command.Proxy.Database/ParcelContext.cs,65,12,14,39
Sources/Pssa.VisuColis.WebClient/src/app/components/parcel-without-shipment/views/component-parcel-without-shipment-list.html,42,4,0,38
Sources/Pssa.VisuColis.WebClient/src/app/shared/enums/ParcelActionType.ts,40,1,1,38
Sources/Pssa.VisuColis.WebClient/src/app/shared/directives/ErrorMessageDirective.ts,50,12,0,38
Sources/Pssa.VisuColis.WebClient/src/app/shared/controllers/ModalDialogController.ts,49,12,0,37
Sources/Pssa.VisuColis.Query.Proxy.Database/IParcelContext.cs,154,27,90,37
Sources/Pssa.VisuColis.Core.Proxy.Database/ParcelContext.cs,70,12,21,37
Sources/Pssa.VisuColis.WebClient/gulp/scripts.js,46,7,2,37
Sources/Pssa.VisuColis.Query.Proxy.Database.Tests/Repositories/ParcelTreatmentTypeRepositoryTest.cs,46,6,3,37
Sources/Pssa.VisuColis.WebClient/src/app/shared/services/DialogService.ts,45,8,0,37
Sources/Pssa.VisuColis.Tests.Core/IParcelContext.cs,153,29,87,37
Sources/Pssa.VisuColis.WebClient/gulp/styles.js,46,8,1,37
Sources/Pssa.VisuColis.Command.Services.Tests/ParcelActionServiceTests.cs,46,6,4,36
Sources/Pssa.VisuColis.WebClient/src/app/shared/controllers/UserIdentityDirectiveController.ts,46,10,0,36
Sources/Pssa.VisuColis.WebClient/src/app/shared/services/LocaleService.ts,44,8,0,36
Sources/Pssa.VisuColis.WebClient/src/app/components/parcel/views/modal-pudo-details.html,41,6,0,35
Sources/Pssa.VisuColis.WebClient/src/app/shared/directives/DatePickerDirective.ts,47,12,0,35
Sources/Pssa.VisuColis.Query.Proxy.Database/SqlQueries/MyFirstParcels.cshtml,38,3,0,35
Sources/Pssa.VisuColis.WebClient/src/app/shared/controllers/DatePickerDirectiveController.ts,46,9,2,35
Sources/Pssa.VisuColis.WebClient/gulp/inject.js,44,9,0,35
Sources/Pssa.VisuColis.Query.Proxy.Database/SqlQueries/AnomalyFilter.cshtml,35,0,0,35
Sources/Pssa.VisuColis.Query.Proxy.Database.Integration.Tests/Context/ParcelEventContextTests.cs,50,12,3,35
Sources/Pssa.VisuColis.WebClient/src/app/shared/directives/TimePickerDirective.ts,48,12,1,35
Sources/Pssa.VisuColis.Command.OAuth2.WebApi/Controllers/AuthorizeController.cs,40,6,0,34
Sources/Pssa.VisuColis.Acceptance/Pages/LoginPage.cs,44,10,0,34
Sources/Pssa.VisuColis.Query.WebApi/Controllers/NotificationContentController.cs,56,9,13,34
Sources/Pssa.VisuColis.WebClient/src/app/components/analysis/views/modal-analysis-detail-list.html,40,6,0,34
Sources/Pssa.VisuColis.Query.Proxy.Database/SqlQueries/FilterByTreatmentSearch.cshtml,37,3,0,34
Sources/Pssa.VisuColis.WebClient/src/app/shared/services/RoleService.ts,41,7,0,34
Sources/Pssa.VisuColis.WebClient/src/app/shared/services/StorageService.ts,46,11,1,34
Sources/Pssa.VisuColis.Query.Proxy.Database.Integration.Tests/Context/ParcelEventPropertyContextTests.cs,49,12,3,34
Sources/Pssa.VisuColis.WebClient/src/app/shared/views/error-message.html,34,0,0,34
Sources/Pssa.VisuColis.Query.Proxy.Database/Configurations/ParcelEventConfiguration.cs,42,2,6,34
Sources/Pssa.VisuColis.Handlers/Repositories/IConfigRepository.cs,34,0,0,34
Sources/Pssa.VisuColis.Query.Proxy.Database/Repositories/FailedEventRepository.cs,54,5,16,33
Sources/Pssa.VisuColis.WebClient/src/app/shared/directives/NotifyToastDirective.ts,48,14,1,33
Sources/Pssa.VisuColis.Command.WebApi/Controllers/ParcelActionCommandController.cs,36,3,0,33
Sources/Pssa.VisuColis.WebClient/src/app/components/parcel/controllers/PudoDirectiveController.ts,44,10,1,33
Sources/Pssa.VisuColis.WebClient/src/app/shared/enums/Carrier.ts,33,1,0,32
Sources/Pssa.VisuColis.Query.Proxy.Database.Integration.Tests/Context/ParcelTreatmentRepositoryContextTest.cs,47,12,3,32
Sources/Pssa.VisuColis.Query.Proxy.Database.Integration.Tests/Context/PrestationRepositoryContextTest.cs,47,12,3,32
Sources/Pssa.VisuColis.Acceptance/Pages/ParcelInventoryPage.cs,40,8,0,32
Sources/Pssa.VisuColis.Query.Proxy.Database/Extensions/ReaderExtension.cs,34,2,0,32
Sources/Pssa.VisuColis.Command.WebApi/Controllers/ManualMailCommandController.cs,39,7,0,32
Sources/Pssa.VisuColis.Query.Proxy.Database/Constant.cs,40,4,4,32
Sources/Pssa.VisuColis.Tests.Core/Constant.cs,40,3,5,32
Sources/Pssa.VisuColis.Query.Proxy.Isis/Mapper/IsisEventMapper.cs,37,5,0,32
Sources/Pssa.VisuColis.Query.Proxy.Database.Integration.Tests/Repositories/ParcelWithoutShipmentRepositoryTests.cs,40,6,3,31
Sources/Pssa.VisuColis.Query.Proxy.Database/Repositories/ParcelContainerRepository.cs,62,11,20,31
Sources/Pssa.VisuColis.WebClient/src/app/shared/services/ArchiveService.ts,38,7,0,31
Sources/Pssa.VisuColis.Query.Proxy.Database.Tests/Repositories/ParcelAnalysisDetailRepositoryTests.cs,41,7,3,31
Sources/Pssa.VisuColis.WebClient/src/app/components/parcel/directives/UrlTrackingDirective.ts,42,11,0,31
Sources/Pssa.VisuColis.Query.Proxy.Database.Tests/Repositories/PudoRepositoryTest.cs,42,8,3,31
Sources/Pssa.VisuColis.WebClient/src/app/components/parcel/Parcel.ts,35,3,1,31
Sources/Pssa.VisuColis.Query.Proxy.Database/Models/QueryFilterType.cs,133,24,78,31
Sources/Pssa.VisuColis.Query.Proxy.Database.Integration.Tests/Context/ParcelEventSignatureContextTest.cs,46,12,3,31
Sources/Pssa.VisuColis.Tests.Core/Domain/Operator.cs,33,0,3,30
Sources/Pssa.VisuColis.Query.Proxy.Database/SqlQueries/FilterByInventory.cshtml,32,2,0,30
Sources/Pssa.VisuColis.WebClient/src/app/components/pssa-grid/views/grid-ng-table.html,36,6,0,30
Sources/Pssa.VisuColis.Command.Proxy.Avisage/AvisageProxy.cs,35,6,0,29
Sources/Pssa.VisuColis.Tests.Core/WebApi/Helpers/Certificate.cs,38,4,5,29
Sources/Pssa.VisuColis.WebClient/src/app/shared/controllers/ContainerDirectiveController.ts,38,9,0,29
Sources/Pssa.VisuColis.Query.Proxy.Database/SqlQueries/FilterByTreatment.cshtml,33,4,0,29
Sources/Pssa.VisuColis.Query.Proxy.Database.Tests/Repositories/ShipperGroupRepositoryTest.cs,40,8,3,29
Sources/Pssa.VisuColis.Command.OAuth2.WebApi/Controllers/MonitoringController.cs,37,2,6,29
Sources/Pssa.VisuColis.Core/CoreExceptionLogger.cs,32,3,0,29
Sources/Pssa.VisuColis.Core/CacheControlAttribute.cs,33,5,0,28
Sources/Pssa.VisuColis.WebClient/src/app/components/analysis/directives/AnalysisParcelsFieldDirective.ts,46,13,5,28
Sources/Pssa.VisuColis.Query.WebApi/App_Start/WindsorControllerFactory.cs,34,6,0,28
Sources/Pssa.VisuColis.Command.WebApi/Ioc/InfrastuctureInstaller.cs,63,7,28,28
Sources/Pssa.VisuColis.Command.WebApi/IocInstaller.cs,46,4,14,28
Sources/Pssa.VisuColis.Query.Proxy.Database/Repositories/ParcelAnalysisRepository.cs,47,4,16,27
Sources/Pssa.VisuColis.WebClient/e2e/parcel.search.spec.js,39,11,1,27
Sources/Pssa.VisuColis.WebClient/src/app/components/parcel/directives/PudoDirective.ts,38,11,0,27
Sources/Pssa.VisuColis.WebClient/src/app/shared/directives/LoaderMaskDirective.ts,47,12,8,27
Sources/Pssa.VisuColis.WebClient/gulp/e2e-tests.js,39,8,4,27
Sources/Pssa.VisuColis.Tests.Core/Entities/ParcelStep.cs,112,20,65,27
Sources/Pssa.VisuColis.Query.Core.Entities/ParcelStep.cs,108,19,62,27
Sources/Pssa.VisuColis.Query.WebApi/Controllers/ParcelEventPropertyController.cs,43,4,12,27
Sources/Pssa.VisuColis.WebClient/protractor.conf.js,45,8,11,26
Sources/Pssa.VisuColis.Query.Proxy.Database.Integration.Tests/Repositories/PudoReferenceRepositoryTests.cs,35,6,3,26
Sources/Pssa.VisuColis.WebClient/src/app/components/pssa-grid/PssaGrid.ts,46,8,12,26
Sources/Pssa.VisuColis.WebClient/src/app/components/pssa-open-xml/typings/open-xml.d.ts,33,4,3,26
Sources/Pssa.VisuColis.WebClient/src/app/components/parcel-without-shipment/ParcelWithoutShipment.ts,30,3,1,26
Sources/Pssa.VisuColis.Query.Proxy.Database/Repositories/ParcelEventRepository.cs,50,5,19,26
Sources/Pssa.VisuColis.Query.Core.Entities/Isis/IsisParcel.cs,27,1,0,26
Sources/Pssa.VisuColis.WebClient/src/app/components/parcel/views/modal-manual-mail.html,29,3,0,26
Sources/Pssa.VisuColis.Tests.Core/EntityConfiguration/AddressConfiguration.cs,37,5,6,26
Sources/Pssa.VisuColis.Query.Proxy.Database.Integration.Tests/Repositories/StepRepositoryTests.cs,34,6,3,25
Sources/Pssa.VisuColis.Acceptance/Contexts/DataContext.cs,31,6,0,25
Sources/Pssa.VisuColis.WebClient/src/app/components/parcel/controllers/ModalParcelEventSignatureController.ts,30,5,0,25
Sources/Pssa.VisuColis.WebClient/gulp/conf.js,41,5,11,25
Sources/Pssa.VisuColis.WebClient/src/app/components/parcel/directives/PdaMessageDirective.ts,36,11,0,25
Sources/Pssa.VisuColis.Query.Proxy.Database/Repositories/ParcelAnalysisDetailRepository.cs,49,5,19,25
Sources/Pssa.VisuColis.Query.Proxy.Database.Integration.Tests/Repositories/CarrierRepositoryTests.cs,35,7,3,25
Sources/Pssa.VisuColis.WebClient/src/app/shared/typings/angular-moment.d.ts,35,6,4,25
Sources/Pssa.VisuColis.Query.WebApi.LoadTests/ParcelSearch/SearchByImproperCod.cs,26,1,0,25
Sources/Pssa.VisuColis.WebClient/src/app/components/parcel/services/SourceTypeService.ts,33,5,3,25
Sources/Pssa.VisuColis.Query.WebApi.LoadTests/ParcelSearch/SearchByCurrentStepDate.cs,26,1,0,25
Sources/Pssa.VisuColis.Query.Proxy.Database/Repositories/ParcelWithoutShipmentRepository.cs,28,3,0,25
Sources/Pssa.VisuColis.Acceptance/Pages/HeaderPage.cs,30,5,0,25
Sources/Pssa.VisuColis.WebClient/src/app/components/parcel/directives/PudoUrlDirective.ts,36,11,0,25
Sources/Pssa.VisuColis.WebClient/src/app/shared/controllers/TimePickerDirectiveController.ts,32,6,1,25
Sources/Pssa.VisuColis.WebClient/src/app/shared/typings/INotifyService.d.ts,27,2,0,25
Sources/Pssa.VisuColis.Query.Proxy.ParcelDomain/ParcelTreatmentActionService.cs,37,3,9,25
Sources/Pssa.VisuColis.Query.Core.Entities/Isis/IsisEvent.cs,26,1,0,25
Sources/Pssa.VisuColis.Query.WebApi.LoadTests/ParcelSearch/SearchByNoCod.cs,25,1,0,24
Sources/Pssa.VisuColis.Query.WebApi.LoadTests/ParcelSearch/SearchByStepNotValidated.cs,25,1,0,24
Sources/Pssa.VisuColis.Query.Proxy.Database/SqlQueries/FilterByPudoSelect.cshtml,26,2,0,24
Sources/Pssa.VisuColis.WebClient/src/app/components/pssa-grid/styles/pssa-grid.scss,27,3,0,24
Sources/Pssa.VisuColis.WebClient/src/app/components/parcel/directives/ParcelEventListDirective.ts,34,10,0,24
Sources/Pssa.VisuColis.WebClient/src/app/shared/classes/Exception.ts,33,4,5,24
Sources/Pssa.VisuColis.Query.WebApi.LoadTests/ParcelSearch/SearchByStepValidated.cs,25,1,0,24
Sources/Pssa.VisuColis.Query.WebApi.LoadTests/ParcelSearch/SearchByShipperGroup.cs,25,1,0,24
Sources/Pssa.VisuColis.Query.WebApi.LoadTests/ParcelSearch/SearchByRecipient.cs,25,1,0,24
Sources/Pssa.VisuColis.Query.WebApi.LoadTests/ParcelSearch/SearchByReceivingAnomaly.cs,25,1,0,24
Sources/Pssa.VisuColis.Query.WebApi.LoadTests/ParcelSearch/SearchByPudo.cs,25,1,0,24
Sources/Pssa.VisuColis.Query.WebApi.LoadTests/ParcelSearch/SearchByPrestationType.cs,25,1,0,24
Sources/Pssa.VisuColis.Query.WebApi.LoadTests/ParcelSearch/SearchByPrestation.cs,25,1,0,24
Sources/Pssa.VisuColis.Query.WebApi.LoadTests/ParcelSearch/SearchByPreparationAnomaly.cs,25,1,0,24
Sources/Pssa.VisuColis.Query.WebApi.LoadTests/ParcelSearch/SearchByPhysicalCarrier.cs,25,1,0,24
Sources/Pssa.VisuColis.Query.Proxy.Database/Configurations/ParcelStepConfiguration.cs,32,2,6,24
Sources/Pssa.VisuColis.Query.WebApi/Controllers/MessagePdaTemplateController.cs,42,5,13,24
Sources/Pssa.VisuColis.Query.WebApi.LoadTests/ParcelSearch/SearchByParcelCommentType.cs,25,1,0,24
Sources/Pssa.VisuColis.Query.WebApi.LoadTests/ParcelSearch/SearchByNotMisrouted.cs,25,1,0,24
Sources/Pssa.VisuColis.Query.WebApi.LoadTests/ParcelSearch/SearchByNoShipment.cs,27,1,2,24
Sources/Pssa.VisuColis.Query.WebApi.LoadTests/ParcelSearch/SearchByNoAnomaly.cs,25,1,0,24
Sources/Pssa.VisuColis.Query.WebApi.LoadTests/ParcelSearch/SearchByMisRouted.cs,25,1,0,24
Sources/Pssa.VisuColis.WebClient/src/app/components/parcel/directives/ParcelContainerListDirective.ts,34,10,0,24
Sources/Pssa.VisuColis.WebClient/src/app/components/parcel/directives/ParcelStepValidDirective.ts,34,10,0,24
Sources/Pssa.VisuColis.Query.WebApi.LoadTests/ParcelSearch/SearchByCurrentStep.cs,25,1,0,24
Sources/Pssa.VisuColis.Query.WebApi.LoadTests/ParcelSearch/SearchByCollectionAnomaly.cs,25,1,0,24
Sources/Pssa.VisuColis.Tests.Core/EntityConfiguration/ParcelStepConfiguration.cs,32,2,6,24
Sources/Pssa.VisuColis.WebClient/src/app/components/parcel/tests/MeanOfPaymentFilter.spec.ts,36,12,0,24
Sources/Pssa.VisuColis.Query.WebApi.LoadTests/ParcelSearch/SearchByCod.cs,25,1,0,24
Sources/Pssa.VisuColis.Query.WebApi.LoadTests/ParcelSearch/SearchByCarrier.cs,25,1,0,24
Sources/Pssa.VisuColis.WebClient/src/app/components/parcel/directives/ParcelTreatmentListDirective.ts,34,10,0,24
Sources/Pssa.VisuColis.WebClient/src/app/components/parcel/directives/ParcelConsolidatedListDirective.ts,34,10,0,24
Sources/Pssa.VisuColis.WebClient/src/app/shared/enums/Step.ts,25,1,0,24
Sources/Pssa.VisuColis.Query.WebApi/Controllers/PrestationTypeController.cs,39,3,12,24
Sources/Pssa.VisuColis.WebClient/e2e/main.spec.js,33,9,0,24
Sources/Pssa.VisuColis.WebClient/src/app/components/parcel/directives/ParcelAsideDirective.ts,34,10,0,24
Sources/Pssa.VisuColis.Query.WebApi/Controllers/ParcelTreatmentController.cs,38,3,12,23
Sources/Pssa.VisuColis.WebClient/src/app/shared/views/notify-toast.html,25,2,0,23
Sources/Pssa.VisuColis.Query.Proxy.Database/SqlQueries/OptimFilterByPudo.cshtml,28,5,0,23
Sources/Pssa.VisuColis.Query.WebApi/Dto/StepDto.cs,23,0,0,23
Sources/Pssa.VisuColis.WebClient/src/app/components/parcel-without-shipment/controllers/ParcelWithoutShipmentListController.ts,33,9,1,23
Sources/Pssa.VisuColis.Tests.Core/Entities/ParcelEvent.cs,90,15,52,23
Sources/Pssa.VisuColis.WebClient/src/app/components/analysis/Analysis.ts,30,6,1,23
Sources/Pssa.VisuColis.Query.WebApi.LoadTests/ParcelSearch/SearchByRod.cs,24,1,0,23
Sources/Pssa.VisuColis.Query.Proxy.MessagePda/Domain/MessageTemplateModel.cs,24,1,0,23
Sources/Pssa.VisuColis.WebClient/src/app/shared/filters/BreakingLineFilter.ts,36,9,4,23
Sources/Pssa.VisuColis.Query.WebApi.LoadTests/ParcelSearch/SearchByNoRod.cs,24,1,0,23
Sources/Pssa.VisuColis.Query.WebApi.LoadTests/ParcelSearch/SearchByLastUpdateDate.cs,24,1,0,23
Sources/Pssa.VisuColis.Query.WebApi/Controllers/ParcelEventController.cs,38,3,12,23
Sources/Pssa.VisuColis.WebClient/src/app/shared/directives/ForbiddenDirective.ts,34,11,0,23
Sources/Pssa.VisuColis.WebClient/src/app/components/parcel/directives/TracingLinksDirective.ts,34,11,0,23
Sources/Pssa.VisuColis.Query.WebApi/Controllers/ParcelStepController.cs,38,3,12,23
Sources/Pssa.VisuColis.Query.Core.Entities/ParcelTreatment.cs,82,15,45,22
Sources/Pssa.VisuColis.Command.WebApi/App_Start/Startup.cs,37,8,7,22
Sources/Pssa.VisuColis.WebClient/src/app/components/parcel/directives/ParcelSearchDirective.ts,32,10,0,22
Sources/Pssa.VisuColis.WebClient/src/app/components/parcel/directives/ParcelStepListDirective.ts,32,10,0,22
Sources/Pssa.VisuColis.Query.Proxy.Database/Configurations/ParcelExtendConfiguration.cs,32,4,6,22
Sources/Pssa.VisuColis.WebClient/src/app/components/pssa-grid/directives/GridFilterDirective.ts,32,9,1,22
Sources/Pssa.VisuColis.WebClient/src/app/components/parcel-without-shipment/directives/ParcelWithoutShipmentSearchDirective.ts,32,10,0,22
Sources/Pssa.VisuColis.Core.Proxy.Database/Repositories/ParcelRepository.cs,29,4,3,22
Sources/Pssa.VisuColis.Tests.Core/EntityConfiguration/ParcelTreatmentConfiguration.cs,30,2,6,22
Sources/Pssa.VisuColis.Command.WebApi/Controllers/AvisageCommandController.cs,27,5,0,22
Sources/Pssa.VisuColis.Query.Proxy.Database/Repositories/ParcelContainerParcelConsolidatedRepository.cs,41,4,15,22
Sources/Pssa.VisuColis.WebClient/src/app/components/parcel/directives/ParcelDetailPropertiesDirective.ts,32,10,0,22
Sources/Pssa.VisuColis.WebClient/src/app/shared/enums/SourceType.ts,23,1,0,22
Sources/Pssa.VisuColis.Core/Constants.cs,28,3,3,22
Sources/Pssa.VisuColis.Query.WebApi.LoadTests/Services/SearchPeriodService.cs,37,4,11,22
Sources/Pssa.VisuColis.WebClient/e2e/parcel.po.js,40,18,0,22
Sources/Pssa.VisuColis.Tests.Core/Entities/ParcelTreatment.cs,82,15,45,22
Sources/Pssa.VisuColis.Query.Proxy.Database.Integration.Tests/Stub/ParcelConfiguration.cs,32,7,3,22
Sources/Pssa.VisuColis.Query.WebApi/App_Start/Startup.cs,37,8,7,22
Sources/Pssa.VisuColis.Query.Proxy.Database/Configurations/ParcelTreatmentConfiguration.cs,30,2,6,22
Sources/Pssa.VisuColis.Command.WebApi/App_Start/WindsorControllerActivator.cs,33,5,6,22
Sources/Pssa.VisuColis.Query.Proxy.Database/Models/QueryTemplateSpecification.cs,54,10,22,22
Sources/Pssa.VisuColis.Query.WebApi/Controllers/OperatorCountryRelController.cs,36,3,12,21
Sources/Pssa.VisuColis.Query.Proxy.Database/Repositories/ParcelTreatmentRepository.cs,38,2,15,21
Sources/Pssa.VisuColis.Tests.Core/EntityConfiguration/ParcelEventConfiguration.cs,29,2,6,21
Sources/Pssa.VisuColis.Query.WebApi/Controllers/PudoController.cs,36,3,12,21
Sources/Pssa.VisuColis.Query.WebApi/Controllers/CarrierController.cs,36,3,12,21
Sources/Pssa.VisuColis.Query.WebApi/Controllers/CarrierPudoReferenceController.cs,36,3,12,21
Sources/Pssa.VisuColis.Query.WebApi/Controllers/FailedEventController.cs,36,3,12,21
Sources/Pssa.VisuColis.Core/ClaimsRoleAuthorizeAttribute.cs,23,2,0,21
Sources/Pssa.VisuColis.Core.Entities/Parcel.cs,24,3,0,21
Sources/Pssa.VisuColis.Query.WebApi/Controllers/ParcelAnalysisController.cs,37,4,12,21
Sources/Pssa.VisuColis.Query.WebApi/Controllers/PudoReferenceController.cs,36,3,12,21
Sources/Pssa.VisuColis.Query.Proxy.Database/Repositories/ParcelStepRepository.cs,40,4,15,21
Sources/Pssa.VisuColis.Query.WebApi/Controllers/ParcelAnalysisDetailController.cs,36,3,12,21
Sources/Pssa.VisuColis.WebClient/src/app/shared/classes/Constants.ts,26,3,2,21
Sources/Pssa.VisuColis.Query.WebApi/Controllers/ShipperGroupController.cs,36,3,12,21
Sources/Pssa.VisuColis.WebClient/src/app/components/analysis/controllers/AnalysisListController.ts,29,8,0,21
Sources/Pssa.VisuColis.Query.Proxy.Database/Repositories/ParcelTreatmentTypeRepository.cs,39,3,15,21
Sources/Pssa.VisuColis.Query.WebApi/Controllers/PrestationController.cs,36,3,12,21
Sources/Pssa.VisuColis.Core.Proxy.Database/Repositories/ParcelStepRepository.cs,24,3,0,21
Sources/Pssa.VisuColis.Query.Proxy.Database/Repositories/PrestationRepository.cs,40,4,15,21
Sources/Pssa.VisuColis.Query.WebApi/Controllers/ParcelContainerParcelConsolidatedController.cs,36,3,12,21
Sources/Pssa.VisuColis.Query.Proxy.Database/Repositories/StepRepository.cs,40,4,15,21
Sources/Pssa.VisuColis.WebClient/src/app/components/failed-event/controllers/FailedEventListController.ts,28,7,0,21
Sources/Pssa.VisuColis.WebClient/src/app/shared/filters/StringFormatFilter.ts,32,4,7,21
Sources/Pssa.VisuColis.Query.WebApi/Controllers/ParcelController.cs,44,4,19,21
Sources/Pssa.VisuColis.Command.Proxy.Database/Configurations/ParcelAnalysisConfiguration.cs,25,2,2,21
Sources/Pssa.VisuColis.Query.Proxy.Database/Repositories/CarrierPudoReferenceRepository.cs,40,4,15,21
Sources/Pssa.VisuColis.Query.WebApi/Controllers/ParcelWithoutShipmentController.cs,24,3,0,21
Sources/Pssa.VisuColis.Query.WebApi/Controllers/ParcelTreatmentTypeController.cs,36,3,12,21
Sources/Pssa.VisuColis.Query.WebApi/Controllers/StepController.cs,36,3,12,21
Sources/Pssa.VisuColis.WebClient/src/app/components/analysis/styles/analysis.scss,24,4,0,20
Sources/Pssa.VisuColis.Tests.Core/Entities/NotificationAudit.cs,21,1,0,20
Documents/parcel_by_carrier_shop_to_shop.sql,25,5,0,20
Sources/Pssa.VisuColis.WebClient/src/app/components/pssa-grid/directives/GridCellDirective.ts,29,8,1,20
Sources/Pssa.VisuColis.Query.Proxy.Database/Repositories/OperatorCountryRelRepository.cs,39,4,15,20
Sources/Pssa.VisuColis.Command.Services/MessagePdaService.cs,35,4,11,20
Sources/Pssa.VisuColis.WebClient/src/app/components/pssa-grid/controllers/GridCellDirectiveController.ts,23,3,0,20
Sources/Pssa.VisuColis.Tests.Core/EntityConfiguration/PudoConfiguration.cs,30,2,8,20
Sources/Pssa.VisuColis.WebClient/src/app/shared/views/date-picker.html,20,0,0,20
Sources/Pssa.VisuColis.Command.OAuth2.WebApi/App_Start/WindsorControllerActivator.cs,30,4,6,20
Sources/Pssa.VisuColis.Query.Proxy.Database/Properties/AssemblyInfo.cs,45,4,21,20
Sources/Pssa.VisuColis.Command.Services/ParcelActionService.cs,32,4,8,20
Sources/Pssa.VisuColis.Tests.Core/EntityConfiguration/ParcelExtendConfiguration.cs,28,2,6,20
Sources/Pssa.VisuColis.WebClient/src/app/components/parcel/controllers/ParcelStepValidDirectiveController.ts,28,7,1,20
Sources/Pssa.VisuColis.WebClient/src/app/components/failed-event/controllers/ModalFileContentController.ts,25,5,0,20
Sources/Pssa.VisuColis.Tests.Core/EntityConfiguration/NotificationSendingAuditConfiguration.cs,22,2,0,20
Sources/Pssa.VisuColis.Tests.Core/EntityConfiguration/NotificationAuditConfiguration.cs,22,2,0,20
Sources/Pssa.VisuColis.Tests.Core/EntityConfiguration/FailedEventConfiguration.cs,28,2,6,20
Sources/Pssa.VisuColis.Query.Proxy.Database/Configurations/FailedEventConfiguration.cs,28,2,6,20
Sources/Pssa.VisuColis.WebClient/src/app/shared/enums/ParcelCommentType.ts,21,1,0,20
Sources/Pssa.VisuColis.Tests.Core/Entities/ParcelState.cs,32,2,10,20
Sources/Pssa.VisuColis.Command.OAuth2.WebApi/App_Start/Startup.cs,28,7,1,20
Sources/Pssa.VisuColis.Tests.Core/Entities/EventType.cs,22,2,0,20
Sources/Pssa.VisuColis.Query.WebApi/App_Start/WindsorControllerActivator.cs,28,3,6,19
Sources/Pssa.VisuColis.Query.Proxy.Database/Configurations/ParcelPropertyConfiguration.cs,30,3,8,19
Sources/Pssa.VisuColis.Tests.Core/Entities/MeanOfPayment.cs,20,1,0,19
Sources/Pssa.VisuColis.Query.WebApi.LoadTests/Domain/ParcelSearchResultAggregate.cs,59,9,31,19
Sources/Pssa.VisuColis.Tests.Core/Entities/SourceType.cs,29,1,9,19
Sources/Pssa.VisuColis.Tests.Core/Entities/PudoType.cs,26,1,6,19
Sources/Pssa.VisuColis.WebClient/src/app/shared/directives/UserIdentityDirective.ts,28,9,0,19
Sources/Pssa.VisuColis.Tests.Core/Entities/Pudo.cs,70,12,39,19
Sources/Pssa.VisuColis.Query.Proxy.Isis/IocInstaller.cs,20,1,0,19
Sources/Pssa.VisuColis.Tests.Core/Entities/PrestationType.cs,20,1,0,19
Sources/Pssa.VisuColis.WebClient/src/app/components/parcel/views/component-parcel-detail-properties-pudo.html,22,3,0,19
Sources/Pssa.VisuColis.Query.Core.Entities/ParcelTreatmentType.cs,29,1,9,19
Sources/Pssa.VisuColis.Query.Proxy.Database/ParcelQueryBuild/ISqlQueryProvider.cs,64,0,45,19
Sources/Pssa.VisuColis.Tests.Core/EntityConfiguration/ParcelEventPropertyConfiguration.cs,30,3,8,19
Sources/Pssa.VisuColis.WebClient/src/app/components/pssa-grid/directives/GridDirective.ts,28,8,1,19
Sources/Pssa.VisuColis.Tests.Core/Entities/AnomalyAction.cs,29,1,9,19
Sources/Pssa.VisuColis.Query.Proxy.Database/Configurations/ReroutingReasonConfiguration.cs,23,4,0,19
Sources/Pssa.VisuColis.Query.Core.Entities/ReferenceBaseEntity.cs,21,2,0,19
Sources/Pssa.VisuColis.Query.Core.Entities/ParcelEventProperty.cs,51,8,25,18
Sources/Pssa.VisuColis.Command.Proxy.Database/Configurations/ParcelAnalysisDetailConfiguration.cs,22,2,2,18
Sources/Pssa.VisuColis.WebClient/src/app/components/parcel/views/component-tracing-links.html,18,0,0,18
Sources/Pssa.VisuColis.Tests.Core/Entities/ParcelEventPropertyType.cs,28,1,9,18
Sources/Pssa.VisuColis.Command.Services/AvisageService.cs,21,3,0,18
Sources/Pssa.VisuColis.WebClient/src/app/components/parcel/filters/PropertyNumberFilter.ts,28,6,4,18
Sources/Pssa.VisuColis.Command.Services/ManualMailService.cs,21,3,0,18
Sources/Pssa.VisuColis.Core/Properties/AssemblyInfo.cs,39,4,17,18
Sources/Pssa.VisuColis.Tests.Core/Entities/NotificationSendingAudit.cs,19,1,0,18
Sources/Pssa.VisuColis.WebClient/src/app/shared/directives/LanguagesFlagsDirective.ts,26,8,0,18
Sources/Pssa.VisuColis.Tests.Core/EntityConfiguration/QueueExportTracingConfiguration.cs,26,2,6,18
Sources/Pssa.VisuColis.Query.Proxy.Database/Configurations/ParcelContainerConfiguration.cs,25,2,6,17
Sources/Pssa.VisuColis.WebClient/src/app/shared/enums/NotifOrigin.ts,18,1,0,17
Sources/Pssa.VisuColis.WebClient/src/app/components/failed-event/FailedEvent.ts,22,4,1,17
Sources/Pssa.VisuColis.Core.Proxy.Database/Configurations/ParcelConfiguration.cs,21,2,2,17
Sources/Pssa.VisuColis.Tests.Core/Entities/Step.cs,27,1,9,17
Sources/Pssa.VisuColis.Tests.Core/Entities/FailedEvent.cs,27,10,0,17
Sources/Pssa.VisuColis.Query.WebApi.LoadTests/Domain/ParcelSearchWebTestRequest.cs,42,6,19,17
Sources/Pssa.VisuColis.Query.Proxy.Database/Configurations/ParcelAnalysisConfiguration.cs,27,2,8,17
Sources/Pssa.VisuColis.WebClient/src/app/components/parcel/filters/MeanOfPaymentFilter.ts,24,7,0,17
Sources/Pssa.VisuColis.WebClient/src/app/components/parcel-inventory/ParcelInventory.ts,23,5,1,17
Sources/Pssa.VisuColis.Query.Proxy.Database/Configurations/ParcelContainerParcelConsolidatedConfiguration.cs,25,2,6,17
Sources/Pssa.VisuColis.Query.Core.Entities/FailedEvent.cs,51,1,33,17
Sources/Pssa.VisuColis.Command.Services/IocInstaller.cs,24,1,6,17
Sources/Pssa.VisuColis.WebClient/src/app/shared/filters/DecodeBase64Filter.ts,27,6,4,17
Sources/Pssa.VisuColis.Query.WebApi/Controllers/InvoicedParcelController.cs,32,3,12,17
Sources/Pssa.VisuColis.WebClient/src/app/components/analysis/directives/AnalysisListDirective.ts,24,8,0,16
Sources/Pssa.VisuColis.Command.Proxy.Avisage/IocInstaller.cs,23,1,6,16
Sources/Pssa.VisuColis.Query.WebApi.LoadTests/Domain/SearchPeriod.cs,19,3,0,16
Sources/Pssa.VisuColis.WebClient/src/app/components/parcel-without-shipment/styles/parcelWithoutShipment.scss,19,3,0,16
Sources/Pssa.VisuColis.Core.Proxy.Database/IocInstaller.cs,24,2,6,16
Sources/Pssa.VisuColis.Tests.Core/EntityConfiguration/CarrierPudoReferenceConfiguration.cs,27,3,8,16
Sources/Pssa.VisuColis.Command.Proxy.Database/Properties/AssemblyInfo.cs,37,4,17,16
Sources/Pssa.VisuColis.Query.Proxy.Database/Configurations/UserConfiguration.cs,24,2,6,16
Sources/Pssa.VisuColis.Tests.Core/EntityConfiguration/ParcelAnalysisConfiguration.cs,26,2,8,16
Sources/Pssa.VisuColis.Tests.Core/Entities/ParcelExtend.cs,16,0,0,16
Sources/Pssa.VisuColis.Tests.Core/EntityConfiguration/UserConfiguration.cs,24,2,6,16
Sources/Pssa.VisuColis.Query.Proxy.ParcelDomain/Properties/AssemblyInfo.cs,37,4,17,16
Sources/Pssa.VisuColis.Tests.Core/Entities/ParcelEventProperty.cs,55,9,30,16
Sources/Pssa.VisuColis.WebClient/src/app/components/failed-event/directives/FailedEventListDirective.ts,24,8,0,16
Sources/Pssa.VisuColis.Query.Proxy.Database/Configurations/AnomalyActionConfiguration.cs,26,4,6,16
Sources/Pssa.VisuColis.Tests.Core/EntityConfiguration/FailedImportedEventConfiguration.cs,19,3,0,16
Sources/Pssa.VisuColis.Core/IocInstaller.cs,23,1,6,16
Sources/Pssa.VisuColis.Tests.Core/Domain/PudoState.cs,54,8,30,16
Sources/Pssa.VisuColis.Tests.Core/Domain/PrestationType.cs,54,8,30,16
Sources/Pssa.VisuColis.WebClient/src/app/shared/directives/ContainerDirective.ts,22,6,0,16
Sources/Pssa.VisuColis.WebClient/src/app/components/parcel-without-shipment/directives/ParcelWithoutShipmentListDirective.ts,24,8,0,16
Sources/Pssa.VisuColis.Acceptance/Domain/LanguageLocalStorage.cs,18,2,0,16
Sources/Pssa.VisuColis.WebClient/src/app/components/analysis/views/analysis-parcel-list.html,19,3,0,16
Sources/Pssa.VisuColis.Query.Core.Entities/ParcelExtend.cs,16,0,0,16
Sources/Pssa.VisuColis.Core.Proxy.Database/Repositories/PudoRepository.cs,30,3,11,16
Sources/Pssa.VisuColis.Tests.Core/Domain/Carrier.cs,19,0,3,16
Sources/Pssa.VisuColis.Query.Proxy.Database/Configurations/FailedImportedEventConfiguration.cs,19,3,0,16
Sources/Pssa.VisuColis.Tests.Core/Domain/AnomalyState.cs,19,0,3,16
Sources/Pssa.VisuColis.WebClient/src/app/components/parcel/directives/ParcelListDirective.ts,24,8,0,16
Sources/Pssa.VisuColis.Query.WebApi/Properties/AssemblyInfo.cs,35,4,16,15
Sources/Pssa.VisuColis.Core.Entities/Properties/AssemblyInfo.cs,36,4,17,15
Sources/Pssa.VisuColis.Query.Proxy.Database.Integration.Tests/Properties/AssemblyInfo.cs,36,4,17,15
Sources/Pssa.VisuColis.Query.Proxy.Database.Tests/Properties/AssemblyInfo.cs,36,4,17,15
Sources/Pssa.VisuColis.Query.Proxy.Database/Configurations/PrestationConfiguration.cs,23,2,6,15
ThirdParty/JaySvcUtil-1.4.0-alpha-source/Properties/AssemblyInfo.cs,36,4,17,15
Sources/Pssa.VisuColis.Query.Proxy.Isis/Properties/AssemblyInfo.cs,36,4,17,15
Sources/VisuColis.Tools/Pssa.VisuColis.Tools.TranslationManager/Properties/AssemblyInfo.cs,36,4,17,15
Sources/Pssa.VisuColis.Tests.Core/Properties/AssemblyInfo.cs,36,4,17,15
Sources/Pssa.VisuColis.Query.Proxy.Database/Configurations/PdaConfiguration.cs,26,3,8,15
Sources/Pssa.VisuColis.Query.Proxy.MessagePda/Properties/AssemblyInfo.cs,36,4,17,15
Sources/Pssa.VisuColis.Query.Proxy.Database/Configurations/ParcelAnalysisDetailConfiguration.cs,25,2,8,15
Sources/Pssa.VisuColis.Query.WebApi.LoadTests/Properties/AssemblyInfo.cs,35,4,16,15
Sources/Pssa.VisuColis.Tests.Core/WebApi/Helpers/HttpHelper.cs,21,1,5,15
Sources/Pssa.VisuColis.Query.Proxy.Database/Configurations/CarrierPudoReferenceConfiguration.cs,26,3,8,15
Sources/Pssa.VisuColis.Acceptance/Properties/AssemblyInfo.cs,36,4,17,15
Sources/Pssa.VisuColis.Tests.Core/EntityConfiguration/PdaConfiguration.cs,26,3,8,15
Sources/Pssa.VisuColis.Query.WebApi.Tests/Properties/AssemblyInfo.cs,35,4,16,15
Sources/Pssa.VisuColis.Query.Proxy.Database/Configurations/AnomalyParcelConfiguration.cs,23,2,6,15
Sources/Pssa.VisuColis.Query.Proxy.Database/ConfigProvider.cs,26,2,9,15
Sources/Pssa.VisuColis.Query.Core.Interfaces/Properties/AssemblyInfo.cs,36,4,17,15
Sources/Pssa.VisuColis.Tests.Core/EntityConfiguration/ParcelAnalysisDetailConfiguration.cs,25,2,8,15
Sources/Pssa.VisuColis.Query.Core.Entities/Properties/AssemblyInfo.cs,36,4,17,15
Sources/Pssa.VisuColis.Command.Core.Domain/Properties/AssemblyInfo.cs,36,4,17,15
Sources/Pssa.VisuColis.Command.Core.Interfaces/Properties/AssemblyInfo.cs,36,4,17,15
Sources/Pssa.VisuColis.Query.Core.Entities/InvoicedParcel.cs,26,2,9,15
Sources/Pssa.VisuColis.Tests.Core/EntityConfiguration/EventTypeConfiguration.cs,23,2,6,15
Sources/Pssa.VisuColis.Query.Core.Entities/AnomalyParcel.cs,16,1,0,15
Sources/Pssa.VisuColis.Tests.Core/EntityConfiguration/CarrierConfiguration.cs,23,2,6,15
Sources/Pssa.VisuColis.Handlers.Tests/Properties/AssemblyInfo.cs,36,4,17,15
Sources/Pssa.VisuColis.Command.OAuth2.WebApi/Properties/AssemblyInfo.cs,35,4,16,15
Sources/Pssa.VisuColis.Handlers/Properties/AssemblyInfo.cs,36,4,17,15
Sources/Pssa.VisuColis.Core.Tests/Properties/AssemblyInfo.cs,36,4,17,15
Sources/Pssa.VisuColis.Command.Proxy.Avisage/Properties/AssemblyInfo.cs,36,4,17,15
Sources/Pssa.VisuColis.Core.Proxy.Database/Properties/AssemblyInfo.cs,36,4,17,15
Sources/Pssa.VisuColis.WebClient/src/app/shared/helpers/EnumHelper.ts,19,4,0,15
Sources/Pssa.VisuColis.Command.Proxy.Database/IocInstaller.cs,22,1,6,15
Sources/Pssa.VisuColis.Command.Proxy.Database.Integration.Tests/Properties/AssemblyInfo.cs,36,4,17,15
Sources/Pssa.VisuColis.Command.Proxy.MessagePda/Properties/AssemblyInfo.cs,36,4,17,15
Sources/Pssa.VisuColis.Command.Proxy.ParcelDomain/Properties/AssemblyInfo.cs,36,4,17,15
Sources/Pssa.VisuColis.WebClient/src/app/shared/enums/ParcelState.ts,16,1,0,15
Sources/Pssa.VisuColis.Command.Proxy.ParcelDomain.Tests/Properties/AssemblyInfo.cs,36,4,17,15
Sources/Pssa.VisuColis.Command.Services/Properties/AssemblyInfo.cs,36,4,17,15
Sources/Pssa.VisuColis.Command.Services.Interfaces/Properties/AssemblyInfo.cs,36,4,17,15
Sources/Pssa.VisuColis.Command.Services.Tests/Properties/AssemblyInfo.cs,36,4,17,15
Sources/Pssa.VisuColis.Command.WebApi/Properties/AssemblyInfo.cs,35,4,16,15
Sources/Pssa.VisuColis.Core.Proxy.Database/Configurations/PudoConfiguration.cs,22,2,5,15
Sources/Pssa.VisuColis.Command.WebApi.Interfaces/Properties/AssemblyInfo.cs,36,4,17,15
Sources/Pssa.VisuColis.Command.WebApi.Tests/Properties/AssemblyInfo.cs,35,4,16,15
Sources/Pssa.VisuColis.Core.Proxy.Database/Configurations/ParcelStepConfiguration.cs,17,2,0,15
Sources/Pssa.VisuColis.Query.Proxy.Database/Models/ParcelWithoutShipmentQuerySpecification.cs,21,7,0,14
Sources/Pssa.VisuColis.Command.WebApi.Interfaces/Dto/MessagePdaSendingRequestDto.cs,45,7,24,14
Sources/Pssa.VisuColis.Command.Proxy.Database/Entities/ParcelAnalysis.cs,45,7,24,14
Sources/Pssa.VisuColis.Tests.Core/EntityConfiguration/AnomalyActionConfiguration.cs,22,2,6,14
Sources/Pssa.VisuColis.Tests.Core/EntityConfiguration/AnomalyParcelConfiguration.cs,22,2,6,14
Sources/Pssa.VisuColis.Tests.Core/EntityConfiguration/AnomalyTypeConfiguration.cs,22,2,6,14
Sources/Pssa.VisuColis.Tests.Core/EntityConfiguration/CurrencyConfiguration.cs,22,2,6,14
Sources/Pssa.VisuColis.Tests.Core/Entities/AnomalyParcel.cs,15,1,0,14
Sources/Pssa.VisuColis.Tests.Core/EntityConfiguration/MeanOfPaymentConfiguration.cs,22,2,6,14
Sources/Pssa.VisuColis.Query.Core.Entities/ParcelContainerParcelConsolidated.cs,17,1,2,14
Sources/Pssa.VisuColis.Query.Core.Entities/ParcelProperty.cs,45,7,24,14
Sources/Pssa.VisuColis.Command.Core.Domain/ManualMailResponse.cs,15,1,0,14
Sources/Pssa.VisuColis.Tests.Core/EntityConfiguration/ParcelEventPropertyTypeConfiguration.cs,22,2,6,14
Sources/Pssa.VisuColis.Tests.Core/EntityConfiguration/ParcelInventoryConfiguration.cs,24,2,8,14
Sources/Pssa.VisuColis.WebClient/src/app/components/failed-event/views/modal-file-content.html,18,4,0,14
Sources/Pssa.VisuColis.Tests.Core/Domain/ParcelState.cs,44,6,24,14
Sources/Pssa.VisuColis.Tests.Core/EntityConfiguration/ParcelStateConfiguration.cs,22,2,6,14
Sources/Pssa.VisuColis.Query.Proxy.Database/Configurations/AnomalyTypeConfiguration.cs,22,2,6,14
Sources/Pssa.VisuColis.Tests.Core/EntityConfiguration/ParcelTreatmentTypeConfiguration.cs,22,2,6,14
Sources/Pssa.VisuColis.WebClient/Properties/AssemblyInfo.cs,35,4,17,14
Sources/Pssa.VisuColis.Query.Proxy.Database/Configurations/CurrencyConfiguration.cs,22,2,6,14
Sources/Pssa.VisuColis.Tests.Core/EntityConfiguration/PrestationConfiguration.cs,16,2,0,14
Sources/Pssa.VisuColis.Query.Proxy.Database/Configurations/EventTypeConfiguration.cs,22,2,6,14
Sources/Pssa.VisuColis.Query.WebApi.LoadTests/Domain/OperatorData.cs,19,5,0,14
Sources/Pssa.VisuColis.Query.Proxy.Database/Configurations/MeanOfPaymentConfiguration.cs,22,2,6,14
Sources/Pssa.VisuColis.Query.Proxy.Database/Configurations/NotificationTypeConfiguration.cs,22,2,6,14
Sources/Pssa.VisuColis.Query.Proxy.Database/Configurations/OperatorCountryRelConfiguration.cs,22,2,6,14
Sources/Pssa.VisuColis.Query.WebApi/IocInstaller.cs,21,1,6,14
Sources/Pssa.VisuColis.Tests.Core/EntityConfiguration/ShipperGroupConfiguration.cs,22,2,6,14
Sources/Pssa.VisuColis.Query.Proxy.ParcelDomain.Tests/Properties/AssemblyInfo.cs,35,4,17,14
Sources/Pssa.VisuColis.Query.Proxy.ParcelDomain.Interfaces/Properties/AssemblyInfo.cs,36,5,17,14
Sources/Pssa.VisuColis.Tests.Core/EntityConfiguration/PrestationTypeConfiguration.cs,22,2,6,14
Sources/Pssa.VisuColis.Query.Proxy.Database/Configurations/ParcelEventSignatureConfiguration.cs,23,2,7,14
Sources/Pssa.VisuColis.Query.Proxy.Database/Configurations/ParcelPropertyTypeConfiguration.cs,22,2,6,14
Sources/Pssa.VisuColis.Query.Proxy.ParcelDomain/IocInstaller.cs,21,1,6,14
Sources/Pssa.VisuColis.Query.Proxy.Database/Configurations/ParcelStateConfiguration.cs,22,2,6,14
Sources/Pssa.VisuColis.Acceptance/Domain/SortColumn.cs,17,0,3,14
Sources/Pssa.VisuColis.Query.Proxy.Database/Configurations/ParcelTreatmentTypeConfiguration.cs,22,2,6,14
Sources/Pssa.VisuColis.Tests.Core/EntityConfiguration/PudoTypeConfiguration.cs,25,3,8,14
Sources/Pssa.VisuColis.Acceptance/Contexts/AuthenticationContext.cs,15,1,0,14
Sources/Pssa.VisuColis.Tests.Core/EntityConfiguration/StepMotiveConfiguration.cs,22,2,6,14
Sources/Pssa.VisuColis.Query.Proxy.Isis/Mapper/IIsisParcelMapper.cs,15,1,0,14
Sources/Pssa.VisuColis.Query.Proxy.Database/Configurations/RequestTypeConfiguration.cs,22,2,6,14
Sources/Pssa.VisuColis.Query.Proxy.Database/Configurations/ReserveTypeConfiguration.cs,22,2,6,14
Sources/Pssa.VisuColis.Tests.Core/EntityConfiguration/StepConfiguration.cs,22,2,6,14
Sources/Pssa.VisuColis.Query.Proxy.Database/Configurations/SourceTypeConfiguration.cs,22,2,6,14
Sources/Pssa.VisuColis.Tests.Core/EntityConfiguration/SourceTypeConfiguration.cs,22,2,6,14
Sources/Pssa.VisuColis.Query.Proxy.Database/Configurations/StepConfiguration.cs,22,2,6,14
Sources/Pssa.VisuColis.Query.Proxy.Database/Configurations/StepMotiveConfiguration.cs,22,2,6,14
Sources/Pssa.VisuColis.Query.WebApi/Dto/ParcelStepDetailDto.cs,14,1,0,13
Sources/Pssa.VisuColis.Query.Core.Entities/ParcelAnalysis.cs,40,6,21,13
Documents/search_parcel.sql,19,1,5,13
Sources/Pssa.VisuColis.Tests.Core/EntityConfiguration/ReserveTypeConfiguration.cs,15,2,0,13
Sources/Pssa.VisuColis.Tests.Core/EntityConfiguration/NotificationSendingStateConfiguration.cs,15,2,0,13
Sources/Pssa.VisuColis.Query.Proxy.Database/Configurations/NotificationSendingStateConfiguration.cs,21,2,6,13
Sources/Pssa.VisuColis.WebClient/src/app/shared/enums/NotificationSendingState.ts,15,1,1,13
Sources/Pssa.VisuColis.Command.Core.Domain/ParcelAction.cs,40,6,21,13
Sources/Pssa.VisuColis.Command.Core.Domain/MessagePdaSendingRequest.cs,40,6,21,13
Sources/Pssa.VisuColis.Tests.Core/EntityConfiguration/NotificationTypeConfiguration.cs,15,2,0,13
Sources/Pssa.VisuColis.Tests.Core/Entities/QueueExportTracing.cs,40,6,21,13
Sources/Pssa.VisuColis.Command.Proxy.ParcelDomain/IocInstaller.cs,20,1,6,13
Sources/Pssa.VisuColis.Command.Proxy.MessagePda/IocInstaller.cs,20,1,6,13
Sources/Pssa.VisuColis.Tests.Core/EntityConfiguration/NotificationAuditTypeConfiguration.cs,15,2,0,13
Sources/Pssa.VisuColis.Tests.Core/EntityConfiguration/RequestTypeConfiguration.cs,15,2,0,13
Sources/Pssa.VisuColis.Query.Core.Entities/Prestation.cs,25,3,9,13
Sources/Pssa.VisuColis.Command.Core.Domain/ManualMail.cs,24,2,9,13
Sources/Pssa.VisuColis.Tests.Core/Domain/Step.cs,47,7,27,13
Sources/Pssa.VisuColis.Tests.Core/EntityConfiguration/PudoStateConfiguration.cs,15,2,0,13
Sources/Pssa.VisuColis.Query.Core.Entities/ParcelEventSignature.cs,23,1,9,13
Sources/Pssa.VisuColis.WebClient/src/app/shared/helpers/ArrayHelper.ts,15,2,0,13
Sources/Pssa.VisuColis.WebClient/src/app/shared/views/modal-dialog.html,20,7,0,13
Sources/Pssa.VisuColis.WebClient/e2e/main.po.js,17,4,0,13
Sources/Pssa.VisuColis.Query.WebApi.Tests/Extends.cs,14,1,0,13
Sources/Pssa.VisuColis.Query.Core.Entities/ParcelContainer.cs,14,1,0,13
Sources/Pssa.VisuColis.Query.Core.Entities/ParcelAnalysisDetail.cs,36,5,19,12
Sources/Pssa.VisuColis.Command.Proxy.Database/IParcelContext.cs,18,3,3,12
Sources/Pssa.VisuColis.Tests.Core/Domain/StepMotive.cs,34,4,18,12
Sources/Pssa.VisuColis.WebClient/src/app/shared/views/user-identity.html,13,1,0,12
Sources/Pssa.VisuColis.WebClient/src/app/components/parcel-without-shipment/views/parcel-without-shipment-parcel-list.html,15,3,0,12
Sources/Pssa.VisuColis.Query.Core.Entities/ParcelWithoutShipment.cs,39,6,21,12
Sources/Pssa.VisuColis.Query.Core.Entities/MessagePdaTemplate.cs,31,4,15,12
Sources/Pssa.VisuColis.WebClient/src/app/shared/typings/IException.d.ts,13,1,0,12
Sources/Pssa.VisuColis.Tests.Core/Entities/Address.cs,12,0,0,12
Sources/Pssa.VisuColis.Query.Core.Interfaces/IParcelManager.cs,13,1,0,12
Sources/Pssa.VisuColis.Tests.Core/Entities/ParcelAnalysisDetail.cs,36,5,19,12
Sources/Pssa.VisuColis.Query.Proxy.MessagePda/IocInstaller.cs,19,1,6,12
Sources/Pssa.VisuColis.Tests.Core/Domain/ReserveType.cs,34,4,18,12
Sources/Pssa.VisuColis.WebClient/src/app/shared/enums/PrestationType.ts,13,1,0,12
Sources/Pssa.VisuColis.Core.Proxy.Database/IParcelContext.cs,27,3,12,12
Sources/Pssa.VisuColis.Tests.Core/Domain/ParcelPropertyType.cs,31,4,15,12
Sources/Pssa.VisuColis.Tests.Core/Entities/Pda.cs,27,3,12,12
Sources/Pssa.VisuColis.Command.Core.Domain/ParcelAnalysis.cs,13,1,0,12
Sources/Pssa.VisuColis.Core.Entities/ParcelStep.cs,30,5,13,12
Sources/Pssa.VisuColis.Tests.Core/Entities/ParcelAnalysis.cs,35,5,18,12
Sources/Pssa.VisuColis.Query.WebApi.LoadTests/Domain/ParcelSearchRequestResult.cs,35,5,18,12
Sources/Pssa.VisuColis.Query.WebApi.Tests/Dto/ODataResponseDto.cs,15,3,0,12
Sources/Pssa.VisuColis.Query.Core.Entities/FailedImportedEvent.cs,11,0,0,11
Sources/Pssa.VisuColis.WebClient/src/app/components/parcel/views/modal-parcel-event-signature.html,13,2,0,11
Sources/Pssa.VisuColis.WebClient/src/app/components/parcel/controllers/ParcelListController.ts,16,5,0,11
Sources/Pssa.VisuColis.Tests.Core/Entities/ParcelInventory.cs,30,4,15,11
Sources/Pssa.VisuColis.Tests.Core/Entities/FailedImportedEvent.cs,11,0,0,11
Sources/Pssa.VisuColis.Tests.Core/Entities/Rerouted.cs,11,0,0,11
Sources/Pssa.VisuColis.Tests.Core/Domain/AnomalyType.cs,33,4,18,11
Sources/Pssa.VisuColis.WebClient/src/app/shared/views/languages-flags.html,11,0,0,11
Sources/Pssa.VisuColis.Acceptance/Protractor/NgByNgTableColumns.cs,19,1,7,11
Sources/Pssa.VisuColis.Acceptance/Protractor/NgByNgTableRows.cs,19,1,7,11
Sources/Pssa.VisuColis.Query.Core.Entities/ParcelState.cs,15,1,3,11
Sources/Pssa.VisuColis.Acceptance/Protractor/NgByOptions.cs,19,1,7,11
Sources/Pssa.VisuColis.Query.Core.Entities/Pda.cs,26,3,12,11
Sources/Pssa.VisuColis.WebClient/src/app/components/parcel-inventory/views/parcel-inventory-list.html,11,0,0,11
Sources/Pssa.VisuColis.WebClient/src/app/shared/services/AppService.ts,17,5,1,11
Sources/Pssa.VisuColis.Command.Proxy.Database/Entities/ParcelAnalysisDetail.cs,34,4,19,11
Sources/Pssa.VisuColis.Query.Core.Entities/NotificationType.cs,16,0,6,10
Sources/Pssa.VisuColis.Query.Core.Entities/EventType.cs,13,0,3,10
Sources/Pssa.VisuColis.Query.Core.Entities/ReroutingReason.cs,12,2,0,10
Sources/Pssa.VisuColis.Tests.Core/Entities/User.cs,28,3,15,10
Sources/Pssa.VisuColis.Query.Core.Entities/SourceType.cs,13,0,3,10
Sources/Pssa.VisuColis.Query.Core.Entities/RequestType.cs,16,0,6,10
Sources/Pssa.VisuColis.Command.WebApi.Interfaces/Dto/AvisageSendNotifRequestDto.cs,10,0,0,10
Sources/Pssa.VisuColis.Query.Core.Entities/PudoReference.cs,29,3,16,10
Sources/Pssa.VisuColis.Command.WebApi.Interfaces/Dto/ManualMailSendingRequestDto.cs,10,0,0,10
Sources/Pssa.VisuColis.Tests.Core/EntityConfiguration/ReroutedConfiguration.cs,20,1,9,10
Sources/Pssa.VisuColis.Command.WebApi.Interfaces/Dto/ParcelActionDto.cs,32,4,18,10
Sources/Pssa.VisuColis.Query.Core.Entities/User.cs,28,3,15,10
Sources/Pssa.VisuColis.Command.WebApi.Interfaces/Dto/ParcelAnalysisDto.cs,11,1,0,10
Sources/Pssa.VisuColis.Command.OAuth2.WebApi/Models/OAuthResponse.cs,10,0,0,10
Sources/VisuColis.Tools/Pssa.VisuColis.Tools.TranslationManager/Translations/TranslationModule.cs,11,1,0,10
Sources/VisuColis.Tools/Pssa.VisuColis.Tools.TranslationManager/Translations/TranslationLanguage.cs,11,1,0,10
Sources/Pssa.VisuColis.Core.Proxy.Database/Repositories/IParcelRepository.cs,25,3,12,10
Sources/Pssa.VisuColis.Query.Proxy.Database/Repositories/IParcelEventRepository.cs,18,1,7,10
Sources/Pssa.VisuColis.Query.Proxy.Database/Models/QueryAnomalyFilter.cs,29,4,15,10
Sources/Pssa.VisuColis.Query.Proxy.Database/Models/QueryTemplateFilter.cs,25,0,15,10
Sources/Pssa.VisuColis.Acceptance/Excel/ExcelSheet.cs,11,1,0,10
Sources/Pssa.VisuColis.WebClient/src/app/components/parcel/views/component-pda-message.html,11,1,0,10
Sources/Pssa.VisuColis.Tests.Core/Entities/CarrierPudoReference.cs,28,3,15,10
Sources/Pssa.VisuColis.Query.Core.Entities/AnomalyAction.cs,13,0,3,10
Sources/Pssa.VisuColis.Query.Proxy.Database/Repositories/IParcelEventPropertyRepository.cs,18,1,7,10
Sources/Pssa.VisuColis.Query.Core.Entities/AnomalyType.cs,10,0,0,10
Sources/Pssa.VisuColis.Command.Core.Interfaces/IParcelAnalysisRepository.cs,30,3,17,10
Sources/Pssa.VisuColis.Query.Core.Entities/NotificationContent.cs,21,2,9,10
Sources/Pssa.VisuColis.Query.Core.Entities/ReserveType.cs,10,0,0,10
Sources/Pssa.VisuColis.Query.Core.Entities/MeanOfPayment.cs,10,0,0,10
Sources/Pssa.VisuColis.Query.Proxy.Database/Repositories/IParcelAnalysisDetailRepository.cs,19,1,8,10
Sources/Pssa.VisuColis.Query.Proxy.Database/Repositories/IParcelContainerRepository.cs,18,1,8,9
Sources/Pssa.VisuColis.Tests.Core/Entities/Prestation.cs,9,0,0,9
Sources/Pssa.VisuColis.Acceptance/Domain/PudoType.cs,9,0,0,9
Sources/Pssa.VisuColis.Query.Core.Entities/CarrierPudoReference.cs,23,2,12,9
Sources/Pssa.VisuColis.Query.Core.Entities/NotificationSendingState.cs,15,0,6,9
Sources/Pssa.VisuColis.Query.Proxy.MessagePda/IMessagePdaProxy.cs,20,1,10,9
Sources/Pssa.VisuColis.Query.Proxy.Database/Repositories/IFailedEventRepository.cs,13,1,3,9
Sources/Pssa.VisuColis.Tests.Core/Entities/Carrier.cs,9,0,0,9
Sources/Pssa.VisuColis.WebClient/src/app/shared/views/time-picker.html,9,0,0,9
Sources/Pssa.VisuColis.Query.Proxy.Database/Models/ParcelPropertyType.cs,9,0,0,9
Sources/Pssa.VisuColis.WebClient/src/app/components/pssa-open-xml/classes/Constants.ts,10,1,0,9
Sources/Pssa.VisuColis.Query.Proxy.Database/Repositories/IParcelRepository.cs,18,1,8,9
Sources/Pssa.VisuColis.WebClient/src/app/shared/enums/Prestation.ts,10,1,0,9
Sources/Pssa.VisuColis.Core.Proxy.Database/Repositories/IParcelStepRepository.cs,11,2,0,9
Sources/Pssa.VisuColis.Command.OAuth2.WebApi/Models/OAuthRequest.cs,9,0,0,9
Sources/Pssa.VisuColis.WebClient/src/app/shared/enums/ParcelPropertyType.ts,10,1,0,9
Sources/Pssa.VisuColis.Query.Proxy.Isis/Mapper/IIsisPudoMapper.cs,10,1,0,9
Sources/Pssa.VisuColis.Query.Proxy.Database/Repositories/IParcelContainerParcelConsolidatedRepository.cs,13,1,3,9
Sources/Pssa.VisuColis.Query.Core.Entities/ParcelPropertyType.cs,12,0,3,9
Sources/Pssa.VisuColis.Query.Proxy.ParcelDomain/Entities/ParcelTreatmentActionType.cs,12,0,3,9
Sources/Pssa.VisuColis.Acceptance/Domain/Browser.cs,12,0,3,9
Sources/Pssa.VisuColis.Core.Entities/Pudo.cs,11,2,0,9
Sources/Pssa.VisuColis.Command.Services.Interfaces/IMessagePdaService.cs,18,1,8,9
Sources/Pssa.VisuColis.Query.Proxy.Database/Repositories/IParcelTreatmentTypeRepository.cs,13,1,3,9
Sources/Pssa.VisuColis.WebClient/src/app/shared/enums/AnomalySearchType.ts,10,1,0,9
Sources/Pssa.VisuColis.Command.Services.Interfaces/IParcelAnalysisService.cs,21,2,10,9
Sources/Pssa.VisuColis.Tests.Core/Entities/ParcelTreatmentType.cs,21,2,10,9
Sources/Pssa.VisuColis.Query.Core.Interfaces/Domain/User.cs,24,3,12,9
Sources/Pssa.VisuColis.Command.Core.Interfaces/IMessagePdaProxy.cs,18,1,8,9
Sources/Pssa.VisuColis.Query.Proxy.Isis/Mapper/IIsisEventMapper.cs,10,1,0,9
Sources/Pssa.VisuColis.Query.Core.Entities/StepMotive.cs,9,0,0,9
Sources/Pssa.VisuColis.Command.WebApi.Interfaces/Dto/MessagePdaParcelRecipientDto.cs,23,2,12,9
Sources/Pssa.VisuColis.Tests.Core/Domain/SourceType.cs,20,2,9,9
Sources/Pssa.VisuColis.Query.Core.Entities/Step.cs,12,0,3,9
Sources/Pssa.VisuColis.Query.Core.Interfaces/IUserManager.cs,9,1,0,8
Sources/Pssa.VisuColis.Command.Core.Domain/ParcelAnalysisDetail.cs,8,0,0,8
Sources/Pssa.VisuColis.Command.WebApi.Interfaces/Dto/ParcelAnalysisMessagePdaDto.cs,9,1,0,8
Sources/Pssa.VisuColis.Query.Proxy.Database/Repositories/IPrestationRepository.cs,9,1,0,8
Sources/Pssa.VisuColis.Command.Services.Interfaces/IParcelActionService.cs,9,1,0,8
Sources/Pssa.VisuColis.Query.Proxy.Database/Repositories/IParcelWithoutShipmentRepository.cs,9,1,0,8
Sources/Pssa.VisuColis.Query.Proxy.Database/Repositories/IParcelTreatmentRepository.cs,12,1,3,8
Sources/Pssa.VisuColis.Query.Proxy.Database/Repositories/IParcelStepRepository.cs,12,1,3,8
Sources/Pssa.VisuColis.Command.Services.Interfaces/IManualMailService.cs,9,1,0,8
Sources/Pssa.VisuColis.Command.Services.Interfaces/IAvisageService.cs,9,1,0,8
Sources/VisuColis.Tools/Pssa.VisuColis.Tools.TranslationManager/Translations/TranslationContainer.cs,9,1,0,8
Sources/Pssa.VisuColis.Core.Proxy.Database/Constant.cs,11,0,3,8
Sources/Pssa.VisuColis.Query.Proxy.Database/Repositories/IParcelAnalysisRepository.cs,12,1,3,8
Sources/Pssa.VisuColis.WebClient/src/app/shared/classes/Role.ts,9,1,0,8
Sources/Pssa.VisuColis.Tests.Core/Entities/Currency.cs,8,0,0,8
Sources/Pssa.VisuColis.Acceptance/Domain/Filter.cs,11,0,3,8
Sources/Pssa.VisuColis.Core.Proxy.Database/Repositories/IPudoRepository.cs,16,1,7,8
Sources/Pssa.VisuColis.Acceptance/Domain/MisguidedFlag.cs,8,0,0,8
Sources/Pssa.VisuColis.Acceptance/Domain/ParcelExtended.cs,8,0,0,8
Sources/Pssa.VisuColis.Tests.Core/Entities/AnomalyType.cs,9,1,0,8
Sources/VisuColis.Tools/Pssa.VisuColis.Tools.TranslationManager/Constant.cs,8,0,0,8
Sources/Pssa.VisuColis.Query.Core.Entities/Currency.cs,8,0,0,8
Sources/Pssa.VisuColis.Command.Proxy.MessagePda/Domain/ColisDestinataireModel.cs,8,0,0,8
Sources/Pssa.VisuColis.Query.Proxy.Database/Repositories/ICarrierPudoReferenceRepository.cs,12,1,3,8
Sources/Pssa.VisuColis.Acceptance/Domain/ValidatedFlag.cs,8,0,0,8
Sources/Pssa.VisuColis.Query.Proxy.Database/Models/QueryWithoutShipmentFilterType.cs,8,0,0,8
Sources/Pssa.VisuColis.Tests.Core/Entities/ShipperGroup.cs,8,0,0,8
Sources/Pssa.VisuColis.Query.Core.Entities/OperatorCountryRel.cs,8,0,0,8
Sources/Pssa.VisuColis.Acceptance/Excel/ExcelDocument.cs,9,1,0,8
Sources/Pssa.VisuColis.Query.Proxy.Database/Models/QueryTemplateSorting.cs,17,0,9,8
Sources/Pssa.VisuColis.Query.Proxy.Database/SqlQueries/GetLastParcelPropertyValue.cshtml,10,2,0,8
Sources/Pssa.VisuColis.Command.Proxy.Database/Constant.cs,11,0,3,8
Sources/Pssa.VisuColis.Query.Proxy.Database.Integration.Tests/Stub/Parcel.cs,9,1,0,8
Sources/Pssa.VisuColis.WebClient/gulpfile.js,17,4,5,8
Sources/Pssa.VisuColis.Query.Proxy.Isis/IIsisProxy.cs,9,1,0,8
Sources/Pssa.VisuColis.Command.Core.Domain/ManualNotificationResult.cs,8,0,0,8
Sources/Pssa.VisuColis.Query.Proxy.Database/Repositories/IStepRepository.cs,12,1,3,8
Sources/Pssa.VisuColis.Command.Core.Domain/MessagePdaParcelRecipient.cs,18,1,9,8
Sources/Pssa.VisuColis.Query.Proxy.ParcelDomain.Interfaces/IParcelTreatmentActionService.cs,17,1,8,8
Sources/Pssa.VisuColis.Command.Core.Interfaces/IAvisageProxy.cs,9,1,0,8
Sources/Pssa.VisuColis.Query.WebApi/Models/Colis21QueryResponse.cs,9,1,0,8
Sources/Pssa.VisuColis.WebClient/src/app/shared/enums/EventType.ts,8,1,0,7
Sources/Pssa.VisuColis.Query.Proxy.Database/ParcelQueryBuild/ISqlQueryBuilder.cs,16,1,8,7
Sources/Pssa.VisuColis.Query.Proxy.Database/Repositories/IOperatorCountryRelRepository.cs,12,2,3,7
Sources/Pssa.VisuColis.Query.Proxy.Database/Repositories/IPudoReferenceRepository.cs,11,1,3,7
Sources/Pssa.VisuColis.Acceptance/Constants.cs,7,0,0,7
Sources/Pssa.VisuColis.Tests.Core/Entities/NotificationType.cs,7,0,0,7
Sources/Pssa.VisuColis.Query.Proxy.ParcelDomain.Interfaces/Entities/ParcelTreatmentActionType.cs,17,1,9,7
Sources/Pssa.VisuColis.Tests.Core/Entities/NotificationSendingState.cs,17,1,9,7
Sources/Pssa.VisuColis.Acceptance/Contexts/IdpProvider.cs,7,0,0,7
Sources/Pssa.VisuColis.Query.Proxy.Database/IConfigProvider.cs,17,1,9,7
Sources/Pssa.VisuColis.Query.WebApi/Models/Colis21ParcelParameters.cs,7,0,0,7
Sources/Pssa.VisuColis.Query.WebApi/Models/Colis21QueryParcel.cs,7,0,0,7
Sources/Pssa.VisuColis.Tests.Core/Entities/NotificationAuditType.cs,7,0,0,7
Sources/Pssa.VisuColis.Tests.Core/Entities/StepMotive.cs,7,0,0,7
Sources/Pssa.VisuColis.Command.WebApi.Interfaces/Dto/ParcelAnalysisDetailDto.cs,7,0,0,7
Sources/Pssa.VisuColis.WebClient/src/app/components/parcel/views/parcel-list.html,10,3,0,7
Sources/Pssa.VisuColis.WebClient/src/app/shared/enums/ParcelActionTypeKind.ts,8,1,0,7
Sources/Pssa.VisuColis.WebClient/src/app/components/parcel-without-shipment/views/parcel-without-shipment-list.html,8,1,0,7
Sources/Pssa.VisuColis.Tests.Core/Entities/PudoState.cs,7,0,0,7
Sources/Pssa.VisuColis.Query.Proxy.Database/Models/SourceType.cs,13,0,6,7
Sources/Pssa.VisuColis.Tests.Core/Entities/ReserveType.cs,7,0,0,7
Sources/Pssa.VisuColis.Tests.Core/Entities/RequestType.cs,7,0,0,7
Sources/Pssa.VisuColis.WebClient/src/app/components/parcel/enums/ParcelEventView.ts,8,1,0,7
Sources/Pssa.VisuColis.WebClient/src/app/components/analysis/views/analysis-list.html,8,2,0,6
Sources/Pssa.VisuColis.WebClient/src/app/components/pssa-grid/controllers/GridDirectiveController.ts,17,3,8,6
Sources/Pssa.VisuColis.Query.Proxy.Database/ParcelQueryBuild/IParcelQueryProvider.cs,8,2,0,6
Sources/Pssa.VisuColis.WebClient/src/app/components/failed-event/views/failed-event-list.html,8,2,0,6
Sources/Pssa.VisuColis.WebClient/src/app/shared/typings/IAppService.d.ts,6,0,0,6
Sources/Pssa.VisuColis.Query.Proxy.Database/SqlQueries/OptimFilterByInventory.cshtml,7,2,0,5
Sources/Pssa.VisuColis.WebClient/src/app/shared/views/loader-mask.html,5,0,0,5
ThirdParty/JaySvcUtil-1.4.0-alpha-source/filter.xml,7,1,1,5
Sources/Pssa.VisuColis.Query.Proxy.Database/SqlQueries/Main.cshtml,5,1,0,4
Sources/Pssa.VisuColis.WebClient/src/app/components/pssa-open-xml/PssaOpenXml.ts,6,2,0,4
Sources/Pssa.VisuColis.WebClient/src/app/shared/views/forbidden.html,3,0,0,3
Sources/Pssa.VisuColis.WebClient/src/app/components/parcel/views/modal-typeahead-pudo-template.html,3,0,0,3
Sources/Pssa.VisuColis.WebClient/src/app/components/parcel/views/component-url-tracking.html,3,0,0,3
Sources/Pssa.VisuColis.WebClient/src/app/components/parcel/views/modal-typeahead-shippergroup-template.html,2,0,0,2
Sources/Pssa.VisuColis.WebClient/src/app/components/parcel/views/component-pudo-url.html,3,1,0,2
Sources/Pssa.VisuColis.WebClient/src/app/components/parcel/views/component-parcel-step-valid.html,1,0,0,1
Sources/Pssa.VisuColis.WebClient/src/app/components/analysis/views/component-parcels-field.html,0,0,0,0
