File,Lines,Blank Lines,Comments,Code Lines
test/utils.js,799,90,122,587
test/isEqual.js,700,165,0,535
test/template.js,451,97,1,353
test/clone-methods.js,429,78,0,351
test/iteration-methods.js,340,45,0,295
test/matchesProperty.js,368,85,0,283
test/merge.test.js,350,80,1,269
test/matches-methods.js,294,71,0,223
test/custom-_.iteratee-methods.js,270,48,0,222
test/number-coercion-methods.js,248,42,0,206
test/debounce.test.js,250,54,0,196
test/throttle.js,227,45,0,182
test/bind.js,231,50,0,181
.internal/baseClone.js,241,25,42,174
test/lodash-methods.js,194,24,1,169
test/has-methods.js,205,46,0,159
test/transform.js,205,49,0,156
test/mixin.js,189,38,0,151
test/methods-using-createWrapper.js,198,50,0,148
test/memoize.test.js,178,37,0,141
test/object-assignments.js,180,40,0,140
test/uncommon-symbols.js,170,34,0,136
test/set-methods.js,172,37,0,135
test/keys-methods.js,183,47,1,135
test/debounce-and-throttle.js,167,33,0,134
test/basename.js,151,18,1,132
test/iteratee.js,164,35,0,129
test/conforms-methods.js,153,34,0,119
debounce.js,213,23,72,118
test/get-and-result.js,148,32,0,116
test/find-methods.js,139,28,0,111
test/isMatchWith.js,137,27,0,110
test/curryRight.js,136,27,0,109
test/lodash(...)-methods-that-return-unwrapped-values.js,112,3,0,109
test/curry.js,135,27,0,108
test/slice.js,133,28,0,105
test/methodOf.js,131,27,0,104
test/method.js,132,28,0,104
test/fill.js,128,25,0,103
test/isEqualWith.js,128,25,0,103
test/uniq-methods.js,123,22,1,100
test/at.test.js,124,27,0,97
test/propertyOf.test.js,122,26,0,96
test/isEmpty.js,119,23,0,96
test/property.test.js,122,27,0,95
test/unset.js,119,24,0,95
test/omit-methods.js,114,20,0,94
test/words.test.js,117,23,0,94
test/map.js,122,29,0,93
test/isPlainObject.js,114,22,0,92
test/pullAt.js,122,31,0,91
test/partial-methods.js,113,24,0,89
test/case-methods.test.js,105,17,0,88
test/Arrays-category-methods.js,97,9,0,88
.eslintrc.js,125,39,2,84
test/flatten-methods.js,106,22,0,84
test/find-and-includes.js,103,21,0,82
test/random.js,104,23,0,81
test/create.test.js,99,19,0,80
test/defaultsDeep.js,101,22,0,79
test/findLast.test.js,99,21,0,78
test/invokeMap.js,105,27,0,78
test/includes.js,95,17,0,78
test/takeWhile.js,102,25,0,77
test/isNative.js,92,16,0,76
test/reverse.js,94,18,0,76
test/filter-methods.js,100,25,0,75
test/Strings-category-methods.test.js,83,9,0,74
test/overSome.js,98,25,0,73
test/takeRightWhile.js,96,24,0,72
test/intersection-methods.js,91,19,0,72
test/sortBy-methods.js,87,15,0,72
test/pick-methods.js,85,14,0,71
test/ary.js,91,22,0,69
test/assign-and-assignIn.js,88,19,0,69
.internal/baseMergeDeep.js,91,6,16,69
test/isFunction.js,83,15,0,68
test/sortedIndex-methods.js,84,16,0,68
test/range-methods.js,82,14,0,68
.internal/equalByTag.js,109,15,27,67
test/overArgs.js,82,16,0,66
test/__proto__-property-bugs.js,87,21,0,66
truncate.js,113,9,38,66
test/parseInt.js,81,15,0,66
test/overEvery.js,87,22,0,65
test/difference-methods.js,85,20,0,65
test/trim-methods.js,83,18,0,65
test/round-methods.js,82,19,0,63
test/remove.js,80,17,0,63
.internal/equalObjects.js,88,8,18,62
test/chain.js,74,13,0,61
test/unzip-and-zip.js,72,11,0,61
test/size.test.js,75,14,0,61
test/uniqBy-methods.js,74,14,0,60
.internal/equalArrays.js,84,7,17,60
test/some.js,76,16,0,60
test/lodash(...).next.js,74,14,0,60
test/lodash.methodName.js,75,16,0,59
test/sortBy.js,75,16,0,59
test/keyBy.js,76,17,0,59
test/tail.js,77,18,0,59
test/bindAll.js,74,15,0,59
test/sampleSize.js,76,17,0,59
test/every.js,74,16,0,58
test/findLastIndex-and-lastIndexOf.test.js,72,15,0,57
.internal/baseUniq.js,73,6,10,57
.internal/deburrLetter.js,71,3,11,57
test/flatMap-methods.js,72,15,0,57
test/isError.test.js,70,14,0,56
test/omit.js,69,14,0,55
test/invoke.js,71,16,0,55
.internal/unicodeWords.js,70,5,10,55
test/xor-methods.js,70,15,0,55
test/rearg.js,70,15,0,55
.internal/baseIntersection.js,72,7,10,55
test/reduce-methods.js,68,14,0,54
test/toPath.js,66,12,0,54
test/defaults.test.js,66,12,0,54
test/groupBy.js,68,14,0,54
test/bindKey.js,66,13,0,53
test/cond.js,65,12,0,53
test/map-caches.js,63,10,0,53
test/delay.js,67,15,0,52
.internal/baseIsEqualDeep.js,79,10,17,52
test/countBy.js,66,14,0,52
test/dropWhile.js,67,15,0,52
test/nth.js,69,18,0,51
.internal/MapCache.js,120,13,56,51
test/truncate.js,64,13,0,51
test/indexOf-methods.js,63,12,0,51
.internal/ListCache.js,103,11,41,51
test/take.js,65,15,0,50
test/takeRight.js,65,15,0,50
test/head.js,62,12,0,50
test/toPairs-methods.js,61,11,0,50
test/nthArg.js,65,15,0,50
test/mergeWith.js,64,14,0,50
test/concat.js,65,16,0,49
test/isElement.test.js,58,9,0,49
test/orderBy.js,61,12,0,49
test/extremum-methods.js,64,15,0,49
test/times.js,62,14,0,48
test/drop.test.js,62,14,0,48
test/isTypedArray.js,59,11,0,48
.internal/baseIsMatch.js,64,5,11,48
test/dropRight.test.js,62,14,0,48
test/isObject.test.js,53,6,0,47
test/clamp.js,58,11,0,47
test/initial.js,61,14,0,47
test/inRange.js,54,7,0,47
test/indexOf.test.js,60,14,0,46
test/math-operator-methods.js,56,10,0,46
.internal/baseDifference.js,63,5,12,46
test/sortedIndexBy-methods.js,59,14,0,45
test/spread.js,58,13,0,45
.internal/baseSortedIndexBy.js,65,7,14,44
test/over.js,58,14,0,44
test/isMap.test.js,53,9,0,44
test/isSet.test.js,53,9,0,44
test/isWeakMap.test.js,53,9,0,44
test/isInteger-methods.js,55,11,0,44
test/reduce.js,57,14,0,43
test/attempt.test.js,55,12,0,43
test/pad-methods.js,51,8,0,43
test/lodash(...)-methods-that-return-new-wrapped-values.js,45,3,0,42
test/flow-methods.test.js,53,11,0,42
test/reduceRight.js,56,14,0,42
.internal/Stack.js,93,10,42,41
test/isIterateeCall.js,47,6,0,41
test/pick.js,52,11,0,41
test/dropRightWhile.js,52,12,0,40
test/isArrayLike.test.js,48,8,0,40
test/curry-methods.js,52,12,0,40
test/isNil.test.js,47,7,0,40
test/endsWith.test.js,49,10,0,39
test/toArray.test.js,48,9,0,39
test/pull-methods.js,49,10,0,39
test/last.js,51,12,0,39
test/isFinite.js,48,9,0,39
test/rest.js,49,10,0,39
random.js,73,3,31,39
test/isUndefined.test.js,45,7,0,38
test/partition.js,48,10,0,38
test/isBoolean.test.js,43,6,0,37
test/isNaN.js,43,6,0,37
test/startsWith.js,47,10,0,37
test/repeat.js,46,9,0,37
test/zipWith.js,48,11,0,37
test/fromPairs.js,47,10,0,37
.internal/Hash.js,88,9,42,37
test/wrap.js,46,10,0,36
test/values-methods.js,47,11,0,36
test/isNumber.test.js,42,6,0,36
test/isWeakSet.test.js,42,6,0,36
test/isNull.test.js,41,6,0,35
test/isArrayBuffer.test.js,41,6,0,35
test/slice-and-toArray.js,43,8,0,35
test/isBuffer.test.js,41,6,0,35
test/isSymbol.test.js,41,6,0,35
test/isString.test.js,41,6,0,35
test/chunk.test.js,45,10,0,35
test/isObjectLike.test.js,40,5,0,35
test/toString.test.js,43,9,0,34
test/isType-checks.js,39,5,0,34
test/isArguments.test.js,39,6,0,33
test/isRegExp.test.js,39,6,0,33
test/compact.js,42,9,0,33
test/negate.js,39,7,0,32
.internal/baseSet.js,48,6,10,32
test/isArray.js,38,6,0,32
test/constant.js,40,8,0,32
test/unescape.js,40,8,0,32
test/lodash(...).plant.js,39,7,0,32
.internal/compareAscending.js,45,5,8,32
test/isDate.test.js,38,6,0,32
test/zipObject-methods.js,39,7,0,32
test/defer.test.js,40,8,0,32
.internal/baseOrderBy.js,49,9,9,31
test/lodash-constructor.js,39,8,0,31
isEmpty.js,69,3,35,31
.internal/unicodeSize.js,47,5,11,31
test/invertBy.js,42,11,0,31
test/exit-early.js,37,7,0,30
test/unzipWith.js,39,9,0,30
test/startsWith-and-endsWith.js,38,8,0,30
.internal/stringToPath.js,44,3,12,29
toNumber.js,65,8,28,29
.internal/arrayLikeKeys.js,43,3,11,29
test/mapValues.js,36,7,0,29
test/mapKeys-and-mapValues.js,36,7,0,29
.internal/basePullAll.js,44,5,10,29
test/lodash(...).value.js,33,5,0,28
test/matches.js,32,4,0,28
test/split.js,35,7,0,28
test/mapKeys.js,35,7,0,28
test/noConflict.js,33,5,0,28
test/sum-methods.js,36,8,0,28
test/once.test.js,36,8,0,28
toArray.js,55,5,23,27
test/pad.js,35,8,0,27
transform.js,59,3,29,27
.internal/unicodeToArray.js,43,5,11,27
test/stub-methods.js,32,5,0,27
.internal/baseMerge.js,41,3,11,27
test/isIndex.test.js,34,7,0,27
hasPath.js,53,5,21,27
test/after.test.js,31,5,0,26
test/padStart.js,34,8,0,26
test/padEnd.js,34,8,0,26
hasPathIn.js,50,4,20,26
test/union-methods.js,31,5,0,26
test/before.js,31,5,0,26
test/flatMapDepth.js,33,7,0,26
test/result.test.js,33,7,0,26
test/lodash(...).splice.js,31,6,0,25
test/lodash(...).shift.js,31,6,0,25
.internal/createAssigner.js,36,4,7,25
test/sample.js,32,7,0,25
test/sumBy.js,32,7,0,25
.internal/createMathOperation.js,35,2,8,25
.internal/composeArgsRight.js,39,3,11,25
test/lodash(...).pop.js,31,6,0,25
test/toPlainObject.js,30,6,0,24
slice.js,47,3,20,24
test/meanBy.js,31,7,0,24
test/escape.test.js,30,6,0,24
test/invert.test.js,30,6,0,24
test/camelCase.test.js,28,4,0,24
.internal/baseSortedIndex.js,40,4,13,23
unzip.js,43,2,18,23
.internal/composeArgs.js,38,4,11,23
test/tap.js,30,7,0,23
test/runInContext.js,29,6,0,23
test/shuffle.js,29,6,0,23
test/min.js,27,5,0,22
test/unionBy.js,28,6,0,22
test/lodash(...).push.js,27,5,0,22
.internal/baseXor.js,36,4,10,22
test/lodash(...).unshift.js,27,5,0,22
test/lodash(...).sort.js,27,5,0,22
test/intersectionWith.test.js,27,5,0,22
test/max.js,27,5,0,22
test/deburr.test.js,28,6,0,22
test/uniqWith.test.js,28,6,0,22
test/escapeRegExp.test.js,28,6,0,22
test/unary.js,27,5,0,22
.internal/compareMultiple.js,45,3,21,21
.internal/SetCache.js,52,8,23,21
.internal/baseFlatten.js,37,4,12,21
test/update-methods.js,25,4,0,21
result.js,53,4,28,21
test/differenceWith.test.js,26,5,0,21
split.js,42,3,18,21
sampleSize.js,40,2,17,21
.internal/baseMatchesProperty.js,33,3,9,21
.internal/copyObject.js,35,4,10,21
.internal/createCaseFirst.js,34,6,7,21
test/toInteger-methods.js,25,4,0,21
defaults.js,45,4,21,20
maxBy.js,40,3,17,20
.internal/baseEach.js,31,3,8,20
size.js,43,3,20,20
times.js,42,3,19,20
test/now.js,26,6,0,20
minBy.js,40,3,17,20
test/pullAllBy.test.js,26,6,0,20
remove.js,48,3,25,20
.internal/basePullAt.js,32,3,9,20
test/without.test.js,23,4,0,19
toString.js,44,3,22,19
test/castArray.test.js,23,4,0,19
.internal/baseEachRight.js,30,3,8,19
throttle.js,70,3,48,19
test/lodash(...)-methods-that-return-the-wrapped-modified-array.js,22,3,0,19
test/unionWith.test.js,24,5,0,19
memoize.js,64,3,42,19
lastIndexOf.js,40,2,19,19
test/toLength.test.js,22,3,0,19
test/find-and-findLast.js,22,3,0,19
test/strict-mode-checks.js,22,3,0,19
test/functions.test.js,22,4,0,18
.internal/isIterateeCall.js,31,3,10,18
test/eq.test.js,21,3,0,18
test/assignWith-and-assignInWith.js,22,4,0,18
test/isLength.test.js,22,4,0,18
test/intersectionBy.js,23,5,0,18
trim.js,38,3,17,18
.internal/createPadding.js,30,3,9,18
test/xorBy.js,23,5,0,18
shuffle.js,33,2,13,18
test/differenceBy.js,23,5,0,18
flow.js,41,1,22,18
cond.js,49,4,27,18
test/uniqueId.test.js,22,4,0,18
.internal/baseConformsTo.js,27,2,8,17
.internal/baseToString.js,33,4,12,17
test/flattenDepth.js,21,4,0,17
test/lodash(...).commit.js,21,4,0,17
.internal/basePickBy.js,29,3,9,17
test/pickBy.test.js,22,5,0,17
test/memoizeCapped.test.js,21,4,0,17
test/forIn-methods.js,20,3,0,17
chunk.js,38,3,18,17
.internal/baseSortedUniq.js,29,4,8,17
intersectionBy.js,37,3,17,17
findLastIndex.js,41,2,22,17
repeat.js,40,2,21,17
test/join.js,20,4,0,16
trimStart.js,36,3,17,16
toSafeInteger.js,42,3,23,16
toLength.js,45,3,26,16
intersectionWith.js,38,3,19,16
isPlainObject.js,44,2,26,16
before.js,32,1,15,16
words.js,38,5,17,16
.internal/createRange.js,26,2,8,16
trimEnd.js,36,3,17,16
test/setWith.js,19,3,0,16
test/updateWith.js,19,3,0,16
.internal/cloneBuffer.js,34,7,12,15
unescape.js,38,3,20,15
test/lte.test.js,17,2,0,15
groupBy.js,36,3,18,15
countBy.js,41,3,23,15
.internal/isKey.js,27,3,9,15
test/mean.test.js,18,3,0,15
test/partialRight.js,18,3,0,15
toFinite.js,40,3,22,15
escape.js,47,3,29,15
.github/workflows/tests.yml,19,4,0,15
findKey.js,38,1,22,15
test/defaultTo.test.js,18,3,0,15
pad.js,38,2,21,15
differenceWith.js,37,2,21,14
.internal/createRound.js,25,2,9,14
.internal/nodeTypes.js,28,6,8,14
compact.js,30,3,13,14
.internal/baseFor.js,27,2,11,14
endsWith.js,37,1,22,14
test/lt.test.js,16,2,0,14
.internal/hasUnicode.js,28,4,10,14
differenceBy.js,36,2,20,14
indexOf.js,37,2,21,14
test/forOwn-methods.js,17,3,0,14
orderBy.js,51,2,35,14
invertBy.js,36,2,20,14
test/gt.test.js,16,2,0,14
test/gte.test.js,16,2,0,14
.internal/assignValue.js,27,4,9,14
filter.js,39,2,23,14
deburr.js,43,6,23,14
findLast.js,32,2,16,14
startsWith.js,36,1,22,13
test/sortedIndexOf-methods.js,15,2,0,13
sortedIndexOf.js,29,2,14,13
test/add.test.js,15,2,0,13
.internal/baseForRight.js,25,2,10,13
test/subtract.test.js,15,2,0,13
.internal/getMatchData.js,23,3,7,13
test/multiply.test.js,15,2,0,13
.internal/memoizeCapped.js,26,4,9,13
invert.js,31,2,16,13
test/divide.test.js,15,2,0,13
clamp.js,31,1,17,13
sortedLastIndexOf.js,29,2,14,13
.internal/baseAssignValue.js,23,1,9,13
invokeMap.js,37,3,21,13
.internal/arrayIncludesWith.js,23,2,9,12
.internal/arrayReduce.js,25,2,11,12
toPath.js,29,2,15,12
.internal/baseIsEqual.js,28,2,14,12
pullAt.js,38,3,23,12
uniqueId.js,33,4,17,12
test/flip.test.js,14,2,0,12
filterObject.js,34,2,20,12
.internal/baseAt.js,23,3,8,12
.internal/baseToNumber.js,24,3,9,12
isError.js,30,2,16,12
.internal/baseGet.js,24,4,8,12
test/conforms.js,15,3,0,12
overArgs.js,41,2,27,12
after.js,30,1,17,12
parseInt.js,36,4,20,12
.internal/baseZipObject.js,23,2,9,12
.internal/getAllKeysIn.js,21,2,7,12
unionBy.js,32,2,18,12
isNative.js,36,4,21,11
every.js,34,2,21,11
test/omitBy.js,14,3,0,11
.internal/baseFindKey.js,22,1,10,11
test/xorWith.test.js,13,2,0,11
pickBy.js,29,2,16,11
forOwnRight.js,36,1,24,11
.internal/baseFindIndex.js,23,2,10,11
fromEntries.js,25,1,13,11
.internal/isIndex.js,25,4,10,11
xorBy.js,31,2,18,11
.internal/assocIndexOf.js,21,2,8,11
invoke.js,29,2,16,11
test/sortedUniq.test.js,13,2,0,11
.internal/arrayEach.js,21,2,8,11
someValue.js,29,2,16,11
.internal/baseIndexOfWith.js,23,2,10,11
.internal/customDefaultsMerge.js,28,2,15,11
.internal/baseMatches.js,20,2,7,11
some.js,29,2,16,11
.internal/baseRange.js,24,2,11,11
.internal/strictIndexOf.js,23,2,10,11
test/pullAllWith.test.js,13,2,0,11
.internal/baseSum.js,21,2,8,11
.internal/baseWhile.js,25,4,10,11
.internal/arrayReduceRight.js,23,1,11,11
everyValue.js,34,2,21,11
.internal/getSymbolsIn.js,19,2,7,10
.internal/copyArray.js,20,2,8,10
mapKey.js,31,2,19,10
.internal/matchesStrictComparable.js,20,1,9,10
takeRight.js,34,2,22,10
.internal/baseUnset.js,20,2,8,10
intersection.js,27,2,15,10
camelCase.js,31,2,19,10
.github/lock.yml,24,6,8,10
nth.js,31,2,19,10
unzipWith.js,31,2,19,10
.internal/getSymbols.js,22,3,9,10
.internal/arrayEachRight.js,20,2,8,10
flattenDepth.js,31,2,19,10
unionWith.js,32,2,20,10
.internal/toKey.js,21,3,8,10
map.js,30,2,18,10
.internal/strictLastIndexOf.js,21,1,10,10
.internal/getAllKeys.js,19,2,7,10
test/pullAll.test.js,11,2,0,9
mapObject.js,29,2,18,9
test/toLower.js,10,1,0,9
test/uniq.js,11,2,0,9
test/lowerFirst.test.js,10,1,0,9
.internal/assignMergeValue.js,20,2,9,9
.internal/baseIndexOf.js,20,2,9,9
.internal/setToString.js,18,1,8,9
.internal/castPath.js,19,2,8,9
.internal/stringToArray.js,18,2,7,9
.internal/baseSortBy.js,21,2,10,9
test/startCase.test.js,10,1,0,9
test/capitalize.test.js,10,1,0,9
.internal/setToPairs.js,18,2,7,9
isTypedArray.js,30,4,17,9
test/toUpper.js,10,1,0,9
negate.js,28,1,18,9
mapValue.js,33,2,22,9
flip.js,25,1,15,9
padEnd.js,32,2,21,9
drop.js,33,2,22,9
.internal/baseReduce.js,23,1,13,9
toPlainObject.js,32,1,22,9
test/filter.test.js,11,2,0,9
reduceRight.js,29,2,18,9
test/reject.test.js,11,2,0,9
tail.js,22,1,12,9
inRange.js,47,2,36,9
lowerCase.js,31,3,19,9
test/upperCase.test.js,10,1,0,9
.internal/iteratorToArray.js,18,2,7,9
.internal/setToArray.js,18,2,7,9
xorWith.js,31,2,20,9
.internal/mapToArray.js,18,2,7,9
reduce.js,44,2,33,9
test/upperFirst.test.js,10,1,0,9
attempt.js,30,2,19,9
difference.js,30,2,19,9
padStart.js,32,2,21,9
test/replace.test.js,10,1,0,9
test/lowerCase.test.js,10,1,0,9
keys.js,37,2,27,8
gt.js,30,1,21,8
gte.js,30,1,21,8
.internal/getTag.js,17,2,7,8
isArrayBuffer.js,27,3,16,8
isBuffer.js,35,7,20,8
isDate.js,27,3,16,8
isMap.js,27,3,16,8
.internal/charsStartIndex.js,20,3,9,8
isRegExp.js,27,3,16,8
isSet.js,27,3,16,8
test/toPairs.js,9,1,0,8
test/toPairsIn.js,9,1,0,8
kebabCase.js,30,2,20,8
keyBy.js,32,2,22,8
keysIn.js,32,2,22,8
lt.js,30,1,21,8
lte.js,30,1,21,8
escapeRegExp.js,28,2,18,8
test/identity.js,9,1,0,8
test/forEachRight.test.js,9,1,0,8
test/forEach.test.js,9,1,0,8
property.js,30,2,20,8
reject.js,30,2,20,8
snakeCase.js,33,2,23,8
uniqWith.js,29,2,19,8
castArray.js,41,2,31,8
dropRight.js,32,2,22,8
startCase.js,30,2,20,8
upperCase.js,29,2,19,8
take.js,32,2,22,8
zipWith.js,27,2,17,8
cloneDeepWith.js,40,3,29,8
test/assignIn.js,9,1,0,8
test/assignInWith.js,9,1,0,8
dropWhile.js,30,2,21,7
sortedUniqBy.js,23,2,14,7
takeWhile.js,30,2,21,7
defaultsDeep.js,26,2,17,7
matches.js,37,3,27,7
matchesProperty.js,35,3,25,7
conforms.js,33,3,23,7
defer.js,22,1,14,7
cloneWith.js,40,3,30,7
delay.js,23,1,15,7
cloneDeep.js,28,3,18,7
meanBy.js,28,3,18,7
.internal/castSlice.js,18,2,9,7
.internal/charsEndIndex.js,19,3,9,7
dropRightWhile.js,30,2,21,7
takeRightWhile.js,30,2,21,7
sumBy.js,26,2,17,7
isNumber.js,34,2,25,7
sum.js,21,2,12,7
.internal/cloneRegExp.js,17,2,8,7
over.js,25,2,16,7
overEvery.js,31,2,22,7
isMatchWith.js,39,2,30,7
pullAll.js,28,2,19,7
overSome.js,31,2,22,7
.internal/stringSize.js,16,2,7,7
flatMapDeep.js,30,3,20,7
flatMapDepth.js,29,2,20,7
partition.js,32,2,23,7
flattenDeep.js,24,3,14,7
sortedUniq.js,24,2,15,7
uniqBy.js,27,2,18,7
uniq.js,26,2,17,7
forEach.js,33,2,24,7
union.js,24,2,15,7
isEqualWith.js,39,2,30,7
isBoolean.js,24,2,15,7
.internal/baseConforms.js,16,2,7,7
forEachRight.js,25,2,16,7
toInteger.js,35,3,25,7
.internal/initCloneObject.js,16,2,7,7
functions.js,29,1,21,7
.internal/isFlattenable.js,18,3,8,7
pullAllWith.js,31,2,22,7
pullAllBy.js,31,2,22,7
.internal/isPrototype.js,18,3,8,7
updateWith.js,30,2,22,6
get.js,32,2,24,6
defaultToAny.js,32,2,24,6
head.js,24,1,17,6
initial.js,20,2,12,6
isArguments.js,23,2,15,6
.internal/parent.js,16,2,8,6
isArrayLikeObject.js,31,2,23,6
.internal/arrayIncludes.js,17,2,9,6
isElement.js,23,2,15,6
setWith.js,30,2,22,6
flatten.js,21,2,13,6
flatMap.js,28,2,20,6
isLength.js,33,2,25,6
.internal/baseForOwn.js,16,2,8,6
isMatch.js,34,2,26,6
findLastKey.js,30,2,22,6
.internal/createSet.js,17,3,8,6
.internal/baseForOwnRight.js,16,2,8,6
.internal/copySymbolsIn.js,16,2,8,6
.internal/copySymbols.js,16,2,8,6
.internal/baseUpdate.js,18,2,10,6
.internal/cloneTypedArray.js,16,2,8,6
values.js,33,2,25,6
without.js,26,2,18,6
.internal/cloneDataView.js,16,2,8,6
.internal/cloneArrayBuffer.js,14,1,7,6
xor.js,24,2,16,6
zipObject.js,23,2,15,6
zipObjectDeep.js,22,2,14,6
mergeWith.js,37,2,29,6
.internal/basePick.js,17,2,9,6
isString.js,23,2,15,6
isSymbol.js,23,2,15,6
merge.js,37,2,29,6
clone.js,35,3,26,6
conformsTo.js,30,2,22,6
isWeakMap.js,23,2,15,6
isWeakSet.js,23,2,15,6
create.js,39,1,32,6
forOwn.js,31,1,25,5
unset.js,33,2,26,5
zip.js,22,2,15,5
eqDeep.js,33,2,26,5
update.js,32,2,25,5
mean.js,19,2,12,5
.internal/addMapEntry.js,15,1,9,5
last.js,18,1,12,5
.internal/castArrayLikeObject.js,14,2,7,5
.internal/basePropertyDeep.js,14,2,7,5
sortedLastIndexBy.js,26,2,19,5
flowRight.js,28,2,21,5
isObject.js,29,1,23,5
.internal/root.js,13,4,4,5
method.js,29,2,22,5
methodOf.js,28,2,21,5
sortedLastIndex.js,23,2,16,5
nthArg.js,25,2,18,5
once.js,23,2,16,5
sortedIndexBy.js,26,2,19,5
.internal/cloneSymbol.js,15,2,8,5
.internal/addSetEntry.js,15,1,9,5
sortedIndex.js,22,2,15,5
set.js,34,2,27,5
sample.js,18,1,12,5
.internal/getHolder.js,13,1,7,5
pick.js,22,2,15,5
propertyOf.js,26,2,19,5
isArrayLike.js,30,2,23,5
pull.js,29,2,22,5
replace.js,24,1,18,5
.internal/isStrictComparable.js,15,2,8,5
has.js,28,2,21,5
.internal/baseValues.js,15,1,10,4
.internal/cacheHas.js,13,1,8,4
.internal/asciiToArray.js,12,1,7,4
.internal/baseProperty.js,12,1,7,4
hasIn.js,24,1,19,4
.internal/asciiSize.js,12,1,7,4
defaultTo.js,23,1,18,4
isFunction.js,32,1,27,4
capitalize.js,20,3,13,4
at.js,21,2,15,4
eq.js,35,1,30,4
isNil.js,23,1,18,4
isNull.js,20,1,15,4
isUndefined.js,20,1,15,4
.internal/baseInRange.js,14,1,9,4
.internal/basePropertyOf.js,12,1,7,4
.internal/baseIsNaN.js,12,1,7,4
isObjectLike.js,27,1,22,4
divide.js,18,2,13,3
subtract.js,18,2,13,3
rangeRight.js,39,2,34,3
multiply.js,18,2,13,3
round.js,24,2,19,3
ceil.js,24,2,19,3
add.js,18,2,13,3
lowerFirst.js,20,2,15,3
upperFirst.js,21,2,16,3
range.js,44,2,39,3
floor.js,24,2,19,3
.internal/reEscape.js,4,1,1,2
.internal/reEvaluate.js,4,1,1,2
.internal/reInterpolate.js,4,1,1,2
.internal/freeGlobal.js,4,1,1,2
.internal/metaMap.js,1,0,0,1
each.js,1,0,0,1
eachRight.js,1,0,0,1
first.js,1,0,0,1
