File,Lines,Blank Lines,Comments,Code Lines
pom.xml,97,3,0,94
src/main/java/foo/security/hotspots/ZipSlip.java,60,11,1,48
src/main/java/foo/security/injection/DatabaseHelper.java,49,8,2,39
src/main/java/foo/security/injection/Servlet.java,49,12,0,37
src/main/java/foo/security/hotspots/HashingFileAndMd5.java,28,5,0,23
src/main/java/foo/security/injection/SQLInjectionVulnerabilityCollectionMultipleFiles.java,32,8,2,22
src/main/java/foo/security/injection/BusinessThingsUtils.java,20,6,0,14
src/main/java/foo/security/injection/CommandInjectionVulnerability.java,21,7,0,14
src/main/java/foo/security/crypto/KeyPairUtil.java,20,6,0,14
src/main/java/foo/security/injection/RegexInjectionVulnerability.java,16,3,0,13
src/main/java/foo/security/hotspots/CSRFProtectionSpring.java,13,3,0,10
src/main/java/foo/security/hotspots/WritingCookieServlet.java,12,3,0,9
src/main/java/foo/Foo.java,15,3,3,9
src/main/java/foo/security/injection/UserFiles.java,16,4,3,9
src/test/java/foo/FooTest.java,12,3,0,9
src/main/java/foo/security/hotspots/ArchiverException.java,6,1,0,5
