File,Lines,Blank Lines,Comments,Code Lines
cdk/devops/gitdep.go,511,85,39,387
cdk/eks/addons/eksstackconfig.go,383,67,21,295
cdk/devops/devops.go,277,39,42,196
cdk/eks/eks.go,220,35,16,169
cdk/vpc/vpc3.go,171,32,8,131
sonarqube/values.yaml,64,8,10,46
cdk/eks/addons/dist/test.yaml,39,2,1,36
cdk/eks/addons/dist/testings.yaml,18,1,1,16
cdk/eks/addons/dist/sc1.yaml,10,0,0,10
cdk/eks/addons/dist/sc.yaml,10,0,0,10
cdk/pkg/mainconfig/mainconfig.go,9,1,0,8
cdk/eks/eks_test.go,26,6,19,1
cdk/eks/addons/eksstackconfig_test.go,26,6,19,1
cdk/vpc/vpc3_test.go,26,6,19,1
