File,Lines,Blank Lines,Comments,Code Lines
src/classes/Milestone1_XML_Import_Utility.cls,764,43,136,585
src/package.xml,560,0,0,560
src/classes/Milestone1_repeatCon.cls,730,93,101,536
src/classes/Milestone1_Milestone_Trigger_Utility.cls,621,75,116,430
pmd-quick.xml,480,12,69,399
src/classes/Milestone1_Test_Move.cls,622,130,97,395
src/classes/Milestone1_Test_Field_Values.cls,505,65,87,353
src/classes/Milestone1_Test_Clone.cls,489,86,56,347
src/classes/Milestone1_Email_Handler_Tst.cls,374,77,41,256
src/classes/Milestone1_Email_Handler.cls,336,33,52,251
src/classes/Milestone1_Test_Utility.cls,341,43,54,244
src/classes/Milestone1_Summary2.cls,381,70,92,219
src/classes/Milestone1_Task_Trigger_Utility.cls,315,37,61,217
src/classes/Milestone1_Charts_GanttController.cls,274,46,45,183
src/classes/Milestone1_GettingStartedController.cls,365,76,121,168
src/classes/Milestone1_Month.cls,232,27,40,165
src/classes/Milestone1_Test_Import_Export.cls,270,33,73,164
src/classes/Milestone1_Project_Trigger_Utility.cls,239,33,49,157
src/classes/Milestone1_Move_Task_Extension.cls,234,33,49,152
src/classes/Milestone1_Clone_Project_Controller.cls,209,23,38,148
src/classes/Milestone1_XML_Export_Utility.cls,209,21,50,138
src/classes/Milestone1_Move_Milestone_Extension.cls,193,17,40,136
src/classes/Milestone1_Clone_Milestone_Controller.cls,179,21,36,122
src/classes/Milestone1_TaskTableController.cls,129,21,7,101
src/classes/Milestone1_Security_Utility_Test.cls,116,9,11,96
src/classes/Milestone1_Import_Project_Controller.cls,123,17,28,78
src/classes/Milestone1_Export_Project_Controller.cls,119,12,35,72
src/classes/Milestone1_Test_Task_Dependency.cls,101,20,12,69
src/classes/Milestone1_Import_Project_Controller_Tst.cls,114,19,30,65
src/classes/Milestone1_Security_Utility.cls,85,13,7,65
src/classes/Milestone1_One_Line_Controller.cls,97,8,29,60
src/classes/Milestone1_Export_Project_Controller_Tst.cls,109,16,34,59
src/classes/Milestone1_One_Liner_Controller_Tst.cls,96,11,28,57
src/classes/Milestone1_XML_Export_Utility_Test.cls,94,12,34,48
src/classes/Milestone1_Milestone_Values_Helper.cls,92,13,32,47
src/classes/Milestone1_Clone_Utility.cls,80,6,28,46
src/classes/Milestone1_Task_Chatter_Tst.cls,116,21,50,45
src/classes/Milestone1_Milestone_Batch_Delete.cls,95,17,33,45
src/classes/Milestone1_Milestone_Batch_Update.cls,96,18,34,44
.github/workflows/main.yml,38,0,0,38
src/classes/Milestone1_General_Utility.cls,76,5,34,37
src/classes/Milestone1_Email_Utility.cls,67,2,28,37
src/classes/Milestone1_Project_Batch_Update.cls,85,17,34,34
src/classes/Milestone1_TaskTableController_Test.cls,60,17,11,32
src/triggers/Milestone1_Milestone_Trigger.trigger,34,2,5,27
src/classes/Milestone1_Expense_Trigger_Utility.cls,56,2,28,26
src/classes/Milestone1_Task_Trigger_Utility_Test.cls,70,7,37,26
src/classes/Milestone1_Time_Trigger_Utility.cls,55,2,28,25
src/classes/Milestone1_XML_Import_Utility_Test.cls,117,12,81,24
src/classes/Milestone1_Constants.cls,54,3,28,23
src/classes/Milestone1_Calendar_Item.cls,55,4,28,23
src/classes/Milestone1_Time_Trigger_Tst.cls,55,7,28,20
src/classes/Milestone1_Expense_Trigger_Tst.cls,54,6,28,20
src/classes/Milestone1_Charts_Gantt_Helper.cls,58,11,28,19
src/classes/Milestone1_Email_Utility_Tst.cls,47,2,28,17
src/aura/mytasks/mytasksHelper.js,20,4,0,16
src/classes/Milestone1_Schema_Helper.cls,28,2,10,16
src/aura/mytasks/mytasksController.js,16,1,0,15
src/classes/Milestone1_Schema_Helper_Tst.cls,17,3,1,13
src/classes/Milestone1_Move_Exception.cls,42,3,29,10
src/triggers/Milestone1_Task_Trigger.trigger,14,3,1,10
src/triggers/Milestone1_Project_Trigger.trigger,15,2,3,10
src/pages/Milestone1_Move_Task_Detail.page-meta.xml,7,0,0,7
src/pages/Milestone1_Move_Task.page-meta.xml,7,0,0,7
src/pages/Milestone1_Move_Milestone.page-meta.xml,7,0,0,7
src/pages/Milestone1_Import_Project.page-meta.xml,7,0,0,7
src/pages/Milestone1_Move_Milestone_Detail.page-meta.xml,7,0,0,7
src/pages/Milestone1_GettingStarted.page-meta.xml,7,0,0,7
src/pages/Milestone1_Export_Project.page-meta.xml,7,0,0,7
src/pages/Milestone1_Clone_Milestone.page-meta.xml,7,0,0,7
src/pages/Milestone1_Summary2.page-meta.xml,7,0,0,7
src/pages/Milestone1_Clone_Project.page-meta.xml,7,0,0,7
src/pages/Milestone1_Calendar_Large.page-meta.xml,7,0,0,7
src/pages/Milestone1_Charts_GVMilestones.page-meta.xml,7,0,0,7
src/pages/Milestone1_Charts_GVTasks.page-meta.xml,7,0,0,7
src/pages/Milestone1_Charts_GanttMilestones.page-meta.xml,7,0,0,7
src/pages/Milestone1_Charts_GanttTasks.page-meta.xml,7,0,0,7
src/documents/Project_Management_Folder-meta.xml,6,0,0,6
src/triggers/Milestone1_Project_Trigger.trigger-meta.xml,6,0,0,6
src/triggers/Milestone1_Milestone_Trigger.trigger-meta.xml,6,0,0,6
src/triggers/Milestone1_Expense_Trigger.trigger,6,0,0,6
src/triggers/Milestone1_Task_Trigger.trigger-meta.xml,6,0,0,6
src/triggers/Milestone1_Time_Trigger.trigger,7,1,0,6
src/reports/Milestone_Project_Management-meta.xml,6,0,0,6
src/documents/Project_Management_Folder/Starter_Project_LPM1a.xml-meta.xml,6,0,0,6
src/dashboards/Milestones_PM_Dashboards-meta.xml,6,0,0,6
src/triggers/Milestone1_Time_Trigger.trigger-meta.xml,6,0,0,6
src/triggers/Milestone1_Expense_Trigger.trigger-meta.xml,6,0,0,6
src/staticresources/Milestone1_Resource_Bundle.resource-meta.xml,6,0,0,6
src/classes/Milestone1_Export_Project_Controller_Tst.cls-meta.xml,5,0,0,5
src/classes/Milestone1_Task_Trigger_Utility.cls-meta.xml,5,0,0,5
src/classes/Milestone1_Task_Chatter_Tst.cls-meta.xml,5,0,0,5
src/classes/Milestone1_Task_Trigger_Utility_Test.cls-meta.xml,5,0,0,5
src/classes/Milestone1_TaskTableController_Test.cls-meta.xml,5,0,0,5
src/classes/Milestone1_Test_Clone.cls-meta.xml,5,0,0,5
src/classes/Milestone1_TaskTableController.cls-meta.xml,5,0,0,5
src/classes/Milestone1_Test_Field_Values.cls-meta.xml,5,0,0,5
src/classes/Milestone1_Summary2.cls-meta.xml,5,0,0,5
src/classes/Milestone1_Test_Import_Export.cls-meta.xml,5,0,0,5
src/classes/Milestone1_Security_Utility_Test.cls-meta.xml,5,0,0,5
src/classes/Milestone1_Test_Move.cls-meta.xml,5,0,0,5
src/classes/Milestone1_Security_Utility.cls-meta.xml,5,0,0,5
src/classes/Milestone1_Test_Task_Dependency.cls-meta.xml,5,0,0,5
src/classes/Milestone1_Schema_Helper_Tst.cls-meta.xml,5,0,0,5
src/classes/Milestone1_Test_Utility.cls-meta.xml,5,0,0,5
src/classes/Milestone1_Schema_Helper.cls-meta.xml,5,0,0,5
src/classes/Milestone1_Time_Trigger_Tst.cls-meta.xml,5,0,0,5
src/classes/Milestone1_Project_Trigger_Utility.cls-meta.xml,5,0,0,5
src/classes/Milestone1_Time_Trigger_Utility.cls-meta.xml,5,0,0,5
src/classes/Milestone1_Project_Batch_Update.cls-meta.xml,5,0,0,5
src/classes/Milestone1_XML_Export_Utility.cls-meta.xml,5,0,0,5
src/classes/Milestone1_One_Liner_Controller_Tst.cls-meta.xml,5,0,0,5
src/classes/Milestone1_XML_Export_Utility_Test.cls-meta.xml,5,0,0,5
src/classes/Milestone1_One_Line_Controller.cls-meta.xml,5,0,0,5
src/classes/Milestone1_XML_Import_Utility.cls-meta.xml,5,0,0,5
src/classes/Milestone1_Move_Task_Extension.cls-meta.xml,5,0,0,5
src/classes/Milestone1_XML_Import_Utility_Test.cls-meta.xml,5,0,0,5
src/classes/Milestone1_Move_Milestone_Extension.cls-meta.xml,5,0,0,5
src/classes/Milestone1_repeatCon.cls-meta.xml,5,0,0,5
src/components/MIlestone1_Calendar_Full.component-meta.xml,5,0,0,5
src/components/Milestone1_Charts_GanttComponent.component-meta.xml,5,0,0,5
src/components/Milestone1_PopupComponent.component-meta.xml,5,0,0,5
src/classes/Milestone1_Move_Exception.cls-meta.xml,5,0,0,5
src/classes/Milestone1_Month.cls-meta.xml,5,0,0,5
src/classes/Milestone1_Milestone_Values_Helper.cls-meta.xml,5,0,0,5
src/classes/Milestone1_Milestone_Trigger_Utility.cls-meta.xml,5,0,0,5
src/classes/Milestone1_Milestone_Batch_Update.cls-meta.xml,5,0,0,5
src/classes/Milestone1_Milestone_Batch_Delete.cls-meta.xml,5,0,0,5
src/classes/Milestone1_Import_Project_Controller_Tst.cls-meta.xml,5,0,0,5
src/classes/Milestone1_Import_Project_Controller.cls-meta.xml,5,0,0,5
src/classes/Milestone1_Import_Exception.cls-meta.xml,5,0,0,5
src/classes/Milestone1_Import_Exception.cls,35,2,28,5
src/classes/Milestone1_GettingStartedController.cls-meta.xml,5,0,0,5
src/classes/Milestone1_General_Utility.cls-meta.xml,5,0,0,5
src/classes/Milestone1_Export_Project_Controller.cls-meta.xml,5,0,0,5
src/classes/Milestone1_Expense_Trigger_Utility.cls-meta.xml,5,0,0,5
src/classes/Milestone1_Expense_Trigger_Tst.cls-meta.xml,5,0,0,5
src/classes/Milestone1_Exception.cls-meta.xml,5,0,0,5
src/classes/Milestone1_Email_Utility_Tst.cls-meta.xml,5,0,0,5
src/classes/Milestone1_Email_Utility.cls-meta.xml,5,0,0,5
src/classes/Milestone1_Email_Handler_Tst.cls-meta.xml,5,0,0,5
src/staticresources/Milestone1_Charts.resource-meta.xml,5,0,0,5
src/classes/Milestone1_Email_Handler.cls-meta.xml,5,0,0,5
src/staticresources/SLDS203_MPM.resource-meta.xml,5,0,0,5
src/classes/Milestone1_Constants.cls-meta.xml,5,0,0,5
src/classes/Milestone1_Clone_Utility.cls-meta.xml,5,0,0,5
src/classes/Milestone1_Clone_Project_Controller.cls-meta.xml,5,0,0,5
src/classes/Milestone1_Clone_Milestone_Controller.cls-meta.xml,5,0,0,5
src/classes/Milestone1_Charts_Gantt_Helper.cls-meta.xml,5,0,0,5
src/classes/Milestone1_Charts_GanttController.cls-meta.xml,5,0,0,5
src/classes/Milestone1_Calendar_Item.cls-meta.xml,5,0,0,5
src/aura/vfApp/vfApp.app-meta.xml,5,0,0,5
src/aura/tasklist/tasklist.cmp-meta.xml,5,0,0,5
src/aura/mytasks/mytasks.cmp-meta.xml,5,0,0,5
src/classes/Milestone1_Exception.cls,30,1,28,1
src/documents/Project_Management_Folder/Starter_Project_LPM1a.xml,0,0,0,0
