File,Lines,Blank Lines,Comments,Code Lines
UAT/common-vars.yml,123,0,0,123
Test VNext/common-vars.yml,123,0,0,123
PROD/common-vars.yml,123,0,0,123
QUA/common-vars.yml,123,0,0,123
Test/common-vars.yml,117,0,0,117
Test Fix/common-vars.yml,117,0,0,117
Test VNext/Webqueryapi-vars.yml,55,6,7,42
Test VNext/Webcommandoauth2api-vars.yml,55,6,7,42
Test VNext/Webcommandapi-vars.yml,55,6,7,42
Test VNext/Webclient-vars.yml,55,6,7,42
Test Fix/Webqueryapi-vars.yml,55,6,7,42
QUA/Webqueryapi-vars.yml,43,2,1,40
QUA/Webclient-vars.yml,43,2,1,40
Visucolis-release.yml,59,8,11,40
PROD/Webcommandapi-vars.yml,43,2,1,40
Test Fix/Webclient-vars.yml,44,3,1,40
Test Fix/Webcommandapi-vars.yml,43,2,1,40
Test Fix/Webcommandoauth2api-vars.yml,44,3,1,40
UAT/Webqueryapi-vars.yml,43,2,1,40
PROD/Webclient-vars.yml,43,2,1,40
QUA/Webcommandoauth2api-vars.yml,44,3,1,40
QUA/Webcommandapi-vars.yml,43,2,1,40
UAT/Webcommandoauth2api-vars.yml,43,2,1,40
PROD/Webqueryapi-vars.yml,43,2,1,40
PROD/Webcommandoauth2api-vars.yml,43,2,1,40
UAT/Webclient-vars.yml,44,3,1,40
UAT/Webcommandapi-vars.yml,43,2,1,40
Test/Webcommandoauth2api-vars.yml,17,0,0,17
Test/Webclient-vars.yml,17,0,0,17
Test/Webcommandapi-vars.yml,17,0,0,17
Test/Webqueryapi-vars.yml,17,0,0,17
global-vars.yml,4,0,0,4
