File,Lines,Blank Lines,Comments,Code Lines
Pssa.Suggestion.Database/Migration/migrationSqlServer.sql,6648,485,1,6162
Pssa.Suggestion.Database/Migration/migrationSqlServer_old.sql,6641,486,0,6155
src/Logic/ExternalServices/Json/AccountJsonSourceLoader.cs,581,53,4,524
tests/integration/IntegrationTest.cs,586,132,39,415
Pssa.Suggestion.Database/Suggestion/SP/SiteAllMergeUpSert.sql,435,38,15,382
tests/integration/Sources/generate_data.py,386,13,12,361
src/Logic/Application/ApplicationFacade.cs,404,79,1,324
src/Logic/Domain/Entity/Site.cs,353,77,0,276
Pssa.Suggestion.Database/Suggestion/SP/SiteMerge.sql,272,4,1,267
Pssa.Suggestion.Database/Suggestion/SP/AccountMerge.sql,298,33,10,255
tests/unittests/ApplicationFacadeTest.cs,335,69,16,250
Pssa.Suggestion.Database/Suggestion/SP/AllMerge.sql,408,157,42,209
src/Logic/ExternalServices/Json/AccountJsonMapping.cs,203,21,0,182
tests/unittests/Mocks/UnitOfWorkMock.cs,197,19,0,178
Pssa.Suggestion.Database/MyPudo/Functions/GetParametersConfig.sql,170,5,4,161
Pssa.Suggestion.Database/MyPudo/SP/CreateNewShipperAccount.sql,201,23,20,158
src/Program.cs,172,24,1,147
src/Logic/DataAcces/UnitOfWork.cs,171,27,0,144
Pssa.Suggestion.Database/MyPudo/SP/UpdateShipperAccount.sql,176,25,23,128
Pssa.Suggestion.Database/MyPudo/Functions/GetFiltersConfig.sql,128,2,4,122
Pssa.Suggestion.Database/Suggestion/Tables/Site.sql,129,11,0,118
Pssa.Suggestion.Database/Migration/MyPudo_One_Shot.sql,136,14,7,115
src/Tools/BulkInsert.cs,146,20,26,100
tests/unittests/ProgramTest.cs,120,23,2,95
Pssa.Suggestion.Database/Monitoring/SP/Process/RowCountWatcherPost.sql,131,29,9,93
Pssa.Suggestion.Database/Monitoring/SP/Process/RowCountWatchePrevious.sql,126,25,9,92
tests/integration/Util/SqlUtil.cs,105,13,0,92
Pssa.Suggestion.Database/Suggestion/SP/SiteAddressMerge.sql,89,5,0,84
Pssa.Suggestion.Database/Rerouting/Views/LoadSites.sql,84,4,0,80
Pssa.Suggestion.Database/Import/Tables/Site.sql,79,0,0,79
Pssa.Suggestion.Database/Suggestion/Functions/Tools/CleanStringClp.sql,89,9,6,74
Pssa.Suggestion.Database/MyPudo/Vues/LoadPudos.sql,71,2,0,69
Pssa.Suggestion.Database/Suggestion/SP/CarrierMerge.sql,92,18,8,66
validation-azure.pipeline.yml,70,6,0,64
Pssa.Suggestion.Database/Migration/Operator_DATA.sql,61,0,0,61
Pssa.Suggestion.Database/Migration/COUNTRY_DATA.sql,59,0,0,59
Pssa.Suggestion.Database/MyPudo/Tables/Account.sql,65,9,0,56
Pssa.Suggestion.Database/MyPudo/Vues/LoadOpeningHours.sql,59,4,0,55
Pssa.Suggestion.Database/Suggestion/Tables/ConfigurationParameterServiceProperty.sql,65,9,3,53
Pssa.Suggestion.Database/Suggestion/SP/NetworkMerge.sql,76,16,8,52
Pssa.Suggestion.Database/Suggestion/Tables/SiteStorageArea.sql,57,9,0,48
Pssa.Suggestion.Database/Suggestion/Tables/ConfigurationInputElement.sql,56,8,0,48
src/Logic/DomainServices/InputJsonFile.cs,58,10,0,48
Pssa.Suggestion.Database/ExternalConfig/Tables/ZipCodeInfoCarrier.sql,58,10,0,48
Pssa.Suggestion.Database/Suggestion/Tables/SiteAddress.sql,56,9,0,47
Pssa.Suggestion.Database/MyPudo/SP/UpdateShipperAccountConfig.sql,75,16,12,47
Pssa.Suggestion.Database/Suggestion/Tables/ConfigurationParameterSiteState.sql,55,9,0,46
Pssa.Suggestion.Database/Suggestion/Tables/ConfigurationParameterCountry.sql,54,8,0,46
src/Infrastructure/Castle/ServiceInstaller.cs,49,3,0,46
tests/integration/Infrastructure/Castle/ServiceInstaller.cs,47,1,0,46
Pssa.Suggestion.Database/Suggestion/Tables/ConfigurationParameterPudoType.sql,55,9,0,46
Pssa.Suggestion.Database/Suggestion/Tables/ConfigurationParameterCarrier.sql,53,8,0,45
Pssa.Suggestion.Database/Suggestion/Tables/ConfigurationParameterNetwork.sql,52,7,0,45
Pssa.Suggestion.Database/Suggestion/Tables/ConfigurationParameterPeriodType.sql,53,8,0,45
Pssa.Suggestion.Database/Suggestion/Tables/ConfigurationParameterAddressType.sql,54,9,0,45
src/Logic/ExternalServices/AbstractSourceLoader.cs,59,14,0,45
src/Logic/ExternalServices/Json/CarrierJsonSourceLoader.cs,55,10,0,45
Pssa.Suggestion.Database/Suggestion/SP/SitePeriodMerge.sql,50,6,0,44
src/Tools/SqlHelper.cs,48,4,0,44
Pssa.Suggestion.Database/Suggestion/Tables/ConfigurationFilterElement.sql,52,8,0,44
Pssa.Suggestion.Database/Suggestion/Tables/ConfigurationParameterOperator.sql,52,8,0,44
src/Logic/Domain/Entity/SiteAddress.cs,58,14,0,44
Pssa.Suggestion.Database/MyPudo/SP/GetShipperAccountById.sql,54,2,8,44
src/Logic/ExternalServices/Json/NetworkJsonSourceLoader.cs,49,6,0,43
Pssa.Suggestion.Database/ExternalConfig/Tables/ZipCodeUrbanCode.sql,58,11,4,43
build-azure.pipeline.yml,52,5,4,43
Pssa.Suggestion.Database/Suggestion/Tables/ConfigurationOutputElement.sql,51,8,0,43
src/Logic/DataAcces/ImportContext.cs,48,6,0,42
Pssa.Suggestion.Database/MyPudo/SP/GetShipperAccounts.sql,53,3,8,42
Pssa.Suggestion.Database/Suggestion/Tables/SiteCarrier.sql,54,12,0,42
Pssa.Suggestion.Database/Suggestion/Tables/SitePeriod.sql,51,10,0,41
Pssa.Suggestion.Database/MyPudo/Functions/GetRenderingsConfig.sql,47,2,4,41
Pssa.Suggestion.Database/ExternalConfig/Tables/ServiceProperty.sql,52,11,0,41
Pssa.Suggestion.Database/Suggestion/Tables/SiteServicePropertyValue.sql,50,10,0,40
tests/unittests/Tools/BulkInsertTests.cs,50,10,0,40
Pssa.Suggestion.Database/Suggestion/Tables/SiteContact.sql,51,11,0,40
Pssa.Suggestion.Database/Suggestion/Tables/SiteNetwork.sql,50,11,0,39
Pssa.Suggestion.Database/Suggestion/Tables/ConfigurationParameterElement.sql,46,8,0,38
build-db-azure.pipeline.yml,42,4,0,38
Pssa.Suggestion.Database/MyPudo/Indices/ViewIndices.sql,47,6,4,37
Pssa.Suggestion.Database/Suggestion/Tables/SiteTypePropertyValue.sql,47,10,0,37
src/Tools/ValidationHelper.cs,42,6,0,36
src/Logic/Domain/Entity/SitePeriod.cs,42,7,0,35
Pssa.Suggestion.Database/Suggestion/Tables/SiteService.sql,43,8,0,35
src/Logic/ExternalServices/Settings.cs,42,7,0,35
Pssa.Suggestion.Database/Suggestion/SP/SiteTypePropertyValueMerge.sql,40,5,0,35
Pssa.Suggestion.Database/Suggestion/Tables/Configuration.sql,39,4,0,35
Pssa.Suggestion.Database/MyPudo/SP/GetAccounts.sql,46,4,8,34
Pssa.Suggestion.Database/ExternalConfig/Tables/Carrier.sql,45,11,0,34
src/Logic/Domain/Entity/SiteContact.cs,40,7,0,33
Pssa.Suggestion.Database/Monitoring/Views/PrtgScalarIndicator.sql,63,16,16,31
Pssa.Suggestion.Database/ExternalConfig/Tables/Service.sql,39,8,0,31
Pssa.Suggestion.Database/Suggestion/Tables/ConfigurationCategoryFilter.sql,38,7,0,31
Pssa.Suggestion.Database/Suggestion/Tables/ConfigurationJoinMode.sql,38,7,0,31
tests/unittests/UnitTest1.cs,47,5,12,30
src/Logic/Domain/Entity/Country.cs,38,8,0,30
tests/unittests/Mocks/ApplicationFacadeMock.cs,36,6,0,30
Pssa.Suggestion.Database/ExternalConfig/Tables/SiteType.sql,39,9,0,30
Pssa.Suggestion.Database/InternalConfig/Tables/Operator.sql,29,0,0,29
Pssa.Suggestion.Database/ExternalConfig/Tables/PeriodType.sql,37,8,0,29
tests/unittests/Tools/TruncateHelperTests.cs,35,7,0,28
Pssa.Suggestion.Database/ExternalConfig/Tables/ZipCode.sql,31,3,0,28
Pssa.Suggestion.Database/Suggestion/SP/SiteServicePropertyValueMerge.sql,33,5,0,28
src/Logic/Domain/Entity/SiteCarrier.cs,32,5,0,27
tests/unittests/Tools/EntityValidationResultTests.cs,31,4,0,27
Pssa.Suggestion.Database/Suggestion/Vues/PudoClpType2.sql,30,3,0,27
Pssa.Suggestion.Database/Suggestion/Vues/PudoClpType21.sql,30,3,0,27
tests/unittests/Tools/JsonReaderExtensionsTests.cs,28,1,0,27
src/Logic/Domain/Entity/SiteServicePropertyValue.cs,30,4,0,26
Pssa.Suggestion.Database/MyPudo/Tables/AccountClientKey.sql,32,6,0,26
Pssa.Suggestion.Database/InternalConfig/Tables/UrbanCode.sql,32,6,0,26
src/Logic/DataAcces/Constant/Tables.cs,28,2,0,26
Pssa.Suggestion.Database/ExternalConfig/Tables/AddressType.sql,33,8,0,25
Pssa.Suggestion.Database/Suggestion/SP/SiteCarrierMerge.sql,31,6,0,25
Pssa.Suggestion.Database/ExternalConfig/Tables/SiteState.sql,33,8,0,25
Pssa.Suggestion.Database/ExternalConfig/Tables/Network.sql,33,8,0,25
src/Logic/Domain/Entity/SiteTypePropertyValue.cs,28,4,0,24
Pssa.Suggestion.Database/Monitoring/Functions/Indicators/LastImportIndicator.sql,33,4,5,24
src/Tools/TruncateHelper.cs,25,2,0,23
Pssa.Suggestion.Database/MyPudo/Tables/AccountContact.sql,28,6,0,22
Pssa.Suggestion.Database/Suggestion/SP/SiteNetworkMerge.sql,28,6,0,22
Pssa.Suggestion.Database/Suggestion/SP/SiteServiceMerge.sql,27,5,0,22
src/Tools/JsonReaderExtensions.cs,23,1,0,22
scripts/docker-compose.ci.integrationtests.yml,25,3,1,21
src/Logic/Domain/ConsumerException.cs,24,4,0,20
Pssa.Suggestion.Database/MyPudo/SP/UpdateClientKey.sql,30,4,6,20
src/Logic/Domain/Entity/SiteService.cs,23,3,0,20
src/Logic/Domain/Model/Input/Referential.cs,21,2,0,19
src/Logic/Domain/Entity/ExternalConfigCarrier.cs,21,3,0,18
src/Logic/Domain/Entity/InternalConfigOperator.cs,21,3,0,18
src/Logic/Domain/Entity/SiteNetwork.cs,20,2,0,18
Pssa.Suggestion.Database/Rerouting/Views/LoadSitesTORAGEaREA.sql,22,4,0,18
src/Logic/Domain/IUnitOfWork.cs,19,1,0,18
src/Logic/Domain/Account.cs,18,1,0,17
src/Logic/Domain/Entity/Carrier.cs,19,2,0,17
Pssa.Suggestion.Database/Suggestion/Tables/WorkingSuggPudo.sql,17,1,0,16
Pssa.Suggestion.Database/InternalConfig/Tables/Country.sql,15,0,0,15
src/Logic/DomainServices/ISourceLoader.cs,17,2,0,15
Pssa.Suggestion.Database/Monitoring/Views/CountRows.sql,17,1,1,15
Pssa.Suggestion.Database/Import/Tables/SiteAddress.sql,15,0,0,15
Pssa.Suggestion.Database/Import/SP/Process/PurgeSiteAndRelatives.sql,17,0,3,14
src/Logic/Application/Enum/ReturnCodes.cs,20,2,4,14
src/Logic/DataAcces/Constant/Procedures.cs,20,4,2,14
Pssa.Suggestion.Database/Monitoring/Tables/Log.sql,14,0,0,14
Pssa.Suggestion.Database/Monitoring/Tables/RowCountWatcher.sql,13,0,0,13
Pssa.Suggestion.Database/MyPudo/Vues/LoadCarriers.sql,16,3,0,13
Pssa.Suggestion.Database/Monitoring/Functions/Indicators/ActivatedPudoByCountryIndicators.sql,17,4,0,13
Pssa.Suggestion.Database/Rerouting/Views/LoadSiteCarriers.sql,16,3,0,13
src/Logic/Domain/Entity/ExternalConfigNetwork.cs,17,4,0,13
src/Logic/Application/IInputJsonFile.cs,14,2,0,12
src/Logic/Domain/Entity/Network.cs,13,1,0,12
Pssa.Suggestion.Database/Suggestion/Functions/Flag/getFlagMergeWhenMatched.sql,16,0,4,12
Pssa.Suggestion.Database/Suggestion/Functions/Flag/getFlagMergeWhenMatchedAndExist.sql,23,2,9,12
Pssa.Suggestion.Database/Monitoring/Functions/Indicators/DeletedPudoByCountryIndicators.sql,16,4,0,12
Pssa.Suggestion.Database/MyPudo/Vues/Copie de LoadCarriers.sql,15,4,0,11
Pssa.Suggestion.Database/Monitoring/Functions/Indicators/RowCountWatcherIndicator.sql,13,2,0,11
Pssa.Suggestion.Database/MyPudo/Vues/LoadSiteServicePropertyValue.sql,14,3,0,11
Pssa.Suggestion.Database/Suggestion/Tables/WorkingDistance.sql,11,0,0,11
Pssa.Suggestion.Database/Rerouting/Views/LoadZipCodeInfoCarrier.sql,12,2,0,10
Pssa.Suggestion.Database/MyPudo/Vues/LoadPeriods.sql,11,1,0,10
src/Logic/DomainServices/AppSettings.cs,10,0,0,10
Pssa.Suggestion.Database/Rerouting/Views/LoadPeriods.sql,11,1,0,10
Pssa.Suggestion.Database/MyPudo/Vues/LoadSiteServices.sql,10,0,0,10
src/Logic/Application/IApplicationFacade.cs,10,0,0,10
Pssa.Suggestion.Database/Rerouting/Views/LoadSiteServices.sql,10,0,0,10
Pssa.Suggestion.Database/MyPudo/Vues/LoadSiteTypePropertyValue.sql,14,4,0,10
Pssa.Suggestion.Database/MyPudo/Tables/Contact.sql,9,0,0,9
Pssa.Suggestion.Database/Rerouting/Views/LoadSiteNetworks.sql,10,1,0,9
Pssa.Suggestion.Database/MyPudo/Vues/LoadNetworks.sql,10,1,0,9
Pssa.Suggestion.Database/Import/Tables/SiteContact.sql,8,0,0,8
Pssa.Suggestion.Database/Pssa.Suggestion.Database.Deploy.xml,9,0,1,8
Pssa.Suggestion.Database/MyPudo/Tables/PtvZipCode.sql,8,0,0,8
Pssa.Suggestion.Database/Suggestion/Tables/WorkingItem.sql,8,0,0,8
Pssa.Suggestion.Database/Import/Tables/SitePeriod.sql,8,0,0,8
Pssa.Suggestion.Database/Monitoring/Functions/Version/CurrentDbVersion.sql,13,0,5,8
Pssa.Suggestion.Database/MyPudo/Vues/ActiveCountries.sql,8,1,0,7
Pssa.Suggestion.Database/Monitoring/Functions/SuccessConstant.sql,7,0,0,7
Pssa.Suggestion.Database/Import/Tables/SiteCarrier.sql,7,0,0,7
Pssa.Suggestion.Database/Monitoring/Functions/LogLevel/getDebugConstant.sql,7,0,0,7
Pssa.Suggestion.Database/Monitoring/Functions/LogLevel/getErrorConstant.sql,7,0,0,7
Pssa.Suggestion.Database/Monitoring/Functions/LogLevel/getFatalConstant.sql,7,0,0,7
Pssa.Suggestion.Database/Monitoring/Functions/LogLevel/getInfoConstant.sql,7,0,0,7
Pssa.Suggestion.Database/Monitoring/Functions/LogLevel/getWarningConstant.sql,7,0,0,7
Pssa.Suggestion.Database/Suggestion/Functions/Flag/getFlagInsert.sql,7,0,0,7
Pssa.Suggestion.Database/Suggestion/Functions/Flag/getFlagDelete.sql,7,0,0,7
Pssa.Suggestion.Database/Suggestion/Functions/Flag/getFlagUpdate.sql,7,0,0,7
Pssa.Suggestion.Database/Monitoring/Functions/FailureConstant.sql,7,0,0,7
Pssa.Suggestion.Database/Monitoring/Functions/InProgress.sql,7,0,0,7
Pssa.Suggestion.Database/Rerouting/Views/LoadUrbanCode.sql,8,1,0,7
Pssa.Suggestion.Database/Suggestion/Tables/WorkingItemDetail.sql,6,0,0,6
Pssa.Suggestion.Database/MyPudo/Vues/GetCarriers.sql,7,1,0,6
Pssa.Suggestion.Database/Rerouting/Views/LoadNetworks.sql,7,1,0,6
Pssa.Suggestion.Database/Import/Tables/SiteServicePropertyValue.sql,6,0,0,6
Pssa.Suggestion.Database/MyPudo/Functions/NthElement.sql,6,0,0,6
Pssa.Suggestion.Database/Import/SP/Process/PurgeCarrier.sql,5,0,0,5
Pssa.Suggestion.Database/Import/SP/Process/PurgeNetwork.sql,6,1,0,5
Pssa.Suggestion.Database/Import/Tables/SiteNetwork.sql,4,0,0,4
Pssa.Suggestion.Database/Import/Tables/SiteService.sql,4,0,0,4
Pssa.Suggestion.Database/MyPudo/Vues/GetNetworks.sql,4,0,0,4
Pssa.Suggestion.Database/Import/Tables/SiteTypePropertyValue.sql,4,0,0,4
Pssa.Suggestion.Database/Import/Tables/Network.sql,3,0,0,3
Pssa.Suggestion.Database/Import/Tables/Carrier.sql,3,0,0,3
Pssa.Suggestion.Database/Monitoring/Tables/Process.sql,17,0,16,1
Pssa.Suggestion.Database/Schemas/MyPudo.sql,1,0,0,1
Pssa.Suggestion.Database/Schemas/InternalConfig.sql,1,0,0,1
Pssa.Suggestion.Database/Schemas/Rerouting.sql,1,0,0,1
Pssa.Suggestion.Database/Schemas/Import.sql,1,0,0,1
Pssa.Suggestion.Database/Schemas/Suggestion.sql,1,0,0,1
Pssa.Suggestion.Database/Schemas/ExternalConfig.sql,1,0,0,1
Pssa.Suggestion.Database/Schemas/Monitoring.sql,0,0,0,0
Pssa.Suggestion.Database/Schemas/Common.sql,0,0,0,0
Pssa.Suggestion.Database/Schemas/Histo.sql,0,0,0,0
