File,Lines,Blank Lines,Comments,Code Lines
ToolsQA/Feature/hybride/MCO/MCO_RM1_2019.feature.cs,982,40,9,933
ToolsQA/Feature/hybride/MCO/MCO_RM1_20191.feature.cs,983,41,9,933
ToolsQA/Feature/hybride/MCO/MCO_RM3_2018.feature.cs,639,28,9,602
ToolsQA/OracleDatabase/Dropoff/GetParameterFromDB_Dropoff.cs,450,46,143,261
ToolsQA/OracleDatabase/Inventory/GetParameterFromDB_Inventory.cs,450,47,143,260
ToolsQA/Feature/hybride/MCO/MCO_RM1_2019.feature.xlsx.cs,269,27,9,233
ToolsQA/Feature/Configuration/Configuration.feature.cs,220,20,9,191
ToolsQA/Feature/Configuration/Configuration1.feature.cs,221,21,9,191
ToolsQA/OracleDatabase/Pickup/GetParameterFromDB_Pickup.cs,314,29,96,189
ToolsQA/PageObjects/Configuration_page.cs,213,35,3,175
ToolsQA/OracleDatabase/Pickup/ComparisonByCountry_Pickup.cs,167,3,12,152
ToolsQA/Feature/Configuration/Configuration.feature.xlsx.feature.cs,174,20,9,145
ToolsQA/Feature/hybride/Configuration/Configuration.feature.xlsx.cs,173,19,9,145
ToolsQA/Feature/Configuration/Configuration.feature.xlsx.cs,173,19,9,145
ToolsQA/Feature/Regles/Regles.feature.cs,151,16,9,126
ToolsQA/Feature/hybride/MCO/MCO_RM3_2018.feature.xlsx.cs,149,17,9,123
ToolsQA/AppStepDefinitions/Configuration.cs,123,9,0,114
ToolsQA/OracleDatabase/Dropoff/ComparisonByCountry_Dropoff.cs,137,3,24,110
ToolsQA/AppStepDefinitions/Common_hybride.cs,125,18,9,98
ToolsQA/OracleDatabase/Reception/GetParameterFromDB_Reception.cs,168,19,54,95
ToolsQA/OracleDatabase/Collection/GetParameterFromDB_Collection.cs,170,20,55,95
ToolsQA/Browser/Browser.cs,124,18,20,86
ToolsQA/PageObjects/Regle_page.cs,103,25,4,74
ToolsQA/OracleDatabase/Inventory/ComparisonByCountry_Inventory.cs,85,4,8,73
ToolsQA/Feature/Figer/Figer.feature.cs,87,12,9,66
ToolsQA/AppStepDefinitions/Regles.cs,69,4,4,61
ToolsQA/PageObjects/Application_page.cs,57,8,0,49
ToolsQA/TestDataAccess/ExcelFile.cs,75,12,15,48
ToolsQA/PageObjects/LoginPage_hybride.cs,56,6,4,46
ToolsQA/OracleDatabase/Reception/ComparisonByCountry_Reception.cs,51,4,2,45
ToolsQA/OracleDatabase/oracleRequest.cs,68,7,17,44
ToolsQA/PageObjects/Hybride/HomePage_hybride.cs,42,6,0,36
ToolsQA/OracleDatabase/Collection/ComparisonByCountry_Collection.cs,44,5,7,32
ToolsQA/Properties/AssemblyInfo.cs,36,4,17,15
ToolsQA/Browser/CustomRemoteWebDriver.cs,36,7,15,14
ToolsQA/AppStepDefinitions/Figer.cs,35,2,20,13
