File,Lines,Blank Lines,Comments,Code Lines
sonar/projects/projects.py,1306,151,163,992
sonar/findings/issues.py,839,96,102,641
sonar/platform.py,758,87,74,597
sonar/portfolios.py,702,84,48,570
sonar/qualityprofiles.py,678,85,89,504
sonar/utilities.py,568,110,27,431
sonar/sif.py,458,50,23,385
sonar/applications.py,492,62,73,357
sonar/tasks.py,460,53,59,348
sonar/settings.py,426,65,29,332
sonar/qualitygates.py,444,52,62,330
sonar/findings/hotspots.py,435,47,63,325
sonar/users.py,442,57,64,321
sonar/projects/branches.py,426,56,71,299
tools/findings_export.py,357,43,23,291
sonar/findings/findings.py,356,37,53,266
sonar/groups.py,359,52,64,243
sonar/permissions/permissions.py,361,57,68,236
sonar/rules.py,286,40,21,225
sonar/dce/app_nodes.py,254,24,21,209
tools/measures_export.py,263,31,23,209
sonar/devops.py,286,43,46,197
sonar/syncer.py,231,23,21,187
sonar/permissions/permission_templates.py,247,40,20,187
tools/housekeeper.py,229,21,23,185
sonar/measures.py,254,34,45,175
sonar/findings/changelog.py,203,31,20,152
tools/config.py,191,18,22,151
sonar/audit/rules.py,206,36,20,150
tools/findings_sync.py,188,18,29,141
tools/support.py,179,19,23,137
sonar/metrics.py,206,27,44,135
tools/loc.py,178,21,22,135
sonar/components.py,189,32,26,131
tools/audit.py,170,20,22,128
sonar/permissions/project_permissions.py,165,20,23,122
sonar/sqobject.py,139,17,28,94
sonar/webhooks.py,155,32,34,89
sonar/dce/search_nodes.py,113,16,21,76
sonar/permissions/quality_permissions.py,105,10,20,75
tools/projects_import.py,105,10,22,73
sonar/projects/pull_requests.py,114,21,23,70
sonar/custom_measures.py,94,14,22,58
sonar/languages.py,101,15,31,55
sonar/aggregations.py,90,13,23,54
sonar/tokens.py,94,12,29,53
setup.py,74,2,19,53
sonar/audit/config.py,84,15,19,50
sonar/permissions/global_permissions.py,74,10,19,45
.github/workflows/build.yml,121,11,67,43
tools/projects_export.py,67,8,22,37
sonar/audit/problem.py,68,11,20,37
sonar/options.py,71,13,22,36
sonar/permissions/template_permissions.py,59,5,21,33
sonar/permissions/qualityprofile_permissions.py,58,6,19,33
tools/cust_measures.py,65,9,24,32
sonar/permissions/qualitygate_permissions.py,50,7,19,24
api-doc/source/conf.py,67,16,30,21
sonar/permissions/aggregation_permissions.py,52,7,26,19
sonar/exceptions.py,51,10,25,16
sonar/audit/types.py,39,5,19,15
sonar/audit/severities.py,37,5,19,13
test/file-with-ambiguous-issues.py,40,7,23,10
sonar/dce/nodes.py,37,6,21,10
sonar/audit/__init__.py,27,1,19,7
sonar/permissions/portfolio_permissions.py,27,3,21,3
sonar/permissions/application_permissions.py,27,3,21,3
sonar/version.py,20,0,19,1
tools/__init__.py,19,0,19,0
sonar/dce/__init__.py,19,0,19,0
sonar/__init__.py,19,0,19,0
sonar/findings/__init__.py,19,0,19,0
sonar/permissions/__init__.py,19,0,19,0
sonar/projects/__init__.py,19,0,19,0
