File,Lines,Blank Lines,Comments,Code Lines
APITestMobility/bin/log4net.xml,32464,51,0,32413
APITestMobility/bin/nunit.framework.xml,19945,36,0,19909
APITestMobility/bin/WebDriver.xml,11912,4,0,11908
TestAPIMobilité/bin/System.Web.Mvc.xml,11484,0,0,11484
APITestMobility/bin/System.Web.Mvc.xml,11484,0,0,11484
TestAPIMobilité/bin/Newtonsoft.Json.xml,10912,0,0,10912
APITestMobility/bin/Newtonsoft.Json.xml,10912,0,0,10912
TestAPIMobilité/Content/bootstrap.css,6757,7,8,6742
ToolsQA/Feature/hybride/Pickup/Pickup.feature.cs,6951,219,9,6723
TestAPIMobilité/Scripts/jquery-3.3.1.js,10364,1950,1725,6689
TestAPIMobilité/bin/System.Web.Http.xml,6663,0,0,6663
APITestMobility/bin/System.Web.Http.xml,6663,0,0,6663
ToolsQA/PageObjects/Hybride/Pickup/Customer_PickupParcelPage.cs,8032,1014,456,6562
ToolsQA/PageObjects/Hybride/Pickup/Customer_PickupParcelPage_PDA.cs,8176,1354,1048,5774
TestAPIMobilité/bin/System.Web.Razor.xml,5741,0,0,5741
APITestMobility/bin/System.Web.Razor.xml,5741,0,0,5741
TestAPIMobilité/Scripts/jquery-3.3.1.slim.js,8269,1567,1396,5306
ToolsQA/Feature/hybride/Dropoff/Dropoff.feature.cs,4158,138,9,4011
ToolsQA/Feature/hybride/Reception/Reception.feature.cs,3302,120,9,3173
TestAPIMobilité/bin/System.Web.WebPages.xml,2705,0,0,2705
APITestMobility/bin/System.Web.WebPages.xml,2705,0,0,2705
APITestMobility/bin/WebDriver.Support.xml,2205,1,0,2204
ToolsQA/Feature/hybride/Collection/Collection.feature.cs,2292,103,9,2180
APITestMobility/bin/Feature/Hybride/Collection/Collection.feature.cs,2292,103,9,2180
TestAPIMobilité/bin/System.Net.Http.Formatting.xml,2093,0,0,2093
APITestMobility/bin/System.Net.Http.Formatting.xml,2093,0,0,2093
ToolsQA/PageObjects/Hybride/Dropoff/Customer_DropoffParcelPage.cs,2318,342,216,1760
TestAPIMobilité/Scripts/bootstrap.js,2377,582,199,1596
ToolsQA/PageObjects/Hybride/Reception/Driver_ReceptionParcelPage.cs,1994,246,241,1507
ToolsQA/Feature/hybride/ParcelToBePrepared/ParcelToBePrepared.feature.cs,1518,73,9,1436
ToolsQA/Feature/hybride/Swap/Swap.feature.cs,1161,57,9,1095
ToolsQA/PageObjects/Hybride/Collection/Driver_CollectionParcelPage.cs,1408,223,102,1083
ToolsQA/Feature/hybride/MCO/MCO_RM1_2019.feature.cs,982,40,9,933
ToolsQA/Feature/hybride/MCO/MCO_RM1_20191.feature.cs,983,41,9,933
ToolsQA/Feature/hybride/Rangement/Rangement.feature.cs,931,42,9,880
ToolsQA/Feature/hybride/MassCollection/MassCollection.feature.cs,916,48,9,859
TestAPIMobilité/bin/System.Web.Helpers.xml,838,0,0,838
APITestMobility/bin/System.Web.Helpers.xml,838,0,0,838
ToolsQA/Feature/hybride/Inventory/Inventory.feature.cs,784,43,9,732
TestAPIMobilité/bin/System.Web.Optimization.xml,665,0,0,665
ToolsQA/Feature/hybride/Information/Information.feature.cs,676,42,9,625
TestAPIMobilité/Scripts/jquery-3.3.1.intellisense.js,2670,8,2048,614
TestAPIMobilité/Scripts/modernizr-2.8.3.js,1406,287,510,609
ToolsQA/Feature/hybride/MCO/MCO_RM3_2018.feature.cs,639,28,9,602
TestAPIMobilité/Content/bootstrap-theme.css,587,0,6,581
ToolsQA/Feature/hybride/Holidays/Holidays.feature.cs,452,30,9,413
ToolsQA/PageObjects/Hybride/ToDoList/ParcelToBePreparedPage.cs,465,49,28,388
ToolsQA/Feature/hybride/Chronofresh/Chronofresh.feature.cs,421,25,9,387
TestAPIMobilité/Areas/HelpPage/SampleGeneration/ObjectGenerator.cs,455,50,22,383
TestAPIMobilité/Areas/HelpPage/ModelDescriptions/ModelDescriptionGenerator.cs,450,52,16,382
ToolsQA/PageObjects/Hybride/MyShop/SchedulesPage.cs,469,60,40,369
ToolsQA/PageObjects/Hybride/MyShop/MassCollectionPage.cs,413,45,34,334
TestAPIMobilité/Areas/HelpPage/SampleGeneration/HelpPageSampleGenerator.cs,443,35,95,313
ToolsQA/Feature/Facturation/Relais/ControleDesRIB.feature.cs,341,21,9,311
APITestMobility/bin/System.Web.WebPages.Razor.xml,291,0,0,291
TestAPIMobilité/bin/System.Web.WebPages.Razor.xml,291,0,0,291
ToolsQA/Feature/hybride/MaterielManagement/MaterielManagement.feature.cs,320,21,9,290
TestAPIMobilité/Areas/HelpPage/HelpPageConfigurationExtensions.cs,467,43,137,287
ToolsQA/PageObjects/Hybride/MyShop/HolidaysPage.cs,367,42,42,283
ToolsQA/OracleDatabase/Dropoff/GetParameterFromDB_Dropoff.cs,450,46,143,261
ToolsQA/OracleDatabase/Inventory/GetParameterFromDB_Inventory.cs,450,47,143,260
ToolsQA/PageObjects/Hybride/Rangement/RangementPage.cs,305,40,14,251
ToolsQA/Feature/hybride/Synchronisation/Synchronisation.feature.cs,272,23,9,240
ToolsQA/Feature/hybride/MCO/MCO_RM1_2019.feature.xlsx.cs,269,27,9,233
ToolsQA/AppStepDefinitions/Hybride/Pickup.cs,239,10,0,229
ToolsQA/Feature/hybride/C2C/C2C.feature.cs,253,15,9,229
ToolsQA/Feature/hybride/Schedules/Schedules.feature.cs,240,18,9,213
ToolsQA/Feature/hybride/Pickup/Pickup.feature.xlsx.cs,245,25,9,211
ToolsQA/PageObjects/Hybride/MyShop/MaterielManagementPage.cs,249,24,15,210
ToolsQA/Feature/hybride/RechercheColis/RechercheColis1.feature.cs,225,17,9,199
ToolsQA/Feature/hybride/RechercheColis/RechercheColis.feature.cs,224,16,9,199
ToolsQA/PageObjects/Facturation/configuration/listeDeTransporteurs.cs,264,59,9,196
ToolsQA/PageObjects/Hybride/ToDoList/InventoryPage.cs,230,28,13,189
ToolsQA/OracleDatabase/Pickup/GetParameterFromDB_Pickup.cs,314,29,96,189
ToolsQA/AppStepDefinitions/Hybride/Dropoff.cs,199,10,6,183
ToolsQA/AppStepDefinitions/Hybride/Common_hybride.cs,210,22,8,180
ToolsQA/Feature/Facturation/Marquage/Marquage.feature.cs,204,15,9,180
ToolsQA/PageObjects/Facturation/marquage/figerLesActivites.cs,230,52,0,178
ToolsQA/AppStepDefinitions/Hybride/Reception.cs,198,28,0,170
ToolsQA/PageObjects/Hybride/Stuart/Stuart_DropoffPage.cs,219,39,10,170
ToolsQA/PageObjects/Hybride/MenuPage.cs,226,41,18,167
ToolsQA/Feature/hybride/Reception/Reception.feature.xlsx.cs,197,21,9,167
ToolsQA/Feature/hybride/Collection/Collection.feature.xlsx.cs,197,21,9,167
ToolsQA/AppStepDefinitions/Hybride/Collection.cs,166,3,1,162
ToolsQA/OracleDatabase/Pickup/ComparisonByCountry_Pickup.cs,167,3,12,152
ToolsQA/Feature/hybride/Dropoff/Dropoff.feature.xlsx.cs,173,19,9,145
ToolsQA/Feature/hybride/Chronofresh/Chronofresh.feature.xlsx.cs,173,19,9,145
ToolsQA/Feature/hybride/MaterielManagement/MaterielManagement.feature.xlsx.cs,173,19,9,145
ToolsQA/Feature/hybride/Swap/Swap.feature.xlsx.cs,173,19,9,145
ToolsQA/Feature/hybride/Stuart/Stuart.feature.cs,166,14,9,143
ToolsQA/PageObjects/Hybride/Stuart/Stuart_PickupPage.cs,175,29,11,135
ToolsQA/MongoDB/ConsultationMongo.cs,185,18,33,134
TestAPIMobilité/bin/System.Web.Http.WebHost.xml,134,0,0,134
APITestMobility/bin/System.Web.Http.WebHost.xml,134,0,0,134
TestAPIMobilité/Areas/HelpPage/XmlDocumentationProvider.cs,161,19,10,132
ToolsQA/PageObjects/Facturation/HomePage_factu.cs,196,52,13,131
ToolsQA/AppStepDefinitions/Hybride/Swap.cs,133,6,0,127
ToolsQA/Feature/hybride/Holidays/Holidays.feature.xlsx.cs,149,17,9,123
ToolsQA/Feature/hybride/Inventory/Inventory.feature.xlsx.cs,149,17,9,123
ToolsQA/Feature/hybride/MCO/MCO_RM3_2018.feature.xlsx.cs,149,17,9,123
ToolsQA/Feature/hybride/MassCollection/MassCollection.feature.xlsx.cs,149,17,9,123
ToolsQA/PageObjects/Hybride/HomePage_hybride.cs,155,27,6,122
ToolsQA/PageObjects/Hybride/MyDevice/InformationPage.cs,156,22,13,121
TestAPIMobilité/Areas/HelpPage/HelpPage.css,134,21,0,113
ToolsQA/Feature/hybride/Rangement/Rangement.feature.xlsx.cs,137,16,9,112
ToolsQA/Feature/hybride/ParcelToBePrepared/ParcelToBePrepared.feature.xlsx.cs,137,16,9,112
ToolsQA/Feature/hybride/RechercheColis/RechercheColis.feature.xlsx.cs,137,16,9,112
ToolsQA/OracleDatabase/Dropoff/ComparisonByCountry_Dropoff.cs,137,3,24,110
ToolsQA/Feature/hybride/PaymentSummary/PaymentSummary.feature.cs,128,14,9,105
ToolsQA/Feature/hybride/PaymentSummary/PaymentSummary1.feature.cs,129,15,9,105
TestAPIMobilité/Areas/HelpPage/SampleGeneration/HelpPageSampleKey.cs,172,18,51,103
ToolsQA/Feature/hybride/ParcelsList/ParcelsList.feature.cs,126,14,9,103
ToolsQA/Feature/hybride/C2C/C2C.feature.xlsx.cs,125,15,9,101
ToolsQA/Feature/hybride/Pickup/Pickup_MCO_RM3_2018.feature.xlsx.cs,125,15,9,101
ToolsQA/Feature/hybride/Information/Information.feature.xlsx.cs,125,15,9,101
ToolsQA/Feature/hybride/Schedules/Schedules.feature.xlsx.cs,125,15,9,101
ToolsQA/AppStepDefinitions/Hybride/Rangement.cs,107,9,0,98
ToolsQA/Feature/Facturation/ExtraActivites/ExtraActivites.feature.cs,117,12,9,96
ToolsQA/OracleDatabase/Reception/GetParameterFromDB_Reception.cs,168,19,54,95
ToolsQA/OracleDatabase/Collection/GetParameterFromDB_Collection.cs,170,20,55,95
ToolsQA/Feature/Facturation/Compensation/Compensation.feature.cs,114,12,9,93
ToolsQA/Feature/hybride/PaymentSummary/PaymentSummary.feature.xlsx.cs,113,14,9,90
ToolsQA/Feature/hybride/RechercheColis/RechercheColis.feature.xlsx.feature.cs,114,15,9,90
ToolsQA/Feature/hybride/Synchronisation/synchronization.feature.xlsx.cs,113,14,9,90
ToolsQA/Feature/hybride/Stuart/Stuart.feature.xlsx.cs,113,14,9,90
ToolsQA/Feature/hybride/ParcelsList/ParcelsList.feature.xlsx.cs,113,14,9,90
ToolsQA/AppStepDefinitions/Hybride/ToDoList/ParcelToBePrepared.cs,97,8,0,89
ToolsQA/Browser/Browser.cs,124,18,20,86
ToolsQA/AppStepDefinitions/Hybride/MyShop/Holidays.cs,102,10,7,85
ToolsQA/PageObjects/Hybride/ProfilesPage.cs,106,21,0,85
ToolsQA/AppStepDefinitions/Hybride/MyShop/MaterielManagement.cs,96,12,0,84
ToolsQA/AppStepDefinitions/Hybride/ToDoList/Inventory.cs,89,5,1,83
ToolsQA/PageObjects/Hybride/MyShop/ParcelsListPage.cs,94,17,0,77
ToolsQA/Feature/Facturation/Transporteur/ListeDesTransporteurs/ListeTransporteurs.feature.cs,96,11,9,76
ToolsQA/OracleDatabase/Inventory/ComparisonByCountry_Inventory.cs,85,4,8,73
ToolsQA/PageObjects/Hybride/MyShop/PaymentSummaryPage.cs,84,12,0,72
ToolsQA/Feature/Facturation/FacturationSansAutofacturation/Facturation.feature.cs,92,11,9,72
ToolsQA/Feature/Facturation/Relais/ControleDesRIB.feature.xlsx.cs,92,12,9,71
ToolsQA/Feature/Facturation/Transporteur/ListeDesTransporteurs/ListeTransporteurs.feature.xlsx.cs,92,12,9,71
ToolsQA/PageObjects/Hybride/LoginPage_hybride.cs,77,8,1,68
ToolsQA/AppStepDefinitions/Hybride/MyShop/MassCollection.cs,74,7,0,67
ConsoleApp1/Program.cs,80,15,1,64
APITestMobility/bin/System.Web.WebPages.Deployment.xml,59,0,0,59
TestAPIMobilité/bin/System.Web.WebPages.Deployment.xml,59,0,0,59
APITestMobility/Bash/RunBash.cs,68,8,1,59
TestAPIMobilité/Areas/HelpPage/Models/HelpPageApiModel.cs,107,14,36,57
ToolsQA/AppStepDefinitions/Hybride/MyDevice/Information.cs,59,4,0,55
TestAPIMobilité/Areas/HelpPage/App_Start/HelpPageConfig.cs,112,15,43,54
TestAPIMobilité/Areas/HelpPage/Views/Help/DisplayTemplates/HelpPageApiModel.cshtml,66,13,0,53
ToolsQA/AppStepDefinitions/Hybride/MyShop/ParcelsList.cs,54,2,0,52
ToolsQA/AppStepDefinitions/Hybride/MyShop/Schedules.cs,56,5,0,51
ToolsQA/PageObjects/Hybride/Driver_ReceptionCollectionPage.cs,62,11,0,51
TestAPIMobilité/Areas/HelpPage/Controllers/HelpController.cs,62,9,3,50
ToolsQA/PageObjects/Hybride/Stuart/Stuart_PickupDropoff.cs,58,8,0,50
ToolsQA/PageObjects/Hybride/Customer_PickupDropoffPage.cs,59,10,0,49
ToolsQA/TestDataAccess/ExcelFile.cs,75,12,15,48
TestAPIMobilité/Areas/HelpPage/Views/Help/DisplayTemplates/Parameters.cshtml,48,2,0,46
ToolsQA/OracleDatabase/Reception/ComparisonByCountry_Reception.cs,51,4,2,45
ToolsQA/OracleDatabase/oracleRequest.cs,68,7,17,44
ToolsQA/AppStepDefinitions/Hybride/MyShop/PaymentSummarySteps.cs,48,4,0,44
ToolsQA/AppStepDefinitions/Facturation/Configuration/listeDesTransporteur.cs,51,7,0,44
ToolsQA/AppStepDefinitions/Hybride/Stuart.cs,44,2,0,42
TestAPIMobilité/Views/Shared/_Layout.cshtml,43,1,0,42
APITestMobility/bin/Microsoft.CodeDom.Providers.DotNetCompilerPlatform.xml,40,0,0,40
TestAPIMobilité/bin/Microsoft.CodeDom.Providers.DotNetCompilerPlatform.xml,40,0,0,40
ToolsQA/PageObjects/Hybride/ToDoList/ToDoListPage.cs,51,12,0,39
TestAPIMobilité/Areas/HelpPage/Views/Help/DisplayTemplates/ApiGroup.cshtml,40,2,0,38
ToolsQA/PageObjects/Facturation/LoginPage_factu.cs,49,7,6,36
APITestMobility/Controllers/APITestController.cs,172,28,108,36
TestAPIMobilité/Areas/HelpPage/Views/Help/Index.cshtml,38,3,0,35
ToolsQA/OracleDatabase/Collection/ComparisonByCountry_Collection.cs,44,5,7,32
APITestMobility/App_Start/SwaggerConfig.cs,262,33,198,31
ToolsQA/AppStepDefinitions/Facturation/Common_factu.cs,52,5,16,31
TestAPIMobilité/Areas/HelpPage/ApiDescriptionExtensions.cs,38,2,5,31
ToolsQA/PageObjects/Facturation/configuration/regimesTarifaires.cs,35,4,0,31
ToolsQA/PageObjects/Facturation/marquage/statistiquesGlobales.cs,31,1,0,30
ToolsQA/PageObjects/Facturation/relais/compensations.cs,31,2,0,29
ToolsQA/PageObjects/Facturation/relais/commissionsVerseesParGroupeDeFactu.cs,31,2,0,29
ToolsQA/PageObjects/Facturation/relais/situationADatedunPudo.cs,31,2,0,29
ToolsQA/PageObjects/Facturation/relais/rejetsBancaires.cs,31,2,0,29
ToolsQA/PageObjects/Facturation/relais/pudoNonAssujettiALaTva.cs,31,2,0,29
ToolsQA/PageObjects/Facturation/relais/partenaireSansCommissionementAuto.cs,31,2,0,29
ToolsQA/PageObjects/Facturation/relais/paiementDesCommissions.cs,31,2,0,29
ToolsQA/PageObjects/Facturation/relais/facuresDesCommissions.cs,31,2,0,29
ToolsQA/PageObjects/Facturation/relais/extraActivites.cs,31,2,0,29
TestAPIMobilité/Controllers/ValuesController.cs,39,5,5,29
ToolsQA/PageObjects/Facturation/relais/controlerDesRib.cs,31,2,0,29
ToolsQA/PageObjects/Facturation/configuration/chargeurs.cs,32,3,0,29
ToolsQA/PageObjects/Facturation/relais/commissionsVerseesParPeriode.cs,31,2,0,29
ToolsQA/PageObjects/Facturation/relais/suspendreDesPaiements.cs,31,2,0,29
ToolsQA/PageObjects/Facturation/relais/commissionsParActivite.cs,30,1,0,29
ToolsQA/PageObjects/Facturation/marquage/statitiquesParChargeurs.cs,30,1,0,29
ToolsQA/PageObjects/Facturation/configuration/grilleTarifaire.cs,33,4,0,29
ToolsQA/PageObjects/Facturation/configuration/groupesDeChargeurs.cs,33,4,0,29
ToolsQA/PageObjects/Facturation/transporteur/Extraire_elementsDeFacturation.cs,30,1,0,29
ToolsQA/PageObjects/Facturation/configuration/groupesDeFacturation.cs,33,4,0,29
ToolsQA/PageObjects/Facturation/configuration/listeDesActivites.cs,33,4,0,29
TestAPIMobilité/Areas/HelpPage/Views/Help/DisplayTemplates/Samples.cshtml,29,1,0,28
ToolsQA/PageObjects/Facturation/marquage/statistiquesDesPrestations.cs,29,1,0,28
ToolsQA/PageObjects/Facturation/transporteur/Consulter_elementsDeFacturation.cs,29,1,0,28
TestAPIMobilité/Areas/HelpPage/SampleGeneration/TextSample.cs,36,5,3,28
TestAPIMobilité/Areas/HelpPage/ModelDescriptions/ModelNameHelper.cs,35,4,3,28
TestAPIMobilité/Areas/HelpPage/SampleGeneration/ImageSample.cs,40,5,7,28
TestAPIMobilité/Areas/HelpPage/SampleGeneration/InvalidSample.cs,36,5,3,28
TestAPIMobilité/Areas/HelpPage/Views/Help/DisplayTemplates/ModelDescriptionLink.cshtml,25,0,0,25
TestAPIMobilité/Views/Home/Index.cshtml,24,0,0,24
ToolsQA/AppStepDefinitions/Facturation/Configuration/configuration.cs,26,3,0,23
TestAPIMobilité/Global.asax.cs,23,1,0,22
TestAPIMobilité/Areas/HelpPage/HelpPageAreaRegistration.cs,25,3,0,22
TestAPIMobilité/Areas/HelpPage/Views/Help/DisplayTemplates/EnumTypeModelDescription.cshtml,23,2,0,21
TestAPIMobilité/App_Start/RouteConfig.cs,23,2,0,21
TestAPIMobilité/Areas/HelpPage/Views/Help/Api.cshtml,22,2,0,20
TestAPIMobilité/App_Start/BundleConfig.cs,27,4,3,20
APITestMobility/App_Start/RouteConfig.cs,23,4,0,19
TestAPIMobilité/App_Start/WebApiConfig.cs,24,3,2,19
APITestMobility/App_Start/WebApiConfig.cs,24,3,2,19
TestAPIMobilité/Areas/HelpPage/Views/Help/ResourceModel.cshtml,19,1,0,18
APITestMobility/Global.asax.cs,18,1,0,17
TestAPIMobilité/Controllers/HomeController.cs,18,2,0,16
TestAPIMobilité/Areas/HelpPage/ModelDescriptions/ParameterDescription.cs,20,5,0,15
ConsoleApp1/Properties/AssemblyInfo.cs,36,4,17,15
APITestMobility/Properties/AssemblyInfo.cs,35,4,16,15
TestAPIMobilité/Properties/AssemblyInfo.cs,35,4,16,15
ToolsQA/Properties/AssemblyInfo.cs,36,4,17,15
ToolsQA/Browser/CustomRemoteWebDriver.cs,36,7,15,14
ToolsQA/MongoDB/Dropoff/Comparaison.cs,18,4,0,14
TestAPIMobilité/Views/Shared/Error.cshtml,14,0,0,14
TestAPIMobilité/Content/Site.css,17,2,2,13
TestAPIMobilité/Areas/HelpPage/ModelDescriptions/ModelNameAttribute.cs,17,2,3,12
TestAPIMobilité/Areas/HelpPage/ModelDescriptions/EnumTypeModelDescription.cs,14,2,0,12
TestAPIMobilité/App_Start/FilterConfig.cs,13,1,0,12
TestAPIMobilité/Areas/HelpPage/Views/Help/DisplayTemplates/InvalidSample.cshtml,12,1,0,11
TestAPIMobilité/Areas/HelpPage/ModelDescriptions/ComplexTypeModelDescription.cs,13,2,0,11
TestAPIMobilité/Areas/HelpPage/Views/Shared/_Layout.cshtml,11,0,0,11
APITestMobility/Models/TestModel.cs,12,1,0,11
TestAPIMobilité/Areas/HelpPage/ModelDescriptions/ModelDescription.cs,15,3,3,9
TestAPIMobilité/Areas/HelpPage/ModelDescriptions/IModelDocumentationProvider.cs,11,2,0,9
APITestMobility/bin/APITestMobility.xml,8,0,0,8
TestAPIMobilité/Areas/HelpPage/ModelDescriptions/ParameterAnnotation.cs,10,2,0,8
TestAPIMobilité/Areas/HelpPage/ModelDescriptions/EnumValueDescription.cs,10,2,0,8
TestAPIMobilité/Areas/HelpPage/ModelDescriptions/KeyValuePairModelDescription.cs,8,1,0,7
TestAPIMobilité/Areas/HelpPage/SampleGeneration/SampleDirection.cs,10,0,3,7
TestAPIMobilité/Areas/HelpPage/ModelDescriptions/CollectionModelDescription.cs,6,0,0,6
TestAPIMobilité/Areas/HelpPage/Views/Help/DisplayTemplates/CollectionModelDescription.cshtml,5,0,0,5
TestAPIMobilité/Areas/HelpPage/ModelDescriptions/SimpleTypeModelDescription.cs,5,0,0,5
TestAPIMobilité/Areas/HelpPage/ModelDescriptions/DictionaryModelDescription.cs,5,0,0,5
TestAPIMobilité/Areas/HelpPage/Views/Help/DisplayTemplates/TextSample.cshtml,5,1,0,4
TestAPIMobilité/Views/_ViewStart.cshtml,3,0,0,3
TestAPIMobilité/Areas/HelpPage/Views/Help/DisplayTemplates/DictionaryModelDescription.cshtml,3,0,0,3
TestAPIMobilité/Areas/HelpPage/Views/Help/DisplayTemplates/KeyValuePairModelDescription.cshtml,3,0,0,3
TestAPIMobilité/Areas/HelpPage/Views/_ViewStart.cshtml,3,0,0,3
TestAPIMobilité/Areas/HelpPage/Views/Help/DisplayTemplates/ImageSample.cshtml,3,1,0,2
TestAPIMobilité/Areas/HelpPage/Views/Help/DisplayTemplates/ComplexTypeModelDescription.cshtml,2,0,0,2
TestAPIMobilité/Areas/HelpPage/Views/Help/DisplayTemplates/SimpleTypeModelDescription.cshtml,2,0,0,2
TestAPIMobilité/Scripts/bootstrap.min.js,6,0,5,1
TestAPIMobilité/Scripts/jquery-3.3.1.min.js,2,0,1,1
TestAPIMobilité/Scripts/jquery-3.3.1.slim.min.js,2,0,1,1
TestAPIMobilité/Content/bootstrap.min.css,5,0,5,0
APITestMobility/obj/Debug/TemporaryGeneratedFile_E7A71F73-0F8D-4B9B-B56E-8E70B10BC5D3.cs,0,0,0,0
APITestMobility/obj/Debug/TemporaryGeneratedFile_5937a670-0e60-4077-877b-f7221da3dda1.cs,0,0,0,0
APITestMobility/obj/Debug/TemporaryGeneratedFile_036C0B5B-1481-4323-8D20-8F5ADCB23D92.cs,0,0,0,0
ConsoleApp1/obj/Debug/TemporaryGeneratedFile_036C0B5B-1481-4323-8D20-8F5ADCB23D92.cs,0,0,0,0
ConsoleApp1/obj/Debug/TemporaryGeneratedFile_5937a670-0e60-4077-877b-f7221da3dda1.cs,0,0,0,0
ConsoleApp1/obj/Debug/TemporaryGeneratedFile_E7A71F73-0F8D-4B9B-B56E-8E70B10BC5D3.cs,0,0,0,0
TestAPIMobilité/obj/Debug/TemporaryGeneratedFile_036C0B5B-1481-4323-8D20-8F5ADCB23D92.cs,0,0,0,0
TestAPIMobilité/obj/Debug/TemporaryGeneratedFile_5937a670-0e60-4077-877b-f7221da3dda1.cs,0,0,0,0
TestAPIMobilité/Content/bootstrap-theme.min.css,5,0,5,0
TestAPIMobilité/obj/Debug/TemporaryGeneratedFile_E7A71F73-0F8D-4B9B-B56E-8E70B10BC5D3.cs,0,0,0,0
