File,Lines,Blank Lines,Comments,Code Lines
AdfsTesting.WebApp.OAuth2/Scripts/jquery-1.10.2.js,9789,1544,1596,6649
AdfsTesting.ApiAccess.WebTester/Scripts/jquery-1.10.2.js,9789,1544,1596,6649
AdfsTesting.WebApp.OAuth2/Content/bootstrap.css,6804,1014,11,5779
AdfsTesting.ApiAccess.WebTester/Content/app.css,6535,965,32,5538
AdfsTesting.WebClient.Angular/src/assets/styles/app.scss,6534,966,32,5536
AdfsTesting.WebApp.OAuth2/Scripts/bootstrap.js,2014,496,333,1185
AdfsTesting.WebApp.OAuth2/Scripts/jquery.validate.js,1231,134,108,989
AdfsTesting.ApiAccess.WebTester/Scripts/jquery.validate.js,1231,134,108,989
AdfsTesting.WebApp.OAuth2/Scripts/jquery.validate-vsdoc.js,1288,147,224,917
AdfsTesting.ApiAccess.WebTester/Scripts/jquery.validate-vsdoc.js,1288,147,224,917
AdfsTesting.ApiAccess.WebTester/lib/prism/prism.js,969,174,73,722
AdfsTesting.WebApp.OAuth2/Scripts/jquery-1.10.2.intellisense.js,2671,8,2037,626
AdfsTesting.ApiAccess.WebTester/Scripts/jquery-1.10.2.intellisense.js,2657,8,2037,612
AdfsTesting.WebApp.OAuth2/Scripts/modernizr-2.6.2.js,1416,286,524,606
AdfsTesting.ApiAccess.WebTester/lib/prism/plugins/previewers/prism-previewers.js,708,52,75,581
AdfsTesting.ApiAccess.WebTester/lib/prism/components/prism-core.js,551,116,33,402
AdfsTesting.WebApp.OAuth2/Controllers/AccountController.cs,494,86,12,396
AdfsTesting.WebApp.OAuth2/Areas/HelpPage/SampleGeneration/ObjectGenerator.cs,455,50,22,383
AdfsTesting.WebApp.OAuth2/Areas/HelpPage/ModelDescriptions/ModelDescriptionGenerator.cs,450,52,16,382
AdfsTesting.WebApp.OAuth2/Content/bootstrap-theme.css,383,44,0,339
AdfsTesting.WebApp.OAuth2/Areas/HelpPage/SampleGeneration/HelpPageSampleGenerator.cs,443,35,95,313
AdfsTesting.ApiAccess.WebTester/lib/prism/plugins/autoloader/prism-autoloader.js,388,29,51,308
AdfsTesting.ApiAccess.WebTester/Scripts/jquery.validate.unobtrusive.js,428,51,84,293
AdfsTesting.WebApp.OAuth2/Scripts/jquery.validate.unobtrusive.js,428,51,84,293
AdfsTesting.WebApp.OAuth2/Areas/HelpPage/HelpPageConfigurationExtensions.cs,467,43,137,287
AdfsTesting.ApiAccess.WebTester/lib/prism/components/prism-markdown.js,339,28,64,247
AdfsTesting.WebApp.OAuth2/Scripts/respond.js,326,55,40,231
AdfsTesting.ApiAccess.WebTester/lib/prism/plugins/previewers/prism-previewers.css,241,11,0,230
AdfsTesting.ApiAccess.WebTester/lib/prism/components/prism-textile.js,260,25,30,205
AdfsTesting.ApiAccess.WebTester/lib/prism/components/prism-rest.js,205,7,8,190
AdfsTesting.ApiAccess.WebTester/lib/prism/components/prism-asciidoc.js,234,18,26,190
AdfsTesting.ApiAccess.WebTester/lib/prism/themes/prism-coy.css,226,28,11,187
AdfsTesting.ApiAccess.WebTester/Views/RelyingPartyTrust/Test.cshtml,230,48,0,182
AdfsTesting.ApiAccess.WebTester/lib/prism/components/prism-js-templates.js,346,51,114,181
AdfsTesting.ApiAccess.WebTester/lib/prism/components/prism-lisp.js,197,8,18,171
AdfsTesting.ApiAccess.WebTester/lib/prism/components/prism-bash.js,197,3,28,166
AdfsTesting.ApiAccess.WebTester/lib/prism/components/prism-pug.js,193,12,16,165
AdfsTesting.WebClient.Angular/src/app/shared/services/AuthenticationService.ts,242,50,30,162
AdfsTesting.ApiAccess.WebTester/lib/prism/themes/prism-twilight.css,199,25,12,162
AdfsTesting.ApiAccess.WebTester/lib/prism/plugins/show-language/prism-show-language.js,178,10,7,161
AdfsTesting.ApiAccess.WebTester/Adfs/Connect.cs,189,31,8,150
AdfsTesting.ApiAccess.WebTester/lib/prism/plugins/normalize-whitespace/prism-normalize-whitespace.js,190,28,16,146
AdfsTesting.ApiAccess.WebTester/lib/prism/plugins/line-highlight/prism-line-highlight.js,213,40,27,146
AdfsTesting.ApiAccess.WebTester/ConfigManager/AdditionalRpt.cs,176,24,8,144
AdfsTesting.ApiAccess.WebTester/lib/prism/plugins/jsonp-highlight/prism-jsonp-highlight.js,206,21,43,142
AdfsTesting.ApiAccess.WebTester/lib/prism/plugins/wpd/prism-wpd.js,168,22,4,142
AdfsTesting.ApiAccess.WebTester/lib/prism/components/prism-xquery.js,163,14,13,136
AdfsTesting.ApiAccess.WebTester/ConfigManager/RptTester.cs,165,24,8,133
AdfsTesting.ApiAccess.WebTester/lib/prism/components/prism-perl.js,191,20,39,132
AdfsTesting.WebApp.OAuth2/Areas/HelpPage/XmlDocumentationProvider.cs,161,19,10,132
AdfsTesting.WebApp.OAuth2/Project_Readme.html,149,19,0,130
AdfsTesting.ApiAccess.WebTester/lib/prism/components/prism-haml.js,153,10,13,130
AdfsTesting.ApiAccess.WebTester/lib/prism/components/prism-ruby.js,143,6,8,129
AdfsTesting.ApiAccess.WebTester/Controllers/RelyingPartyTrustController.cs,149,20,2,127
AdfsTesting.ApiAccess.WebTester/lib/prism/components/prism-puppet.js,135,1,13,121
AdfsTesting.WebApp.OAuth2/Areas/HelpPage/HelpPage.css,134,21,0,113
AdfsTesting.ApiAccess.WebTester/lib/prism/plugins/command-line/prism-command-line.js,139,20,7,112
AdfsTesting.ApiAccess.WebTester/lib/prism/themes/prism.css,139,20,7,112
AdfsTesting.ApiAccess.WebTester/lib/prism/components/prism-xeora.js,113,3,0,110
AdfsTesting.ApiAccess.WebTester/lib/prism/components/prism-php.js,132,10,14,108
AdfsTesting.ApiAccess.WebTester/lib/prism/themes/prism-dark.css,129,18,7,104
AdfsTesting.ApiAccess.WebTester/lib/prism/themes/prism-funky.css,130,19,8,103
AdfsTesting.WebApp.OAuth2/Areas/HelpPage/SampleGeneration/HelpPageSampleKey.cs,172,18,51,103
AdfsTesting.ApiAccess.WebTester/lib/prism/plugins/line-numbers/prism-line-numbers.js,168,35,30,103
AdfsTesting.ApiAccess.WebTester/lib/prism/plugins/toolbar/prism-toolbar.js,154,28,27,99
AdfsTesting.ApiAccess.WebTester/lib/prism/themes/prism-solarizedlight.css,150,21,30,99
AdfsTesting.ApiAccess.WebTester/lib/prism/themes/prism-okaidia.css,123,18,7,98
AdfsTesting.ApiAccess.WebTester/lib/prism/components/prism-jsx.js,126,18,12,96
AdfsTesting.ApiAccess.WebTester/lib/prism/themes/prism-tomorrow.css,122,19,7,96
AdfsTesting.ApiAccess.WebTester/lib/prism/components/prism-stylus.js,110,8,7,95
AdfsTesting.ApiAccess.WebTester/lib/prism/components/prism-batch.js,98,1,5,92
AdfsTesting.ApiAccess.WebTester/lib/prism/components/prism-livescript.js,118,1,28,89
AdfsTesting.WebApp.OAuth2/Scripts/_references.js,89,0,0,89
AdfsTesting.WebClient.Angular/src/app/shared/typings/shared.d.ts,106,19,0,87
AdfsTesting.ApiAccess.WebTester/lib/prism/plugins/data-uri-highlight/prism-data-uri-highlight.js,98,9,3,86
AdfsTesting.ApiAccess.WebTester/Helpers/XmlDocumentExtensions.cs,117,25,7,85
AdfsTesting.ApiAccess.WebTester/lib/prism/components/prism-soy.js,95,7,3,85
AdfsTesting.ApiAccess.WebTester/lib/prism/components/prism-regex.js,97,9,4,84
AdfsTesting.ApiAccess.WebTester/lib/prism/components/prism-javascript.js,91,5,2,84
AdfsTesting.ApiAccess.WebTester/lib/prism/components/prism-js-extras.js,104,14,7,83
AdfsTesting.WebClient.Angular/src/index.html,94,12,0,82
AdfsTesting.WebApp.OAuth2/Providers/ApplicationOAuthProvider.cs,97,16,1,80
AdfsTesting.ApiAccess.WebTester/Views/Shared/_Layout.cshtml,94,12,2,80
AdfsTesting.ApiAccess.WebTester/lib/prism/components/prism-markup.js,100,9,12,79
AdfsTesting.ApiAccess.WebTester/lib/prism/components/prism-gherkin.js,79,0,1,78
AdfsTesting.ApiAccess.WebTester/lib/prism/plugins/file-highlight/prism-file-highlight.js,105,21,7,77
AdfsTesting.ApiAccess.WebTester/lib/prism/plugins/keep-markup/prism-keep-markup.js,99,14,8,77
AdfsTesting.ApiAccess.WebTester/lib/prism/components/prism-elixir.js,89,1,12,76
AdfsTesting.ApiAccess.WebTester/lib/prism/components/prism-markup-templating.js,123,19,29,75
AdfsTesting.ApiAccess.WebTester/lib/prism/components/prism-csharp.js,81,2,5,74
AdfsTesting.ApiAccess.WebTester/lib/prism/components/prism-css-extras.js,76,2,0,74
AdfsTesting.ApiAccess.WebTester/lib/prism/components/prism-coffeescript.js,91,12,6,73
AdfsTesting.ApiAccess.WebTester/lib/prism/components/prism-javastacktrace.js,93,5,16,72
AdfsTesting.ApiAccess.WebTester/lib/prism/components/prism-wiki.js,81,1,8,72
AdfsTesting.ApiAccess.WebTester/lib/prism/components/prism-pure.js,79,4,4,71
AdfsTesting.WebApp.OAuth2/Models/AccountBindingModels.cs,84,13,1,70
AdfsTesting.ApiAccess.WebTester/lib/prism/components/prism-smarty.js,86,8,8,70
AdfsTesting.ApiAccess.WebTester/lib/prism/components/prism-parser.js,73,4,1,68
AdfsTesting.ApiAccess.WebTester/lib/prism/components/prism-fsharp.js,67,0,0,67
AdfsTesting.ApiAccess.WebTester/lib/prism/components/prism-velocity.js,71,5,0,66
AdfsTesting.ApiAccess.WebTester/lib/prism/components/prism-vala.js,73,2,5,66
AdfsTesting.ApiAccess.WebTester/lib/prism/components/prism-hcl.js,65,0,0,65
AdfsTesting.ApiAccess.WebTester/lib/prism/components/prism-jsdoc.js,73,6,2,65
AdfsTesting.ApiAccess.WebTester/Helpers/SignedXmlExtension.cs,99,20,17,62
AdfsTesting.ApiAccess.WebTester/lib/prism/components/prism-scss.js,77,4,11,62
AdfsTesting.ApiAccess.WebTester/lib/prism/plugins/autolinker/prism-autolinker.js,81,15,4,62
AdfsTesting.ApiAccess.WebTester/lib/prism/components/prism-lilypond.js,69,6,2,61
AdfsTesting.ApiAccess.WebTester/Views/RelyingPartyTrust/Index.cshtml,71,11,0,60
AdfsTesting.ApiAccess.WebTester/lib/prism/components/prism-jq.js,67,7,0,60
AdfsTesting.ApiAccess.WebTester/lib/prism/components/prism-python.js,63,2,1,60
AdfsTesting.ApiAccess.WebTester/lib/prism/plugins/show-invisibles/prism-show-invisibles.js,84,12,12,60
AdfsTesting.ApiAccess.WebTester/lib/prism/components/prism-http.js,79,6,14,59
AdfsTesting.ApiAccess.WebTester/lib/prism/components/prism-javadoclike.js,86,13,15,58
AdfsTesting.ApiAccess.WebTester/lib/prism/components/prism-sass.js,71,6,7,58
AdfsTesting.ApiAccess.WebTester/lib/prism/plugins/copy-to-clipboard/prism-copy-to-clipboard.js,75,17,0,58
AdfsTesting.ApiAccess.WebTester/lib/prism/components/prism-inform7.js,60,1,2,57
AdfsTesting.ApiAccess.WebTester/lib/prism/plugins/diff-highlight/prism-diff-highlight.js,83,17,9,57
AdfsTesting.WebApp.OAuth2/Areas/HelpPage/Models/HelpPageApiModel.cs,107,14,36,57
AdfsTesting.ApiAccess.WebTester/lib/prism/components/prism-groovy.js,65,8,2,55
AdfsTesting.ApiAccess.WebTester/lib/prism/components/prism-kotlin.js,62,5,2,55
AdfsTesting.ApiAccess.WebTester/lib/prism/plugins/toolbar/prism-toolbar.css,64,8,2,54
AdfsTesting.WebApp.OAuth2/Areas/HelpPage/App_Start/HelpPageConfig.cs,112,15,43,54
AdfsTesting.ApiAccess.WebTester/lib/prism/components/prism-lolcode.js,54,0,0,54
AdfsTesting.ApiAccess.WebTester/lib/prism/components/prism-rust.js,68,5,9,54
AdfsTesting.WebApp.OAuth2/Areas/HelpPage/Views/Help/DisplayTemplates/HelpPageApiModel.cshtml,66,13,0,53
AdfsTesting.ApiAccess.WebTester/Models/RelyingPartyTrustModel.cs,63,10,0,53
AdfsTesting.ApiAccess.WebTester/lib/prism/components/prism-pascaligo.js,62,6,3,53
AdfsTesting.ApiAccess.WebTester/lib/prism/components/prism-jolie.js,54,2,0,52
AdfsTesting.ApiAccess.WebTester/lib/prism/components/prism-pcaxis.js,53,1,0,52
AdfsTesting.ApiAccess.WebTester/lib/prism/components/prism-abnf.js,54,3,0,51
AdfsTesting.WebApp.OAuth2/Areas/HelpPage/Controllers/HelpController.cs,62,9,3,50
AdfsTesting.ApiAccess.WebTester/lib/prism/components/prism-css.js,57,6,1,50
AdfsTesting.WebClient.Angular/src/app/main.component.ts,67,14,3,50
AdfsTesting.ApiAccess.WebTester/lib/prism/components/prism-django.js,60,7,3,50
AdfsTesting.ApiAccess.WebTester/lib/prism/components/prism-javadoc.js,54,3,1,50
AdfsTesting.ApiAccess.WebTester/lib/prism/components/prism-latex.js,64,2,13,49
AdfsTesting.WebClient.Angular/webpack.config.js,63,3,11,49
AdfsTesting.ApiAccess.WebTester/lib/prism/components/prism-powershell.js,60,3,9,48
AdfsTesting.ApiAccess.WebTester/lib/prism/components/prism-crystal.js,51,4,0,47
AdfsTesting.ApiAccess.WebTester/lib/prism/components/prism-apacheconf.js,47,0,0,47
AdfsTesting.ApiAccess.WebTester/lib/prism/components/prism-tcl.js,46,0,0,46
AdfsTesting.WebApp.OAuth2/Areas/HelpPage/Views/Help/DisplayTemplates/Parameters.cshtml,48,2,0,46
AdfsTesting.ApiAccess.WebTester/lib/prism/components/prism-java.js,54,5,3,46
AdfsTesting.ApiAccess.WebTester/lib/prism/components/prism-yaml.js,46,1,0,45
AdfsTesting.ApiAccess.WebTester/lib/prism/components/prism-t4-templating.js,49,5,0,44
AdfsTesting.ApiAccess.WebTester/lib/prism/components/prism-tt2.js,53,8,1,44
AdfsTesting.WebClient.Angular/src/app.ts,54,8,2,44
AdfsTesting.ApiAccess.WebTester/lib/prism/components/prism-twig.js,46,1,2,43
AdfsTesting.ApiAccess.WebTester/lib/prism/plugins/line-highlight/prism-line-highlight.css,49,7,0,42
AdfsTesting.ApiAccess.WebTester/lib/prism/components/prism-haxe.js,44,0,3,41
AdfsTesting.ApiAccess.WebTester/lib/prism/components/prism-pascal.js,54,3,10,41
AdfsTesting.WebApp.OAuth2/Views/Shared/_Layout.cshtml,41,1,0,40
AdfsTesting.ApiAccess.WebTester/lib/prism/components/prism-d.js,63,8,15,40
AdfsTesting.ApiAccess.WebTester/lib/prism/components/prism-less.js,54,4,11,39
AdfsTesting.ApiAccess.WebTester/lib/prism/components/prism-erlang.js,43,1,3,39
AdfsTesting.WebApp.OAuth2/App_Start/IdentityConfig.cs,45,3,3,39
AdfsTesting.ApiAccess.WebTester/lib/prism/components/prism-mel.js,42,1,3,38
AdfsTesting.WebApp.OAuth2/Areas/HelpPage/Views/Help/DisplayTemplates/ApiGroup.cshtml,40,2,0,38
AdfsTesting.ApiAccess.WebTester/lib/prism/components/prism-toml.js,43,2,3,38
AdfsTesting.ApiAccess.WebTester/lib/prism/components/prism-q.js,50,1,11,38
AdfsTesting.ApiAccess.WebTester/lib/prism/components/prism-bro.js,48,11,0,37
AdfsTesting.WebApp.OAuth2/App_Start/Startup.Auth.cs,69,10,22,37
AdfsTesting.ApiAccess.WebTester/lib/prism/components/prism-opencl.js,49,2,10,37
AdfsTesting.ApiAccess.WebTester/lib/prism/components/prism-abap.js,47,0,11,36
AdfsTesting.ApiAccess.WebTester/Models/RelyingPartyTrustList.cs,54,10,8,36
AdfsTesting.ApiAccess.WebTester/lib/prism/components/prism-nix.js,39,1,2,36
AdfsTesting.ApiAccess.WebTester/lib/prism/plugins/line-numbers/prism-line-numbers.css,41,6,0,35
AdfsTesting.WebApp.OAuth2/Areas/HelpPage/Views/Help/Index.cshtml,38,3,0,35
AdfsTesting.ApiAccess.WebTester/lib/prism/plugins/custom-class/prism-custom-class.js,68,8,25,35
AdfsTesting.ApiAccess.WebTester/lib/prism/plugins/unescaped-markup/prism-unescaped-markup.js,44,9,0,35
AdfsTesting.ApiAccess.WebTester/lib/prism/components/prism-fortran.js,39,0,5,34
AdfsTesting.ApiAccess.WebTester/lib/prism/components/prism-diff.js,54,8,12,34
AdfsTesting.ApiAccess.WebTester/Models/RelyingPartyTrustLoginViewModel.cs,37,4,0,33
AdfsTesting.ApiAccess.WebTester/lib/prism/components/prism-scheme.js,33,0,0,33
AdfsTesting.ApiAccess.WebTester/lib/prism/components/prism-bison.js,38,1,4,33
AdfsTesting.ApiAccess.WebTester/lib/prism/components/prism-handlebars.js,37,4,0,33
AdfsTesting.ApiAccess.WebTester/lib/prism/components/prism-flow.js,35,3,0,32
AdfsTesting.ApiAccess.WebTester/ConfigManager/RptTesterSectionLister.cs,35,3,0,32
AdfsTesting.WebApp.OAuth2/App_Start/WebApiConfig.cs,40,5,3,32
AdfsTesting.ApiAccess.WebTester/lib/prism/components/prism-sas.js,34,0,2,32
AdfsTesting.ApiAccess.WebTester/lib/prism/components/prism-visual-basic.js,33,1,0,32
AdfsTesting.ApiAccess.WebTester/lib/prism/components/prism-protobuf.js,36,4,0,32
AdfsTesting.WebApp.OAuth2/Controllers/AuthorizeController.cs,36,4,0,32
AdfsTesting.ApiAccess.WebTester/lib/prism/components/prism-apl.js,31,0,0,31
AdfsTesting.ApiAccess.WebTester/lib/prism/components/prism-io.js,31,0,0,31
AdfsTesting.ApiAccess.WebTester/lib/prism/components/prism-autoit.js,33,0,2,31
AdfsTesting.ApiAccess.WebTester/lib/prism/components/prism-graphql.js,31,0,0,31
AdfsTesting.WebApp.OAuth2/Areas/HelpPage/ApiDescriptionExtensions.cs,38,2,5,31
AdfsTesting.ApiAccess.WebTester/lib/prism/components/prism-smalltalk.js,31,0,0,31
AdfsTesting.WebApp.OAuth2/Controllers/ValuesController.cs,40,5,5,30
AdfsTesting.ApiAccess.WebTester/lib/prism/components/prism-wasm.js,30,0,0,30
AdfsTesting.ApiAccess.WebTester/lib/prism/components/prism-monkey.js,30,0,0,30
AdfsTesting.ApiAccess.WebTester/lib/prism/components/prism-clike.js,30,0,0,30
AdfsTesting.ApiAccess.WebTester/lib/prism/components/prism-eiffel.js,37,0,7,30
AdfsTesting.ApiAccess.WebTester/lib/prism/components/prism-dns-zone-file.js,33,1,2,30
AdfsTesting.ApiAccess.WebTester/lib/prism/components/prism-elm.js,44,0,14,30
AdfsTesting.WebClient.Angular/src/routes.ts,35,5,1,29
AdfsTesting.ApiAccess.WebTester/lib/prism/components/prism-aspnet.js,35,3,3,29
AdfsTesting.ApiAccess.WebTester/lib/prism/components/prism-c.js,36,2,5,29
AdfsTesting.ApiAccess.WebTester/lib/prism/components/prism-cmake.js,29,0,0,29
AdfsTesting.ApiAccess.WebTester/lib/prism/plugins/show-invisibles/prism-show-invisibles.css,34,5,0,29
AdfsTesting.WebApp.OAuth2/Models/AccountViewModels.cs,43,13,1,29
AdfsTesting.WebApp.OAuth2/Areas/HelpPage/SampleGeneration/InvalidSample.cs,36,5,3,28
AdfsTesting.WebApp.OAuth2/Areas/HelpPage/Views/Help/DisplayTemplates/Samples.cshtml,29,1,0,28
AdfsTesting.WebApp.OAuth2/Results/ChallengeResult.cs,32,4,0,28
AdfsTesting.ApiAccess.WebTester/lib/prism/components/prism-asm6502.js,28,0,0,28
AdfsTesting.WebApp.OAuth2/Areas/HelpPage/SampleGeneration/TextSample.cs,36,5,3,28
AdfsTesting.WebApp.OAuth2/Areas/HelpPage/SampleGeneration/ImageSample.cs,40,5,7,28
AdfsTesting.WebApp.OAuth2/Areas/HelpPage/ModelDescriptions/ModelNameHelper.cs,35,4,3,28
AdfsTesting.ApiAccess.WebTester/lib/prism/plugins/command-line/prism-command-line.css,33,5,0,28
AdfsTesting.ApiAccess.WebTester/lib/prism/components/prism-reason.js,31,1,3,27
AdfsTesting.ApiAccess.WebTester/lib/prism/components/prism-makefile.js,33,3,4,26
AdfsTesting.ApiAccess.WebTester/lib/prism/components/prism-roboconf.js,26,0,0,26
AdfsTesting.WebApp.OAuth2/Models/IdentityModels.cs,32,3,3,26
AdfsTesting.WebApp.OAuth2/Areas/HelpPage/Views/Help/DisplayTemplates/ModelDescriptionLink.cshtml,25,0,0,25
AdfsTesting.ApiAccess.WebTester/lib/prism/components/prism-haskell.js,37,1,11,25
AdfsTesting.ApiAccess.WebTester/lib/prism/components/prism-gedcom.js,27,0,2,25
AdfsTesting.ApiAccess.WebTester/lib/prism/components/prism-parigp.js,29,0,4,25
AdfsTesting.ApiAccess.WebTester/lib/prism/components/prism-nim.js,32,0,7,25
AdfsTesting.ApiAccess.WebTester/lib/prism/components/prism-ocaml.js,26,0,1,25
AdfsTesting.WebApp.OAuth2/Views/Home/Index.cshtml,24,0,0,24
AdfsTesting.ApiAccess.WebTester/lib/prism/components/prism-oz.js,24,0,0,24
AdfsTesting.ApiAccess.WebTester/lib/prism/components/prism-nasm.js,24,0,0,24
AdfsTesting.ApiAccess.WebTester/lib/prism/components/prism-sql.js,24,0,0,24
AdfsTesting.ApiAccess.WebTester/lib/prism/components/prism-nsis.js,29,0,5,24
AdfsTesting.ApiAccess.WebTester/lib/prism/components/prism-rip.js,32,9,0,23
AdfsTesting.ApiAccess.WebTester/lib/prism/components/prism-swift.js,25,0,2,23
AdfsTesting.WebClient.Angular/src/app/shared/components/user-identity/UserIdentityComponent.ts,30,7,0,23
AdfsTesting.ApiAccess.WebTester/lib/prism/components/prism-dart.js,23,1,0,22
AdfsTesting.ApiAccess.WebTester/lib/prism/components/prism-splunk-spl.js,24,0,2,22
AdfsTesting.WebApp.OAuth2/Global.asax.cs,23,1,0,22
AdfsTesting.WebApp.OAuth2/Areas/HelpPage/HelpPageAreaRegistration.cs,25,3,0,22
AdfsTesting.ApiAccess.WebTester/lib/prism/components/prism-j.js,24,0,2,22
AdfsTesting.ApiAccess.WebTester/lib/prism/components/prism-phpdoc.js,27,5,0,22
AdfsTesting.ApiAccess.WebTester/lib/prism/components/prism-plsql.js,26,4,0,22
AdfsTesting.WebClient.Angular/src/app/main.html,28,6,0,22
AdfsTesting.WebClient.Angular/src/app/shared/services/StorageService.ts,30,8,0,22
AdfsTesting.ApiAccess.WebTester/ConfigManager/AdditionalRptSectionLister.cs,24,3,0,21
AdfsTesting.WebApp.OAuth2/App_Start/RouteConfig.cs,23,2,0,21
AdfsTesting.WebApp.OAuth2/App_Start/BundleConfig.cs,28,4,3,21
AdfsTesting.WebApp.OAuth2/Areas/HelpPage/Views/Help/DisplayTemplates/EnumTypeModelDescription.cshtml,23,2,0,21
AdfsTesting.WebClient.Angular/src/app/modules/test/test.component.ts,27,7,0,20
AdfsTesting.WebApp.OAuth2/Areas/HelpPage/Views/Help/Api.cshtml,22,2,0,20
AdfsTesting.ApiAccess.WebTester/lib/prism/components/prism-json5.js,23,3,0,20
AdfsTesting.ApiAccess.WebTester/App_Start/RouteConfig.cs,22,2,0,20
AdfsTesting.ApiAccess.WebTester/lib/prism/components/prism-shell-session.js,21,0,1,20
AdfsTesting.ApiAccess.WebTester/lib/prism/components/prism-ejs.js,24,4,0,20
AdfsTesting.ApiAccess.WebTester/lib/prism/components/prism-bnf.js,21,1,0,20
AdfsTesting.ApiAccess.WebTester/lib/prism/components/prism-ebnf.js,22,2,0,20
AdfsTesting.ApiAccess.WebTester/lib/prism/components/prism-cpp.js,21,1,0,20
AdfsTesting.ApiAccess.WebTester/lib/prism/components/prism-tap.js,20,0,0,20
AdfsTesting.ApiAccess.WebTester/lib/prism/components/prism-brainfuck.js,19,0,0,19
AdfsTesting.ApiAccess.WebTester/lib/prism/components/prism-icon.js,19,0,0,19
AdfsTesting.ApiAccess.WebTester/lib/prism/components/prism-xojo.js,19,0,0,19
AdfsTesting.ApiAccess.WebTester/lib/prism/components/prism-autohotkey.js,26,6,1,19
AdfsTesting.ApiAccess.WebTester/lib/prism/components/prism-r.js,21,0,2,19
AdfsTesting.ApiAccess.WebTester/lib/prism/components/prism-json.js,19,0,0,19
AdfsTesting.ApiAccess.WebTester/lib/prism/components/prism-vhdl.js,23,0,4,19
AdfsTesting.ApiAccess.WebTester/lib/prism/components/prism-qore.js,19,0,1,18
AdfsTesting.WebApp.OAuth2/Areas/HelpPage/Views/Help/ResourceModel.cshtml,19,1,0,18
AdfsTesting.ApiAccess.WebTester/lib/prism/components/prism-applescript.js,19,0,1,18
AdfsTesting.ApiAccess.WebTester/lib/prism/components/prism-renpy.js,29,10,1,18
AdfsTesting.ApiAccess.WebTester/lib/prism/components/prism-cil.js,27,8,1,18
AdfsTesting.ApiAccess.WebTester/lib/prism/components/prism-ada.js,18,0,0,18
AdfsTesting.ApiAccess.WebTester/lib/prism/components/prism-scala.js,18,0,0,18
AdfsTesting.ApiAccess.WebTester/lib/prism/plugins/remove-initial-line-feed/prism-remove-initial-line-feed.js,21,3,1,17
AdfsTesting.ApiAccess.WebTester/lib/prism/components/prism-lua.js,19,0,2,17
AdfsTesting.ApiAccess.WebTester/ConfigManager/AppSettings.cs,20,3,0,17
AdfsTesting.ApiAccess.WebTester/lib/prism/components/prism-n1ql.js,17,0,0,17
AdfsTesting.ApiAccess.WebTester/lib/prism/components/prism-basic.js,16,0,0,16
AdfsTesting.ApiAccess.WebTester/lib/prism/components/prism-erb.js,20,4,0,16
AdfsTesting.WebApp.OAuth2/Controllers/HomeController.cs,18,2,0,16
AdfsTesting.WebClient.Angular/src/app/shared/filters/StringFormatFilter.ts,16,0,0,16
AdfsTesting.ApiAccess.WebTester/Properties/AssemblyInfo.cs,35,4,16,15
AdfsTesting.WebApp.OAuth2/Areas/HelpPage/ModelDescriptions/ParameterDescription.cs,20,5,0,15
AdfsTesting.ApiAccess.WebTester/lib/prism/components/prism-vbnet.js,15,0,0,15
AdfsTesting.ApiAccess.WebTester/lib/prism/components/prism-actionscript.js,16,1,0,15
AdfsTesting.WebApp.OAuth2/Properties/AssemblyInfo.cs,35,4,16,15
AdfsTesting.ApiAccess.WebTester/lib/prism/components/prism-prolog.js,19,0,4,15
AdfsTesting.WebClient.Angular/src/app/shared/constants/Constants.ts,18,1,2,15
AdfsTesting.WebClient.Angular/Properties/AssemblyInfo.cs,35,4,16,15
AdfsTesting.WebApp.OAuth2/Startup.cs,17,2,1,14
AdfsTesting.ApiAccess.WebTester/lib/prism/components/prism-glsl.js,15,1,0,14
AdfsTesting.ApiAccess.WebTester/lib/prism/components/prism-hpkp.js,20,1,5,14
AdfsTesting.ApiAccess.WebTester/Global.asax.cs,47,15,18,14
AdfsTesting.ApiAccess.WebTester/lib/prism/components/prism-verilog.js,19,0,5,14
AdfsTesting.ApiAccess.WebTester/lib/prism/components/prism-hsts.js,20,1,5,14
AdfsTesting.ApiAccess.WebTester/lib/prism/plugins/highlight-keywords/prism-highlight-keywords.js,17,3,0,14
AdfsTesting.ApiAccess.WebTester/lib/prism/components/prism-matlab.js,15,0,1,14
AdfsTesting.ApiAccess.WebTester/lib/prism/components/prism-gcode.js,15,0,1,14
AdfsTesting.ApiAccess.WebTester/lib/prism/components/prism-git.js,68,5,49,14
AdfsTesting.ApiAccess.WebTester/lib/prism/components/prism-keyman.js,13,0,0,13
AdfsTesting.ApiAccess.WebTester/lib/prism/components/prism-csp.js,24,1,10,13
AdfsTesting.WebClient.Angular/src/app/shared/main.ts,16,3,0,13
AdfsTesting.WebApp.OAuth2/Views/Shared/Error.cshtml,13,0,0,13
AdfsTesting.WebApp.OAuth2/Content/Site.css,17,2,2,13
AdfsTesting.ApiAccess.WebTester/lib/prism/components/prism-julia.js,13,0,0,13
AdfsTesting.WebApp.OAuth2/Models/OAuthRequest.cs,14,1,0,13
AdfsTesting.ApiAccess.WebTester/lib/prism/plugins/diff-highlight/prism-diff-highlight.css,13,1,0,12
AdfsTesting.WebApp.OAuth2/App_Start/FilterConfig.cs,13,1,0,12
AdfsTesting.ApiAccess.WebTester/lib/prism/components/prism-go.js,12,0,0,12
AdfsTesting.WebClient.Angular/src/app/shared/helpers/ValueHelper.ts,16,4,0,12
AdfsTesting.ApiAccess.WebTester/lib/prism/components/prism-liquid.js,12,0,0,12
AdfsTesting.WebApp.OAuth2/Areas/HelpPage/ModelDescriptions/ModelNameAttribute.cs,17,2,3,12
AdfsTesting.ApiAccess.WebTester/lib/prism/components/prism-processing.js,17,2,3,12
AdfsTesting.ApiAccess.WebTester/lib/prism/components/prism-clojure.js,13,0,1,12
AdfsTesting.ApiAccess.WebTester/lib/prism/components/prism-ichigojam.js,14,0,2,12
AdfsTesting.WebApp.OAuth2/Areas/HelpPage/ModelDescriptions/EnumTypeModelDescription.cs,14,2,0,12
AdfsTesting.WebApp.OAuth2/Areas/HelpPage/ModelDescriptions/ComplexTypeModelDescription.cs,13,2,0,11
AdfsTesting.WebApp.OAuth2/Areas/HelpPage/Views/Help/DisplayTemplates/InvalidSample.cshtml,12,1,0,11
AdfsTesting.ApiAccess.WebTester/lib/prism/components/prism-ini.js,11,0,0,11
AdfsTesting.ApiAccess.WebTester/lib/prism/components/prism-mizar.js,11,0,0,11
AdfsTesting.WebApp.OAuth2/Areas/HelpPage/Views/Shared/_Layout.cshtml,11,0,0,11
AdfsTesting.ApiAccess.WebTester/lib/prism/components/prism-php-extras.js,10,0,0,10
AdfsTesting.ApiAccess.WebTester/Models/SecurityResponseType.cs,11,1,0,10
AdfsTesting.WebApp.OAuth2/Models/OAuthResponse.cs,10,0,0,10
AdfsTesting.ApiAccess.WebTester/lib/prism/components/prism-nginx.js,11,1,0,10
AdfsTesting.ApiAccess.WebTester/lib/prism/components/prism-docker.js,11,1,0,10
AdfsTesting.ApiAccess.WebTester/lib/prism/components/prism-n4js.js,14,2,2,10
AdfsTesting.ApiAccess.WebTester/lib/prism/components/prism-nand2tetris-hdl.js,9,0,0,9
AdfsTesting.ApiAccess.WebTester/lib/prism/plugins/wpd/prism-wpd.css,10,1,0,9
AdfsTesting.ApiAccess.WebTester/lib/prism/components/prism-vim.js,9,0,0,9
AdfsTesting.WebApp.OAuth2/Areas/HelpPage/ModelDescriptions/ModelDescription.cs,15,3,3,9
AdfsTesting.WebApp.OAuth2/Areas/HelpPage/ModelDescriptions/IModelDocumentationProvider.cs,11,2,0,9
AdfsTesting.ApiAccess.WebTester/lib/prism/components/prism-arff.js,9,0,0,9
AdfsTesting.WebClient.Angular/src/app/modules/test/main.ts,12,3,0,9
AdfsTesting.ApiAccess.WebTester/lib/prism/plugins/unescaped-markup/prism-unescaped-markup.css,10,0,1,9
AdfsTesting.WebApp.OAuth2/Areas/HelpPage/ModelDescriptions/ParameterAnnotation.cs,10,2,0,8
AdfsTesting.WebClient.Angular/src/app/shared/components/user-identity/user-identity.html,8,0,0,8
AdfsTesting.ApiAccess.WebTester/lib/prism/components/prism-properties.js,8,0,0,8
AdfsTesting.WebApp.OAuth2/Areas/HelpPage/ModelDescriptions/EnumValueDescription.cs,10,2,0,8
AdfsTesting.ApiAccess.WebTester/lib/prism/components/prism-gml.js,7,0,0,7
AdfsTesting.WebClient.Angular/src/app/shared/index.ts,12,5,0,7
AdfsTesting.WebApp.OAuth2/Areas/HelpPage/SampleGeneration/SampleDirection.cs,10,0,3,7
AdfsTesting.WebApp.OAuth2/Areas/HelpPage/ModelDescriptions/KeyValuePairModelDescription.cs,8,1,0,7
AdfsTesting.ApiAccess.WebTester/lib/prism/components/prism-objectivec.js,7,1,0,6
AdfsTesting.WebApp.OAuth2/Areas/HelpPage/ModelDescriptions/CollectionModelDescription.cs,6,0,0,6
AdfsTesting.ApiAccess.WebTester/lib/prism/components/prism-jsonp.js,7,1,0,6
AdfsTesting.ApiAccess.WebTester/lib/prism/components/prism-typescript.js,7,1,1,5
AdfsTesting.WebApp.OAuth2/Areas/HelpPage/ModelDescriptions/SimpleTypeModelDescription.cs,5,0,0,5
AdfsTesting.ApiAccess.WebTester/lib/prism/components/prism-arduino.js,5,0,0,5
AdfsTesting.WebApp.OAuth2/Areas/HelpPage/Views/Help/DisplayTemplates/CollectionModelDescription.cshtml,5,0,0,5
AdfsTesting.WebApp.OAuth2/Areas/HelpPage/ModelDescriptions/DictionaryModelDescription.cs,5,0,0,5
AdfsTesting.WebApp.OAuth2/Areas/HelpPage/Views/Help/DisplayTemplates/TextSample.cshtml,5,1,0,4
AdfsTesting.WebApp.OAuth2/Areas/HelpPage/Views/_ViewStart.cshtml,3,0,0,3
AdfsTesting.WebApp.OAuth2/Scripts/jquery-1.10.2.min.js,6,0,3,3
AdfsTesting.WebApp.OAuth2/Areas/HelpPage/Views/Help/DisplayTemplates/KeyValuePairModelDescription.cshtml,3,0,0,3
AdfsTesting.WebApp.OAuth2/Areas/HelpPage/Views/Help/DisplayTemplates/DictionaryModelDescription.cshtml,3,0,0,3
AdfsTesting.WebApp.OAuth2/Views/_ViewStart.cshtml,3,0,0,3
AdfsTesting.ApiAccess.WebTester/Scripts/jquery-1.10.2.min.js,6,0,3,3
AdfsTesting.ApiAccess.WebTester/Views/_ViewStart.cshtml,3,0,0,3
AdfsTesting.WebClient.Angular/src/app/modules/test/test.html,3,0,0,3
AdfsTesting.WebApp.OAuth2/Areas/HelpPage/Views/Help/DisplayTemplates/ImageSample.cshtml,3,1,0,2
AdfsTesting.WebApp.OAuth2/Areas/HelpPage/Views/Help/DisplayTemplates/SimpleTypeModelDescription.cshtml,2,0,0,2
AdfsTesting.ApiAccess.WebTester/lib/prism/plugins/autolinker/prism-autolinker.css,2,0,0,2
AdfsTesting.WebApp.OAuth2/Areas/HelpPage/Views/Help/DisplayTemplates/ComplexTypeModelDescription.cshtml,2,0,0,2
AdfsTesting.ApiAccess.WebTester/lib/prism/plugins/line-highlight/prism-line-highlight.min.css,1,0,0,1
AdfsTesting.ApiAccess.WebTester/lib/prism/components/prism-t4-cs.js,1,0,0,1
AdfsTesting.WebClient.Angular/src/bootstrap.customizations.scss,1,0,0,1
AdfsTesting.WebApp.OAuth2/Scripts/respond.min.js,5,1,3,1
AdfsTesting.ApiAccess.WebTester/lib/prism/themes/prism.min.css,1,0,0,1
AdfsTesting.ApiAccess.WebTester/lib/prism/components/prism-t4-vb.js,1,0,0,1
AdfsTesting.ApiAccess.WebTester/lib/prism/themes/prism-twilight.min.css,1,0,0,1
AdfsTesting.ApiAccess.WebTester/lib/prism/themes/prism-tomorrow.min.css,1,0,0,1
AdfsTesting.ApiAccess.WebTester/lib/prism/themes/prism-solarizedlight.min.css,1,0,0,1
AdfsTesting.ApiAccess.WebTester/lib/prism/components/prism-tsx.js,1,0,0,1
AdfsTesting.ApiAccess.WebTester/lib/prism/themes/prism-okaidia.min.css,1,0,0,1
AdfsTesting.ApiAccess.WebTester/lib/prism/themes/prism-funky.min.css,1,0,0,1
AdfsTesting.ApiAccess.WebTester/lib/prism/themes/prism-dark.min.css,1,0,0,1
AdfsTesting.ApiAccess.WebTester/lib/prism/themes/prism-coy.min.css,1,0,0,1
AdfsTesting.ApiAccess.WebTester/lib/prism/plugins/toolbar/prism-toolbar.min.css,1,0,0,1
AdfsTesting.ApiAccess.WebTester/lib/prism/plugins/show-invisibles/prism-show-invisibles.min.css,1,0,0,1
AdfsTesting.ApiAccess.WebTester/lib/prism/plugins/previewers/prism-previewers.min.css,1,0,0,1
AdfsTesting.ApiAccess.WebTester/lib/prism/plugins/line-numbers/prism-line-numbers.min.css,1,0,0,1
AdfsTesting.ApiAccess.WebTester/lib/prism/plugins/diff-highlight/prism-diff-highlight.min.css,1,0,0,1
AdfsTesting.ApiAccess.WebTester/lib/prism/plugins/command-line/prism-command-line.min.css,1,0,0,1
AdfsTesting.ApiAccess.WebTester/lib/prism/components/prism-livescript.min.js,0,0,0,0
AdfsTesting.ApiAccess.WebTester/lib/prism/components/prism-css.min.js,0,0,0,0
AdfsTesting.ApiAccess.WebTester/lib/prism/components/prism-velocity.min.js,0,0,0,0
AdfsTesting.ApiAccess.WebTester/lib/prism/components/prism-vbnet.min.js,0,0,0,0
AdfsTesting.ApiAccess.WebTester/lib/prism/components/prism-verilog.min.js,0,0,0,0
AdfsTesting.ApiAccess.WebTester/lib/prism/components/prism-jsdoc.min.js,0,0,0,0
AdfsTesting.ApiAccess.WebTester/lib/prism/components/prism-vhdl.min.js,0,0,0,0
AdfsTesting.ApiAccess.WebTester/lib/prism/components/prism-swift.min.js,0,0,0,0
AdfsTesting.ApiAccess.WebTester/lib/prism/components/prism-vim.min.js,0,0,0,0
AdfsTesting.ApiAccess.WebTester/lib/prism/components/prism-js-templates.min.js,0,0,0,0
AdfsTesting.ApiAccess.WebTester/lib/prism/components/prism-visual-basic.min.js,0,0,0,0
AdfsTesting.ApiAccess.WebTester/lib/prism/components/prism-js-extras.min.js,0,0,0,0
AdfsTesting.ApiAccess.WebTester/lib/prism/components/prism-wasm.min.js,0,0,0,0
AdfsTesting.ApiAccess.WebTester/lib/prism/components/prism-jq.min.js,0,0,0,0
AdfsTesting.ApiAccess.WebTester/lib/prism/components/prism-wiki.min.js,0,0,0,0
AdfsTesting.ApiAccess.WebTester/lib/prism/components/prism-jolie.min.js,0,0,0,0
AdfsTesting.ApiAccess.WebTester/lib/prism/components/prism-xeora.min.js,0,0,0,0
AdfsTesting.ApiAccess.WebTester/lib/prism/components/prism-javastacktrace.min.js,0,0,0,0
AdfsTesting.ApiAccess.WebTester/lib/prism/components/prism-xojo.min.js,0,0,0,0
AdfsTesting.ApiAccess.WebTester/lib/prism/components/prism-javascript.min.js,0,0,0,0
AdfsTesting.ApiAccess.WebTester/lib/prism/components/prism-xquery.min.js,0,0,0,0
AdfsTesting.ApiAccess.WebTester/lib/prism/components/prism-javadoclike.min.js,0,0,0,0
AdfsTesting.ApiAccess.WebTester/lib/prism/components/prism-yaml.min.js,0,0,0,0
AdfsTesting.ApiAccess.WebTester/lib/prism/components/prism-kotlin.min.js,0,0,0,0
AdfsTesting.ApiAccess.WebTester/lib/prism/components/prism-javadoc.min.js,0,0,0,0
AdfsTesting.ApiAccess.WebTester/lib/prism/plugins/autolinker/prism-autolinker.min.js,0,0,0,0
AdfsTesting.ApiAccess.WebTester/lib/prism/components/prism-java.min.js,0,0,0,0
AdfsTesting.ApiAccess.WebTester/lib/prism/plugins/autoloader/prism-autoloader.min.js,0,0,0,0
AdfsTesting.ApiAccess.WebTester/lib/prism/components/prism-j.min.js,0,0,0,0
AdfsTesting.ApiAccess.WebTester/lib/prism/components/prism-io.min.js,0,0,0,0
AdfsTesting.ApiAccess.WebTester/lib/prism/components/prism-t4-cs.min.js,0,0,0,0
AdfsTesting.ApiAccess.WebTester/lib/prism/plugins/command-line/prism-command-line.min.js,0,0,0,0
AdfsTesting.ApiAccess.WebTester/lib/prism/components/prism-ini.min.js,0,0,0,0
AdfsTesting.ApiAccess.WebTester/lib/prism/plugins/copy-to-clipboard/prism-copy-to-clipboard.min.js,0,0,0,0
AdfsTesting.ApiAccess.WebTester/lib/prism/components/prism-stylus.min.js,0,0,0,0
AdfsTesting.ApiAccess.WebTester/lib/prism/plugins/custom-class/prism-custom-class.min.js,0,0,0,0
AdfsTesting.ApiAccess.WebTester/lib/prism/components/prism-inform7.min.js,0,0,0,0
AdfsTesting.ApiAccess.WebTester/lib/prism/plugins/data-uri-highlight/prism-data-uri-highlight.min.js,0,0,0,0
AdfsTesting.ApiAccess.WebTester/lib/prism/components/prism-latex.min.js,0,0,0,0
AdfsTesting.ApiAccess.WebTester/lib/prism/components/prism-icon.min.js,0,0,0,0
AdfsTesting.ApiAccess.WebTester/lib/prism/components/prism-vala.min.js,0,0,0,0
AdfsTesting.ApiAccess.WebTester/lib/prism/plugins/diff-highlight/prism-diff-highlight.min.js,0,0,0,0
AdfsTesting.ApiAccess.WebTester/lib/prism/components/prism-ichigojam.min.js,0,0,0,0
AdfsTesting.ApiAccess.WebTester/lib/prism/plugins/file-highlight/prism-file-highlight.min.js,0,0,0,0
AdfsTesting.ApiAccess.WebTester/lib/prism/components/prism-sql.min.js,0,0,0,0
AdfsTesting.ApiAccess.WebTester/lib/prism/plugins/highlight-keywords/prism-highlight-keywords.min.js,0,0,0,0
AdfsTesting.ApiAccess.WebTester/lib/prism/components/prism-less.min.js,0,0,0,0
AdfsTesting.ApiAccess.WebTester/lib/prism/plugins/jsonp-highlight/prism-jsonp-highlight.min.js,0,0,0,0
AdfsTesting.ApiAccess.WebTester/lib/prism/components/prism-http.min.js,0,0,0,0
AdfsTesting.ApiAccess.WebTester/lib/prism/plugins/keep-markup/prism-keep-markup.min.js,0,0,0,0
AdfsTesting.ApiAccess.WebTester/lib/prism/components/prism-hsts.min.js,0,0,0,0
AdfsTesting.ApiAccess.WebTester/lib/prism/components/prism-splunk-spl.min.js,0,0,0,0
AdfsTesting.ApiAccess.WebTester/lib/prism/components/prism-parigp.min.js,0,0,0,0
AdfsTesting.ApiAccess.WebTester/lib/prism/plugins/line-highlight/prism-line-highlight.min.js,0,0,0,0
AdfsTesting.ApiAccess.WebTester/lib/prism/components/prism-hpkp.min.js,0,0,0,0
AdfsTesting.ApiAccess.WebTester/lib/prism/components/prism-lilypond.min.js,0,0,0,0
AdfsTesting.ApiAccess.WebTester/lib/prism/components/prism-json5.min.js,0,0,0,0
AdfsTesting.ApiAccess.WebTester/lib/prism/plugins/line-numbers/prism-line-numbers.min.js,0,0,0,0
AdfsTesting.ApiAccess.WebTester/lib/prism/components/prism-hcl.min.js,0,0,0,0
AdfsTesting.ApiAccess.WebTester/lib/prism/plugins/normalize-whitespace/prism-normalize-whitespace.min.js,0,0,0,0
AdfsTesting.ApiAccess.WebTester/lib/prism/components/prism-haxe.min.js,0,0,0,0
AdfsTesting.ApiAccess.WebTester/lib/prism/components/prism-haskell.min.js,0,0,0,0
AdfsTesting.ApiAccess.WebTester/lib/prism/components/prism-typescript.min.js,0,0,0,0
AdfsTesting.ApiAccess.WebTester/lib/prism/plugins/previewers/prism-previewers.min.js,0,0,0,0
AdfsTesting.ApiAccess.WebTester/lib/prism/components/prism-handlebars.min.js,0,0,0,0
AdfsTesting.ApiAccess.WebTester/lib/prism/plugins/remove-initial-line-feed/prism-remove-initial-line-feed.min.js,0,0,0,0
AdfsTesting.ApiAccess.WebTester/lib/prism/components/prism-haml.min.js,0,0,0,0
AdfsTesting.ApiAccess.WebTester/lib/prism/components/prism-groovy.min.js,0,0,0,0
AdfsTesting.ApiAccess.WebTester/lib/prism/components/prism-keyman.min.js,0,0,0,0
AdfsTesting.ApiAccess.WebTester/lib/prism/plugins/show-invisibles/prism-show-invisibles.min.js,0,0,0,0
AdfsTesting.ApiAccess.WebTester/lib/prism/components/prism-graphql.min.js,0,0,0,0
AdfsTesting.ApiAccess.WebTester/lib/prism/plugins/show-language/prism-show-language.min.js,0,0,0,0
AdfsTesting.ApiAccess.WebTester/lib/prism/components/prism-go.min.js,0,0,0,0
AdfsTesting.ApiAccess.WebTester/lib/prism/components/prism-soy.min.js,0,0,0,0
AdfsTesting.ApiAccess.WebTester/lib/prism/components/prism-twig.min.js,0,0,0,0
AdfsTesting.ApiAccess.WebTester/lib/prism/plugins/toolbar/prism-toolbar.min.js,0,0,0,0
AdfsTesting.ApiAccess.WebTester/lib/prism/components/prism-smarty.min.js,0,0,0,0
AdfsTesting.ApiAccess.WebTester/lib/prism/components/prism-gml.min.js,0,0,0,0
AdfsTesting.ApiAccess.WebTester/lib/prism/plugins/unescaped-markup/prism-unescaped-markup.min.js,0,0,0,0
AdfsTesting.ApiAccess.WebTester/lib/prism/components/prism-liquid.min.js,0,0,0,0
AdfsTesting.ApiAccess.WebTester/lib/prism/components/prism-smalltalk.min.js,0,0,0,0
AdfsTesting.ApiAccess.WebTester/lib/prism/plugins/wpd/prism-wpd.min.js,0,0,0,0
AdfsTesting.ApiAccess.WebTester/lib/prism/components/prism-glsl.min.js,0,0,0,0
AdfsTesting.ApiAccess.WebTester/lib/prism/prism.min.js,0,0,0,0
AdfsTesting.ApiAccess.WebTester/lib/prism/components/prism-lisp.min.js,0,0,0,0
AdfsTesting.ApiAccess.WebTester/lib/prism/components/prism-t4-templating.min.js,0,0,0,0
AdfsTesting.ApiAccess.WebTester/lib/prism/components/prism-git.min.js,0,0,0,0
AdfsTesting.ApiAccess.WebTester/lib/prism/components/prism-tt2.min.js,0,0,0,0
AdfsTesting.ApiAccess.WebTester/lib/prism/components/prism-shell-session.min.js,0,0,0,0
AdfsTesting.ApiAccess.WebTester/lib/prism/components/prism-jsonp.min.js,0,0,0,0
AdfsTesting.ApiAccess.WebTester/lib/prism/components/prism-gherkin.min.js,0,0,0,0
AdfsTesting.ApiAccess.WebTester/lib/prism/components/prism-tsx.min.js,0,0,0,0
AdfsTesting.ApiAccess.WebTester/lib/prism/components/prism-gedcom.min.js,0,0,0,0
AdfsTesting.ApiAccess.WebTester/lib/prism/components/prism-toml.min.js,0,0,0,0
AdfsTesting.ApiAccess.WebTester/lib/prism/components/prism-gcode.min.js,0,0,0,0
AdfsTesting.ApiAccess.WebTester/lib/prism/components/prism-jsx.min.js,0,0,0,0
AdfsTesting.ApiAccess.WebTester/lib/prism/components/prism-t4-vb.min.js,0,0,0,0
AdfsTesting.ApiAccess.WebTester/lib/prism/components/prism-textile.min.js,0,0,0,0
AdfsTesting.ApiAccess.WebTester/lib/prism/components/prism-fsharp.min.js,0,0,0,0
AdfsTesting.ApiAccess.WebTester/lib/prism/components/prism-tcl.min.js,0,0,0,0
AdfsTesting.ApiAccess.WebTester/lib/prism/components/prism-fortran.min.js,0,0,0,0
AdfsTesting.ApiAccess.WebTester/lib/prism/components/prism-scss.min.js,0,0,0,0
AdfsTesting.ApiAccess.WebTester/lib/prism/components/prism-flow.min.js,0,0,0,0
AdfsTesting.ApiAccess.WebTester/lib/prism/components/prism-erlang.min.js,0,0,0,0
AdfsTesting.ApiAccess.WebTester/lib/prism/components/prism-erb.min.js,0,0,0,0
AdfsTesting.ApiAccess.WebTester/lib/prism/components/prism-lolcode.min.js,0,0,0,0
AdfsTesting.ApiAccess.WebTester/lib/prism/components/prism-apacheconf.min.js,0,0,0,0
AdfsTesting.ApiAccess.WebTester/lib/prism/components/prism-json.min.js,0,0,0,0
AdfsTesting.ApiAccess.WebTester/lib/prism/components/prism-pure.min.js,0,0,0,0
AdfsTesting.ApiAccess.WebTester/lib/prism/components/prism-eiffel.min.js,0,0,0,0
AdfsTesting.ApiAccess.WebTester/lib/prism/components/prism-ebnf.min.js,0,0,0,0
AdfsTesting.ApiAccess.WebTester/lib/prism/components/prism-docker.min.js,0,0,0,0
AdfsTesting.ApiAccess.WebTester/lib/prism/components/prism-scheme.min.js,0,0,0,0
AdfsTesting.ApiAccess.WebTester/lib/prism/components/prism-scala.min.js,0,0,0,0
AdfsTesting.ApiAccess.WebTester/lib/prism/components/prism-lua.min.js,0,0,0,0
AdfsTesting.ApiAccess.WebTester/lib/prism/components/prism-sass.min.js,0,0,0,0
AdfsTesting.ApiAccess.WebTester/lib/prism/components/prism-makefile.min.js,0,0,0,0
AdfsTesting.ApiAccess.WebTester/lib/prism/components/prism-sas.min.js,0,0,0,0
AdfsTesting.ApiAccess.WebTester/lib/prism/components/prism-markdown.min.js,0,0,0,0
AdfsTesting.ApiAccess.WebTester/lib/prism/components/prism-rust.min.js,0,0,0,0
AdfsTesting.ApiAccess.WebTester/lib/prism/components/prism-markup-templating.min.js,0,0,0,0
AdfsTesting.ApiAccess.WebTester/lib/prism/components/prism-ruby.min.js,0,0,0,0
AdfsTesting.ApiAccess.WebTester/lib/prism/components/prism-dns-zone-file.min.js,0,0,0,0
AdfsTesting.ApiAccess.WebTester/lib/prism/components/prism-markup.min.js,0,0,0,0
AdfsTesting.ApiAccess.WebTester/lib/prism/components/prism-roboconf.min.js,0,0,0,0
AdfsTesting.ApiAccess.WebTester/lib/prism/components/prism-rip.min.js,0,0,0,0
AdfsTesting.ApiAccess.WebTester/lib/prism/components/prism-django.min.js,0,0,0,0
AdfsTesting.ApiAccess.WebTester/lib/prism/components/prism-diff.min.js,0,0,0,0
AdfsTesting.ApiAccess.WebTester/lib/prism/components/prism-dart.min.js,0,0,0,0
AdfsTesting.ApiAccess.WebTester/lib/prism/components/prism-d.min.js,0,0,0,0
AdfsTesting.ApiAccess.WebTester/lib/prism/components/prism-elixir.min.js,0,0,0,0
AdfsTesting.ApiAccess.WebTester/lib/prism/components/prism-css-extras.min.js,0,0,0,0
AdfsTesting.ApiAccess.WebTester/lib/prism/components/prism-matlab.min.js,0,0,0,0
AdfsTesting.ApiAccess.WebTester/lib/prism/components/prism-csp.min.js,0,0,0,0
AdfsTesting.ApiAccess.WebTester/lib/prism/components/prism-rest.min.js,0,0,0,0
AdfsTesting.ApiAccess.WebTester/lib/prism/components/prism-csharp.min.js,0,0,0,0
AdfsTesting.ApiAccess.WebTester/lib/prism/components/prism-mel.min.js,0,0,0,0
AdfsTesting.ApiAccess.WebTester/lib/prism/components/prism-renpy.min.js,0,0,0,0
AdfsTesting.ApiAccess.WebTester/lib/prism/components/prism-regex.min.js,0,0,0,0
AdfsTesting.ApiAccess.WebTester/lib/prism/components/prism-crystal.min.js,0,0,0,0
AdfsTesting.ApiAccess.WebTester/lib/prism/components/prism-cpp.min.js,0,0,0,0
AdfsTesting.ApiAccess.WebTester/lib/prism/components/prism-mizar.min.js,0,0,0,0
AdfsTesting.ApiAccess.WebTester/lib/prism/components/prism-reason.min.js,0,0,0,0
AdfsTesting.ApiAccess.WebTester/lib/prism/components/prism-monkey.min.js,0,0,0,0
AdfsTesting.ApiAccess.WebTester/lib/prism/components/prism-core.min.js,0,0,0,0
AdfsTesting.ApiAccess.WebTester/lib/prism/components/prism-coffeescript.min.js,0,0,0,0
AdfsTesting.ApiAccess.WebTester/lib/prism/components/prism-cmake.min.js,0,0,0,0
AdfsTesting.ApiAccess.WebTester/lib/prism/components/prism-r.min.js,0,0,0,0
AdfsTesting.ApiAccess.WebTester/lib/prism/components/prism-qore.min.js,0,0,0,0
AdfsTesting.ApiAccess.WebTester/lib/prism/components/prism-clojure.min.js,0,0,0,0
AdfsTesting.ApiAccess.WebTester/lib/prism/components/prism-n1ql.min.js,0,0,0,0
AdfsTesting.ApiAccess.WebTester/lib/prism/components/prism-q.min.js,0,0,0,0
AdfsTesting.ApiAccess.WebTester/lib/prism/components/prism-python.min.js,0,0,0,0
AdfsTesting.ApiAccess.WebTester/lib/prism/components/prism-clike.min.js,0,0,0,0
AdfsTesting.ApiAccess.WebTester/lib/prism/components/prism-n4js.min.js,0,0,0,0
AdfsTesting.ApiAccess.WebTester/lib/prism/components/prism-cil.min.js,0,0,0,0
AdfsTesting.WebApp.OAuth2/Content/bootstrap-theme.min.css,0,0,0,0
AdfsTesting.ApiAccess.WebTester/lib/prism/components/prism-c.min.js,0,0,0,0
AdfsTesting.WebApp.OAuth2/Content/bootstrap.min.css,8,0,8,0
AdfsTesting.ApiAccess.WebTester/lib/prism/components/prism-bro.min.js,0,0,0,0
AdfsTesting.ApiAccess.WebTester/lib/prism/components/prism-brainfuck.min.js,0,0,0,0
AdfsTesting.ApiAccess.WebTester/lib/prism/components/prism-ejs.min.js,0,0,0,0
AdfsTesting.ApiAccess.WebTester/lib/prism/components/prism-bnf.min.js,0,0,0,0
AdfsTesting.ApiAccess.WebTester/lib/prism/components/prism-bison.min.js,0,0,0,0
AdfsTesting.ApiAccess.WebTester/lib/prism/components/prism-batch.min.js,0,0,0,0
AdfsTesting.ApiAccess.WebTester/lib/prism/components/prism-basic.min.js,0,0,0,0
AdfsTesting.ApiAccess.WebTester/lib/prism/components/prism-puppet.min.js,0,0,0,0
AdfsTesting.ApiAccess.WebTester/lib/prism/components/prism-nand2tetris-hdl.min.js,0,0,0,0
AdfsTesting.ApiAccess.WebTester/lib/prism/components/prism-pug.min.js,0,0,0,0
AdfsTesting.ApiAccess.WebTester/lib/prism/components/prism-bash.min.js,0,0,0,0
AdfsTesting.ApiAccess.WebTester/lib/prism/components/prism-nasm.min.js,0,0,0,0
AdfsTesting.ApiAccess.WebTester/lib/prism/components/prism-autoit.min.js,0,0,0,0
AdfsTesting.ApiAccess.WebTester/lib/prism/components/prism-autohotkey.min.js,0,0,0,0
AdfsTesting.ApiAccess.WebTester/lib/prism/components/prism-aspnet.min.js,0,0,0,0
AdfsTesting.ApiAccess.WebTester/lib/prism/components/prism-asm6502.min.js,0,0,0,0
AdfsTesting.WebApp.OAuth2/Scripts/bootstrap.min.js,20,1,19,0
AdfsTesting.ApiAccess.WebTester/lib/prism/components/prism-asciidoc.min.js,0,0,0,0
AdfsTesting.ApiAccess.WebTester/lib/prism/components/prism-arff.min.js,0,0,0,0
AdfsTesting.ApiAccess.WebTester/lib/prism/components/prism-protobuf.min.js,0,0,0,0
AdfsTesting.ApiAccess.WebTester/lib/prism/components/prism-properties.min.js,0,0,0,0
AdfsTesting.ApiAccess.WebTester/lib/prism/components/prism-arduino.min.js,0,0,0,0
AdfsTesting.WebApp.OAuth2/Scripts/jquery.validate.min.js,1,0,1,0
AdfsTesting.ApiAccess.WebTester/lib/prism/components/prism-prolog.min.js,0,0,0,0
AdfsTesting.WebApp.OAuth2/Scripts/jquery.validate.unobtrusive.min.js,18,0,18,0
AdfsTesting.ApiAccess.WebTester/lib/prism/components/prism-applescript.min.js,0,0,0,0
AdfsTesting.ApiAccess.WebTester/lib/prism/components/prism-apl.min.js,0,0,0,0
AdfsTesting.ApiAccess.WebTester/lib/prism/components/prism-julia.min.js,0,0,0,0
AdfsTesting.ApiAccess.WebTester/lib/prism/components/prism-processing.min.js,0,0,0,0
AdfsTesting.ApiAccess.WebTester/lib/prism/components/prism-elm.min.js,0,0,0,0
AdfsTesting.ApiAccess.WebTester/lib/prism/components/prism-powershell.min.js,0,0,0,0
AdfsTesting.ApiAccess.WebTester/lib/prism/components/prism-ada.min.js,0,0,0,0
AdfsTesting.ApiAccess.WebTester/lib/prism/components/prism-nginx.min.js,0,0,0,0
AdfsTesting.ApiAccess.WebTester/lib/prism/components/prism-plsql.min.js,0,0,0,0
AdfsTesting.ApiAccess.WebTester/lib/prism/components/prism-actionscript.min.js,0,0,0,0
AdfsTesting.ApiAccess.WebTester/lib/prism/components/prism-nim.min.js,0,0,0,0
AdfsTesting.ApiAccess.WebTester/lib/prism/components/prism-phpdoc.min.js,0,0,0,0
AdfsTesting.ApiAccess.WebTester/lib/prism/components/prism-abnf.min.js,0,0,0,0
AdfsTesting.ApiAccess.WebTester/lib/prism/components/prism-nix.min.js,0,0,0,0
AdfsTesting.ApiAccess.WebTester/lib/prism/components/prism-abap.min.js,0,0,0,0
AdfsTesting.ApiAccess.WebTester/lib/prism/components/prism-php.min.js,0,0,0,0
AdfsTesting.ApiAccess.WebTester/lib/prism/components/prism-nsis.min.js,0,0,0,0
AdfsTesting.ApiAccess.WebTester/lib/prism/components/prism-php-extras.min.js,0,0,0,0
AdfsTesting.ApiAccess.WebTester/lib/prism/components/prism-perl.min.js,0,0,0,0
AdfsTesting.WebClient.Angular/src/app/shared/index.d.ts,0,0,0,0
AdfsTesting.ApiAccess.WebTester/lib/prism/components/prism-pcaxis.min.js,0,0,0,0
AdfsTesting.ApiAccess.WebTester/lib/prism/components/prism-objectivec.min.js,0,0,0,0
AdfsTesting.ApiAccess.WebTester/lib/prism/components/prism-pascaligo.min.js,0,0,0,0
AdfsTesting.ApiAccess.WebTester/Scripts/jquery.validate.unobtrusive.min.js,18,0,18,0
AdfsTesting.ApiAccess.WebTester/Scripts/jquery.validate.min.js,1,0,1,0
AdfsTesting.ApiAccess.WebTester/lib/prism/components/prism-ocaml.min.js,0,0,0,0
AdfsTesting.ApiAccess.WebTester/lib/prism/components/prism-pascal.min.js,0,0,0,0
AdfsTesting.ApiAccess.WebTester/lib/prism/components/prism-tap.min.js,0,0,0,0
AdfsTesting.ApiAccess.WebTester/lib/prism/components/prism-opencl.min.js,0,0,0,0
AdfsTesting.ApiAccess.WebTester/lib/prism/components/prism-parser.min.js,0,0,0,0
AdfsTesting.ApiAccess.WebTester/lib/prism/components/prism-oz.min.js,0,0,0,0
