File,Lines,Blank Lines,Comments,Code Lines
pom.xml,69,4,0,65
app-k8s/spring-demo.yaml,42,0,0,42
src/test/java/com/sonarsource/springdemo/AppControllerTest.java,36,8,0,28
src/main/java/com/sonarsource/springdemo/AppController.java,24,6,0,18
src/main/java/com/sonarsource/springdemo/DataUtils.java,19,4,0,15
src/test/java/com/sonarsource/springdemo/JavaSpringWebAppApplicationTests.java,19,5,0,14
src/main/java/com/sonarsource/springdemo/JavaSpringWebAppApplication.java,13,4,0,9
src/main/resources/data-h2.sql,7,0,1,6
src/test/resources/data-h2.sql,7,0,1,6
