{
  "TotalFiles": 9,
  "TotalLines": 321,
  "TotalBlankLines": 26,
  "TotalComments": 12,
  "TotalCodeLines": 283,
  "Results": [
    {
      "Language": "YAML",
      "Files": 2,
      "Lines": 159,
      "BlankLines": 1,
      "Comments": 10,
      "CodeLines": 148
    },
    {
      "Language": "XML",
      "Files": 1,
      "Lines": 69,
      "BlankLines": 4,
      "Comments": 0,
      "CodeLines": 65
    },
    {
      "Language": "Java",
      "Files": 4,
      "Lines": 79,
      "BlankLines": 21,
      "Comments": 0,
      "CodeLines": 58
    },
    {
      "Language": "SQL",
      "Files": 2,
      "Lines": 14,
      "BlankLines": 0,
      "Comments": 2,
      "CodeLines": 12
    }
  ]
}