{
  "TotalFiles": 58,
  "TotalLines": 1634,
  "TotalBlankLines": 169,
  "TotalComments": 154,
  "TotalCodeLines": 1311,
  "Results": [
    {
      "Language": "JavaScript",
      "Files": 52,
      "Lines": 1473,
      "BlankLines": 149,
      "Comments": 146,
      "CodeLines": 1178
    },
    {
      "Language": "YAML",
      "Files": 4,
      "Lines": 154,
      "BlankLines": 20,
      "Comments": 8,
      "CodeLines": 126
    },
    {
      "Language": "SQL",
      "Files": 2,
      "Lines": 7,
      "BlankLines": 0,
      "Comments": 0,
      "CodeLines": 7
    }
  ]
}