{
  "TotalFiles": 192,
  "TotalLines": 88578,
  "TotalBlankLines": 10871,
  "TotalComments": 9938,
  "TotalCodeLines": 67769,
  "Results": [
    {
      "Language": "JavaScript",
      "Files": 28,
      "Lines": 44759,
      "BlankLines": 7837,
      "Comments": 9019,
      "CodeLines": 27903
    },
    {
      "Language": "C#",
      "Files": 131,
      "Lines": 28189,
      "BlankLines": 2924,
      "Comments": 855,
      "CodeLines": 24410
    },
    {
      "Language": "CSS",
      "Files": 13,
      "Lines": 14905,
      "BlankLines": 24,
      "Comments": 58,
      "CodeLines": 14823
    },
    {
      "Language": "HTML",
      "Files": 19,
      "Lines": 691,
      "BlankLines": 79,
      "Comments": 2,
      "CodeLines": 610
    },
    {
      "Language": "YAML",
      "Files": 1,
      "Lines": 34,
      "BlankLines": 7,
      "Comments": 4,
      "CodeLines": 23
    }
  ]
}