{
  "TotalFiles": 178,
  "TotalLines": 11260,
  "TotalBlankLines": 1681,
  "TotalComments": 1455,
  "TotalCodeLines": 8124,
  "Results": [
    {
      "Language": "C#",
      "Files": 171,
      "Lines": 10875,
      "BlankLines": 1631,
      "Comments": 1453,
      "CodeLines": 7791
    },
    {
      "Language": "YAML",
      "Files": 4,
      "Lines": 150,
      "BlankLines": 12,
      "Comments": 0,
      "CodeLines": 138
    },
    {
      "Language": "JavaScript",
      "Files": 1,
      "Lines": 99,
      "BlankLines": 9,
      "Comments": 0,
      "CodeLines": 90
    },
    {
      "Language": "HTML",
      "Files": 1,
      "Lines": 109,
      "BlankLines": 24,
      "Comments": 2,
      "CodeLines": 83
    },
    {
      "Language": "CSS",
      "Files": 1,
      "Lines": 27,
      "BlankLines": 5,
      "Comments": 0,
      "CodeLines": 22
    }
  ]
}