{
  "TotalFiles": 1339,
  "TotalLines": 196839,
  "TotalBlankLines": 43927,
  "TotalComments": 2932,
  "TotalCodeLines": 149980,
  "Results": [
    {
      "Language": "Abap",
      "Files": 672,
      "Lines": 175983,
      "BlankLines": 43194,
      "Comments": 2441,
      "CodeLines": 130348
    },
    {
      "Language": "XML",
      "Files": 651,
      "Lines": 15359,
      "BlankLines": 0,
      "Comments": 0,
      "CodeLines": 15359
    },
    {
      "Language": "CSS",
      "Files": 7,
      "Lines": 2698,
      "BlankLines": 322,
      "Comments": 153,
      "CodeLines": 2223
    },
    {
      "Language": "JavaScript",
      "Files": 1,
      "Lines": 2522,
      "BlankLines": 386,
      "Comments": 314,
      "CodeLines": 1822
    },
    {
      "Language": "YAML",
      "Files": 6,
      "Lines": 226,
      "BlankLines": 20,
      "Comments": 7,
      "CodeLines": 199
    },
    {
      "Language": "TypeScript",
      "Files": 2,
      "Lines": 51,
      "BlankLines": 5,
      "Comments": 17,
      "CodeLines": 29
    }
  ]
}