{
  "TotalFiles": 40,
  "TotalLines": 1346,
  "TotalBlankLines": 162,
  "TotalComments": 155,
  "TotalCodeLines": 1029,
  "Results": [
    {
      "Language": "TypeScript",
      "Files": 26,
      "Lines": 939,
      "BlankLines": 113,
      "Comments": 124,
      "CodeLines": 702
    },
    {
      "Language": "HTML",
      "Files": 6,
      "Lines": 207,
      "BlankLines": 24,
      "Comments": 14,
      "CodeLines": 169
    },
    {
      "Language": "Scss",
      "Files": 6,
      "Lines": 141,
      "BlankLines": 22,
      "Comments": 13,
      "CodeLines": 106
    },
    {
      "Language": "JavaScript",
      "Files": 2,
      "Lines": 59,
      "BlankLines": 3,
      "Comments": 4,
      "CodeLines": 52
    }
  ]
}