{
  "TotalFiles": 223,
  "TotalLines": 226169,
  "TotalBlankLines": 454,
  "TotalComments": 55907,
  "TotalCodeLines": 169808,
  "Results": [
    {
      "Language": "JCL",
      "Files": 218,
      "Lines": 224684,
      "BlankLines": 440,
      "Comments": 55546,
      "CodeLines": 168698
    },
    {
      "Language": "COBOL",
      "Files": 4,
      "Lines": 1422,
      "BlankLines": 0,
      "Comments": 342,
      "CodeLines": 1080
    },
    {
      "Language": "YAML",
      "Files": 1,
      "Lines": 63,
      "BlankLines": 14,
      "Comments": 19,
      "CodeLines": 30
    }
  ]
}