{
  "TotalFiles": 105,
  "TotalLines": 19012,
  "TotalBlankLines": 349,
  "TotalComments": 316,
  "TotalCodeLines": 18347,
  "Results": [
    {
      "Language": "XML",
      "Files": 10,
      "Lines": 16428,
      "BlankLines": 0,
      "Comments": 0,
      "CodeLines": 16428
    },
    {
      "Language": "C#",
      "Files": 94,
      "Lines": 2487,
      "BlankLines": 338,
      "Comments": 277,
      "CodeLines": 1872
    },
    {
      "Language": "YAML",
      "Files": 1,
      "Lines": 97,
      "BlankLines": 11,
      "Comments": 39,
      "CodeLines": 47
    }
  ]
}