{
  "TotalFiles": 156,
  "TotalLines": 12280,
  "TotalBlankLines": 1448,
  "TotalComments": 2489,
  "TotalCodeLines": 8343,
  "Results": [
    {
      "Language": "Apex",
      "Files": 61,
      "Lines": 10681,
      "BlankLines": 1431,
      "Comments": 2420,
      "CodeLines": 6830
    },
    {
      "Language": "XML",
      "Files": 92,
      "Lines": 1525,
      "BlankLines": 12,
      "Comments": 69,
      "CodeLines": 1444
    },
    {
      "Language": "YAML",
      "Files": 1,
      "Lines": 38,
      "BlankLines": 0,
      "Comments": 0,
      "CodeLines": 38
    },
    {
      "Language": "JavaScript",
      "Files": 2,
      "Lines": 36,
      "BlankLines": 5,
      "Comments": 0,
      "CodeLines": 31
    }
  ]
}