{
  "TotalFiles": 13,
  "TotalLines": 446,
  "TotalBlankLines": 65,
  "TotalComments": 0,
  "TotalCodeLines": 381,
  "Results": [
    {
      "Language": "Java",
      "Files": 9,
      "Lines": 297,
      "BlankLines": 59,
      "Comments": 0,
      "CodeLines": 238
    },
    {
      "Language": "XML",
      "Files": 1,
      "Lines": 94,
      "BlankLines": 3,
      "Comments": 0,
      "CodeLines": 91
    },
    {
      "Language": "YAML",
      "Files": 1,
      "Lines": 40,
      "BlankLines": 2,
      "Comments": 0,
      "CodeLines": 38
    },
    {
      "Language": "SQL",
      "Files": 2,
      "Lines": 15,
      "BlankLines": 1,
      "Comments": 0,
      "CodeLines": 14
    }
  ]
}