{
  "TotalFiles": 14,
  "TotalLines": 580,
  "TotalBlankLines": 66,
  "TotalComments": 74,
  "TotalCodeLines": 440,
  "Results": [
    {
      "Language": "YAML",
      "Files": 3,
      "Lines": 158,
      "BlankLines": 10,
      "Comments": 0,
      "CodeLines": 148
    },
    {
      "Language": "Python",
      "Files": 4,
      "Lines": 161,
      "BlankLines": 22,
      "Comments": 45,
      "CodeLines": 94
    },
    {
      "Language": "Java",
      "Files": 2,
      "Lines": 126,
      "BlankLines": 21,
      "Comments": 15,
      "CodeLines": 90
    },
    {
      "Language": "XML",
      "Files": 1,
      "Lines": 85,
      "BlankLines": 7,
      "Comments": 4,
      "CodeLines": 74
    },
    {
      "Language": "C#",
      "Files": 4,
      "Lines": 50,
      "BlankLines": 6,
      "Comments": 10,
      "CodeLines": 34
    }
  ]
}