{
  "TotalFiles": 268,
  "TotalLines": 253355,
  "TotalBlankLines": 11170,
  "TotalComments": 10281,
  "TotalCodeLines": 231904,
  "Results": [
    {
      "Language": "XML",
      "Files": 28,
      "Lines": 149119,
      "BlankLines": 92,
      "Comments": 0,
      "CodeLines": 149027
    },
    {
      "Language": "C#",
      "Files": 203,
      "Lines": 71192,
      "BlankLines": 6624,
      "Comments": 4370,
      "CodeLines": 60198
    },
    {
      "Language": "JavaScript",
      "Files": 8,
      "Lines": 25096,
      "BlankLines": 4394,
      "Comments": 5885,
      "CodeLines": 14817
    },
    {
      "Language": "CSS",
      "Files": 6,
      "Lines": 7505,
      "BlankLines": 30,
      "Comments": 26,
      "CodeLines": 7449
    },
    {
      "Language": "HTML",
      "Files": 23,
      "Lines": 443,
      "BlankLines": 30,
      "Comments": 0,
      "CodeLines": 413
    }
  ]
}