{
  "TotalFiles": 21,
  "TotalLines": 1410,
  "TotalBlankLines": 152,
  "TotalComments": 18,
  "TotalCodeLines": 1240,
  "Results": [
    {
      "Language": "Python",
      "Files": 5,
      "Lines": 743,
      "BlankLines": 135,
      "Comments": 2,
      "CodeLines": 606
    },
    {
      "Language": "HTML",
      "Files": 8,
      "Lines": 378,
      "BlankLines": 0,
      "Comments": 0,
      "CodeLines": 378
    },
    {
      "Language": "XML",
      "Files": 2,
      "Lines": 164,
      "BlankLines": 0,
      "Comments": 0,
      "CodeLines": 164
    },
    {
      "Language": "CSS",
      "Files": 3,
      "Lines": 108,
      "BlankLines": 16,
      "Comments": 10,
      "CodeLines": 82
    },
    {
      "Language": "JavaScript",
      "Files": 3,
      "Lines": 17,
      "BlankLines": 1,
      "Comments": 6,
      "CodeLines": 10
    }
  ]
}