{
  "TotalFiles": 106,
  "TotalLines": 30181,
  "TotalBlankLines": 3255,
  "TotalComments": 5435,
  "TotalCodeLines": 21491,
  "Results": [
    {
      "Language": "JavaScript",
      "Files": 12,
      "Lines": 17231,
      "BlankLines": 2628,
      "Comments": 4491,
      "CodeLines": 10112
    },
    {
      "Language": "CSS",
      "Files": 6,
      "Lines": 7219,
      "BlankLines": 30,
      "Comments": 24,
      "CodeLines": 7165
    },
    {
      "Language": "C#",
      "Files": 64,
      "Lines": 4591,
      "BlankLines": 548,
      "Comments": 920,
      "CodeLines": 3123
    },
    {
      "Language": "XML",
      "Files": 1,
      "Lines": 582,
      "BlankLines": 0,
      "Comments": 0,
      "CodeLines": 582
    },
    {
      "Language": "HTML",
      "Files": 23,
      "Lines": 558,
      "BlankLines": 49,
      "Comments": 0,
      "CodeLines": 509
    }
  ]
}