{
  "TotalFiles": 34,
  "TotalLines": 2603,
  "TotalBlankLines": 300,
  "TotalComments": 489,
  "TotalCodeLines": 1814,
  "Results": [
    {
      "Language": "Golang",
      "Files": 29,
      "Lines": 2465,
      "BlankLines": 282,
      "Comments": 463,
      "CodeLines": 1720
    },
    {
      "Language": "YAML",
      "Files": 2,
      "Lines": 93,
      "BlankLines": 9,
      "Comments": 11,
      "CodeLines": 73
    },
    {
      "Language": "HTML",
      "Files": 1,
      "Lines": 24,
      "BlankLines": 6,
      "Comments": 5,
      "CodeLines": 13
    },
    {
      "Language": "JavaScript",
      "Files": 1,
      "Lines": 13,
      "BlankLines": 2,
      "Comments": 5,
      "CodeLines": 6
    },
    {
      "Language": "CSS",
      "Files": 1,
      "Lines": 8,
      "BlankLines": 1,
      "Comments": 5,
      "CodeLines": 2
    }
  ]
}