{
  "TotalFiles": 635,
  "TotalLines": 147609,
  "TotalBlankLines": 20947,
  "TotalComments": 64612,
  "TotalCodeLines": 62050,
  "Results": [
    {
      "Language": "C++ Header",
      "Files": 444,
      "Lines": 99437,
      "BlankLines": 13130,
      "Comments": 48051,
      "CodeLines": 38256
    },
    {
      "Language": "C Header",
      "Files": 153,
      "Lines": 39381,
      "BlankLines": 6358,
      "Comments": 14807,
      "CodeLines": 18216
    },
    {
      "Language": "C",
      "Files": 29,
      "Lines": 6662,
      "BlankLines": 1068,
      "Comments": 1555,
      "CodeLines": 4039
    },
    {
      "Language": "Python",
      "Files": 1,
      "Lines": 1825,
      "BlankLines": 343,
      "Comments": 87,
      "CodeLines": 1395
    },
    {
      "Language": "C++",
      "Files": 7,
      "Lines": 251,
      "BlankLines": 42,
      "Comments": 112,
      "CodeLines": 97
    },
    {
      "Language": "YAML",
      "Files": 1,
      "Lines": 53,
      "BlankLines": 6,
      "Comments": 0,
      "CodeLines": 47
    }
  ]
}