{
  "TotalFiles": 633,
  "TotalLines": 55167,
  "TotalBlankLines": 7758,
  "TotalComments": 8488,
  "TotalCodeLines": 38921,
  "Results": [
    {
      "Language": "C#",
      "Files": 607,
      "Lines": 38658,
      "BlankLines": 5370,
      "Comments": 3937,
      "CodeLines": 29351
    },
    {
      "Language": "JavaScript",
      "Files": 7,
      "Lines": 16046,
      "BlankLines": 2343,
      "Comments": 4543,
      "CodeLines": 9160
    },
    {
      "Language": "HTML",
      "Files": 16,
      "Lines": 420,
      "BlankLines": 42,
      "Comments": 0,
      "CodeLines": 378
    },
    {
      "Language": "CSS",
      "Files": 3,
      "Lines": 43,
      "BlankLines": 3,
      "Comments": 8,
      "CodeLines": 32
    }
  ]
}