{
  "TotalFiles": 17,
  "TotalLines": 621,
  "TotalBlankLines": 70,
  "TotalComments": 26,
  "TotalCodeLines": 525,
  "Results": [
    {
      "Language": "Java",
      "Files": 11,
      "Lines": 417,
      "BlankLines": 62,
      "Comments": 16,
      "CodeLines": 339
    },
    {
      "Language": "XML",
      "Files": 2,
      "Lines": 124,
      "BlankLines": 1,
      "Comments": 0,
      "CodeLines": 123
    },
    {
      "Language": "YAML",
      "Files": 2,
      "Lines": 64,
      "BlankLines": 7,
      "Comments": 10,
      "CodeLines": 47
    },
    {
      "Language": "JavaScript",
      "Files": 2,
      "Lines": 16,
      "BlankLines": 0,
      "Comments": 0,
      "CodeLines": 16
    }
  ]
}