{
  "TotalFiles": 62,
  "TotalLines": 52410,
  "TotalBlankLines": 9778,
  "TotalComments": 1018,
  "TotalCodeLines": 41614,
  "Results": [
    {
      "Language": "CSS",
      "Files": 16,
      "Lines": 32550,
      "BlankLines": 7233,
      "Comments": 217,
      "CodeLines": 25100
    },
    {
      "Language": "JavaScript",
      "Files": 16,
      "Lines": 10545,
      "BlankLines": 992,
      "Comments": 389,
      "CodeLines": 9164
    },
    {
      "Language": "Golang",
      "Files": 30,
      "Lines": 9315,
      "BlankLines": 1553,
      "Comments": 412,
      "CodeLines": 7350
    }
  ]
}