{
  "TotalFiles": 8,
  "TotalLines": 204,
  "TotalBlankLines": 28,
  "TotalComments": 0,
  "TotalCodeLines": 176,
  "Results": [
    {
      "Language": "Java",
      "Files": 5,
      "Lines": 92,
      "BlankLines": 24,
      "Comments": 0,
      "CodeLines": 68
    },
    {
      "Language": "XML",
      "Files": 1,
      "Lines": 69,
      "BlankLines": 4,
      "Comments": 0,
      "CodeLines": 65
    },
    {
      "Language": "YAML",
      "Files": 1,
      "Lines": 38,
      "BlankLines": 0,
      "Comments": 0,
      "CodeLines": 38
    },
    {
      "Language": "SQL",
      "Files": 1,
      "Lines": 5,
      "BlankLines": 0,
      "Comments": 0,
      "CodeLines": 5
    }
  ]
}