{
  "TotalFiles": 483,
  "TotalLines": 19667,
  "TotalBlankLines": 2080,
  "TotalComments": 1838,
  "TotalCodeLines": 15749,
  "Results": [
    {
      "Language": "JavaScript",
      "Files": 415,
      "Lines": 14693,
      "BlankLines": 1325,
      "Comments": 1430,
      "CodeLines": 11938
    },
    {
      "Language": "C#",
      "Files": 27,
      "Lines": 2618,
      "BlankLines": 415,
      "Comments": 294,
      "CodeLines": 1909
    },
    {
      "Language": "CSS",
      "Files": 35,
      "Lines": 1891,
      "BlankLines": 236,
      "Comments": 104,
      "CodeLines": 1551
    },
    {
      "Language": "HTML",
      "Files": 6,
      "Lines": 465,
      "BlankLines": 104,
      "Comments": 10,
      "CodeLines": 351
    }
  ]
}