{
  "TotalFiles": 591,
  "TotalLines": 78668,
  "TotalBlankLines": 10113,
  "TotalComments": 11339,
  "TotalCodeLines": 57216,
  "Results": [
    {
      "Language": "JavaScript",
      "Files": 437,
      "Lines": 49467,
      "BlankLines": 5935,
      "Comments": 10500,
      "CodeLines": 33032
    },
    {
      "Language": "CSS",
      "Files": 40,
      "Lines": 15611,
      "BlankLines": 2258,
      "Comments": 145,
      "CodeLines": 13208
    },
    {
      "Language": "Scss",
      "Files": 2,
      "Lines": 6535,
      "BlankLines": 966,
      "Comments": 32,
      "CodeLines": 5537
    },
    {
      "Language": "C#",
      "Files": 65,
      "Lines": 5254,
      "BlankLines": 682,
      "Comments": 622,
      "CodeLines": 3950
    },
    {
      "Language": "HTML",
      "Files": 32,
      "Lines": 1120,
      "BlankLines": 138,
      "Comments": 2,
      "CodeLines": 980
    },
    {
      "Language": "TypeScript",
      "Files": 15,
      "Lines": 681,
      "BlankLines": 134,
      "Comments": 38,
      "CodeLines": 509
    }
  ]
}