{
  "TotalFiles": 4,
  "TotalLines": 80,
  "TotalBlankLines": 13,
  "TotalComments": 0,
  "TotalCodeLines": 67,
  "Results": [
    {
      "Language": "YAML",
      "Files": 1,
      "Lines": 40,
      "BlankLines": 4,
      "Comments": 0,
      "CodeLines": 36
    },
    {
      "Language": "C++",
      "Files": 2,
      "Lines": 36,
      "BlankLines": 7,
      "Comments": 0,
      "CodeLines": 29
    },
    {
      "Language": "C Header",
      "Files": 1,
      "Lines": 4,
      "BlankLines": 2,
      "Comments": 0,
      "CodeLines": 2
    }
  ]
}