{
  "TotalFiles": 1665,
  "TotalLines": 326876,
  "TotalBlankLines": 37485,
  "TotalComments": 82186,
  "TotalCodeLines": 207205,
  "Results": [
    {
      "Language": "JavaScript",
      "Files": 371,
      "Lines": 142392,
      "BlankLines": 12613,
      "Comments": 41809,
      "CodeLines": 87970
    },
    {
      "Language": "C#",
      "Files": 969,
      "Lines": 123480,
      "BlankLines": 19412,
      "Comments": 34281,
      "CodeLines": 69787
    },
    {
      "Language": "XML",
      "Files": 26,
      "Lines": 14146,
      "BlankLines": 8,
      "Comments": 0,
      "CodeLines": 14138
    },
    {
      "Language": "TypeScript",
      "Files": 148,
      "Lines": 23460,
      "BlankLines": 4478,
      "Comments": 5982,
      "CodeLines": 13000
    },
    {
      "Language": "SQL",
      "Files": 61,
      "Lines": 10605,
      "BlankLines": 323,
      "Comments": 63,
      "CodeLines": 10219
    },
    {
      "Language": "CSS",
      "Files": 21,
      "Lines": 8364,
      "BlankLines": 78,
      "Comments": 41,
      "CodeLines": 8245
    },
    {
      "Language": "HTML",
      "Files": 64,
      "Lines": 4012,
      "BlankLines": 512,
      "Comments": 4,
      "CodeLines": 3496
    },
    {
      "Language": "YAML",
      "Files": 5,
      "Lines": 417,
      "BlankLines": 61,
      "Comments": 6,
      "CodeLines": 350
    }
  ]
}