{
  "TotalFiles": 7480,
  "TotalLines": 3189168,
  "TotalBlankLines": 429955,
  "TotalComments": 458773,
  "TotalCodeLines": 2300440,
  "Results": [
    {
      "Language": "C++",
      "Files": 1856,
      "Lines": 1297528,
      "BlankLines": 186123,
      "Comments": 120329,
      "CodeLines": 991076
    },
    {
      "Language": "C Header",
      "Files": 3185,
      "Lines": 882083,
      "BlankLines": 115179,
      "Comments": 225653,
      "CodeLines": 541251
    },
    {
      "Language": "C",
      "Files": 951,
      "Lines": 654515,
      "BlankLines": 89331,
      "Comments": 90403,
      "CodeLines": 474781
    },
    {
      "Language": "C++ Header",
      "Files": 297,
      "Lines": 195829,
      "BlankLines": 30966,
      "Comments": 11849,
      "CodeLines": 153014
    },
    {
      "Language": "XML",
      "Files": 844,
      "Lines": 99181,
      "BlankLines": 334,
      "Comments": 88,
      "CodeLines": 98759
    },
    {
      "Language": "C#",
      "Files": 119,
      "Lines": 21721,
      "BlankLines": 3245,
      "Comments": 3399,
      "CodeLines": 15077
    },
    {
      "Language": "Java",
      "Files": 70,
      "Lines": 13645,
      "BlankLines": 1529,
      "Comments": 4316,
      "CodeLines": 7800
    },
    {
      "Language": "Python",
      "Files": 94,
      "Lines": 9166,
      "BlankLines": 1917,
      "Comments": 710,
      "CodeLines": 6539
    },
    {
      "Language": "PHP",
      "Files": 23,
      "Lines": 6879,
      "BlankLines": 434,
      "Comments": 499,
      "CodeLines": 5946
    },
    {
      "Language": "JavaScript",
      "Files": 22,
      "Lines": 5735,
      "BlankLines": 536,
      "Comments": 1113,
      "CodeLines": 4086
    },
    {
      "Language": "HTML",
      "Files": 4,
      "Lines": 994,
      "BlankLines": 87,
      "Comments": 0,
      "CodeLines": 907
    },
    {
      "Language": "YAML",
      "Files": 9,
      "Lines": 739,
      "BlankLines": 105,
      "Comments": 77,
      "CodeLines": 557
    },
    {
      "Language": "Objective-C",
      "Files": 3,
      "Lines": 676,
      "BlankLines": 119,
      "Comments": 120,
      "CodeLines": 437
    },
    {
      "Language": "Kotlin",
      "Files": 3,
      "Lines": 477,
      "BlankLines": 50,
      "Comments": 217,
      "CodeLines": 210
    }
  ]
}