{
  "TotalFiles": 17303,
  "TotalLines": 3348227,
  "TotalBlankLines": 421645,
  "TotalComments": 822322,
  "TotalCodeLines": 2104260,
  "Results": [
    {
      "Language": "PHP",
      "Files": 13066,
      "Lines": 2148593,
      "BlankLines": 259454,
      "Comments": 630907,
      "CodeLines": 1258232
    },
    {
      "Language": "JavaScript",
      "Files": 2451,
      "Lines": 865356,
      "BlankLines": 120766,
      "Comments": 157531,
      "CodeLines": 587059
    },
    {
      "Language": "CSS",
      "Files": 1297,
      "Lines": 276953,
      "BlankLines": 31293,
      "Comments": 30964,
      "CodeLines": 214696
    },
    {
      "Language": "Scss",
      "Files": 197,
      "Lines": 37689,
      "BlankLines": 5939,
      "Comments": 2279,
      "CodeLines": 29471
    },
    {
      "Language": "HTML",
      "Files": 112,
      "Lines": 9162,
      "BlankLines": 2678,
      "Comments": 468,
      "CodeLines": 6016
    },
    {
      "Language": "YAML",
      "Files": 66,
      "Lines": 4903,
      "BlankLines": 316,
      "Comments": 150,
      "CodeLines": 4437
    },
    {
      "Language": "XHTML",
      "Files": 56,
      "Lines": 3517,
      "BlankLines": 1024,
      "Comments": 0,
      "CodeLines": 2493
    },
    {
      "Language": "XML",
      "Files": 58,
      "Lines": 2054,
      "BlankLines": 175,
      "Comments": 23,
      "CodeLines": 1856
    }
  ]
}