{
  "TotalFiles": 572,
  "TotalLines": 99263,
  "TotalBlankLines": 11751,
  "TotalComments": 10456,
  "TotalCodeLines": 77056,
  "Results": [
    {
      "Language": "JavaScript",
      "Files": 95,
      "Lines": 55508,
      "BlankLines": 6833,
      "Comments": 3385,
      "CodeLines": 45290
    },
    {
      "Language": "Java",
      "Files": 350,
      "Lines": 27340,
      "BlankLines": 2990,
      "Comments": 6590,
      "CodeLines": 17760
    },
    {
      "Language": "CSS",
      "Files": 29,
      "Lines": 7964,
      "BlankLines": 1197,
      "Comments": 160,
      "CodeLines": 6607
    },
    {
      "Language": "HTML",
      "Files": 69,
      "Lines": 6469,
      "BlankLines": 657,
      "Comments": 259,
      "CodeLines": 5553
    },
    {
      "Language": "XML",
      "Files": 6,
      "Lines": 1445,
      "BlankLines": 21,
      "Comments": 35,
      "CodeLines": 1389
    },
    {
      "Language": "YAML",
      "Files": 8,
      "Lines": 312,
      "BlankLines": 31,
      "Comments": 11,
      "CodeLines": 270
    },
    {
      "Language": "SQL",
      "Files": 15,
      "Lines": 225,
      "BlankLines": 22,
      "Comments": 16,
      "CodeLines": 187
    }
  ]
}