{
  "TotalFiles": 6096,
  "TotalLines": 2392469,
  "TotalBlankLines": 357485,
  "TotalComments": 315620,
  "TotalCodeLines": 1719364,
  "Results": [
    {
      "Language": "C++",
      "Files": 1377,
      "Lines": 919767,
      "BlankLines": 168516,
      "Comments": 66212,
      "CodeLines": 685039
    },
    {
      "Language": "C",
      "Files": 936,
      "Lines": 626260,
      "BlankLines": 85886,
      "Comments": 87976,
      "CodeLines": 452398
    },
    {
      "Language": "C Header",
      "Files": 2602,
      "Lines": 640014,
      "BlankLines": 89274,
      "Comments": 146613,
      "CodeLines": 404127
    },
    {
      "Language": "XML",
      "Files": 715,
      "Lines": 80040,
      "BlankLines": 213,
      "Comments": 102,
      "CodeLines": 79725
    },
    {
      "Language": "PHP",
      "Files": 17,
      "Lines": 43043,
      "BlankLines": 918,
      "Comments": 653,
      "CodeLines": 41472
    },
    {
      "Language": "C++ Header",
      "Files": 155,
      "Lines": 31844,
      "BlankLines": 5079,
      "Comments": 4742,
      "CodeLines": 22023
    },
    {
      "Language": "C#",
      "Files": 103,
      "Lines": 19719,
      "BlankLines": 3013,
      "Comments": 2925,
      "CodeLines": 13781
    },
    {
      "Language": "Java",
      "Files": 68,
      "Lines": 13684,
      "BlankLines": 1609,
      "Comments": 4275,
      "CodeLines": 7800
    },
    {
      "Language": "Python",
      "Files": 87,
      "Lines": 9921,
      "BlankLines": 2084,
      "Comments": 735,
      "CodeLines": 7102
    },
    {
      "Language": "JavaScript",
      "Files": 21,
      "Lines": 5459,
      "BlankLines": 515,
      "Comments": 1142,
      "CodeLines": 3802
    },
    {
      "Language": "HTML",
      "Files": 3,
      "Lines": 953,
      "BlankLines": 83,
      "Comments": 0,
      "CodeLines": 870
    },
    {
      "Language": "Objective-C",
      "Files": 4,
      "Lines": 941,
      "BlankLines": 176,
      "Comments": 152,
      "CodeLines": 613
    },
    {
      "Language": "YAML",
      "Files": 8,
      "Lines": 824,
      "BlankLines": 119,
      "Comments": 93,
      "CodeLines": 612
    }
  ]
}