{
  "TotalFiles": 447,
  "TotalLines": 91196,
  "TotalBlankLines": 13622,
  "TotalComments": 15682,
  "TotalCodeLines": 61892,
  "Results": [
    {
      "Language": "PHP",
      "Files": 295,
      "Lines": 48958,
      "BlankLines": 7548,
      "Comments": 10688,
      "CodeLines": 30722
    },
    {
      "Language": "JavaScript",
      "Files": 60,
      "Lines": 30542,
      "BlankLines": 4325,
      "Comments": 4410,
      "CodeLines": 21807
    },
    {
      "Language": "CSS",
      "Files": 19,
      "Lines": 6425,
      "BlankLines": 996,
      "Comments": 196,
      "CodeLines": 5233
    },
    {
      "Language": "Scss",
      "Files": 55,
      "Lines": 4860,
      "BlankLines": 722,
      "Comments": 359,
      "CodeLines": 3779
    },
    {
      "Language": "YAML",
      "Files": 4,
      "Lines": 237,
      "BlankLines": 10,
      "Comments": 0,
      "CodeLines": 227
    },
    {
      "Language": "XML",
      "Files": 4,
      "Lines": 114,
      "BlankLines": 21,
      "Comments": 29,
      "CodeLines": 64
    },
    {
      "Language": "HTML",
      "Files": 10,
      "Lines": 60,
      "BlankLines": 0,
      "Comments": 0,
      "CodeLines": 60
    }
  ]
}