{
  "TotalFiles": 8338,
  "TotalLines": 1676115,
  "TotalBlankLines": 119724,
  "TotalComments": 54679,
  "TotalCodeLines": 1501712,
  "Results": [
    {
      "Language": "XML",
      "Files": 2774,
      "Lines": 1214872,
      "BlankLines": 78973,
      "Comments": 144,
      "CodeLines": 1135755
    },
    {
      "Language": "Java",
      "Files": 2763,
      "Lines": 283606,
      "BlankLines": 38402,
      "Comments": 53588,
      "CodeLines": 191616
    },
    {
      "Language": "HTML",
      "Files": 2783,
      "Lines": 114219,
      "BlankLines": 1589,
      "Comments": 459,
      "CodeLines": 112171
    },
    {
      "Language": "YAML",
      "Files": 5,
      "Lines": 52793,
      "BlankLines": 9,
      "Comments": 6,
      "CodeLines": 52778
    },
    {
      "Language": "CSS",
      "Files": 7,
      "Lines": 8032,
      "BlankLines": 140,
      "Comments": 271,
      "CodeLines": 7621
    },
    {
      "Language": "JavaScript",
      "Files": 6,
      "Lines": 2593,
      "BlankLines": 611,
      "Comments": 211,
      "CodeLines": 1771
    }
  ]
}