{
  "TotalFiles": 4954,
  "TotalLines": 2940614,
  "TotalBlankLines": 263301,
  "TotalComments": 338883,
  "TotalCodeLines": 2338430,
  "Results": [
    {
      "Language": "C++",
      "Files": 1839,
      "Lines": 936514,
      "BlankLines": 126567,
      "Comments": 83385,
      "CodeLines": 726562
    },
    {
      "Language": "XML",
      "Files": 107,
      "Lines": 779286,
      "BlankLines": 160,
      "Comments": 57783,
      "CodeLines": 721343
    },
    {
      "Language": "C++ Header",
      "Files": 956,
      "Lines": 368130,
      "BlankLines": 40028,
      "Comments": 65480,
      "CodeLines": 262622
    },
    {
      "Language": "C Header",
      "Files": 746,
      "Lines": 372331,
      "BlankLines": 38341,
      "Comments": 71785,
      "CodeLines": 262205
    },
    {
      "Language": "C",
      "Files": 512,
      "Lines": 327974,
      "BlankLines": 37857,
      "Comments": 51494,
      "CodeLines": 238623
    },
    {
      "Language": "Python",
      "Files": 369,
      "Lines": 58135,
      "BlankLines": 10120,
      "Comments": 4059,
      "CodeLines": 43956
    },
    {
      "Language": "YAML",
      "Files": 13,
      "Lines": 32900,
      "BlankLines": 47,
      "Comments": 27,
      "CodeLines": 32826
    },
    {
      "Language": "Java",
      "Files": 198,
      "Lines": 33848,
      "BlankLines": 6053,
      "Comments": 2415,
      "CodeLines": 25380
    },
    {
      "Language": "HTML",
      "Files": 105,
      "Lines": 11111,
      "BlankLines": 780,
      "Comments": 30,
      "CodeLines": 10301
    },
    {
      "Language": "Swift",
      "Files": 32,
      "Lines": 8175,
      "BlankLines": 1811,
      "Comments": 239,
      "CodeLines": 6125
    },
    {
      "Language": "JavaScript",
      "Files": 41,
      "Lines": 7828,
      "BlankLines": 1020,
      "Comments": 743,
      "CodeLines": 6065
    },
    {
      "Language": "PHP",
      "Files": 8,
      "Lines": 2078,
      "BlankLines": 176,
      "Comments": 922,
      "CodeLines": 980
    },
    {
      "Language": "C#",
      "Files": 15,
      "Lines": 1421,
      "BlankLines": 193,
      "Comments": 439,
      "CodeLines": 789
    },
    {
      "Language": "CSS",
      "Files": 4,
      "Lines": 341,
      "BlankLines": 45,
      "Comments": 1,
      "CodeLines": 295
    },
    {
      "Language": "Kotlin",
      "Files": 3,
      "Lines": 188,
      "BlankLines": 36,
      "Comments": 7,
      "CodeLines": 145
    },
    {
      "Language": "Objective-C",
      "Files": 2,
      "Lines": 196,
      "BlankLines": 44,
      "Comments": 33,
      "CodeLines": 119
    },
    {
      "Language": "Scala",
      "Files": 4,
      "Lines": 158,
      "BlankLines": 23,
      "Comments": 41,
      "CodeLines": 94
    }
  ]
}