{
  "TotalFiles": 17,
  "TotalLines": 335,
  "TotalBlankLines": 37,
  "TotalComments": 81,
  "TotalCodeLines": 217,
  "Results": [
    {
      "Language": "TypeScript",
      "Files": 11,
      "Lines": 237,
      "BlankLines": 33,
      "Comments": 75,
      "CodeLines": 129
    },
    {
      "Language": "JavaScript",
      "Files": 2,
      "Lines": 59,
      "BlankLines": 3,
      "Comments": 4,
      "CodeLines": 52
    },
    {
      "Language": "HTML",
      "Files": 2,
      "Lines": 29,
      "BlankLines": 1,
      "Comments": 1,
      "CodeLines": 27
    },
    {
      "Language": "Scss",
      "Files": 2,
      "Lines": 10,
      "BlankLines": 0,
      "Comments": 1,
      "CodeLines": 9
    }
  ]
}