{
  "TotalFiles": 926,
  "TotalLines": 72591,
  "TotalBlankLines": 10859,
  "TotalComments": 8237,
  "TotalCodeLines": 53495,
  "Results": [
    {
      "Language": "C#",
      "Files": 622,
      "Lines": 42082,
      "BlankLines": 6118,
      "Comments": 6841,
      "CodeLines": 29123
    },
    {
      "Language": "TypeScript",
      "Files": 205,
      "Lines": 23060,
      "BlankLines": 3767,
      "Comments": 1186,
      "CodeLines": 18107
    },
    {
      "Language": "HTML",
      "Files": 67,
      "Lines": 4250,
      "BlankLines": 384,
      "Comments": 64,
      "CodeLines": 3802
    },
    {
      "Language": "Scss",
      "Files": 5,
      "Lines": 1601,
      "BlankLines": 316,
      "Comments": 67,
      "CodeLines": 1218
    },
    {
      "Language": "JavaScript",
      "Files": 18,
      "Lines": 1027,
      "BlankLines": 215,
      "Comments": 71,
      "CodeLines": 741
    },
    {
      "Language": "SQL",
      "Files": 7,
      "Lines": 368,
      "BlankLines": 37,
      "Comments": 5,
      "CodeLines": 326
    },
    {
      "Language": "YAML",
      "Files": 1,
      "Lines": 196,
      "BlankLines": 21,
      "Comments": 2,
      "CodeLines": 173
    },
    {
      "Language": "XML",
      "Files": 1,
      "Lines": 7,
      "BlankLines": 1,
      "Comments": 1,
      "CodeLines": 5
    }
  ]
}