{
  "TotalFiles": 212,
  "TotalLines": 25240,
  "TotalBlankLines": 2652,
  "TotalComments": 408,
  "TotalCodeLines": 22180,
  "Results": [
    {
      "Language": "SQL",
      "Files": 151,
      "Lines": 19908,
      "BlankLines": 1874,
      "Comments": 283,
      "CodeLines": 17751
    },
    {
      "Language": "C#",
      "Files": 55,
      "Lines": 4748,
      "BlankLines": 747,
      "Comments": 107,
      "CodeLines": 3894
    },
    {
      "Language": "Python",
      "Files": 1,
      "Lines": 386,
      "BlankLines": 13,
      "Comments": 12,
      "CodeLines": 361
    },
    {
      "Language": "YAML",
      "Files": 4,
      "Lines": 189,
      "BlankLines": 18,
      "Comments": 5,
      "CodeLines": 166
    },
    {
      "Language": "XML",
      "Files": 1,
      "Lines": 9,
      "BlankLines": 0,
      "Comments": 1,
      "CodeLines": 8
    }
  ]
}