{
  "TotalFiles": 9,
  "TotalLines": 323,
  "TotalBlankLines": 34,
  "TotalComments": 11,
  "TotalCodeLines": 278,
  "Results": [
    {
      "Language": "YAML",
      "Files": 2,
      "Lines": 161,
      "BlankLines": 9,
      "Comments": 9,
      "CodeLines": 143
    },
    {
      "Language": "XML",
      "Files": 1,
      "Lines": 69,
      "BlankLines": 4,
      "Comments": 0,
      "CodeLines": 65
    },
    {
      "Language": "Java",
      "Files": 4,
      "Lines": 79,
      "BlankLines": 21,
      "Comments": 0,
      "CodeLines": 58
    },
    {
      "Language": "SQL",
      "Files": 2,
      "Lines": 14,
      "BlankLines": 0,
      "Comments": 2,
      "CodeLines": 12
    }
  ]
}