{
  "TotalFiles": 9821,
  "TotalLines": 2570217,
  "TotalBlankLines": 317881,
  "TotalComments": 675872,
  "TotalCodeLines": 1576464,
  "Results": [
    {
      "Language": "PHP",
      "Files": 6576,
      "Lines": 1453873,
      "BlankLines": 169752,
      "Comments": 487923,
      "CodeLines": 796198
    },
    {
      "Language": "JavaScript",
      "Files": 1836,
      "Lines": 831917,
      "BlankLines": 115398,
      "Comments": 155817,
      "CodeLines": 560702
    },
    {
      "Language": "CSS",
      "Files": 1139,
      "Lines": 249816,
      "BlankLines": 27653,
      "Comments": 29820,
      "CodeLines": 192343
    },
    {
      "Language": "Scss",
      "Files": 170,
      "Lines": 27568,
      "BlankLines": 4214,
      "Comments": 1889,
      "CodeLines": 21465
    },
    {
      "Language": "HTML",
      "Files": 83,
      "Lines": 6457,
      "BlankLines": 799,
      "Comments": 349,
      "CodeLines": 5309
    },
    {
      "Language": "YAML",
      "Files": 6,
      "Lines": 378,
      "BlankLines": 50,
      "Comments": 62,
      "CodeLines": 266
    },
    {
      "Language": "XML",
      "Files": 11,
      "Lines": 208,
      "BlankLines": 15,
      "Comments": 12,
      "CodeLines": 181
    }
  ]
}