{
  "TotalFiles": 244,
  "TotalLines": 51114,
  "TotalBlankLines": 8493,
  "TotalComments": 222,
  "TotalCodeLines": 42399,
  "Results": [
    {
      "Language": "Abap",
      "Files": 124,
      "Lines": 48480,
      "BlankLines": 8480,
      "Comments": 192,
      "CodeLines": 39808
    },
    {
      "Language": "XML",
      "Files": 116,
      "Lines": 2493,
      "BlankLines": 0,
      "Comments": 0,
      "CodeLines": 2493
    },
    {
      "Language": "YAML",
      "Files": 3,
      "Lines": 72,
      "BlankLines": 11,
      "Comments": 0,
      "CodeLines": 61
    },
    {
      "Language": "JavaScript",
      "Files": 1,
      "Lines": 69,
      "BlankLines": 2,
      "Comments": 30,
      "CodeLines": 37
    }
  ]
}