[{"id":376951136,"node_id":"MDEwOlJlcG9zaXRvcnkzNzY5NTExMzY=","owner":{"login":"SonarSource-Demos","id":74569974,"node_id":"MDEyOk9yZ2FuaXphdGlvbjc0NTY5OTc0","avatar_url":"https://avatars.githubusercontent.com/u/74569974?v=4","html_url":"https://github.com/SonarSource-Demos","gravatar_id":"","type":"Organization","site_admin":false,"url":"https://api.github.com/users/SonarSource-Demos","events_url":"https://api.github.com/users/SonarSource-Demos/events{/privacy}","following_url":"https://api.github.com/users/SonarSource-Demos/following{/other_user}","followers_url":"https://api.github.com/users/SonarSource-Demos/followers","gists_url":"https://api.github.com/users/SonarSource-Demos/gists{/gist_id}","organizations_url":"https://api.github.com/users/SonarSource-Demos/orgs","received_events_url":"https://api.github.com/users/SonarSource-Demos/received_events","repos_url":"https://api.github.com/users/SonarSource-Demos/repos","starred_url":"https://api.github.com/users/SonarSource-Demos/starred{/owner}{/repo}","subscriptions_url":"https://api.github.com/users/SonarSource-Demos/subscriptions"},"name":"godot","full_name":"SonarSource-Demos/godot","description":"Godot Engine – Multi-platform 2D and 3D game engine","homepage":"https://godotengine.org","default_branch":"master","created_at":"2021-06-14T20:43:18Z","pushed_at":"2021-06-14T20:40:57Z","updated_at":"2021-06-14T20:43:19Z","html_url":"https://github.com/SonarSource-Demos/godot","clone_url":"https://github.com/SonarSource-Demos/godot.git","git_url":"git://github.com/SonarSource-Demos/godot.git","ssh_url":"git@github.com:SonarSource-Demos/godot.git","svn_url":"https://github.com/SonarSource-Demos/godot","fork":true,"forks_count":0,"network_count":20123,"open_issues_count":0,"open_issues":0,"stargazers_count":0,"subscribers_count":1,"watchers_count":0,"watchers":0,"size":591739,"parent":{"id":15634981,"node_id":"MDEwOlJlcG9zaXRvcnkxNTYzNDk4MQ==","owner":{"login":"godotengine","id":6318500,"node_id":"MDEyOk9yZ2FuaXphdGlvbjYzMTg1MDA=","avatar_url":"https://avatars.githubusercontent.com/u/6318500?v=4","html_url":"https://github.com/godotengine","gravatar_id":"","type":"Organization","site_admin":false,"url":"https://api.github.com/users/godotengine","events_url":"https://api.github.com/users/godotengine/events{/privacy}","following_url":"https://api.github.com/users/godotengine/following{/other_user}","followers_url":"https://api.github.com/users/godotengine/followers","gists_url":"https://api.github.com/users/godotengine/gists{/gist_id}","organizations_url":"https://api.github.com/users/godotengine/orgs","received_events_url":"https://api.github.com/users/godotengine/received_events","repos_url":"https://api.github.com/users/godotengine/repos","starred_url":"https://api.github.com/users/godotengine/starred{/owner}{/repo}","subscriptions_url":"https://api.github.com/users/godotengine/subscriptions"},"name":"godot","full_name":"godotengine/godot","description":"Godot Engine – Multi-platform 2D and 3D game engine","homepage":"https://godotengine.org","default_branch":"master","created_at":"2014-01-04T16:05:36Z","pushed_at":"2024-09-10T08:57:15Z","updated_at":"2024-09-11T05:05:50Z","html_url":"https://github.com/godotengine/godot","clone_url":"https://github.com/godotengine/godot.git","git_url":"git://github.com/godotengine/godot.git","ssh_url":"git@github.com:godotengine/godot.git","svn_url":"https://github.com/godotengine/godot","language":"C++","fork":false,"forks_count":20123,"open_issues_count":13458,"open_issues":13458,"stargazers_count":88770,"watchers_count":88770,"watchers":88770,"size":1394520,"allow_forking":true,"web_commit_signoff_required":false,"topics":["game-development","game-engine","gamedev","godot","godotengine","multi-platform","open-source"],"archived":false,"disabled":false,"license":{"key":"mit","name":"MIT License","url":"https://api.github.com/licenses/mit","spdx_id":"MIT"},"private":false,"has_issues":true,"has_wiki":false,"has_pages":false,"has_projects":true,"has_downloads":true,"has_discussions":false,"is_template":false,"url":"https://api.github.com/repos/godotengine/godot","archive_url":"https://api.github.com/repos/godotengine/godot/{archive_format}{/ref}","assignees_url":"https://api.github.com/repos/godotengine/godot/assignees{/user}","blobs_url":"https://api.github.com/repos/godotengine/godot/git/blobs{/sha}","branches_url":"https://api.github.com/repos/godotengine/godot/branches{/branch}","collaborators_url":"https://api.github.com/repos/godotengine/godot/collaborators{/collaborator}","comments_url":"https://api.github.com/repos/godotengine/godot/comments{/number}","commits_url":"https://api.github.com/repos/godotengine/godot/commits{/sha}","compare_url":"https://api.github.com/repos/godotengine/godot/compare/{base}...{head}","contents_url":"https://api.github.com/repos/godotengine/godot/contents/{+path}","contributors_url":"https://api.github.com/repos/godotengine/godot/contributors","deployments_url":"https://api.github.com/repos/godotengine/godot/deployments","downloads_url":"https://api.github.com/repos/godotengine/godot/downloads","events_url":"https://api.github.com/repos/godotengine/godot/events","forks_url":"https://api.github.com/repos/godotengine/godot/forks","git_commits_url":"https://api.github.com/repos/godotengine/godot/git/commits{/sha}","git_refs_url":"https://api.github.com/repos/godotengine/godot/git/refs{/sha}","git_tags_url":"https://api.github.com/repos/godotengine/godot/git/tags{/sha}","hooks_url":"https://api.github.com/repos/godotengine/godot/hooks","issue_comment_url":"https://api.github.com/repos/godotengine/godot/issues/comments{/number}","issue_events_url":"https://api.github.com/repos/godotengine/godot/issues/events{/number}","issues_url":"https://api.github.com/repos/godotengine/godot/issues{/number}","keys_url":"https://api.github.com/repos/godotengine/godot/keys{/key_id}","labels_url":"https://api.github.com/repos/godotengine/godot/labels{/name}","languages_url":"https://api.github.com/repos/godotengine/godot/languages","merges_url":"https://api.github.com/repos/godotengine/godot/merges","milestones_url":"https://api.github.com/repos/godotengine/godot/milestones{/number}","notifications_url":"https://api.github.com/repos/godotengine/godot/notifications{?since,all,participating}","pulls_url":"https://api.github.com/repos/godotengine/godot/pulls{/number}","releases_url":"https://api.github.com/repos/godotengine/godot/releases{/id}","stargazers_url":"https://api.github.com/repos/godotengine/godot/stargazers","statuses_url":"https://api.github.com/repos/godotengine/godot/statuses/{sha}","subscribers_url":"https://api.github.com/repos/godotengine/godot/subscribers","subscription_url":"https://api.github.com/repos/godotengine/godot/subscription","tags_url":"https://api.github.com/repos/godotengine/godot/tags","trees_url":"https://api.github.com/repos/godotengine/godot/git/trees{/sha}","teams_url":"https://api.github.com/repos/godotengine/godot/teams","visibility":"public"},"source":{"id":15634981,"node_id":"MDEwOlJlcG9zaXRvcnkxNTYzNDk4MQ==","owner":{"login":"godotengine","id":6318500,"node_id":"MDEyOk9yZ2FuaXphdGlvbjYzMTg1MDA=","avatar_url":"https://avatars.githubusercontent.com/u/6318500?v=4","html_url":"https://github.com/godotengine","gravatar_id":"","type":"Organization","site_admin":false,"url":"https://api.github.com/users/godotengine","events_url":"https://api.github.com/users/godotengine/events{/privacy}","following_url":"https://api.github.com/users/godotengine/following{/other_user}","followers_url":"https://api.github.com/users/godotengine/followers","gists_url":"https://api.github.com/users/godotengine/gists{/gist_id}","organizations_url":"https://api.github.com/users/godotengine/orgs","received_events_url":"https://api.github.com/users/godotengine/received_events","repos_url":"https://api.github.com/users/godotengine/repos","starred_url":"https://api.github.com/users/godotengine/starred{/owner}{/repo}","subscriptions_url":"https://api.github.com/users/godotengine/subscriptions"},"name":"godot","full_name":"godotengine/godot","description":"Godot Engine – Multi-platform 2D and 3D game engine","homepage":"https://godotengine.org","default_branch":"master","created_at":"2014-01-04T16:05:36Z","pushed_at":"2024-09-10T08:57:15Z","updated_at":"2024-09-11T05:05:50Z","html_url":"https://github.com/godotengine/godot","clone_url":"https://github.com/godotengine/godot.git","git_url":"git://github.com/godotengine/godot.git","ssh_url":"git@github.com:godotengine/godot.git","svn_url":"https://github.com/godotengine/godot","language":"C++","fork":false,"forks_count":20123,"open_issues_count":13458,"open_issues":13458,"stargazers_count":88770,"watchers_count":88770,"watchers":88770,"size":1394520,"allow_forking":true,"web_commit_signoff_required":false,"topics":["game-development","game-engine","gamedev","godot","godotengine","multi-platform","open-source"],"archived":false,"disabled":false,"license":{"key":"mit","name":"MIT License","url":"https://api.github.com/licenses/mit","spdx_id":"MIT"},"private":false,"has_issues":true,"has_wiki":false,"has_pages":false,"has_projects":true,"has_downloads":true,"has_discussions":false,"is_template":false,"url":"https://api.github.com/repos/godotengine/godot","archive_url":"https://api.github.com/repos/godotengine/godot/{archive_format}{/ref}","assignees_url":"https://api.github.com/repos/godotengine/godot/assignees{/user}","blobs_url":"https://api.github.com/repos/godotengine/godot/git/blobs{/sha}","branches_url":"https://api.github.com/repos/godotengine/godot/branches{/branch}","collaborators_url":"https://api.github.com/repos/godotengine/godot/collaborators{/collaborator}","comments_url":"https://api.github.com/repos/godotengine/godot/comments{/number}","commits_url":"https://api.github.com/repos/godotengine/godot/commits{/sha}","compare_url":"https://api.github.com/repos/godotengine/godot/compare/{base}...{head}","contents_url":"https://api.github.com/repos/godotengine/godot/contents/{+path}","contributors_url":"https://api.github.com/repos/godotengine/godot/contributors","deployments_url":"https://api.github.com/repos/godotengine/godot/deployments","downloads_url":"https://api.github.com/repos/godotengine/godot/downloads","events_url":"https://api.github.com/repos/godotengine/godot/events","forks_url":"https://api.github.com/repos/godotengine/godot/forks","git_commits_url":"https://api.github.com/repos/godotengine/godot/git/commits{/sha}","git_refs_url":"https://api.github.com/repos/godotengine/godot/git/refs{/sha}","git_tags_url":"https://api.github.com/repos/godotengine/godot/git/tags{/sha}","hooks_url":"https://api.github.com/repos/godotengine/godot/hooks","issue_comment_url":"https://api.github.com/repos/godotengine/godot/issues/comments{/number}","issue_events_url":"https://api.github.com/repos/godotengine/godot/issues/events{/number}","issues_url":"https://api.github.com/repos/godotengine/godot/issues{/number}","keys_url":"https://api.github.com/repos/godotengine/godot/keys{/key_id}","labels_url":"https://api.github.com/repos/godotengine/godot/labels{/name}","languages_url":"https://api.github.com/repos/godotengine/godot/languages","merges_url":"https://api.github.com/repos/godotengine/godot/merges","milestones_url":"https://api.github.com/repos/godotengine/godot/milestones{/number}","notifications_url":"https://api.github.com/repos/godotengine/godot/notifications{?since,all,participating}","pulls_url":"https://api.github.com/repos/godotengine/godot/pulls{/number}","releases_url":"https://api.github.com/repos/godotengine/godot/releases{/id}","stargazers_url":"https://api.github.com/repos/godotengine/godot/stargazers","statuses_url":"https://api.github.com/repos/godotengine/godot/statuses/{sha}","subscribers_url":"https://api.github.com/repos/godotengine/godot/subscribers","subscription_url":"https://api.github.com/repos/godotengine/godot/subscription","tags_url":"https://api.github.com/repos/godotengine/godot/tags","trees_url":"https://api.github.com/repos/godotengine/godot/git/trees{/sha}","teams_url":"https://api.github.com/repos/godotengine/godot/teams","visibility":"public"},"organization":{"login":"SonarSource-Demos","id":74569974,"node_id":"MDEyOk9yZ2FuaXphdGlvbjc0NTY5OTc0","avatar_url":"https://avatars.githubusercontent.com/u/74569974?v=4","html_url":"https://github.com/SonarSource-Demos","type":"Organization","url":"https://api.github.com/users/SonarSource-Demos","events_url":"https://api.github.com/users/SonarSource-Demos/events{/privacy}","repos_url":"https://api.github.com/users/SonarSource-Demos/repos"},"permissions":{"admin":true,"maintain":true,"pull":true,"push":true,"triage":true},"allow_rebase_merge":true,"allow_update_branch":false,"allow_squash_merge":true,"allow_merge_commit":true,"allow_auto_merge":false,"allow_forking":true,"web_commit_signoff_required":false,"delete_branch_on_merge":false,"use_squash_pr_title_as_default":false,"squash_merge_commit_title":"COMMIT_OR_PR_TITLE","squash_merge_commit_message":"COMMIT_MESSAGES","merge_commit_title":"MERGE_MESSAGE","merge_commit_message":"PR_TITLE","archived":false,"disabled":false,"license":{"key":"mit","name":"MIT License","url":"https://api.github.com/licenses/mit","spdx_id":"MIT"},"private":false,"has_issues":false,"has_wiki":false,"has_pages":false,"has_projects":false,"has_downloads":true,"has_discussions":false,"is_template":false,"security_and_analysis":{"secret_scanning":{"status":"disabled"},"secret_scanning_push_protection":{"status":"disabled"},"dependabot_security_updates":{"status":"disabled"},"secret_scanning_validity_checks":{"status":"disabled"}},"url":"https://api.github.com/repos/SonarSource-Demos/godot","archive_url":"https://api.github.com/repos/SonarSource-Demos/godot/{archive_format}{/ref}","assignees_url":"https://api.github.com/repos/SonarSource-Demos/godot/assignees{/user}","blobs_url":"https://api.github.com/repos/SonarSource-Demos/godot/git/blobs{/sha}","branches_url":"https://api.github.com/repos/SonarSource-Demos/godot/branches{/branch}","collaborators_url":"https://api.github.com/repos/SonarSource-Demos/godot/collaborators{/collaborator}","comments_url":"https://api.github.com/repos/SonarSource-Demos/godot/comments{/number}","commits_url":"https://api.github.com/repos/SonarSource-Demos/godot/commits{/sha}","compare_url":"https://api.github.com/repos/SonarSource-Demos/godot/compare/{base}...{head}","contents_url":"https://api.github.com/repos/SonarSource-Demos/godot/contents/{+path}","contributors_url":"https://api.github.com/repos/SonarSource-Demos/godot/contributors","deployments_url":"https://api.github.com/repos/SonarSource-Demos/godot/deployments","downloads_url":"https://api.github.com/repos/SonarSource-Demos/godot/downloads","events_url":"https://api.github.com/repos/SonarSource-Demos/godot/events","forks_url":"https://api.github.com/repos/SonarSource-Demos/godot/forks","git_commits_url":"https://api.github.com/repos/SonarSource-Demos/godot/git/commits{/sha}","git_refs_url":"https://api.github.com/repos/SonarSource-Demos/godot/git/refs{/sha}","git_tags_url":"https://api.github.com/repos/SonarSource-Demos/godot/git/tags{/sha}","hooks_url":"https://api.github.com/repos/SonarSource-Demos/godot/hooks","issue_comment_url":"https://api.github.com/repos/SonarSource-Demos/godot/issues/comments{/number}","issue_events_url":"https://api.github.com/repos/SonarSource-Demos/godot/issues/events{/number}","issues_url":"https://api.github.com/repos/SonarSource-Demos/godot/issues{/number}","keys_url":"https://api.github.com/repos/SonarSource-Demos/godot/keys{/key_id}","labels_url":"https://api.github.com/repos/SonarSource-Demos/godot/labels{/name}","languages_url":"https://api.github.com/repos/SonarSource-Demos/godot/languages","merges_url":"https://api.github.com/repos/SonarSource-Demos/godot/merges","milestones_url":"https://api.github.com/repos/SonarSource-Demos/godot/milestones{/number}","notifications_url":"https://api.github.com/repos/SonarSource-Demos/godot/notifications{?since,all,participating}","pulls_url":"https://api.github.com/repos/SonarSource-Demos/godot/pulls{/number}","releases_url":"https://api.github.com/repos/SonarSource-Demos/godot/releases{/id}","stargazers_url":"https://api.github.com/repos/SonarSource-Demos/godot/stargazers","statuses_url":"https://api.github.com/repos/SonarSource-Demos/godot/statuses/{sha}","subscribers_url":"https://api.github.com/repos/SonarSource-Demos/godot/subscribers","subscription_url":"https://api.github.com/repos/SonarSource-Demos/godot/subscription","tags_url":"https://api.github.com/repos/SonarSource-Demos/godot/tags","trees_url":"https://api.github.com/repos/SonarSource-Demos/godot/git/trees{/sha}","teams_url":"https://api.github.com/repos/SonarSource-Demos/godot/teams","visibility":"public"}]
