{"NumRepositories":41,"ProjectBranches":[{"Org":"emmanuelcolussi","ProjectKey":"Test_auto_BI","RepoSlug":"Test_auto_BI","MainBranch":"main","LargestSize":1811724},{"Org":"emmanuelcolussi","ProjectKey":"BI-Scripts","RepoSlug":"BI-Scripts","MainBranch":"main","LargestSize":16254},{"Org":"emmanuelcolussi","ProjectKey":"Visucolis-config","RepoSlug":"Visucolis-config","MainBranch":"main","LargestSize":9197},{"Org":"emmanuelcolussi","ProjectKey":"LastSyncIntegration","RepoSlug":"LastSyncIntegration","MainBranch":"main","LargestSize":675486},{"Org":"emmanuelcolussi","ProjectKey":"MobileWebApi","RepoSlug":"MobileWebApi","MainBranch":"main","LargestSize":1171636},{"Org":"emmanuelcolussi","ProjectKey":"Pickup-fr","RepoSlug":"Pickup-fr","MainBranch":"main","LargestSize":134405305},{"Org":"emmanuelcolussi","ProjectKey":"MDMUpdate","RepoSlug":"MDMUpdate","MainBranch":"main","LargestSize":204824},{"Org":"emmanuelcolussi","ProjectKey":"FleetManager","RepoSlug":"FleetManager","MainBranch":"main","LargestSize":33413932},{"Org":"emmanuelcolussi","ProjectKey":"ID_IT","RepoSlug":"IDIT1","MainBranch":"main","LargestSize":2},{"Org":"emmanuelcolussi","ProjectKey":"BuildDocker","RepoSlug":"BuildDocker","MainBranch":"main","LargestSize":12661},{"Org":"emmanuelcolussi","ProjectKey":"generateur-jdd-en-cours","RepoSlug":"generateur-jdd-en-cours","MainBranch":"main","LargestSize":7177},{"Org":"emmanuelcolussi","ProjectKey":"SUGGESTION.App-config","RepoSlug":"SUGGESTION.App-config","MainBranch":"main","LargestSize":2287},{"Org":"emmanuelcolussi","ProjectKey":"PickupLogitics","RepoSlug":"PickupLogitics","MainBranch":"main","LargestSize":65179900},{"Org":"emmanuelcolussi","ProjectKey":"Kaza","RepoSlug":"Kaza","MainBranch":"main","LargestSize":16329095},{"Org":"emmanuelcolussi","ProjectKey":"SqlServerOrm","RepoSlug":"SqlServerOrm","MainBranch":"main","LargestSize":540062},{"Org":"emmanuelcolussi","ProjectKey":"connectdb","RepoSlug":"connectdb","MainBranch":"main","LargestSize":11940},{"Org":"emmanuelcolussi","ProjectKey":"Picktalk","RepoSlug":"Picktalk","MainBranch":"main","LargestSize":6118515},{"Org":"emmanuelcolussi","ProjectKey":"ID.IT","RepoSlug":"ID.IT","MainBranch":"main","LargestSize":1},{"Org":"emmanuelcolussi","ProjectKey":"Geodata-V3-config","RepoSlug":"Geodata-V3-config","MainBranch":"main","LargestSize":2614},{"Org":"emmanuelcolussi","ProjectKey":"Mobility-POC-Ionic","RepoSlug":"Mobility-POC-Ionic","MainBranch":"main","LargestSize":3874790},{"Org":"emmanuelcolussi","ProjectKey":"GIT.TEST","RepoSlug":"GIT.TEST","MainBranch":"main","LargestSize":1},{"Org":"emmanuelcolussi","ProjectKey":"Mobile_TeleConfig-config","RepoSlug":"Mobile_TeleConfig-config","MainBranch":"main","LargestSize":7093},{"Org":"emmanuelcolussi","ProjectKey":"SwarmMonitor","RepoSlug":"SwarmMonitor","MainBranch":"main","LargestSize":2472},{"Org":"emmanuelcolussi","ProjectKey":"Data-Monotoring","RepoSlug":"Data-Monotoring","MainBranch":"main","LargestSize":49776},{"Org":"emmanuelcolussi","ProjectKey":"Aloha-PRODTools","RepoSlug":"Aloha-PRODTools","MainBranch":"main","LargestSize":31683},{"Org":"emmanuelcolussi","ProjectKey":"CacheSuggestion","RepoSlug":"CacheSuggestion","MainBranch":"main","LargestSize":748878},{"Org":"emmanuelcolussi","ProjectKey":"MessagePDA-config","RepoSlug":"MessagePDA-config","MainBranch":"main","LargestSize":24245},{"Org":"emmanuelcolussi","ProjectKey":"test2_empty_repo_empty","RepoSlug":"test2_empty_repo_empty","MainBranch":"main","LargestSize":228},{"Org":"emmanuelcolussi","ProjectKey":"whiskytime","RepoSlug":"whiskytime","MainBranch":"main","LargestSize":18456},{"Org":"emmanuelcolussi","ProjectKey":"prd_packer","RepoSlug":"prd_packer","MainBranch":"main","LargestSize":9206},{"Org":"emmanuelcolussi","ProjectKey":"central_log","RepoSlug":"central_log","MainBranch":"main","LargestSize":708},{"Org":"emmanuelcolussi","ProjectKey":"seleniumGRID-config","RepoSlug":"seleniumGRID-config","MainBranch":"main","LargestSize":2243},{"Org":"emmanuelcolussi","ProjectKey":"AdfsTestingTools","RepoSlug":"AdfsTestingTools","MainBranch":"main","LargestSize":1652192},{"Org":"emmanuelcolussi","ProjectKey":"AdfsTestingTools","RepoSlug":"testdev","MainBranch":"main","LargestSize":0},{"Org":"emmanuelcolussi","ProjectKey":"MdmAutomationTests","RepoSlug":"MdmAutomationTests","MainBranch":"main","LargestSize":5475652},{"Org":"emmanuelcolussi","ProjectKey":"IT.DIT","RepoSlug":"IT.DIT1","MainBranch":"main","LargestSize":1},{"Org":"emmanuelcolussi","ProjectKey":"MobileWebApi-21","RepoSlug":"MobileWebApi-21","MainBranch":"main","LargestSize":2302309},{"Org":"emmanuelcolussi","ProjectKey":"VisuColis","RepoSlug":"VisuColis","MainBranch":"main","LargestSize":1413663},{"Org":"emmanuelcolussi","ProjectKey":"TestDriver","RepoSlug":"TestDriver","MainBranch":"main","LargestSize":934039},{"Org":"emmanuelcolussi","ProjectKey":"Grafana-config","RepoSlug":"Grafana-config","MainBranch":"main","LargestSize":3226},{"Org":"emmanuelcolussi","ProjectKey":"MobileWebAppAutomationTest","RepoSlug":"MobileWebAppAutomationTest","MainBranch":"main","LargestSize":25059670}]}
