{"NumRepositories":50,"ProjectBranches":[{"Org":"SonarSource-Demos","RepoSlug":"junit-test-coverage-example","MainBranch":"main","LargestSize":1},{"Org":"SonarSource-Demos","RepoSlug":"sonar-golc","MainBranch":"ver1.0.5","LargestSize":1},{"Org":"SonarSource-Demos","RepoSlug":"Container_Architecture","MainBranch":"main","LargestSize":1},{"Org":"SonarSource-Demos","RepoSlug":"demo-java-security","MainBranch":"main","LargestSize":1},{"Org":"SonarSource-Demos","RepoSlug":"WebGoat","MainBranch":"main","LargestSize":1},{"Org":"SonarSource-Demos","RepoSlug":"sonar-aws-cicd-tutorial","MainBranch":"main","LargestSize":1},{"Org":"SonarSource-Demos","RepoSlug":"jenkins-docker","MainBranch":"main","LargestSize":1},{"Org":"SonarSource-Demos","RepoSlug":"abapGit","MainBranch":"main","LargestSize":1},{"Org":"SonarSource-Demos","RepoSlug":"abap2UI5","MainBranch":"main","LargestSize":1},{"Org":"SonarSource-Demos","RepoSlug":"abap-cheat-sheets","MainBranch":"main","LargestSize":1},{"Org":"SonarSource-Demos","RepoSlug":"k8s-helm-sq-key","MainBranch":"main","LargestSize":1},{"Org":"SonarSource-Demos","RepoSlug":"k8s-hpa-sonarqubedce","MainBranch":"main","LargestSize":1},{"Org":"SonarSource-Demos","RepoSlug":"GitHub-Monorepo-Example","MainBranch":"master","LargestSize":1},{"Org":"SonarSource-Demos","RepoSlug":"project-create-demo","MainBranch":"main","LargestSize":1},{"Org":"SonarSource-Demos","RepoSlug":"opencv","MainBranch":"4.x","LargestSize":1},{"Org":"SonarSource-Demos","RepoSlug":"IJDZJCL","MainBranch":"main","LargestSize":1},{"Org":"SonarSource-Demos","RepoSlug":"damn-small-vulnerable-python-webapp-dsvpwa","MainBranch":"main","LargestSize":1},{"Org":"SonarSource-Demos","RepoSlug":"employee-api","MainBranch":"main","LargestSize":1},{"Org":"SonarSource-Demos","RepoSlug":"FlowBlot.NET","MainBranch":"master","LargestSize":1},{"Org":"SonarSource-Demos","RepoSlug":"golang-example","MainBranch":"main","LargestSize":1},{"Org":"SonarSource-Demos","RepoSlug":"linux-cmake-gh-actions-sq","MainBranch":"main","LargestSize":1},{"Org":"SonarSource-Demos","RepoSlug":"aws-workshop","MainBranch":"mainline","LargestSize":1},{"Org":"SonarSource-Demos","RepoSlug":"sonar-aws-java-app","MainBranch":"main","LargestSize":1},{"Org":"SonarSource-Demos","RepoSlug":"sonar-aws-javaApp","MainBranch":"main","LargestSize":1},{"Org":"SonarSource-Demos","RepoSlug":"deeper-sast-demo","MainBranch":"main","LargestSize":1},{"Org":"SonarSource-Demos","RepoSlug":"spring-demo","MainBranch":"main","LargestSize":1},{"Org":"SonarSource-Demos","RepoSlug":"python-lambdas","MainBranch":"main","LargestSize":1},{"Org":"SonarSource-Demos","RepoSlug":"nnn","MainBranch":"main","LargestSize":1},{"Org":"SonarSource-Demos","RepoSlug":"COBOL","MainBranch":"main","LargestSize":1},{"Org":"SonarSource-Demos","RepoSlug":"dotnetcore-sample-project","MainBranch":"main","LargestSize":1},{"Org":"SonarSource-Demos","RepoSlug":"nodejs-sonar-sample","MainBranch":"main","LargestSize":1},{"Org":"SonarSource-Demos","RepoSlug":"vulnerable_cpp_example","MainBranch":"master","LargestSize":1},{"Org":"SonarSource-Demos","RepoSlug":"salesforce-apex-example","MainBranch":"main","LargestSize":1},{"Org":"SonarSource-Demos","RepoSlug":"BenchmarkJava","MainBranch":"master","LargestSize":1},{"Org":"SonarSource-Demos","RepoSlug":"demo-cobol","MainBranch":"main","LargestSize":1},{"Org":"SonarSource-Demos","RepoSlug":"demo-java-spring-boot","MainBranch":"main","LargestSize":1},{"Org":"SonarSource-Demos","RepoSlug":"sonar-public-scripts","MainBranch":"main","LargestSize":1},{"Org":"SonarSource-Demos","RepoSlug":"joomla-cms","MainBranch":"4.2-dev","LargestSize":1},{"Org":"SonarSource-Demos","RepoSlug":"demo-cpp","MainBranch":"main","LargestSize":1},{"Org":"SonarSource-Demos","RepoSlug":"javascript-app","MainBranch":"main","LargestSize":1},{"Org":"SonarSource-Demos","RepoSlug":"sonar-tools","MainBranch":"master","LargestSize":1},{"Org":"SonarSource-Demos","RepoSlug":"vulnerable-java","MainBranch":"main","LargestSize":1},{"Org":"SonarSource-Demos","RepoSlug":"lodash","MainBranch":"master","LargestSize":1},{"Org":"SonarSource-Demos","RepoSlug":"security-AutoscanForJava","MainBranch":"main","LargestSize":1},{"Org":"SonarSource-Demos","RepoSlug":"angular","MainBranch":"master","LargestSize":1},{"Org":"SonarSource-Demos","RepoSlug":"godot","MainBranch":"master","LargestSize":1},{"Org":"SonarSource-Demos","RepoSlug":"SC-PR-Demo","MainBranch":"main","LargestSize":1},{"Org":"SonarSource-Demos","RepoSlug":"another-project","MainBranch":"main","LargestSize":1},{"Org":"SonarSource-Demos","RepoSlug":"sonarsource-samples","MainBranch":"master","LargestSize":1}]}
