[
  {
    "Language": "JavaScript",
    "CodeLines": 1365383
  },
  {
    "Language": "XHTML",
    "CodeLines": 2493
  },
  {
    "Language": "XML",
    "CodeLines": 166881
  },
  {
    "Language": "Java",
    "CodeLines": 2990
  },
  {
    "Language": "Golang",
    "CodeLines": 1606
  },
  {
    "Language": "PHP",
    "CodeLines": 2093411
  },
  {
    "Language": "Scss",
    "CodeLines": 61576
  },
  {
    "Language": "C#",
    "CodeLines": 242735
  },
  {
    "Language": "HTML",
    "CodeLines": 22616
  },
  {
    "Language": "TypeScript",
    "CodeLines": 32318
  },
  {
    "Language": "Python",
    "CodeLines": 361
  },
  {
    "Language": "CSS",
    "CodeLines": 464767
  },
  {
    "Language": "YAML",
    "CodeLines": 11334
  },
  {
    "Language": "SQL",
    "CodeLines": 28387
  }
]