[
  {
    "Language": "C#",
    "CodeLines": 17826
  },
  {
    "Language": "SQL",
    "CodeLines": 8313
  },
  {
    "Language": "TypeScript",
    "CodeLines": 158
  },
  {
    "Language": "Scss",
    "CodeLines": 9801
  },
  {
    "Language": "C++",
    "CodeLines": 1717853
  },
  {
    "Language": "JavaScript",
    "CodeLines": 125716
  },
  {
    "Language": "C Header",
    "CodeLines": 826086
  },
  {
    "Language": "C",
    "CodeLines": 724705
  },
  {
    "Language": "Vue",
    "CodeLines": 2650
  },
  {
    "Language": "Swift",
    "CodeLines": 6125
  },
  {
    "Language": "Scala",
    "CodeLines": 94
  },
  {
    "Language": "Apex",
    "CodeLines": 6830
  },
  {
    "Language": "XML",
    "CodeLines": 2041565
  },
  {
    "Language": "Golang",
    "CodeLines": 11359
  },
  {
    "Language": "Python",
    "CodeLines": 64874
  },
  {
    "Language": "JCL",
    "CodeLines": 168698
  },
  {
    "Language": "Abap",
    "CodeLines": 188860
  },
  {
    "Language": "PHP",
    "CodeLines": 239857
  },
  {
    "Language": "Kotlin",
    "CodeLines": 355
  },
  {
    "Language": "YAML",
    "CodeLines": 90548
  },
  {
    "Language": "HTML",
    "CodeLines": 129616
  },
  {
    "Language": "CSS",
    "CodeLines": 43803
  },
  {
    "Language": "COBOL",
    "CodeLines": 1080
  },
  {
    "Language": "C++ Header",
    "CodeLines": 453892
  },
  {
    "Language": "Objective-C",
    "CodeLines": 556
  },
  {
    "Language": "Java",
    "CodeLines": 243913
  }
]