[
  {
    "Language": "Java",
    "CodeLines": 7800
  },
  {
    "Language": "Python",
    "CodeLines": 7102
  },
  {
    "Language": "JavaScript",
    "CodeLines": 3802
  },
  {
    "Language": "C Header",
    "CodeLines": 404127
  },
  {
    "Language": "XML",
    "CodeLines": 79725
  },
  {
    "Language": "PHP",
    "CodeLines": 41472
  },
  {
    "Language": "C++ Header",
    "CodeLines": 22023
  },
  {
    "Language": "C#",
    "CodeLines": 13781
  },
  {
    "Language": "HTML",
    "CodeLines": 870
  },
  {
    "Language": "Objective-C",
    "CodeLines": 613
  },
  {
    "Language": "YAML",
    "CodeLines": 612
  },
  {
    "Language": "C++",
    "CodeLines": 685039
  },
  {
    "Language": "C",
    "CodeLines": 452398
  }
]